season,week,game_id,team,player_id,player_uid,player_name,position,model_version,pass_yards_mean,rush_yards_mean,receiving_yards_mean,receptions_mean,pass_tds_mean,rush_tds_mean,rec_tds_mean,anytime_td_prob
2025,1,2025_01_ARI_NO,ARI,00-0039041,1b207068-6c7e-480f-9923-06f2128115d6,E.Higgins,TE,nfl-player-v1,0,0,8.31,0.965,0,0,0.014,0.0134
2025,1,2025_01_ARI_NO,ARI,00-0035500,8d89d9ff-87bf-47c7-bdb7-6387fd2063b9,G.Dortch,WR,nfl-player-v1,0,0,6.506,0.763,0,0,0,0.005
2025,1,2025_01_ARI_NO,ARI,00-0033553,00f22708-bdef-40e6-814d-886022e9be2c,J.Conner,RB,nfl-player-v1,0,33.44,6.194,0.972,0,0.41,0.023,0.3517
2025,1,2025_01_ARI_NO,ARI,00-0035228,35cc13e2-07c8-47ec-a3f1-171f1c79da4c,K.Murray,QB,nfl-player-v1,126.864,8.17,0,0,0.83,0.023,0,0.0228
2025,1,2025_01_ARI_NO,ARI,00-0039849,4c27a10c-963d-444e-b235-b46f4b652866,M.Harrison,WR,nfl-player-v1,0,0,18.071,1.985,0,0,0.028,0.0274
2025,1,2025_01_ARI_NO,ARI,00-0038559,befb93dc-de67-4344-9d23-a1fa6a9d682f,Mi.Wilson,WR,nfl-player-v1,0,0,12.179,1.387,0,0,0,0.005
2025,1,2025_01_ARI_NO,ARI,00-0039921,1f577279-8063-42e6-ae7f-366536dfbf3e,T.Benson,RB,nfl-player-v1,0,23.745,3.344,0.549,0,0.2,0.009,0.1885
2025,1,2025_01_ARI_NO,ARI,00-0037744,87b536c6-701f-4a71-b52e-0d8f7d4ec694,T.McBride,TE,nfl-player-v1,0,0,26.446,2.813,0,0,0.039,0.0386
2025,1,2025_01_ARI_NO,ARI,00-0039737,d5b26815-d0a3-4d18-9a26-297fcfbeae6a,T.Reiman,TE,nfl-player-v1,0,0,6.65,0.78,0,0,0,0.005
2025,1,2025_01_ARI_NO,ARI,00-0033891,06642612-e554-4a8b-8a58-cdde619ee247,Z.Jones,WR,nfl-player-v1,0,0,6.65,0.78,0,0,0,0.005
2025,1,2025_01_TB_ATL,ATL,00-0038542,8f5e333b-8cac-493f-8be3-093a3f12c027,B.Robinson,RB,nfl-player-v1,0,37.687,7.546,1.169,0,0.558,0.034,0.447
2025,1,2025_01_TB_ATL,ATL,00-0039394,67eef9d2-1ef9-4cda-93fd-eacebfde1b22,Cas.Washington,WR,nfl-player-v1,0,0,13.715,1.55,0,0,0,0.005
2025,1,2025_01_TB_ATL,ATL,00-0037238,892d7782-1ecc-4137-aeb0-9e80c69e4034,D.London,WR,nfl-player-v1,0,0,32.57,3.417,0,0,0.087,0.0833
2025,1,2025_01_TB_ATL,ATL,00-0034854,70c21b27-a370-48f6-8df7-7fe5c9c1801c,K.Hodge,WR,nfl-player-v1,0,0,6.091,0.72,0,0,0,0.005
2025,1,2025_01_TB_ATL,ATL,00-0036970,40dfaab3-2886-438e-a325-a15f68d1f3c8,K.Pitts,TE,nfl-player-v1,0,0,18.134,1.998,0,0,0,0.005
2025,1,2025_01_TB_ATL,ATL,00-0039917,ab213147-61d9-49a3-a662-0e2a31cc80f2,M.Penix,QB,nfl-player-v1,127.064,6.961,0,0,0.86,0.036,0,0.0351
2025,1,2025_01_TB_ATL,ATL,00-0034407,407ae3e7-477f-4c39-9982-fa181de093ed,R.McCloud,,nfl-player-v1,0,0,12.421,1.414,0,0,0,0.005
2025,1,2025_01_TB_ATL,ATL,00-0037263,3d48d76e-acf1-404a-ba84-79e0d1d0e3fc,T.Allgeier,RB,nfl-player-v1,0,30.829,2.471,0.412,0,0.237,0.006,0.2157
2025,1,2025_01_BAL_BUF,BAL,00-0032764,31b668ff-08d5-4913-8678-4c5c2fb906ca,D.Henry,RB,nfl-player-v1,0,38.056,3.584,0.584,0,0,0,0.005
2025,1,2025_01_BAL_BUF,BAL,00-0030564,1bd6ba6e-0334-4184-a6f8-4d5dcf7c276f,D.Hopkins,WR,nfl-player-v1,0,0,9.442,1.077,0,0,0,0.005
2025,1,2025_01_BAL_BUF,BAL,00-0034975,4bf90f48-14f6-42ab-aa72-7f4e7b87e638,J.Hill,RB,nfl-player-v1,0,9.56,4.52,0.72,0,0.101,0.014,0.109
2025,1,2025_01_BAL_BUF,BAL,00-0034796,4c6e84b3-2283-4d86-8f7b-019a185c6764,L.Jackson,QB,nfl-player-v1,113.477,7.259,0,0,0.789,0.052,0,0.0503
2025,1,2025_01_BAL_BUF,BAL,00-0034753,3c8c24b6-f2b3-4130-86e6-389a16aa6104,M.Andrews,TE,nfl-player-v1,0,0,7.07,0.824,0,0,0,0.005
2025,1,2025_01_BAL_BUF,BAL,00-0039796,4e18e3ca-b72d-4c47-ba00-865ad3e61750,R.Ali,RB,nfl-player-v1,0,7.765,2.471,0.412,0,0.084,0.008,0.0879
2025,1,2025_01_BAL_BUF,BAL,00-0036550,18c06a21-f854-4f11-89ad-f617293f9cea,R.Bateman,WR,nfl-player-v1,0,0,14.45,1.603,0,0,0,0.005
2025,1,2025_01_BAL_BUF,BAL,00-0039064,a4c95f75-76ae-4729-b36b-053b14fb2a51,Z.Flowers,WR,nfl-player-v1,0,0.61,35.48,3.54,0,0,0,0.005
2025,1,2025_01_BAL_BUF,BUF,00-0038933,8a6f4627-ab82-4cb4-92df-699336ac1690,D.Kincaid,TE,nfl-player-v1,0,0,11.493,1.311,0,0,0.017,0.0166
2025,1,2025_01_BAL_BUF,BUF,00-0035689,83978a45-a7da-408d-a462-426f5444a908,D.Knox,TE,nfl-player-v1,0,0,7.383,0.863,0,0,0,0.005
2025,1,2025_01_BAL_BUF,BUF,00-0036980,b00bd3b2-8fb1-4c61-b575-87a93b457caf,E.Moore,,nfl-player-v1,0,0.294,6.073,0.713,0,0,0,0.005
2025,1,2025_01_BAL_BUF,BUF,00-0034857,32369b37-6bce-4910-acfa-f658676697d3,J.Allen,QB,nfl-player-v1,140.39,9.913,0,0,0.968,0.064,0,0.0616
2025,1,2025_01_BAL_BUF,BUF,00-0037248,61da158c-dacb-4567-8ec7-9521d0868e5f,J.Cook,RB,nfl-player-v1,0,41.461,5.568,0.886,0,0.31,0.013,0.2762
2025,1,2025_01_BAL_BUF,BUF,00-0040194,5a7670a6-35d4-43bb-a12b-9b1580498b35,J.Hawes,TE,nfl-player-v1,0,0,6.043,0.713,0,0,0,0.005
2025,1,2025_01_BAL_BUF,BUF,00-0036988,df43fb4f-7e20-4384-83d0-fc24bbea7428,J.Palmer,WR,nfl-player-v1,0,0,17.521,1.946,0,0,0.025,0.0245
2025,1,2025_01_BAL_BUF,BUF,00-0039901,15497e04-abce-413c-b84b-6928c1f96d77,K.Coleman,WR,nfl-player-v1,0,0,25.994,2.798,0,0,0.071,0.0688
2025,1,2025_01_BAL_BUF,BUF,00-0037261,a182f320-892e-4344-8c39-d03ec8d397c4,K.Shakir,WR,nfl-player-v1,0,0,18.197,2.016,0,0,0.026,0.0253
2025,1,2025_01_BAL_BUF,BUF,00-0039875,51239dbe-c985-42a4-bdb6-e31bea991d12,R.Davis,RB,nfl-player-v1,0,8.752,3.042,0.502,0,0.017,0.002,0.0187
2025,1,2025_01_BAL_BUF,BUF,00-0035537,7927f661-8fb2-47a7-988d-d39a7c8038be,Ty.Johnson,RB,nfl-player-v1,0,11.366,3.598,0.588,0,0.022,0.002,0.024
2025,1,2025_01_CAR_JAX,CAR,00-0039150,c28c1088-1b0f-497f-bfdb-1a7a9cde1e89,B.Young,QB,nfl-player-v1,122.073,6.681,0,0,0.764,0,0,0.005
2025,1,2025_01_CAR_JAX,CAR,00-0036555,e4fb467c-29b4-4025-8e7f-05d9ee9ca744,C.Hubbard,RB,nfl-player-v1,0,46.499,6.675,1.043,0,1.129,0.05,0.6924
2025,1,2025_01_CAR_JAX,CAR,00-0034983,61cd0e72-b9fb-41e8-8c55-e743845d576c,H.Renfrow,WR,nfl-player-v1,0,0,15.53,1.742,0,0,0,0.005
2025,1,2025_01_CAR_JAX,CAR,00-0039356,38d1f118-d4b1-4550-932e-ebfebfb25c98,J.Sanders,TE,nfl-player-v1,0,0,9.962,1.146,0,0,0,0.005
2025,1,2025_01_CAR_JAX,CAR,00-0036139,5247cf70-ccdc-4fee-abb5-56faa544291f,R.Dowdle,RB,nfl-player-v1,0,13.378,4.845,0.776,0,0,0,0.005
2025,1,2025_01_CAR_JAX,CAR,00-0040644,fb47152c-3c47-4517-aafd-6bb67424d19d,T.Etienne,RB,nfl-player-v1,0,8.471,2.471,0.412,0,0,0,0.005
2025,1,2025_01_CAR_JAX,CAR,00-0040124,fe874b96-e2c0-4f68-9815-af65b06e6738,T.McMillan,WR,nfl-player-v1,0,0,23.319,2.525,0,0,0,0.005
2025,1,2025_01_CAR_JAX,CAR,00-0037005,2a5af105-ecb4-4ae4-89c6-d47b7b108737,T.Tremble,TE,nfl-player-v1,0,0,6.342,0.745,0,0,0,0.005
2025,1,2025_01_CAR_JAX,CAR,00-0039342,2f0f3999-0f08-41d7-83f3-7bf733899142,X.Legette,WR,nfl-player-v1,0,0,17.782,1.971,0,0,0.055,0.0537
2025,1,2025_01_MIN_CHI,CHI,00-0036290,e20adbbe-669d-4d26-b64a-84332cd2acfd,C.Kmet,TE,nfl-player-v1,0,0,11.322,1.297,0,0,0,0.005
2025,1,2025_01_MIN_CHI,CHI,00-0040126,20e5eda2-e6a7-45e5-8ed5-958a5d49a8ae,C.Loveland,TE,nfl-player-v1,0,0,8.059,0.935,0,0,0,0.005
2025,1,2025_01_MIN_CHI,CHI,00-0039918,d3372f7c-27eb-47ac-9d90-facef898a40f,C.Williams,QB,nfl-player-v1,125.591,7.627,0,0,0.903,0.072,0,0.0693
2025,1,2025_01_MIN_CHI,CHI,00-0034827,d366aedd-7ef1-47c6-a3bb-637a4559f332,D.Moore,WR,nfl-player-v1,0,0.952,13.9,1.545,0,0,0,0.005
2025,1,2025_01_MIN_CHI,CHI,00-0036275,49aefcdc-6cec-4beb-84e1-ba08880d15d6,D.Swift,RB,nfl-player-v1,0,47.595,6.564,1.026,0,0.321,0.014,0.2845
2025,1,2025_01_MIN_CHI,CHI,00-0040236,08e87151-52f8-40cb-a625-42c1703b9eec,K.Monangai,RB,nfl-player-v1,0,6.45,3.358,0.552,0,0,0,0.005
2025,1,2025_01_MIN_CHI,CHI,00-0040735,7f3e9ce8-9c8d-4d38-b381-3e43b24bf041,L.Burden,WR,nfl-player-v1,0,0,6.311,0.742,0,0,0,0.005
2025,1,2025_01_MIN_CHI,CHI,00-0035208,abb5a044-a3c2-46a1-9fac-b6d0ddf8475b,O.Zaccheaus,WR,nfl-player-v1,0,0,18.116,2.001,0,0,0.047,0.0456
2025,1,2025_01_MIN_CHI,CHI,00-0039919,118470e6-4c10-41fd-9c53-8f079c8747aa,R.Odunze,WR,nfl-player-v1,0,0,23.182,2.502,0,0,0.058,0.0567
2025,1,2025_01_CIN_CLE,CIN,00-0038597,5b052584-0cb1-4079-abf3-1c8954958e62,C.Brown,RB,nfl-player-v1,0,53.328,5.789,0.912,0,1.181,0.041,0.7051
2025,1,2025_01_CIN_CLE,CIN,00-0035631,9505074b-e13e-401f-a269-a589537be748,D.Sample,TE,nfl-player-v1,0,0,6.712,0.789,0,0,0,0.005
2025,1,2025_01_CIN_CLE,CIN,00-0036442,3f58a998-2d1f-4f95-9c81-9ccd5fa0c8ec,J.Burrow,QB,nfl-player-v1,108.998,5.226,0,0,0.682,0,0,0.005
2025,1,2025_01_CIN_CLE,CIN,00-0036900,fa88fc04-ab72-4b44-b18f-196905155362,J.Chase,WR,nfl-player-v1,0,0,17.055,1.889,0,0,0,0.005
2025,1,2025_01_CIN_CLE,CIN,00-0034829,75916bc5-a3af-4067-9720-00cca5c17ac9,M.Gesicki,TE,nfl-player-v1,0,0,11.425,1.303,0,0,0.041,0.0397
2025,1,2025_01_CIN_CLE,CIN,00-0035644,332e37c2-22e4-4511-931e-c30035cb108d,N.Fant,TE,nfl-player-v1,0,0,18.203,1.994,0,0,0.031,0.0305
2025,1,2025_01_CIN_CLE,CIN,00-0033526,8b7e765c-715a-49e2-b062-5527b649c39c,S.Perine,RB,nfl-player-v1,0,6.273,4.575,0.734,0,0,0,0.005
2025,1,2025_01_CIN_CLE,CIN,00-0036410,891d5ad8-ad2b-40a2-bd88-2f4c64d4009a,T.Higgins,WR,nfl-player-v1,0,0,14.902,1.661,0,0,0,0.005
2025,1,2025_01_CIN_CLE,CLE,00-0038979,4621b9ce-6bc7-4652-9414-16ff576216df,C.Tillman,WR,nfl-player-v1,0,0,18.862,2.091,0,0,0.027,0.0263
2025,1,2025_01_CIN_CLE,CLE,00-0033885,7803b6a3-2944-46a1-a2f7-8c64e92fc82d,D.Njoku,TE,nfl-player-v1,0,0,14.351,1.622,0,0,0,0.005
2025,1,2025_01_CIN_CLE,CLE,00-0040162,b934c25d-e16b-4088-ade1-894632b8045f,D.Sampson,RB,nfl-player-v1,0,42.383,8.877,1.361,0,0.623,0.04,0.4844
2025,1,2025_01_CIN_CLE,CLE,00-0040663,62719d0e-0efc-456e-8df8-828cc1cf4abe,H.Fannin,TE,nfl-player-v1,0,0.343,20.799,2.266,0,0,0.029,0.0289
2025,1,2025_01_CIN_CLE,CLE,00-0040782,3193f354-0b23-4321-b879-2e9fcd02ec84,I.Bond,WR,nfl-player-v1,0,0,6.277,0.739,0,0,0,0.005
2025,1,2025_01_CIN_CLE,CLE,00-0026158,371e6c01-3f61-411c-8675-13539221ddc9,J.Flacco,,nfl-player-v1,0,0.7,5.187,0.574,0,0,0,0.005
2025,1,2025_01_CIN_CLE,CLE,00-0037267,3a0091ff-06bf-492a-9528-03ae4f8f866d,J.Ford,RB,nfl-player-v1,0,22.95,3.147,0.519,0,0.177,0.008,0.1685
2025,1,2025_01_CIN_CLE,CLE,00-0036407,c669f87b-fdf2-458b-92b9-5fc841b4bec5,J.Jeudy,WR,nfl-player-v1,0,0,18.47,2.047,0,0,0,0.005
2025,1,2025_01_CIN_CLE,CLE,00-0039379,41a0c66a-cf0b-4519-a28d-a12b879a5031,J.Thrash,WR,nfl-player-v1,0,0,6.277,0.739,0,0,0,0.005
2025,1,2025_01_CIN_CLE,CLE,00-0040466,835436b8-2efa-47c1-b062-5211c94de8d0,R.Sanders,RB,nfl-player-v1,0,14.505,2.484,0.414,0,0.113,0.006,0.1124
2025,1,2025_01_DAL_PHI,DAL,00-0039530,237d3676-845c-4673-a697-e3100108cb0b,B.Spann-Ford,TE,nfl-player-v1,0,0,6.411,0.756,0,0,0,0.005
2025,1,2025_01_DAL_PHI,DAL,00-0036358,c65ab2ea-a913-4981-964e-e6b3c4c5854e,C.Lamb,WR,nfl-player-v1,0,0,35.846,3.717,0,0,0,0.005
2025,1,2025_01_DAL_PHI,DAL,00-0033077,6b202b45-4554-4645-8ff5-4ee830907717,D.Prescott,QB,nfl-player-v1,114.152,4.895,0,0,0.715,0,0,0.005
2025,1,2025_01_DAL_PHI,DAL,00-0037247,35484e4c-03b7-453e-80fd-be2fa1ac62aa,G.Pickens,WR,nfl-player-v1,0,0,12.316,1.398,0,0,0,0.005
2025,1,2025_01_DAL_PHI,DAL,00-0038041,631385df-a7e6-4eb7-8b2b-e19769a2551f,J.Ferguson,TE,nfl-player-v1,0,0,16.734,1.852,0,0,0,0.005
2025,1,2025_01_DAL_PHI,DAL,00-0037666,68f4a835-6990-4ab8-a10f-db8aa110439f,J.Tolbert,WR,nfl-player-v1,0,0,8.081,0.941,0,0,0.019,0.0186
2025,1,2025_01_DAL_PHI,DAL,00-0036997,75533a5b-1037-45da-a572-2ccf5f61abc0,J.Williams,RB,nfl-player-v1,0,43.294,4.955,0.793,0,0.758,0.027,0.5437
2025,1,2025_01_DAL_PHI,DAL,00-0037801,7bb83a46-749f-471f-9876-9b2893c636f8,K.Turpin,WR,nfl-player-v1,0,0.741,8.44,0.968,0,0,0,0.005
2025,1,2025_01_DAL_PHI,DAL,00-0038547,7df365f8-b808-4ecf-8454-fe5ccbc0e2f4,L.Schoonmaker,TE,nfl-player-v1,0,0,6.276,0.74,0,0,0,0.005
2025,1,2025_01_DAL_PHI,DAL,00-0035243,c14e4813-3a18-43e1-969d-9b47ea13ab2c,M.Sanders,RB,nfl-player-v1,0,15.599,3.257,0.536,0,0.189,0.012,0.1826
2025,1,2025_01_TEN_DEN,DEN,00-0036727,2e3ef41a-d0ea-473a-b249-559f5a424df1,A.Prentice,RB,nfl-player-v1,0,6.18,3.166,0.521,0,0,0,0.005
2025,1,2025_01_TEN_DEN,DEN,00-0036422,b141ab2c-c6c5-49b2-94f4-781604cbeb98,A.Trautman,TE,nfl-player-v1,0,0,6.326,0.744,0,0,0,0.005
2025,1,2025_01_TEN_DEN,DEN,00-0039732,40159058-8f61-4120-8323-ec81eaeff8ce,B.Nix,QB,nfl-player-v1,126.788,7.344,0,0,0.844,0.03,0,0.0292
2025,1,2025_01_TEN_DEN,DEN,00-0034348,017301c4-fe49-48a1-a533-db70f693a734,C.Sutton,WR,nfl-player-v1,0,0,21.639,2.353,0,0,0.047,0.046
2025,1,2025_01_TEN_DEN,DEN,00-0033881,44ecc125-b690-4177-93f9-f03d50825239,E.Engram,TE,nfl-player-v1,0,0,11.219,1.28,0,0,0,0.005
2025,1,2025_01_TEN_DEN,DEN,00-0036158,a5ce07ae-2e77-4060-bb79-b53064c0b349,J.Dobbins,RB,nfl-player-v1,0,44.718,3.895,0.634,0,0.791,0.022,0.5565
2025,1,2025_01_TEN_DEN,DEN,00-0037539,0c1eb22d-c9fb-4c06-958e-93869891014d,L.Krull,TE,nfl-player-v1,0,0,7.678,0.896,0,0,0,0.005
2025,1,2025_01_TEN_DEN,DEN,00-0038976,d99e2c6d-aef8-4250-9bec-3a167ae51085,M.Mims,WR,nfl-player-v1,0,0,11.592,1.323,0,0,0,0.005
2025,1,2025_01_TEN_DEN,DEN,00-0040730,f30905bf-54ce-4e54-8ae4-38b278499802,R.Harvey,RB,nfl-player-v1,0,20.232,3.166,0.521,0,0,0,0.005
2025,1,2025_01_TEN_DEN,DEN,00-0037085,e91b7026-2866-4587-96e6-3eba8e3346af,T.Badie,RB,nfl-player-v1,0,6.312,6.973,1.082,0,0,0,0.005
2025,1,2025_01_TEN_DEN,DEN,00-0039868,128fd135-fb3e-451e-8135-52d9465c4154,T.Franklin,WR,nfl-player-v1,0,0,15.008,1.68,0,0,0,0.005
2025,1,2025_01_TEN_DEN,DEN,00-0034487,63d00957-9692-4b74-a2a1-8e12c3869a88,T.Sherfield,,nfl-player-v1,0,0,6.193,0.729,0,0,0.015,0.0145
2025,1,2025_01_DET_GB,DET,00-0036963,01542f54-ce56-438f-a484-c6bc9b77aabd,A.St. Brown,WR,nfl-player-v1,0,0,16.002,1.793,0,0,0.039,0.0379
2025,1,2025_01_DET_GB,DET,00-0035685,65151ce5-a920-4dc2-8bb0-ad8bdeea7a46,D.Montgomery,RB,nfl-player-v1,0,39.287,5.781,0.92,0,0.248,0.011,0.2286
2025,1,2025_01_DET_GB,DET,00-0040669,4933a1b2-3cd6-4268-a60f-3b7b98622bbf,I.TeSlaa,WR,nfl-player-v1,0,0,6.592,0.776,0,0,0.008,0.0083
2025,1,2025_01_DET_GB,DET,00-0039139,29347caa-e7e1-4745-a79a-e2a210fe4fda,J.Gibbs,RB,nfl-player-v1,0,34.489,11.941,1.777,0,0.424,0.044,0.3739
2025,1,2025_01_DET_GB,DET,00-0033106,a631bebf-08bd-40de-b474-1e57605a1574,J.Goff,QB,nfl-player-v1,120.605,4.311,0,0,0.755,0,0,0.005
2025,1,2025_01_DET_GB,DET,00-0037240,975d437e-c293-4704-8573-68420a22d271,J.Williams,WR,nfl-player-v1,0,0.385,13.848,1.555,0,0,0.017,0.0171
2025,1,2025_01_DET_GB,DET,00-0032464,1525a1a7-7b4c-4fc8-82e3-d0e3d8049507,K.Raymond,WR,nfl-player-v1,0,0,9.871,1.14,0,0,0,0.005
2025,1,2025_01_DET_GB,DET,00-0039065,efba363a-c6ab-4be9-998e-072e065fc2b9,S.LaPorta,TE,nfl-player-v1,0,0,22.928,2.496,0,0,0.054,0.0523
2025,1,2025_01_DET_GB,GB,00-0038685,18850ce4-973b-4e21-a03e-aa04864658c8,C.Brooks,RB,nfl-player-v1,0,8.161,3.431,0.56,0,0.025,0.003,0.0277
2025,1,2025_01_DET_GB,GB,00-0038393,c2ac0493-43d7-454b-9733-3e8161530921,D.Wicks,WR,nfl-player-v1,0,0,7.997,0.917,0,0,0,0.005
2025,1,2025_01_DET_GB,GB,00-0038797,6572040d-90dd-479c-8d99-faf7175127c3,E.Wilson,RB,nfl-player-v1,0,8.085,2.471,0.412,0,0,0,0.005
2025,1,2025_01_DET_GB,GB,00-0037306,5bedb1f9-714b-416c-9803-57d032ed5651,J.FitzPatrick,TE,nfl-player-v1,0,0,6.792,0.793,0,0,0,0.005
2025,1,2025_01_DET_GB,GB,00-0035700,1d87d00a-50b3-494c-a764-c0ff40e2a701,J.Jacobs,RB,nfl-player-v1,0,45.732,3.462,0.566,0,0.664,0.016,0.4932
2025,1,2025_01_DET_GB,GB,00-0036264,537f0d83-5256-42bf-bc75-f956be1f26c5,J.Love,QB,nfl-player-v1,113.058,5.586,0,0,0.753,0.023,0,0.0223
2025,1,2025_01_DET_GB,GB,00-0039146,a7d95c35-eb3d-4b5e-a2b2-99a22df56259,J.Reed,WR,nfl-player-v1,0,0,14.425,1.584,0,0,0.016,0.0157
2025,1,2025_01_DET_GB,GB,00-0039144,bb8a3825-74f1-4c85-880a-a3108c33b36b,L.Musgrave,TE,nfl-player-v1,0,0,6.792,0.793,0,0,0,0.005
2025,1,2025_01_DET_GB,GB,00-0040667,21d63dde-da33-498d-8984-467c8fa08df0,M.Golden,WR,nfl-player-v1,0,0,9.372,1.074,0,0,0,0.005
2025,1,2025_01_DET_GB,GB,00-0037816,a5673ce8-e626-4f8f-a1c0-7864036be6a3,R.Doubs,WR,nfl-player-v1,0,0,13.978,1.562,0,0,0.031,0.0308
2025,1,2025_01_DET_GB,GB,00-0040009,8d74f600-50f8-4f4b-a268-1bc959cc4edd,S.Williams,WR,nfl-player-v1,0,0,5.768,0.674,0,0,0.007,0.0067
2025,1,2025_01_DET_GB,GB,00-0038996,d561b61f-7998-40a8-82a4-875cc5706ed4,T.Kraft,TE,nfl-player-v1,0,0.34,13.9,1.545,0,0,0.015,0.0157
2025,1,2025_01_HOU_LA,HOU,00-0039359,1af5fe9f-0b86-407e-9071-b814a07c9834,C.Stover,TE,nfl-player-v1,0,0,13.269,1.486,0,0,0,0.005
2025,1,2025_01_HOU_LA,HOU,00-0039163,5580f3af-a69b-4d18-aa9e-f9f360bb7daf,C.Stroud,QB,nfl-player-v1,116.756,6.766,0,0,0.812,0.049,0,0.048
2025,1,2025_01_HOU_LA,HOU,00-0033854,1469f8ef-106a-411b-8a88-2356c758380f,D.Ogunbowale,RB,nfl-player-v1,0,10.259,4.231,0.682,0,0,0,0.005
2025,1,2025_01_HOU_LA,HOU,00-0037258,38a24d2f-310f-47b9-b65c-ed661537f295,D.Pierce,,nfl-player-v1,0,0.897,6.499,0.754,0,0.004,0.026,0.0295
2025,1,2025_01_HOU_LA,HOU,00-0034383,fe4c4fa7-73c1-43b7-8823-e75c27674ec2,D.Schultz,TE,nfl-player-v1,0,0,15.211,1.694,0,0,0,0.005
2025,1,2025_01_HOU_LA,HOU,00-0040130,321f2f7a-617b-4114-867a-7188cd496cff,J.Higgins,WR,nfl-player-v1,0,0,10.553,1.205,0,0,0,0.005
2025,1,2025_01_HOU_LA,HOU,00-0040138,e514b85a-324e-406e-880e-9c49fe37b12d,J.Noel,WR,nfl-player-v1,0,0,8.391,0.973,0,0,0,0.005
2025,1,2025_01_HOU_LA,HOU,00-0034386,70af0305-a25f-48a2-ab83-31078c98077b,J.Watson,WR,nfl-player-v1,0,0,8.794,1.015,0,0,0,0.005
2025,1,2025_01_HOU_LA,HOU,00-0034791,489002b7-b67b-4d6a-80d9-6000e716b0ce,N.Chubb,RB,nfl-player-v1,0,32.742,3.294,0.54,0,0,0,0.005
2025,1,2025_01_HOU_LA,HOU,00-0036554,b8dae940-0938-432d-9b8c-3fc0ae4c8906,N.Collins,WR,nfl-player-v1,0,0,15.211,1.694,0,0,0.059,0.0576
2025,1,2025_01_HOU_LA,HOU,00-0040583,370bcf5e-ca00-4e72-b138-115538bdc569,W.Marks,RB,nfl-player-v1,0,12.098,2.471,0.412,0,0,0,0.005
2025,1,2025_01_HOU_LA,HOU,00-0038618,e432064c-a8c6-4b83-8119-a0bf2e30fa6f,X.Hutchinson,WR,nfl-player-v1,0,0.308,8.845,1.016,0,0,0,0.005
2025,1,2025_01_MIA_IND,IND,00-0035021,1a3a78db-f384-4fdd-b93c-ba5c57d9c84a,A.Dulin,WR,nfl-player-v1,0,0.207,4.804,0.569,0,0,0.004,0.005
2025,1,2025_01_MIA_IND,IND,00-0039890,87520ab1-0a67-4521-b031-0a45fa108796,A.Mitchell,,nfl-player-v1,0,0,7.72,0.893,0,0,0,0.005
2025,1,2025_01_MIA_IND,IND,00-0037664,6b78568e-15e7-485d-ab78-b85134c79c82,A.Pierce,WR,nfl-player-v1,0,0,9.039,1.04,0,0,0.008,0.0076
2025,1,2025_01_MIA_IND,IND,00-0040179,8c0c7f21-64e6-4f24-bb55-be0ec77cac98,D.Giddens,RB,nfl-player-v1,0,26.403,2.472,0.412,0,0.118,0.003,0.114
2025,1,2025_01_MIA_IND,IND,00-0035710,154df07d-189d-4473-894a-f65ed36181fc,D.Jones,QB,nfl-player-v1,117.519,6.869,0,0,0.822,0.051,0,0.0498
2025,1,2025_01_MIA_IND,IND,00-0038997,5da8b083-96f7-43b0-8b97-365397bd59e6,J.Downs,WR,nfl-player-v1,0,0,9.333,1.069,0,0,0,0.005
2025,1,2025_01_MIA_IND,IND,00-0036223,d93096a9-946b-4b3c-a3b5-7a1498c91cae,J.Taylor,RB,nfl-player-v1,0,38.327,4.665,0.743,0,0.579,0.022,0.4516
2025,1,2025_01_MIA_IND,IND,00-0033217,97978f02-25a5-40fd-972c-1321c2671005,M.Alie-Cox,TE,nfl-player-v1,0,0,6.274,0.736,0,0,0,0.005
2025,1,2025_01_MIA_IND,IND,00-0036252,8b257ca3-4915-4a9f-9cc7-70bd81d7af59,M.Pittman,WR,nfl-player-v1,0,0,19.646,2.112,0,0,0,0.005
2025,1,2025_01_MIA_IND,IND,00-0040128,e72096d9-8234-4879-b3b4-9fd4bf4aac4e,T.Warren,TE,nfl-player-v1,0,0.218,22.458,2.374,0,0,0.035,0.0347
2025,1,2025_01_MIA_IND,IND,00-0040476,a65460de-bc04-4b41-a3c1-0a130c32fc43,U.Bentley,RB,nfl-player-v1,0,7.803,2.471,0.412,0,0,0,0.005
2025,1,2025_01_CAR_JAX,JAX,00-0038935,80a87ed4-7f37-41e3-80a9-7f6581431750,B.Strange,TE,nfl-player-v1,0,0,12.543,1.41,0,0,0,0.005
2025,1,2025_01_CAR_JAX,JAX,00-0039893,2dc8cd75-0a7b-413d-a5a0-3a21b2e1dbc9,B.Thomas,WR,nfl-player-v1,0,0.281,17.769,1.958,0,0,0.023,0.0229
2025,1,2025_01_CAR_JAX,JAX,00-0040719,9d78928b-8c2f-4c2e-84ff-879c358142a1,B.Tuten,RB,nfl-player-v1,0,11.8,2.471,0.412,0,0.084,0.005,0.086
2025,1,2025_01_CAR_JAX,JAX,00-0036626,b51c7678-2594-4a59-98df-0fc272274fdf,D.Brown,WR,nfl-player-v1,0,0.555,12.22,1.367,0,0,0,0.005
2025,1,2025_01_CAR_JAX,JAX,00-0037004,6ab33105-7309-488f-a85a-1a4888c63122,H.Long,TE,nfl-player-v1,0,0,6.482,0.76,0,0,0.009,0.0088
2025,1,2025_01_CAR_JAX,JAX,00-0033246,0c3ec903-9025-436a-9ef3-d9eee09e93fb,J.Mundt,TE,nfl-player-v1,0,0,6.212,0.732,0,0,0,0.005
2025,1,2025_01_CAR_JAX,JAX,00-0040238,1fbfbedc-81ed-40ea-8bac-2007ea616902,L.Allen,RB,nfl-player-v1,0,8.079,3.23,0.53,0,0,0,0.005
2025,1,2025_01_CAR_JAX,JAX,00-0038555,f6e1063b-4d79-4005-b44c-7621b0f82a81,T.Bigsby,,nfl-player-v1,0,1.349,4.797,0.558,0,0.002,0.007,0.0083
2025,1,2025_01_CAR_JAX,JAX,00-0036973,13c9b1da-11e5-44db-b6e2-2ce94a697d63,T.Etienne,RB,nfl-player-v1,0,38.502,4.953,0.789,0,0.524,0.021,0.4204
2025,1,2025_01_CAR_JAX,JAX,00-0040718,841bfd08-c9e4-4bf4-8d65-e01b5aa326f4,T.Hunter,WR,nfl-player-v1,0,0,21.728,2.332,0,0,0.027,0.0268
2025,1,2025_01_CAR_JAX,JAX,00-0036971,d0738d0d-7cc8-49b9-882e-a1fb536c47e7,T.Lawrence,QB,nfl-player-v1,114.944,5.319,0,0,0.746,0.013,0,0.0124
2025,1,2025_01_KC_LAC,KC,00-0037197,f48b3351-0deb-4a52-9790-5631073f3d2c,I.Pacheco,RB,nfl-player-v1,0,22.286,4.754,0.766,0,0.104,0.007,0.1048
2025,1,2025_01_KC_LAC,KC,00-0038492,5e3a0956-5a2e-4aa6-bfdc-d3cf8f4ce3c2,J.Brownlee,WR,nfl-player-v1,0,0,6.182,0.73,0,0,0.011,0.0113
2025,1,2025_01_KC_LAC,KC,00-0033857,934d9980-bd65-441a-8b3b-b51144ba8f5a,J.Smith-Schuster,WR,nfl-player-v1,0,0,14.147,1.593,0,0,0,0.005
2025,1,2025_01_KC_LAC,KC,00-0033923,0ab5a80d-1207-4385-8df5-2f776ac16816,K.Hunt,RB,nfl-player-v1,0,22.395,4.777,0.769,0,0,0,0.005
2025,1,2025_01_KC_LAC,KC,00-0035662,48a61718-24ab-4c6a-946e-56764c8f0206,M.Brown,WR,nfl-player-v1,0,0,43.112,4.419,0,0,0.206,0.1864
2025,1,2025_01_KC_LAC,KC,00-0036637,d6bb9e59-3e25-468e-9bb1-ea8b5eccfdff,N.Gray,TE,nfl-player-v1,0,0,7.856,0.918,0,0,0.014,0.0142
2025,1,2025_01_KC_LAC,KC,00-0033873,a9854c99-01a8-4aff-ade7-a3dbcff01a05,P.Mahomes,QB,nfl-player-v1,130.965,9.17,0,0,0.86,0.029,0,0.0287
2025,1,2025_01_KC_LAC,KC,00-0030506,6e6da15e-254a-4ee3-b0c8-2eaf5875f22f,T.Kelce,TE,nfl-player-v1,0,0,11.409,1.308,0,0,0.02,0.0201
2025,1,2025_01_KC_LAC,KC,00-0038104,33cf9116-000e-4e42-a4bb-00524aa7e1c8,T.Thornton,WR,nfl-player-v1,0,0,11.352,1.301,0,0,0,0.005
2025,1,2025_01_KC_LAC,KC,00-0039894,13377595-68fc-4870-b538-55539284b2d2,X.Worthy,WR,nfl-player-v1,0,0.463,6.222,0.73,0,0,0,0.005
2025,1,2025_01_HOU_LA,LA,00-0039738,e5a46115-0912-415a-b0ef-fc6459391e9c,B.Corum,RB,nfl-player-v1,0,8.431,3.371,0.553,0,0,0,0.005
2025,1,2025_01_HOU_LA,LA,00-0036244,5bfdeab0-8d49-4746-a2be-60598dcbcf43,C.Parkinson,TE,nfl-player-v1,0,0,8.776,1.014,0,0,0.016,0.0156
2025,1,2025_01_HOU_LA,LA,00-0031381,6af876b7-d6ca-483e-bfab-51357985a24c,D.Adams,WR,nfl-player-v1,0,0,24.2,2.61,0,0,0,0.005
2025,1,2025_01_HOU_LA,LA,00-0039074,577995aa-5a21-4ce7-a655-476aa3b7d151,D.Allen,TE,nfl-player-v1,0,0,8.608,0.999,0,0,0.016,0.0154
2025,1,2025_01_HOU_LA,LA,00-0039751,dfecf1de-d300-4e69-93bc-20c4513f98c0,J.Whittington,WR,nfl-player-v1,0,0.354,4.808,0.569,0,0.001,0.009,0.0094
2025,1,2025_01_HOU_LA,LA,00-0037840,d499f341-a8ae-4bc2-a2d0-09cbdcbc82c8,K.Williams,RB,nfl-player-v1,0,48.842,4.312,0.696,0,0.884,0.025,0.5968
2025,1,2025_01_HOU_LA,LA,00-0026498,7fc98b95-d8a9-461b-895c-675c835c87a6,M.Stafford,QB,nfl-player-v1,115.2,5.441,0,0,0.757,0.017,0,0.0171
2025,1,2025_01_HOU_LA,LA,00-0039075,cc8ed8e0-fd25-4c8f-bc2e-7c8b1975f241,P.Nacua,WR,nfl-player-v1,0,0.373,37.018,3.767,0,0,0,0.005
2025,1,2025_01_HOU_LA,LA,00-0036849,ee96a79b-a709-457f-a28b-3c704a468920,T.Atwell,WR,nfl-player-v1,0,0,6.645,0.779,0,0,0,0.005
2025,1,2025_01_HOU_LA,LA,00-0038359,ff0a0568-448e-46fb-88fa-838eb9c13099,X.Smith,WR,nfl-player-v1,0,0,6.792,0.796,0,0,0,0.005
2025,1,2025_01_KC_LAC,LAC,00-0038573,1812ee0d-0029-49bc-8676-626a59248831,D.Davis,WR,nfl-player-v1,0,0.362,4.714,0.558,0,0,0,0.005
2025,1,2025_01_KC_LAC,LAC,00-0036355,86721778-e183-4522-8ddc-55e00f17fbe7,J.Herbert,QB,nfl-player-v1,124.686,6.941,0,0,0.781,0,0,0.005
2025,1,2025_01_KC_LAC,LAC,00-0030279,60f4cd06-05df-4280-add3-4cecee3a82d3,K.Allen,WR,nfl-player-v1,0,0,27.669,2.95,0,0,0.052,0.0503
2025,1,2025_01_KC_LAC,LAC,00-0040184,e89ed330-2fe2-43ee-be6c-0fe8db74e4bf,K.Lambert-Smith,WR,nfl-player-v1,0,0,6.294,0.743,0,0,0,0.005
2025,1,2025_01_KC_LAC,LAC,00-0039915,7f5bf6e3-b07c-4361-bc95-0311908c7bf8,L.McConkey,WR,nfl-player-v1,0,0,24.595,2.653,0,0,0,0.005
2025,1,2025_01_KC_LAC,LAC,00-0036893,89f60e3e-0094-426a-9b96-b6b02351f727,N.Harris,RB,nfl-player-v1,0,8.872,3.336,0.549,0,0,0,0.005
2025,1,2025_01_KC_LAC,LAC,00-0040666,16cd7307-da4f-405d-a98d-e8bb22f5599f,O.Hampton,RB,nfl-player-v1,0,46.416,4.193,0.681,0,0.953,0.027,0.6246
2025,1,2025_01_KC_LAC,LAC,00-0038544,eb41f78e-bfc6-47e4-8f04-1d8b1231218f,Q.Johnston,WR,nfl-player-v1,0,0,19.259,2.119,0,0,0.074,0.0715
2025,1,2025_01_KC_LAC,LAC,00-0034270,5aff7be5-7bfe-4ff3-b286-81c0f9f0cd16,T.Conklin,TE,nfl-player-v1,0,0.374,8.511,0.982,0,0,0,0.005
2025,1,2025_01_KC_LAC,LAC,00-0040727,ff157432-dabf-43cf-96af-8ff8ebad77a9,T.Harris,WR,nfl-player-v1,0,0,6.547,0.769,0,0,0,0.005
2025,1,2025_01_KC_LAC,LAC,00-0034159,6a67a584-8cf6-417f-90b0-34a7577fc8da,W.Dissly,TE,nfl-player-v1,0,0,6.547,0.769,0,0,0,0.005
2025,1,2025_01_LV_NE,LV,00-0035602,7ef12a46-1571-49a4-bac9-5afbd0ee6ec2,A.Bachman,WR,nfl-player-v1,0,0,6.316,0.745,0,0,0,0.005
2025,1,2025_01_LV_NE,LV,00-0040122,959ec041-e728-44e5-862c-b08ffa61a3f4,A.Jeanty,RB,nfl-player-v1,0,55.031,4.126,0.669,0,1.119,0.027,0.682
2025,1,2025_01_LV_NE,LV,00-0039338,3e1facee-6951-4b77-b51f-1f7a04250828,B.Bowers,TE,nfl-player-v1,0,0,22.037,2.4,0,0,0,0.005
2025,1,2025_01_LV_NE,LV,00-0040581,5e310480-4f70-4fd6-9ede-56c1b6664853,D.Thornton,WR,nfl-player-v1,0,0,12.14,1.384,0,0,0,0.005
2025,1,2025_01_LV_NE,LV,00-0030565,47424b84-c636-49c2-8a25-9d3de0d3b504,G.Smith,QB,nfl-player-v1,118.698,4.903,0,0,0.743,0,0,0.005
2025,1,2025_01_LV_NE,LV,00-0040729,f49d31d5-7af7-4246-bd09-dd9bf49a5fea,J.Bech,WR,nfl-player-v1,0,0,6.574,0.772,0,0,0,0.005
2025,1,2025_01_LV_NE,LV,00-0034960,55480340-bb90-4518-9695-e85dd3d36015,J.Meyers,,nfl-player-v1,0,0,28.48,3.017,0,0,0,0.005
2025,1,2025_01_LV_NE,LV,00-0039066,44db107c-a7ce-49ae-ba2b-dc3ae85181a0,M.Mayer,TE,nfl-player-v1,0,0,12.862,1.454,0,0,0.051,0.0496
2025,1,2025_01_LV_NE,LV,00-0038563,b59c0df7-c6c7-412f-8abd-2bf54a74bfa2,T.Tucker,WR,nfl-player-v1,0,0,10.267,1.18,0,0,0,0.005
2025,1,2025_01_LV_NE,LV,00-0038040,11dae0b0-f3a8-420b-bdc3-bc358c4dcb0e,Z.White,RB,nfl-player-v1,0,13.452,2.471,0.412,0,0,0,0.005
2025,1,2025_01_MIA_IND,MIA,00-0035125,12e216b4-a162-43d0-ba51-c53c2821df6e,A.Ingold,RB,nfl-player-v1,0,6.215,4.283,0.694,0,0,0,0.005
2025,1,2025_01_MIA_IND,MIA,00-0039040,f169e606-4f09-4947-8eef-b701b27cf612,D.Achane,RB,nfl-player-v1,0,35.172,6.589,1.039,0,0.24,0.014,0.2244
2025,1,2025_01_MIA_IND,MIA,00-0036620,25947c7c-202f-4109-b28b-481e2d6166b1,D.Eskridge,WR,nfl-player-v1,0,0,7.288,0.848,0,0,0,0.005
2025,1,2025_01_MIA_IND,MIA,00-0038720,bf7b51db-74d4-4563-aeff-8dc9157a1c69,J.Hill,TE,nfl-player-v1,0,0,6.789,0.801,0,0,0.019,0.0185
2025,1,2025_01_MIA_IND,MIA,00-0036613,f6b9b938-482f-4332-96e6-e3e566d9efb2,J.Waddle,WR,nfl-player-v1,0,0,15.721,1.757,0,0,0.041,0.0402
2025,1,2025_01_MIA_IND,MIA,00-0039880,9f759ea4-6e4c-44b2-9eb1-44640e42493b,M.Washington,WR,nfl-player-v1,0,0.666,15.624,1.746,0,0,0,0.005
2025,1,2025_01_MIA_IND,MIA,00-0036182,723099fe-7e45-4cc2-9e19-be47b28fa150,N.Westbrook-Ikhine,WR,nfl-player-v1,0,0,8.579,0.998,0,0,0,0.005
2025,1,2025_01_MIA_IND,MIA,00-0040198,6f1b239c-9e82-490d-abfd-2aa17a03f3a1,O.Gordon,RB,nfl-player-v1,0,13.727,3.369,0.554,0,0.097,0.007,0.0995
2025,1,2025_01_MIA_IND,MIA,00-0037348,ec44d32f-0e18-4e07-8eef-dd06b0ff518d,T.Conner,,nfl-player-v1,0,0,12.94,1.471,0,0,0.034,0.0338
2025,1,2025_01_MIA_IND,MIA,00-0033040,f2d53b95-9164-4690-9459-eb91bb312ee6,T.Hill,WR,nfl-player-v1,0,0,18.757,2.078,0,0,0,0.005
2025,1,2025_01_MIA_IND,MIA,00-0036212,25cc976d-3f53-414e-8503-80d7e5d5a513,T.Tagovailoa,QB,nfl-player-v1,116.307,5.485,0,0,0.728,0,0,0.005
2025,1,2025_01_MIA_IND,MIA,00-0037013,c45ec253-eb3c-4927-840a-b4719f423791,Z.Wilson,QB,nfl-player-v1,102.087,5.175,0,0,0.639,0,0,0.005
2025,1,2025_01_MIN_CHI,MIN,00-0033293,35923ea3-b4c5-42ac-b0eb-c748169e8cdf,A.Jones,RB,nfl-player-v1,0,22.136,5.764,0.906,0,0,0,0.005
2025,1,2025_01_MIN_CHI,MIN,00-0030035,f78e2b4f-796b-41c8-9af0-75caf042eb26,A.Thielen,,nfl-player-v1,0,0,8.774,1.018,0,0,0.014,0.0141
2025,1,2025_01_MIN_CHI,MIN,00-0036322,9bd851b9-cba5-4c2a-989a-792d495db187,J.Jefferson,WR,nfl-player-v1,0,0.323,23.682,2.514,0,0.001,0.07,0.0689
2025,1,2025_01_MIN_CHI,MIN,00-0037525,f3080ee8-3085-4c4a-8cb6-73cca736c41b,J.Mason,RB,nfl-player-v1,0,35.078,3.459,0.565,0,0.434,0.014,0.3605
2025,1,2025_01_MIN_CHI,MIN,00-0039923,6ccddb5c-777e-4767-8920-d6b85d950d14,J.McCarthy,QB,nfl-player-v1,112.146,5.385,0,0,0.733,0.015,0,0.0153
2025,1,2025_01_MIN_CHI,MIN,00-0037291,3c26dce6-b5d7-4026-b212-1b22c6b4a9e7,J.Nailor,WR,nfl-player-v1,0,0,11.501,1.31,0,0,0.018,0.0182
2025,1,2025_01_MIN_CHI,MIN,00-0035249,92cb0b66-4a07-426a-87cb-4c104a63b111,J.Oliver,TE,nfl-player-v1,0,0,9.01,1.039,0,0,0.015,0.0144
2025,1,2025_01_MIN_CHI,MIN,00-0035229,0993b895-f0b7-4d94-9a83-cb2895cf9093,T.Hockenson,TE,nfl-player-v1,0,0,14.369,1.598,0,0,0,0.005
2025,1,2025_01_LV_NE,NE,00-0036328,e2943507-602c-4422-83d3-b8127cd1b899,A.Gibson,RB,nfl-player-v1,0,9.642,3.093,0.51,0,0,0,0.005
2025,1,2025_01_LV_NE,NE,00-0032392,da501cdf-983b-48c5-9918-7569b745567c,A.Hooper,TE,nfl-player-v1,0,0,6.194,0.73,0,0,0.015,0.0145
2025,1,2025_01_LV_NE,NE,00-0038621,bc093a81-2f9d-44f8-85cc-cb7d3f539296,D.Douglas,WR,nfl-player-v1,0,0.445,15.162,1.703,0,0.003,0.102,0.0998
2025,1,2025_01_LV_NE,NE,00-0039851,c18b2fe3-1746-464c-9604-91eca99e8c5c,D.Maye,QB,nfl-player-v1,132.654,7.176,0,0,0.831,0,0,0.005
2025,1,2025_01_LV_NE,NE,00-0033090,835b972d-7fc1-48d2-bfb6-4ad15a30a0a1,H.Henry,TE,nfl-player-v1,0,0,17.358,1.937,0,0,0,0.005
2025,1,2025_01_LV_NE,NE,00-0038608,353c0718-b585-42e4-9fdd-65abf246f4d1,K.Boutte,WR,nfl-player-v1,0,0,18.001,1.997,0,0,0,0.005
2025,1,2025_01_LV_NE,NE,00-0040131,8490b4f2-0ce0-429e-93d9-e5bf60f69adf,K.Williams,WR,nfl-player-v1,0,0,6.194,0.73,0,0,0,0.005
2025,1,2025_01_LV_NE,NE,00-0033555,927c45e7-007a-40b8-9592-815d97fbc701,M.Hollins,WR,nfl-player-v1,0,0,7.423,0.869,0,0,0,0.005
2025,1,2025_01_LV_NE,NE,00-0036875,64641499-cd80-4cac-adcf-0272f37d57cc,R.Stevenson,RB,nfl-player-v1,0,31.49,4.478,0.724,0,0.188,0.008,0.1783
2025,1,2025_01_LV_NE,NE,00-0031588,8ea2703a-b355-44a5-a0d5-3ade7964e460,S.Diggs,WR,nfl-player-v1,0,0,16.065,1.794,0,0,0,0.005
2025,1,2025_01_LV_NE,NE,00-0040734,8c7fdfc1-da82-46bd-8059-d38dfc782a85,T.Henderson,RB,nfl-player-v1,0,24.489,6.733,1.058,0,0.145,0.012,0.1453
2025,1,2025_01_ARI_NO,NO,00-0033906,c7b60e7b-fe31-4675-9e2b-66d4d9c7a2d4,A.Kamara,RB,nfl-player-v1,0,38.9,3.959,0.645,0,0.36,0.011,0.3101
2025,1,2025_01_ARI_NO,NO,00-0031236,16125e50-cd99-4225-a124-62507be3ffd8,B.Cooks,,nfl-player-v1,0,0,11.34,1.298,0,0,0,0.005
2025,1,2025_01_ARI_NO,NO,00-0037239,3d8e6090-ab45-4750-a145-b5bc16812bc8,C.Olave,WR,nfl-player-v1,0,0,30.495,3.242,0,0,0.05,0.0492
2025,1,2025_01_ARI_NO,NO,00-0040202,6355a7d7-5a4b-4c0f-9407-f8d0669ab8c5,D.Neal,RB,nfl-player-v1,0,11.8,2.471,0.412,0,0,0,0.005
2025,1,2025_01_ARI_NO,NO,00-0039424,c5ddc36c-396d-4108-9137-e78b64ae84a8,D.Vele,WR,nfl-player-v1,0,0,7.695,0.9,0,0,0.014,0.0139
2025,1,2025_01_ARI_NO,NO,00-0036040,e10fc805-9026-4fe2-8714-d074bd8ca1be,J.Johnson,TE,nfl-player-v1,0,0,26.573,2.854,0,0,0.089,0.085
2025,1,2025_01_ARI_NO,NO,00-0038551,7692e703-0c10-4245-bb50-a88585c6b0f4,K.Miller,RB,nfl-player-v1,0,20.393,2.471,0.412,0,0,0,0.005
2025,1,2025_01_ARI_NO,NO,00-0037545,0a931859-dbbe-4421-8bdc-ee6094237041,R.Shaheed,,nfl-player-v1,0,0,21.214,2.324,0,0,0.036,0.0355
2025,1,2025_01_ARI_NO,NO,00-0039376,daa42eb7-39f7-4855-9cfb-36e187d1948a,S.Rattler,QB,nfl-player-v1,129.899,6.919,0,0,0.853,0.022,0,0.0215
2025,1,2025_01_NYG_WAS,NYG,00-0040715,17b3f22e-f45e-4eca-b13a-668a4cd32a8f,C.Skattebo,RB,nfl-player-v1,0,11.31,4.21,0.682,0,0.048,0.005,0.0521
2025,1,2025_01_NYG_WAS,NYG,00-0038115,7902e063-be70-413b-92a0-7ed450db8b6b,D.Bellinger,TE,nfl-player-v1,0,0,6.662,0.783,0,0,0.011,0.0109
2025,1,2025_01_NYG_WAS,NYG,00-0035250,e7d55b0c-e17e-4747-9f12-d3c5933b5e3e,D.Singletary,RB,nfl-player-v1,0,13.694,2.471,0.412,0,0,0,0.005
2025,1,2025_01_NYG_WAS,NYG,00-0035535,2e5cbb33-2ffd-4dc1-af97-8edb43d325e6,D.Slayton,WR,nfl-player-v1,0,0,6.398,0.755,0,0,0,0.005
2025,1,2025_01_NYG_WAS,NYG,00-0039337,5f5c5229-cf05-4a2f-871b-449570cab445,M.Nabers,WR,nfl-player-v1,0,0,34.705,3.648,0,0,0.153,0.1421
2025,1,2025_01_NYG_WAS,NYG,00-0029263,2f65777c-88df-48e8-84f5-50d5b599b335,R.Wilson,QB,nfl-player-v1,130.46,9.066,0,0,0.889,0.052,0,0.0507
2025,1,2025_01_NYG_WAS,NYG,00-0039847,7b9ebaff-f7d3-45f1-a0b0-07501c467f39,T.Johnson,TE,nfl-player-v1,0,0,10.243,1.182,0,0,0.017,0.0164
2025,1,2025_01_NYG_WAS,NYG,00-0039384,5f99ad3b-ac4f-409e-8699-ac3ba697ade3,T.Tracy,RB,nfl-player-v1,0,32.699,7.045,1.097,0,0,0,0.005
2025,1,2025_01_NYG_WAS,NYG,00-0038117,36776784-59f3-4a60-a1e7-609889d4b6cb,W.Robinson,WR,nfl-player-v1,0,0,23.391,2.532,0,0,0.035,0.0348
2025,1,2025_01_PIT_NYJ,NYJ,00-0039794,c16468cf-57e7-4340-8e23-9075fd8d41ba,B.Allen,RB,nfl-player-v1,0,16.866,2.471,0.412,0,0.221,0.01,0.2066
2025,1,2025_01_PIT_NYJ,NYJ,00-0038120,735192a9-d468-49d0-b370-970c18fabac5,B.Hall,RB,nfl-player-v1,0,38.006,6.409,0.988,0,0.237,0.012,0.2203
2025,1,2025_01_PIT_NYJ,NYJ,00-0037740,74cc7436-fd66-4ec7-8ce4-61c742ca2f5a,G.Wilson,WR,nfl-player-v1,0,0,33.122,3.37,0,0,0.036,0.0356
2025,1,2025_01_PIT_NYJ,NYJ,00-0039798,3a986b7a-a012-40ca-9f01-2aa8cd1484bd,I.Davis,RB,nfl-player-v1,0,9.178,2.471,0.412,0,0.03,0.003,0.0324
2025,1,2025_01_PIT_NYJ,NYJ,00-0036945,d0778b59-dc20-4250-a23a-875e29d27acc,J.Fields,QB,nfl-player-v1,116.842,8.321,0,0,0.832,0.075,0,0.0723
2025,1,2025_01_PIT_NYJ,NYJ,00-0033943,acc8f432-b907-4fdf-84cb-69390cf04c23,J.Reynolds,WR,nfl-player-v1,0,0,10.781,1.222,0,0,0,0.005
2025,1,2025_01_PIT_NYJ,NYJ,00-0037805,49ad0f0d-981d-4fc4-b589-2f6ecafc1b42,J.Ruckert,TE,nfl-player-v1,0,0,8.954,1.027,0,0,0,0.005
2025,1,2025_01_PIT_NYJ,NYJ,00-0040736,05d9b42e-040e-46c9-8a22-97abfe74c5ce,M.Taylor,TE,nfl-player-v1,0,0,6.753,0.789,0,0,0,0.005
2025,1,2025_01_PIT_NYJ,NYJ,00-0036427,7d05ed6f-f9df-44ae-b6d8-9fae7b2f7373,T.Johnson,WR,nfl-player-v1,0,0,8.747,1.004,0,0,0,0.005
2025,1,2025_01_DAL_PHI,PHI,00-0035676,e97f648c-f826-40a0-a562-437d2714fd40,A.Brown,WR,nfl-player-v1,0,0,6.952,0.811,0,0,0,0.005
2025,1,2025_01_DAL_PHI,PHI,00-0036265,362301d5-6a24-485e-889d-7f3eafbb66b3,A.Dillon,RB,nfl-player-v1,0,10.937,2.471,0.412,0,0,0,0.005
2025,1,2025_01_DAL_PHI,PHI,00-0034351,fa192789-c280-45f1-b92c-b3d6a2e97cb5,D.Goedert,TE,nfl-player-v1,0,0,25.824,2.687,0,0,0,0.005
2025,1,2025_01_DAL_PHI,PHI,00-0036912,d0e121df-25e6-4268-9e79-b99acb8e9160,D.Smith,WR,nfl-player-v1,0,0,11.944,1.339,0,0,0,0.005
2025,1,2025_01_DAL_PHI,PHI,00-0037741,6d4cdf27-b583-4056-b59d-95182c15301b,J.Dotson,WR,nfl-player-v1,0,0,11.762,1.319,0,0,0,0.005
2025,1,2025_01_DAL_PHI,PHI,00-0036389,c415d118-a039-407a-a350-3e89d8042e25,J.Hurts,QB,nfl-player-v1,118.165,8.704,0,0,0.849,0.083,0,0.0799
2025,1,2025_01_DAL_PHI,PHI,00-0036876,ba7a8faf-a5e9-49dd-afa4-377d5fca40b1,K.Granson,TE,nfl-player-v1,0,0,6.796,0.793,0,0,0,0.005
2025,1,2025_01_DAL_PHI,PHI,00-0034844,9a93ddfe-033a-4098-acc7-9be147087ec8,S.Barkley,RB,nfl-player-v1,0,38.809,8.296,1.244,0,0.858,0.055,0.5989
2025,1,2025_01_DAL_PHI,PHI,00-0039746,53f7c2dd-3fec-4e55-9991-00e4d7c2fc74,W.Shipley,RB,nfl-player-v1,0,11.003,2.486,0.414,0,0,0,0.005
2025,1,2025_01_PIT_NYJ,PIT,00-0023459,9cd40a7b-735b-4670-bf0e-4d357c5b3e10,A.Rodgers,QB,nfl-player-v1,115.218,4.265,0,0,0.721,0,0,0.005
2025,1,2025_01_PIT_NYJ,PIT,00-0036862,c11cc7b3-6b0b-4a40-b6df-d3148f8c2825,B.Skowronek,WR,nfl-player-v1,0,0,6.897,0.809,0,0,0,0.005
2025,1,2025_01_PIT_NYJ,PIT,00-0037837,bb6900c7-cf17-450b-b596-4a3542add3ef,C.Austin,WR,nfl-player-v1,0,0,19.385,2.136,0,0,0.037,0.0367
2025,1,2025_01_PIT_NYJ,PIT,00-0035640,4aefe4b3-05d4-4513-8386-ceefefe04e87,D.Metcalf,WR,nfl-player-v1,0,0,22.277,2.432,0,0,0,0.005
2025,1,2025_01_PIT_NYJ,PIT,00-0033858,8b8c7b1a-90f6-4931-b9d8-3c8cfb0c920b,J.Smith,TE,nfl-player-v1,0,0,19.747,2.167,0,0,0.038,0.0372
2025,1,2025_01_PIT_NYJ,PIT,00-0037228,23de35af-3a1c-4ae7-9ea4-954a48d78d6a,J.Warren,RB,nfl-player-v1,0,36.535,4.519,0.73,0,0.941,0.037,0.6239
2025,1,2025_01_PIT_NYJ,PIT,00-0036919,8a95e757-cf19-40cd-9cc1-77255bb487f1,K.Gainwell,RB,nfl-player-v1,0,25.124,6.57,1.031,0,0,0,0.005
2025,1,2025_01_PIT_NYJ,PIT,00-0040142,d4eda4a8-fe86-4f99-a138-c013a635acf3,K.Johnson,RB,nfl-player-v1,0,8.89,2.52,0.42,0,0,0,0.005
2025,1,2025_01_PIT_NYJ,PIT,00-0036894,07b45f1c-fb0a-40db-939b-4ee4836e9343,P.Freiermuth,TE,nfl-player-v1,0,0,11.553,1.316,0,0,0,0.005
2025,1,2025_01_SF_SEA,SEA,00-0039793,1359d114-9fb9-4783-8101-efdec545f961,A.Barner,TE,nfl-player-v1,0,0.313,8.906,1.021,0,0.001,0.018,0.0183
2025,1,2025_01_SF_SEA,SEA,00-0033908,42465aa3-53c4-4afb-bf91-0ac136659ba3,C.Kupp,WR,nfl-player-v1,0,0,11.294,1.279,0,0,0,0.005
2025,1,2025_01_SF_SEA,SEA,00-0040739,6705ba1e-91f0-4d99-81fe-b1a147c65a6d,E.Arroyo,TE,nfl-player-v1,0,0,6.913,0.807,0,0,0,0.005
2025,1,2025_01_SF_SEA,SEA,00-0040673,c081e2a6-0898-4a64-9835-eb17acc4a418,J.Milroe,QB,nfl-player-v1,98.895,4.758,0,0,0.619,0,0,0.005
2025,1,2025_01_SF_SEA,SEA,00-0038543,8d9cebd3-3534-48a0-a4e9-2c0ebc5c1c94,J.Smith-Njigba,WR,nfl-player-v1,0,0,49.883,4.846,0,0,0,0.005
2025,1,2025_01_SF_SEA,SEA,00-0038134,593d9bcd-2ae1-41ca-bf16-2d3c62d5b196,K.Walker,RB,nfl-player-v1,0,25.446,5.574,0.876,0,0.261,0.018,0.2429
2025,1,2025_01_SF_SEA,SEA,00-0034869,3a4bd5d6-8b01-4324-8449-d0f7c2059e36,S.Darnold,QB,nfl-player-v1,111.641,5.446,0,0,0.699,0,0,0.005
2025,1,2025_01_SF_SEA,SEA,00-0039165,7bb1ecbd-ce2a-443f-881d-e3f993b6a1c0,Z.Charbonnet,RB,nfl-player-v1,0,28.795,2.511,0.418,0,0.603,0.017,0.4619
2025,1,2025_01_SF_SEA,SF,00-0037834,fb4669d0-c27f-4ea4-bd37-8d3bad299f07,B.Purdy,QB,nfl-player-v1,116.566,5.469,0,0,0.761,0.015,0,0.015
2025,1,2025_01_SF_SEA,SF,00-0037746,00b3cb74-e58d-4660-b1df-2376a82120b6,B.Robinson,RB,nfl-player-v1,0,24.231,3.828,0.621,0,0,0,0.005
2025,1,2025_01_SF_SEA,SF,00-0033280,ae3498a3-f309-4ea2-a3c1-031f013cc394,C.McCaffrey,RB,nfl-player-v1,0,47.322,9.443,1.389,0,0.971,0.058,0.6428
2025,1,2025_01_SF_SEA,SF,00-0033288,6ef21d58-07b4-49a0-9e4b-ab6e4f527023,G.Kittle,TE,nfl-player-v1,0,0,11.304,1.281,0,0,0.009,0.0085
2025,1,2025_01_SF_SEA,SF,00-0036259,046bd3b8-161d-4c19-9816-df5ce3e96947,J.Jennings,WR,nfl-player-v1,0,0,12.672,1.435,0,0,0.019,0.0189
2025,1,2025_01_SF_SEA,SF,00-0037112,a83d87f5-9208-48ee-a81c-bba3090ea426,J.Tonges,TE,nfl-player-v1,0,0,9.443,1.083,0,0,0.014,0.0143
2025,1,2025_01_SF_SEA,SF,00-0029892,86ed80c1-0dd7-4c07-a0b3-cea9fab60c0a,K.Juszczyk,RB,nfl-player-v1,0,6.371,3.926,0.637,0,0,0,0.005
2025,1,2025_01_SF_SEA,SF,00-0036887,d379e74d-8a48-4767-b405-a32b09db1b28,L.Farrell,TE,nfl-player-v1,0,0,6.265,0.736,0,0,0,0.005
2025,1,2025_01_SF_SEA,SF,00-0039916,da658afc-9594-4977-9a7c-3939c1bb4aee,R.Pearsall,WR,nfl-player-v1,0,0,16.585,1.834,0,0,0.024,0.0242
2025,1,2025_01_TB_ATL,TB,00-0039361,b53d67a4-0051-474f-816c-9a3d9b661634,B.Irving,RB,nfl-player-v1,0,41.171,6.281,0.987,0,1.112,0.053,0.6879
2025,1,2025_01_TB_ATL,TB,00-0034855,56c2266e-4dc1-4c37-8f44-6323a36613de,B.Mayfield,QB,nfl-player-v1,121.215,6.897,0,0,0.759,0,0,0.005
2025,1,2025_01_TB_ATL,TB,00-0038129,4f63ff11-fe96-4aa7-9831-9536b01dd6a9,C.Otton,TE,nfl-player-v1,0,0,10.4,1.202,0,0,0,0.005
2025,1,2025_01_TB_ATL,TB,00-0040129,bac91e1b-f24a-431e-a656-d23a3ef5e9f5,E.Egbuka,WR,nfl-player-v1,0,0.38,18.3,2.011,0,0,0,0.005
2025,1,2025_01_TB_ATL,TB,00-0031408,fd9494d8-4d0d-4075-8b31-59c31dbef36f,M.Evans,WR,nfl-player-v1,0,0,24.196,2.613,0,0,0,0.005
2025,1,2025_01_TB_ATL,TB,00-0038824,bf490a90-cd1a-409d-850c-5d87185d3d3a,R.Miller,,nfl-player-v1,0,0,6.433,0.758,0,0,0,0.005
2025,1,2025_01_TB_ATL,TB,00-0037256,af7855b9-7e3c-41da-a2b8-8c7f6cd88bee,R.White,RB,nfl-player-v1,0,10.873,3.335,0.548,0,0,0,0.005
2025,1,2025_01_TB_ATL,TB,00-0032385,2036bbd6-7375-422e-bdbc-7822b5bffdce,S.Shepard,WR,nfl-player-v1,0,0,17.652,1.958,0,0,0,0.005
2025,1,2025_01_TB_ATL,TB,00-0038951,0b1f5016-8cbc-4512-8a82-0d3f67416080,S.Tucker,RB,nfl-player-v1,0,8.647,2.524,0.421,0,0,0,0.005
2025,1,2025_01_TB_ATL,TB,00-0040237,5c294442-eaea-4ed0-a4fd-c33a7509bf48,T.Johnson,WR,nfl-player-v1,0,0,6.433,0.758,0,0,0,0.005
2025,1,2025_01_TEN_DEN,TEN,00-0039650,8939043d-a2ad-4709-9405-058ec7953a0f,B.Oliver,WR,nfl-player-v1,0,0,7.158,0.838,0,0,0,0.005
2025,1,2025_01_TEN_DEN,TEN,00-0040705,f3027194-2b41-4db7-b6e1-10cb47514b73,C.Dike,WR,nfl-player-v1,0,0.38,6.876,0.804,0,0,0,0.005
2025,1,2025_01_TEN_DEN,TEN,00-0037809,64755288-83b6-45d3-9d82-11807c2f5994,C.Okonkwo,TE,nfl-player-v1,0,0,15.016,1.682,0,0,0,0.005
2025,1,2025_01_TEN_DEN,TEN,00-0034837,20728b4d-f625-4cd5-a2a6-9c6c76360516,C.Ridley,WR,nfl-player-v1,0,0,27.89,2.979,0,0,0,0.005
2025,1,2025_01_TEN_DEN,TEN,00-0040676,f16bf5f1-4c50-449b-b1d4-ad4d66db60cb,C.Ward,QB,nfl-player-v1,107.242,3.792,0,0,0.671,0,0,0.005
2025,1,2025_01_TEN_DEN,TEN,00-0040170,527aee16-44d6-4527-9ec1-b6d981e9e8c1,E.Ayomanor,WR,nfl-player-v1,0,0,23.485,2.56,0,0,0,0.005
2025,1,2025_01_TEN_DEN,TEN,00-0040584,7e6d7376-3ff9-4d2b-8022-f47c0fbc308e,G.Helm,TE,nfl-player-v1,0,0,9.346,1.082,0,0,0,0.005
2025,1,2025_01_TEN_DEN,TEN,00-0037594,08786b66-962c-43b2-b93f-257484f8c7fb,J.Chestnut,RB,nfl-player-v1,0,11.01,2.471,0.412,0,0.158,0.011,0.1553
2025,1,2025_01_TEN_DEN,TEN,00-0032211,766ec4f5-92c5-4b06-a338-38a14f175030,T.Lockett,,nfl-player-v1,0,0,6.835,0.804,0,0,0,0.005
2025,1,2025_01_TEN_DEN,TEN,00-0035261,61edd687-3a13-4c2f-8e86-d493ced4295b,T.Pollard,RB,nfl-player-v1,0,53.634,3.62,0.593,0,1.092,0.024,0.6724
2025,1,2025_01_NYG_WAS,WAS,00-0033699,6aa38a7a-22da-46a6-8752-ed1d48fbc686,A.Ekeler,RB,nfl-player-v1,0,18.865,5.07,0.807,0,0.175,0.014,0.1726
2025,1,2025_01_NYG_WAS,WAS,00-0032398,22b4db5b-c301-4ba2-98d9-953136ef966f,C.Moore,WR,nfl-player-v1,0,0,6.576,0.771,0,0,0,0.005
2025,1,2025_01_NYG_WAS,WAS,00-0035719,7bb0990e-39c4-4d54-9fd7-b1d9bc9d8288,D.Samuel,WR,nfl-player-v1,0,0.3,29.092,3.042,0,0.001,0.047,0.0467
2025,1,2025_01_NYG_WAS,WAS,00-0040242,25d9ee1b-68c9-4de4-ad0f-25efe8210850,J.Croskey-Merritt,RB,nfl-player-v1,0,26.716,3.246,0.533,0,0.25,0.009,0.2283
2025,1,2025_01_NYG_WAS,WAS,00-0039910,3276bcc4-687a-4601-92a3-35feeb80ba89,J.Daniels,QB,nfl-player-v1,124.523,8.297,0,0,0.818,0.026,0,0.0257
2025,1,2025_01_NYG_WAS,WAS,00-0040164,8f6e73b4-1f9c-4db2-b36b-660751127569,J.Lane,WR,nfl-player-v1,0,0,8.174,0.949,0,0,0,0.005
2025,1,2025_01_NYG_WAS,WAS,00-0033955,01c9d65e-2883-4bde-a469-45abe5508fee,J.McNichols,RB,nfl-player-v1,0,14.212,2.471,0.412,0,0,0,0.005
2025,1,2025_01_NYG_WAS,WAS,00-0033591,6b486380-fb82-43db-ac70-9e09a0e5f224,N.Brown,WR,nfl-player-v1,0,0,10.519,1.205,0,0,0.019,0.0186
2025,1,2025_01_NYG_WAS,WAS,00-0035659,72729e1e-0b13-4aad-91ac-3d76f92c4685,T.McLaurin,WR,nfl-player-v1,0,0,12.195,1.383,0,0,0,0.005
2025,1,2025_01_NYG_WAS,WAS,00-0030061,f42aa3a3-06fe-490e-afb7-07a36d947c7c,Z.Ertz,TE,nfl-player-v1,0,0,14.788,1.654,0,0,0.026,0.0254
2025,2,2025_02_CAR_ARI,ARI,00-0039041,1b207068-6c7e-480f-9923-06f2128115d6,E.Higgins,TE,nfl-player-v1,0,0,11.513,1.31,0,0,0.017,0.0165
2025,2,2025_02_CAR_ARI,ARI,00-0035500,8d89d9ff-87bf-47c7-bdb7-6387fd2063b9,G.Dortch,WR,nfl-player-v1,0,0,6.94,0.812,0,0,0,0.005
2025,2,2025_02_CAR_ARI,ARI,00-0033119,237a8679-0c0a-480b-870d-514d0c50523f,J.Brissett,QB,nfl-player-v1,101.184,4.974,0,0,0.633,0,0,0.005
2025,2,2025_02_CAR_ARI,ARI,00-0033553,00f22708-bdef-40e6-814d-886022e9be2c,J.Conner,RB,nfl-player-v1,0,31.978,3.499,0.573,0,0.362,0.013,0.3123
2025,2,2025_02_CAR_ARI,ARI,00-0035228,35cc13e2-07c8-47ec-a3f1-171f1c79da4c,K.Murray,QB,nfl-player-v1,118.926,8.263,0,0,0.775,0.021,0,0.021
2025,2,2025_02_CAR_ARI,ARI,00-0039849,4c27a10c-963d-444e-b235-b46f4b652866,M.Harrison,WR,nfl-player-v1,0,0,16.377,1.822,0,0,0.046,0.0453
2025,2,2025_02_CAR_ARI,ARI,00-0038559,befb93dc-de67-4344-9d23-a1fa6a9d682f,Mi.Wilson,WR,nfl-player-v1,0,0,8.907,1.03,0,0,0.013,0.013
2025,2,2025_02_CAR_ARI,ARI,00-0039921,1f577279-8063-42e6-ae7f-366536dfbf3e,T.Benson,RB,nfl-player-v1,0,13.531,9.231,1.389,0,0.101,0.02,0.1141
2025,2,2025_02_CAR_ARI,ARI,00-0037744,87b536c6-701f-4a71-b52e-0d8f7d4ec694,T.McBride,TE,nfl-player-v1,0,0,24.211,2.585,0,0,0,0.005
2025,2,2025_02_ATL_MIN,ATL,00-0038542,8f5e333b-8cac-493f-8be3-093a3f12c027,B.Robinson,RB,nfl-player-v1,0,44.43,7.848,1.183,0,0.707,0.038,0.5252
2025,2,2025_02_ATL_MIN,ATL,00-0037238,892d7782-1ecc-4137-aeb0-9e80c69e4034,D.London,WR,nfl-player-v1,0,0,14.19,1.575,0,0,0,0.005
2025,2,2025_02_ATL_MIN,ATL,00-0036309,e318bcf4-6f17-4a62-ba7b-9283a4aab86c,D.Mooney,WR,nfl-player-v1,0,0,13.829,1.545,0,0,0.029,0.0284
2025,2,2025_02_ATL_MIN,ATL,00-0036970,40dfaab3-2886-438e-a325-a15f68d1f3c8,K.Pitts,TE,nfl-player-v1,0,0,16.966,1.85,0,0,0,0.005
2025,2,2025_02_ATL_MIN,ATL,00-0039917,ab213147-61d9-49a3-a662-0e2a31cc80f2,M.Penix,QB,nfl-player-v1,106.444,4.204,0,0,0.666,0,0,0.005
2025,2,2025_02_ATL_MIN,ATL,00-0034407,407ae3e7-477f-4c39-9982-fa181de093ed,R.McCloud,,nfl-player-v1,0,0,8.449,0.98,0,0,0.009,0.0091
2025,2,2025_02_ATL_MIN,ATL,00-0037263,3d48d76e-acf1-404a-ba84-79e0d1d0e3fc,T.Allgeier,RB,nfl-player-v1,0,31.882,3.386,0.553,0,0.441,0.015,0.3659
2025,2,2025_02_CLE_BAL,BAL,00-0032764,31b668ff-08d5-4913-8678-4c5c2fb906ca,D.Henry,RB,nfl-player-v1,0,35.171,2.471,0.412,0,0.326,0.007,0.2836
2025,2,2025_02_CLE_BAL,BAL,00-0030564,1bd6ba6e-0334-4184-a6f8-4d5dcf7c276f,D.Hopkins,WR,nfl-player-v1,0,0,9.372,1.082,0,0,0,0.005
2025,2,2025_02_CLE_BAL,BAL,00-0039792,74d11e7b-f3ab-49eb-8b7f-27ca20789099,D.Walker,WR,nfl-player-v1,0,0,9.372,1.082,0,0,0.017,0.0167
2025,2,2025_02_CLE_BAL,BAL,00-0034975,4bf90f48-14f6-42ab-aa72-7f4e7b87e638,J.Hill,RB,nfl-player-v1,0,14.171,5.603,0.891,0,0,0,0.005
2025,2,2025_02_CLE_BAL,BAL,00-0034796,4c6e84b3-2283-4d86-8f7b-019a185c6764,L.Jackson,QB,nfl-player-v1,118.815,5.879,0,0,0.781,0.018,0,0.0183
2025,2,2025_02_CLE_BAL,BAL,00-0034753,3c8c24b6-f2b3-4130-86e6-389a16aa6104,M.Andrews,TE,nfl-player-v1,0,0.446,11.329,1.292,0,0.002,0.04,0.0409
2025,2,2025_02_CLE_BAL,BAL,00-0036550,18c06a21-f854-4f11-89ad-f617293f9cea,R.Bateman,WR,nfl-player-v1,0,0,14.227,1.609,0,0,0,0.005
2025,2,2025_02_CLE_BAL,BAL,00-0036630,adb9f484-c700-4ebd-bc00-daf4daed3f65,T.Wallace,WR,nfl-player-v1,0,0,9.372,1.082,0,0,0.017,0.0167
2025,2,2025_02_CLE_BAL,BAL,00-0039064,a4c95f75-76ae-4729-b36b-053b14fb2a51,Z.Flowers,WR,nfl-player-v1,0,0.47,38.07,3.914,0,0,0,0.005
2025,2,2025_02_CLE_BAL,BAL,00-0037340,77e7e669-8692-4170-bf99-1bdbcce99455,Z.Mitchell-Paden,,nfl-player-v1,0,0,6.672,0.786,0,0,0.012,0.0122
2025,2,2025_02_BUF_NYJ,BUF,00-0038933,8a6f4627-ab82-4cb4-92df-699336ac1690,D.Kincaid,TE,nfl-player-v1,0,0,16.595,1.813,0,0,0.018,0.018
2025,2,2025_02_BUF_NYJ,BUF,00-0035689,83978a45-a7da-408d-a462-426f5444a908,D.Knox,TE,nfl-player-v1,0,0,14.239,1.588,0,0,0.016,0.0158
2025,2,2025_02_BUF_NYJ,BUF,00-0036980,b00bd3b2-8fb1-4c61-b575-87a93b457caf,E.Moore,,nfl-player-v1,0,0.424,6.5,0.755,0,0,0.008,0.008
2025,2,2025_02_BUF_NYJ,BUF,00-0034857,32369b37-6bce-4910-acfa-f658676697d3,J.Allen,QB,nfl-player-v1,113.29,6.122,0,0,0.732,0.012,0,0.0123
2025,2,2025_02_BUF_NYJ,BUF,00-0037248,61da158c-dacb-4567-8ec7-9521d0868e5f,J.Cook,RB,nfl-player-v1,0,43.06,3.331,0.545,0,0.888,0.022,0.5973
2025,2,2025_02_BUF_NYJ,BUF,00-0040194,5a7670a6-35d4-43bb-a12b-9b1580498b35,J.Hawes,TE,nfl-player-v1,0,0,6.514,0.763,0,0,0,0.005
2025,2,2025_02_BUF_NYJ,BUF,00-0036988,df43fb4f-7e20-4384-83d0-fc24bbea7428,J.Palmer,WR,nfl-player-v1,0,0,10.131,1.154,0,0,0,0.005
2025,2,2025_02_BUF_NYJ,BUF,00-0039901,15497e04-abce-413c-b84b-6928c1f96d77,K.Coleman,WR,nfl-player-v1,0,0,10.744,1.218,0,0,0,0.005
2025,2,2025_02_BUF_NYJ,BUF,00-0037261,a182f320-892e-4344-8c39-d03ec8d397c4,K.Shakir,WR,nfl-player-v1,0,0,8.044,0.931,0,0,0,0.005
2025,2,2025_02_BUF_NYJ,BUF,00-0033869,e59787f5-27fb-4c44-8543-4c38c3e63ca5,M.Trubisky,QB,nfl-player-v1,98.984,4.235,0,0,0.62,0,0,0.005
2025,2,2025_02_BUF_NYJ,BUF,00-0039875,51239dbe-c985-42a4-bdb6-e31bea991d12,R.Davis,RB,nfl-player-v1,0,20.979,2.471,0.412,0,0.064,0.002,0.0639
2025,2,2025_02_BUF_NYJ,BUF,00-0038679,0007cf4b-7ab2-42a0-a8b5-54ac02754320,T.Shavers,WR,nfl-player-v1,0,0,7.841,0.913,0,0,0,0.005
2025,2,2025_02_BUF_NYJ,BUF,00-0035537,7927f661-8fb2-47a7-988d-d39a7c8038be,Ty.Johnson,RB,nfl-player-v1,0,9.449,3.207,0.525,0,0.029,0.003,0.0314
2025,2,2025_02_CAR_ARI,CAR,00-0038840,fd80a968-a921-45e8-a684-5bea39ff69b1,B.Tremayne,WR,nfl-player-v1,0,0,10.971,1.259,0,0,0,0.005
2025,2,2025_02_CAR_ARI,CAR,00-0039150,c28c1088-1b0f-497f-bfdb-1a7a9cde1e89,B.Young,QB,nfl-player-v1,127.943,4.988,0,0,0.818,0.007,0,0.0067
2025,2,2025_02_CAR_ARI,CAR,00-0036555,e4fb467c-29b4-4025-8e7f-05d9ee9ca744,C.Hubbard,RB,nfl-player-v1,0,48.504,6.073,0.962,0,0.19,0.007,0.1789
2025,2,2025_02_CAR_ARI,CAR,00-0034983,61cd0e72-b9fb-41e8-8c55-e743845d576c,H.Renfrow,WR,nfl-player-v1,0,0,17.688,1.967,0,0,0.066,0.0634
2025,2,2025_02_CAR_ARI,CAR,00-0039356,38d1f118-d4b1-4550-932e-ebfebfb25c98,J.Sanders,TE,nfl-player-v1,0,0,17.412,1.936,0,0,0.052,0.0503
2025,2,2025_02_CAR_ARI,CAR,00-0040187,4c908559-bee0-4e03-892b-acb185733f1c,M.Evans,TE,nfl-player-v1,0,0,5.978,0.706,0,0,0,0.005
2025,2,2025_02_CAR_ARI,CAR,00-0036139,5247cf70-ccdc-4fee-abb5-56faa544291f,R.Dowdle,RB,nfl-player-v1,0,31.963,3.027,0.5,0,0.193,0.006,0.1803
2025,2,2025_02_CAR_ARI,CAR,00-0040644,fb47152c-3c47-4517-aafd-6bb67424d19d,T.Etienne,RB,nfl-player-v1,0,6.17,3.014,0.498,0,0,0,0.005
2025,2,2025_02_CAR_ARI,CAR,00-0040124,fe874b96-e2c0-4f68-9815-af65b06e6738,T.McMillan,WR,nfl-player-v1,0,0,18.54,2.055,0,0,0.027,0.027
2025,2,2025_02_CAR_ARI,CAR,00-0037005,2a5af105-ecb4-4ae4-89c6-d47b7b108737,T.Tremble,TE,nfl-player-v1,0,0,8.572,0.995,0,0,0,0.005
2025,2,2025_02_CAR_ARI,CAR,00-0039342,2f0f3999-0f08-41d7-83f3-7bf733899142,X.Legette,WR,nfl-player-v1,0,0.402,14.635,1.652,0,0.001,0.033,0.0334
2025,2,2025_02_CHI_DET,CHI,00-0036290,e20adbbe-669d-4d26-b64a-84332cd2acfd,C.Kmet,TE,nfl-player-v1,0,0,8.309,0.964,0,0,0,0.005
2025,2,2025_02_CHI_DET,CHI,00-0040126,20e5eda2-e6a7-45e5-8ed5-958a5d49a8ae,C.Loveland,TE,nfl-player-v1,0,0,6.221,0.734,0,0,0,0.005
2025,2,2025_02_CHI_DET,CHI,00-0039918,d3372f7c-27eb-47ac-9d90-facef898a40f,C.Williams,QB,nfl-player-v1,121.132,6.895,0,0,0.807,0.028,0,0.0274
2025,2,2025_02_CHI_DET,CHI,00-0034827,d366aedd-7ef1-47c6-a3bb-637a4559f332,D.Moore,WR,nfl-player-v1,0,0,16.794,1.86,0,0,0,0.005
2025,2,2025_02_CHI_DET,CHI,00-0036275,49aefcdc-6cec-4beb-84e1-ba08880d15d6,D.Swift,RB,nfl-player-v1,0,34.024,4.873,0.78,0,0.201,0.009,0.1891
2025,2,2025_02_CHI_DET,CHI,00-0040236,08e87151-52f8-40cb-a625-42c1703b9eec,K.Monangai,RB,nfl-player-v1,0,22.189,4.803,0.769,0,0.133,0.009,0.1321
2025,2,2025_02_CHI_DET,CHI,00-0040735,7f3e9ce8-9c8d-4d38-b381-3e43b24bf041,L.Burden,WR,nfl-player-v1,0,0,7.967,0.928,0,0,0.019,0.0184
2025,2,2025_02_CHI_DET,CHI,00-0035208,abb5a044-a3c2-46a1-9fac-b6d0ddf8475b,O.Zaccheaus,WR,nfl-player-v1,0,0.306,13.77,1.549,0,0,0,0.005
2025,2,2025_02_CHI_DET,CHI,00-0039919,118470e6-4c10-41fd-9c53-8f079c8747aa,R.Odunze,WR,nfl-player-v1,0,0,29.381,3.101,0,0,0.124,0.1167
2025,2,2025_02_CHI_DET,CHI,00-0038416,532505a8-4f22-499b-9012-6111242828dc,T.Bagent,QB,nfl-player-v1,101.763,5.243,0,0,0.637,0,0,0.005
2025,2,2025_02_JAX_CIN,CIN,00-0038619,7da25b9b-7510-4f92-98a5-2cb63cd6aa2d,A.Iosivas,WR,nfl-player-v1,0,0,12.114,1.388,0,0,0,0.005
2025,2,2025_02_JAX_CIN,CIN,00-0038597,5b052584-0cb1-4079-abf3-1c8954958e62,C.Brown,RB,nfl-player-v1,0,66.391,4.592,0.742,0,0.736,0.016,0.5286
2025,2,2025_02_JAX_CIN,CIN,00-0035631,9505074b-e13e-401f-a269-a589537be748,D.Sample,TE,nfl-player-v1,0,0,7.553,0.884,0,0,0,0.005
2025,2,2025_02_JAX_CIN,CIN,00-0035100,1d4cec7f-feb8-41e0-8087-6a8bb22061a5,J.Browning,QB,nfl-player-v1,118.307,5.173,0,0,0.771,0.013,0,0.0132
2025,2,2025_02_JAX_CIN,CIN,00-0036442,3f58a998-2d1f-4f95-9c81-9ccd5fa0c8ec,J.Burrow,QB,nfl-player-v1,102.174,4.065,0,0,0.64,0,0,0.005
2025,2,2025_02_JAX_CIN,CIN,00-0036900,fa88fc04-ab72-4b44-b18f-196905155362,J.Chase,WR,nfl-player-v1,0,0,40,4.108,0,0,0.157,0.1452
2025,2,2025_02_JAX_CIN,CIN,00-0034829,75916bc5-a3af-4067-9720-00cca5c17ac9,M.Gesicki,TE,nfl-player-v1,0,0,10.882,1.248,0,0,0.016,0.0158
2025,2,2025_02_JAX_CIN,CIN,00-0038839,8fa39fd1-f924-44b5-b327-9191f3569c02,M.Tinsley,WR,nfl-player-v1,0,0,6.26,0.738,0,0,0.009,0.0093
2025,2,2025_02_JAX_CIN,CIN,00-0035644,332e37c2-22e4-4511-931e-c30035cb108d,N.Fant,TE,nfl-player-v1,0,0,10.837,1.243,0,0,0,0.005
2025,2,2025_02_JAX_CIN,CIN,00-0036410,891d5ad8-ad2b-40a2-bd88-2f4c64d4009a,T.Higgins,WR,nfl-player-v1,0,0,17.604,1.964,0,0,0.025,0.0247
2025,2,2025_02_CLE_BAL,CLE,00-0038979,4621b9ce-6bc7-4652-9414-16ff576216df,C.Tillman,WR,nfl-player-v1,0,0,16.193,1.822,0,0,0.064,0.0618
2025,2,2025_02_CLE_BAL,CLE,00-0040704,7af9c46c-c099-4877-b651-9719ed598171,D.Gabriel,QB,nfl-player-v1,101.756,4.324,0,0,0.637,0,0,0.005
2025,2,2025_02_CLE_BAL,CLE,00-0033885,7803b6a3-2944-46a1-a2f7-8c64e92fc82d,D.Njoku,TE,nfl-player-v1,0,0,13.059,1.48,0,0,0,0.005
2025,2,2025_02_CLE_BAL,CLE,00-0040162,b934c25d-e16b-4088-ade1-894632b8045f,D.Sampson,RB,nfl-player-v1,0,18.801,4.707,0.759,0,0.198,0.015,0.1921
2025,2,2025_02_CLE_BAL,CLE,00-0040663,62719d0e-0efc-456e-8df8-828cc1cf4abe,H.Fannin,TE,nfl-player-v1,0,0,13.366,1.51,0,0,0,0.005
2025,2,2025_02_CLE_BAL,CLE,00-0040782,3193f354-0b23-4321-b879-2e9fcd02ec84,I.Bond,WR,nfl-player-v1,0,0.368,9.387,1.084,0,0.001,0.038,0.0386
2025,2,2025_02_CLE_BAL,CLE,00-0026158,371e6c01-3f61-411c-8675-13539221ddc9,J.Flacco,,nfl-player-v1,0,0.382,5.195,0.577,0,0,0,0.005
2025,2,2025_02_CLE_BAL,CLE,00-0037267,3a0091ff-06bf-492a-9528-03ae4f8f866d,J.Ford,RB,nfl-player-v1,0,25.394,7.14,1.116,0,0,0,0.005
2025,2,2025_02_CLE_BAL,CLE,00-0036407,c669f87b-fdf2-458b-92b9-5fc841b4bec5,J.Jeudy,WR,nfl-player-v1,0,0,18.782,2.085,0,0,0,0.005
2025,2,2025_02_CLE_BAL,CLE,00-0039379,41a0c66a-cf0b-4519-a28d-a12b879a5031,J.Thrash,WR,nfl-player-v1,0,0,6.332,0.746,0,0,0,0.005
2025,2,2025_02_CLE_BAL,CLE,00-0040784,62023d1d-a5ea-44d8-bde5-fe8b08113b5a,Q.Judkins,RB,nfl-player-v1,0,32.114,3.975,0.641,0,0,0,0.005
2025,2,2025_02_NYG_DAL,DAL,00-0039530,237d3676-845c-4673-a697-e3100108cb0b,B.Spann-Ford,TE,nfl-player-v1,0,0,5.866,0.692,0,0,0,0.005
2025,2,2025_02_NYG_DAL,DAL,00-0036358,c65ab2ea-a913-4981-964e-e6b3c4c5854e,C.Lamb,WR,nfl-player-v1,0,0,21.138,2.311,0,0,0.029,0.029
2025,2,2025_02_NYG_DAL,DAL,00-0033077,6b202b45-4554-4645-8ff5-4ee830907717,D.Prescott,QB,nfl-player-v1,129.074,5.83,0,0,0.808,0,0,0.005
2025,2,2025_02_NYG_DAL,DAL,00-0037247,35484e4c-03b7-453e-80fd-be2fa1ac62aa,G.Pickens,WR,nfl-player-v1,0,0,16.991,1.897,0,0,0.097,0.0921
2025,2,2025_02_NYG_DAL,DAL,00-0038041,631385df-a7e6-4eb7-8b2b-e19769a2551f,J.Ferguson,TE,nfl-player-v1,0,0,22.596,2.457,0,0,0,0.005
2025,2,2025_02_NYG_DAL,DAL,00-0037666,68f4a835-6990-4ab8-a10f-db8aa110439f,J.Tolbert,WR,nfl-player-v1,0,0,9.536,1.103,0,0,0,0.005
2025,2,2025_02_NYG_DAL,DAL,00-0036997,75533a5b-1037-45da-a572-2ccf5f61abc0,J.Williams,RB,nfl-player-v1,0,56.89,6.765,1.062,0,0.42,0.015,0.3529
2025,2,2025_02_NYG_DAL,DAL,00-0037801,7bb83a46-749f-471f-9876-9b2893c636f8,K.Turpin,WR,nfl-player-v1,0,0.59,9.99,1.14,0,0.001,0.015,0.0152
2025,2,2025_02_NYG_DAL,DAL,00-0038547,7df365f8-b808-4ecf-8454-fe5ccbc0e2f4,L.Schoonmaker,TE,nfl-player-v1,0,0,6.937,0.816,0,0,0,0.005
2025,2,2025_02_NYG_DAL,DAL,00-0035243,c14e4813-3a18-43e1-969d-9b47ea13ab2c,M.Sanders,RB,nfl-player-v1,0,19.427,3.584,0.587,0,0.15,0.009,0.1466
2025,2,2025_02_DEN_IND,DEN,00-0036422,b141ab2c-c6c5-49b2-94f4-781604cbeb98,A.Trautman,TE,nfl-player-v1,0,0,10.517,1.2,0,0,0.017,0.0167
2025,2,2025_02_DEN_IND,DEN,00-0039732,40159058-8f61-4120-8323-ec81eaeff8ce,B.Nix,QB,nfl-player-v1,115.755,6.054,0,0,0.725,0,0,0.005
2025,2,2025_02_DEN_IND,DEN,00-0034348,017301c4-fe49-48a1-a533-db70f693a734,C.Sutton,WR,nfl-player-v1,0,0,11.898,1.356,0,0,0.019,0.0188
2025,2,2025_02_DEN_IND,DEN,00-0033881,44ecc125-b690-4177-93f9-f03d50825239,E.Engram,TE,nfl-player-v1,0,0,8.365,0.972,0,0,0,0.005
2025,2,2025_02_DEN_IND,DEN,00-0036158,a5ce07ae-2e77-4060-bb79-b53064c0b349,J.Dobbins,RB,nfl-player-v1,0,37.495,4.161,0.673,0,0.618,0.022,0.4725
2025,2,2025_02_DEN_IND,DEN,00-0038976,d99e2c6d-aef8-4250-9bec-3a167ae51085,M.Mims,WR,nfl-player-v1,0,0,8.352,0.966,0,0,0,0.005
2025,2,2025_02_DEN_IND,DEN,00-0040134,de70216e-21b4-4de8-a4e8-1c0e4ed7734b,P.Bryant,WR,nfl-player-v1,0,0,10.318,1.182,0,0,0,0.005
2025,2,2025_02_DEN_IND,DEN,00-0040730,f30905bf-54ce-4e54-8ae4-38b278499802,R.Harvey,RB,nfl-player-v1,0,16.932,4.097,0.663,0,0,0,0.005
2025,2,2025_02_DEN_IND,DEN,00-0037085,e91b7026-2866-4587-96e6-3eba8e3346af,T.Badie,RB,nfl-player-v1,0,8.356,4.13,0.668,0,0,0,0.005
2025,2,2025_02_DEN_IND,DEN,00-0039868,128fd135-fb3e-451e-8135-52d9465c4154,T.Franklin,WR,nfl-player-v1,0,0.359,26.693,2.809,0,0.002,0.118,0.1127
2025,2,2025_02_DEN_IND,DEN,00-0034487,63d00957-9692-4b74-a2a1-8e12c3869a88,T.Sherfield,,nfl-player-v1,0,0,6.441,0.756,0,0,0,0.005
2025,2,2025_02_CHI_DET,DET,00-0036963,01542f54-ce56-438f-a484-c6bc9b77aabd,A.St. Brown,WR,nfl-player-v1,0,0.584,31.946,3.255,0,0.003,0.134,0.1277
2025,2,2025_02_CHI_DET,DET,00-0036754,54bf441b-5cc8-4ffc-9951-89c03d555b42,B.Wright,TE,nfl-player-v1,0,0,10.405,1.184,0,0,0.01,0.0097
2025,2,2025_02_CHI_DET,DET,00-0035567,8a544033-fee3-4ce1-bc76-a9452ec08f86,C.Reynolds,,nfl-player-v1,0,0.807,4.754,0.558,0,0,0,0.005
2025,2,2025_02_CHI_DET,DET,00-0035685,65151ce5-a920-4dc2-8bb0-ad8bdeea7a46,D.Montgomery,RB,nfl-player-v1,0,26.758,3.232,0.53,0,0.329,0.012,0.2896
2025,2,2025_02_CHI_DET,DET,00-0040669,4933a1b2-3cd6-4268-a60f-3b7b98622bbf,I.TeSlaa,WR,nfl-player-v1,0,0,6.492,0.761,0,0,0,0.005
2025,2,2025_02_CHI_DET,DET,00-0039139,29347caa-e7e1-4745-a79a-e2a210fe4fda,J.Gibbs,RB,nfl-player-v1,0,29.652,4.991,0.794,0,0.359,0.019,0.3146
2025,2,2025_02_CHI_DET,DET,00-0033106,a631bebf-08bd-40de-b474-1e57605a1574,J.Goff,QB,nfl-player-v1,110.505,4.752,0,0,0.692,0,0,0.005
2025,2,2025_02_CHI_DET,DET,00-0037240,975d437e-c293-4704-8573-68420a22d271,J.Williams,WR,nfl-player-v1,0,0,11.843,1.341,0,0,0,0.005
2025,2,2025_02_CHI_DET,DET,00-0032464,1525a1a7-7b4c-4fc8-82e3-d0e3d8049507,K.Raymond,WR,nfl-player-v1,0,0.276,6.528,0.762,0,0,0,0.005
2025,2,2025_02_CHI_DET,DET,00-0039065,efba363a-c6ab-4be9-998e-072e065fc2b9,S.LaPorta,TE,nfl-player-v1,0,0,12.225,1.378,0,0,0,0.005
2025,2,2025_02_WAS_GB,GB,00-0038685,18850ce4-973b-4e21-a03e-aa04864658c8,C.Brooks,RB,nfl-player-v1,0,6.37,6.307,0.986,0,0,0,0.005
2025,2,2025_02_WAS_GB,GB,00-0038393,c2ac0493-43d7-454b-9733-3e8161530921,D.Wicks,WR,nfl-player-v1,0,0,18.89,2.074,0,0,0,0.005
2025,2,2025_02_WAS_GB,GB,00-0035700,1d87d00a-50b3-494c-a764-c0ff40e2a701,J.Jacobs,RB,nfl-player-v1,0,56.042,2.496,0.416,0,1.148,0.017,0.6881
2025,2,2025_02_WAS_GB,GB,00-0036264,537f0d83-5256-42bf-bc75-f956be1f26c5,J.Love,QB,nfl-player-v1,119.477,4.997,0,0,0.776,0.012,0,0.0117
2025,2,2025_02_WAS_GB,GB,00-0039144,bb8a3825-74f1-4c85-880a-a3108c33b36b,L.Musgrave,TE,nfl-player-v1,0,0,8.889,1.026,0,0,0,0.005
2025,2,2025_02_WAS_GB,GB,00-0040667,21d63dde-da33-498d-8984-467c8fa08df0,M.Golden,WR,nfl-player-v1,0,0.593,8.587,0.991,0,0.001,0.012,0.0123
2025,2,2025_02_WAS_GB,GB,00-0038465,44b551ee-73bc-4992-b195-a15879dfb8fc,M.Heath,,nfl-player-v1,0,0,6.738,0.79,0,0,0,0.005
2025,2,2025_02_WAS_GB,GB,00-0037816,a5673ce8-e626-4f8f-a1c0-7864036be6a3,R.Doubs,WR,nfl-player-v1,0,0,15.465,1.723,0,0,0.02,0.0199
2025,2,2025_02_WAS_GB,GB,00-0040009,8d74f600-50f8-4f4b-a268-1bc959cc4edd,S.Williams,WR,nfl-player-v1,0,0.586,4.831,0.57,0,0,0,0.005
2025,2,2025_02_WAS_GB,GB,00-0038996,d561b61f-7998-40a8-82a4-875cc5706ed4,T.Kraft,TE,nfl-player-v1,0,0,22.172,2.388,0,0,0.056,0.0542
2025,2,2025_02_TB_HOU,HOU,00-0039163,5580f3af-a69b-4d18-aa9e-f9f360bb7daf,C.Stroud,QB,nfl-player-v1,120.372,6.689,0,0,0.754,0,0,0.005
2025,2,2025_02_TB_HOU,HOU,00-0034383,fe4c4fa7-73c1-43b7-8823-e75c27674ec2,D.Schultz,TE,nfl-player-v1,0,0,16.052,1.789,0,0,0,0.005
2025,2,2025_02_TB_HOU,HOU,00-0036232,da359930-7530-4fbe-95b3-a65e46558c10,H.Bryant,TE,nfl-player-v1,0,0,6.987,0.821,0,0,0,0.005
2025,2,2025_02_TB_HOU,HOU,00-0040130,321f2f7a-617b-4114-867a-7188cd496cff,J.Higgins,WR,nfl-player-v1,0,0,7.335,0.857,0,0,0,0.005
2025,2,2025_02_TB_HOU,HOU,00-0034386,70af0305-a25f-48a2-ab83-31078c98077b,J.Watson,WR,nfl-player-v1,0,0,9.676,1.117,0,0,0.039,0.0383
2025,2,2025_02_TB_HOU,HOU,00-0034791,489002b7-b67b-4d6a-80d9-6000e716b0ce,N.Chubb,RB,nfl-player-v1,0,39.046,4.898,0.786,0,0.399,0.016,0.3391
2025,2,2025_02_TB_HOU,HOU,00-0036554,b8dae940-0938-432d-9b8c-3fc0ae4c8906,N.Collins,WR,nfl-player-v1,0,0,33.747,3.549,0,0,0.186,0.17
2025,2,2025_02_TB_HOU,HOU,00-0040583,370bcf5e-ca00-4e72-b138-115538bdc569,W.Marks,RB,nfl-player-v1,0,14.122,3.649,0.597,0,0,0,0.005
2025,2,2025_02_TB_HOU,HOU,00-0038618,e432064c-a8c6-4b83-8119-a0bf2e30fa6f,X.Hutchinson,WR,nfl-player-v1,0,0,12.824,1.454,0,0,0,0.005
2025,2,2025_02_DEN_IND,IND,00-0039890,87520ab1-0a67-4521-b031-0a45fa108796,A.Mitchell,,nfl-player-v1,0,0,11.096,1.265,0,0,0,0.005
2025,2,2025_02_DEN_IND,IND,00-0037664,6b78568e-15e7-485d-ab78-b85134c79c82,A.Pierce,WR,nfl-player-v1,0,0,13.635,1.529,0,0,0.013,0.0125
2025,2,2025_02_DEN_IND,IND,00-0040179,8c0c7f21-64e6-4f24-bb55-be0ec77cac98,D.Giddens,RB,nfl-player-v1,0,6.172,3.141,0.516,0,0.016,0.002,0.0179
2025,2,2025_02_DEN_IND,IND,00-0035710,154df07d-189d-4473-894a-f65ed36181fc,D.Jones,QB,nfl-player-v1,121.257,6.992,0,0,0.839,0.046,0,0.0454
2025,2,2025_02_DEN_IND,IND,00-0038997,5da8b083-96f7-43b0-8b97-365397bd59e6,J.Downs,WR,nfl-player-v1,0,0,19.798,2.15,0,0,0.035,0.0348
2025,2,2025_02_DEN_IND,IND,00-0036223,d93096a9-946b-4b3c-a3b5-7a1498c91cae,J.Taylor,RB,nfl-player-v1,0,60.167,4.009,0.65,0,0.718,0.015,0.5198
2025,2,2025_02_DEN_IND,IND,00-0033217,97978f02-25a5-40fd-972c-1321c2671005,M.Alie-Cox,TE,nfl-player-v1,0,0,6.331,0.744,0,0,0.006,0.0061
2025,2,2025_02_DEN_IND,IND,00-0036252,8b257ca3-4915-4a9f-9cc7-70bd81d7af59,M.Pittman,WR,nfl-player-v1,0,0,13.759,1.544,0,0,0.013,0.0126
2025,2,2025_02_DEN_IND,IND,00-0040128,e72096d9-8234-4879-b3b4-9fd4bf4aac4e,T.Warren,TE,nfl-player-v1,0,0.26,17.039,1.872,0,0,0.015,0.0155
2025,2,2025_02_JAX_CIN,JAX,00-0038935,80a87ed4-7f37-41e3-80a9-7f6581431750,B.Strange,TE,nfl-player-v1,0,0,12.246,1.392,0,0,0,0.005
2025,2,2025_02_JAX_CIN,JAX,00-0039893,2dc8cd75-0a7b-413d-a5a0-3a21b2e1dbc9,B.Thomas,WR,nfl-player-v1,0,0,25.318,2.735,0,0,0.06,0.0587
2025,2,2025_02_JAX_CIN,JAX,00-0040719,9d78928b-8c2f-4c2e-84ff-879c358142a1,B.Tuten,RB,nfl-player-v1,0,26.672,3.88,0.633,0,0.118,0.005,0.1161
2025,2,2025_02_JAX_CIN,JAX,00-0036626,b51c7678-2594-4a59-98df-0fc272274fdf,D.Brown,WR,nfl-player-v1,0,0.311,16.409,1.82,0,0.001,0.04,0.0402
2025,2,2025_02_JAX_CIN,JAX,00-0040238,1fbfbedc-81ed-40ea-8bac-2007ea616902,L.Allen,RB,nfl-player-v1,0,10.995,2.471,0.412,0,0.025,0.002,0.0263
2025,2,2025_02_JAX_CIN,JAX,00-0038606,ba986501-71a5-4c41-8836-02933c11efda,P.Washington,WR,nfl-player-v1,0,0,12.95,1.463,0,0,0,0.005
2025,2,2025_02_JAX_CIN,JAX,00-0036973,13c9b1da-11e5-44db-b6e2-2ce94a697d63,T.Etienne,RB,nfl-player-v1,0,42.074,4.524,0.73,0,0.641,0.022,0.4844
2025,2,2025_02_JAX_CIN,JAX,00-0040718,841bfd08-c9e4-4bf4-8d65-e01b5aa326f4,T.Hunter,WR,nfl-player-v1,0,0,13.96,1.576,0,0,0.012,0.0115
2025,2,2025_02_JAX_CIN,JAX,00-0036971,d0738d0d-7cc8-49b9-882e-a1fb536c47e7,T.Lawrence,QB,nfl-player-v1,121.041,5.319,0,0,0.758,0,0,0.005
2025,2,2025_02_JAX_CIN,JAX,00-0033375,0d4b90d7-5de5-47f3-a213-f10b8c403998,T.Patrick,WR,nfl-player-v1,0,0,5.996,0.709,0,0,0.005,0.0052
2025,2,2025_02_PHI_KC,KC,00-0040078,65158854-c056-46f0-a185-79af3db336de,B.Smith,RB,nfl-player-v1,0,8.233,3.261,0.535,0,0,0,0.005
2025,2,2025_02_PHI_KC,KC,00-0037197,f48b3351-0deb-4a52-9790-5631073f3d2c,I.Pacheco,RB,nfl-player-v1,0,27.49,4.135,0.668,0,0.143,0.007,0.1392
2025,2,2025_02_PHI_KC,KC,00-0033857,934d9980-bd65-441a-8b3b-b51144ba8f5a,J.Smith-Schuster,WR,nfl-player-v1,0,0,10.081,1.159,0,0,0,0.005
2025,2,2025_02_PHI_KC,KC,00-0033923,0ab5a80d-1207-4385-8df5-2f776ac16816,K.Hunt,RB,nfl-player-v1,0,22.974,3.289,0.54,0,0.242,0.011,0.2232
2025,2,2025_02_PHI_KC,KC,00-0035662,48a61718-24ab-4c6a-946e-56764c8f0206,M.Brown,WR,nfl-player-v1,0,0,15.714,1.741,0,0,0,0.005
2025,2,2025_02_PHI_KC,KC,00-0036637,d6bb9e59-3e25-468e-9bb1-ea8b5eccfdff,N.Gray,TE,nfl-player-v1,0,0,14.039,1.583,0,0,0.028,0.0273
2025,2,2025_02_PHI_KC,KC,00-0038519,c42b7cc2-555b-42d9-8f86-e0aebda9aa61,N.Remigio,WR,nfl-player-v1,0,0,6.611,0.775,0,0,0,0.005
2025,2,2025_02_PHI_KC,KC,00-0033873,a9854c99-01a8-4aff-ade7-a3dbcff01a05,P.Mahomes,QB,nfl-player-v1,117.695,7.68,0,0,0.819,0.057,0,0.0558
2025,2,2025_02_PHI_KC,KC,00-0030506,6e6da15e-254a-4ee3-b0c8-2eaf5875f22f,T.Kelce,TE,nfl-player-v1,0,0,17.468,1.926,0,0,0.034,0.0331
2025,2,2025_02_PHI_KC,KC,00-0038104,33cf9116-000e-4e42-a4bb-00524aa7e1c8,T.Thornton,WR,nfl-player-v1,0,0,14.401,1.617,0,0,0,0.005
2025,2,2025_02_LA_TEN,LA,00-0039738,e5a46115-0912-415a-b0ef-fc6459391e9c,B.Corum,RB,nfl-player-v1,0,18.196,2.529,0.421,0,0.137,0.006,0.1332
2025,2,2025_02_LA_TEN,LA,00-0031381,6af876b7-d6ca-483e-bfab-51357985a24c,D.Adams,WR,nfl-player-v1,0,0,37.125,3.852,0,0,0.159,0.1467
2025,2,2025_02_LA_TEN,LA,00-0039074,577995aa-5a21-4ce7-a655-476aa3b7d151,D.Allen,TE,nfl-player-v1,0,0,6.716,0.789,0,0,0.006,0.0065
2025,2,2025_02_LA_TEN,LA,00-0039751,dfecf1de-d300-4e69-93bc-20c4513f98c0,J.Whittington,WR,nfl-player-v1,0,0,8.332,0.966,0,0,0.008,0.0079
2025,2,2025_02_LA_TEN,LA,00-0037840,d499f341-a8ae-4bc2-a2d0-09cbdcbc82c8,K.Williams,RB,nfl-player-v1,0,47.565,4.128,0.669,0,0.457,0.013,0.3747
2025,2,2025_02_LA_TEN,LA,00-0026498,7fc98b95-d8a9-461b-895c-675c835c87a6,M.Stafford,QB,nfl-player-v1,115.005,4.327,0,0,0.72,0,0,0.005
2025,2,2025_02_LA_TEN,LA,00-0039075,cc8ed8e0-fd25-4c8f-bc2e-7c8b1975f241,P.Nacua,WR,nfl-player-v1,0,0.373,26.36,2.792,0,0,0.023,0.0231
2025,2,2025_02_LA_TEN,LA,00-0036849,ee96a79b-a709-457f-a28b-3c704a468920,T.Atwell,WR,nfl-player-v1,0,0,6.316,0.745,0,0,0,0.005
2025,2,2025_02_LA_TEN,LA,00-0033110,a21c681d-1ae5-4cc3-9b3e-29b4909192bb,T.Higbee,TE,nfl-player-v1,0,0,13.025,1.471,0,0,0.012,0.012
2025,2,2025_02_LAC_LV,LAC,00-0036355,86721778-e183-4522-8ddc-55e00f17fbe7,J.Herbert,QB,nfl-player-v1,120.907,8.418,0,0,0.757,0,0,0.005
2025,2,2025_02_LAC_LV,LAC,00-0030279,60f4cd06-05df-4280-add3-4cecee3a82d3,K.Allen,WR,nfl-player-v1,0,0,21.82,2.358,0,0,0.041,0.0404
2025,2,2025_02_LAC_LV,LAC,00-0039915,7f5bf6e3-b07c-4361-bc95-0311908c7bf8,L.McConkey,WR,nfl-player-v1,0,0,16.539,1.824,0,0,0,0.005
2025,2,2025_02_LAC_LV,LAC,00-0036893,89f60e3e-0094-426a-9b96-b6b02351f727,N.Harris,RB,nfl-player-v1,0,23.692,4.373,0.705,0,0.123,0.007,0.1224
2025,2,2025_02_LAC_LV,LAC,00-0040666,16cd7307-da4f-405d-a98d-e8bb22f5599f,O.Hampton,RB,nfl-player-v1,0,23.21,4.256,0.686,0,0.485,0.027,0.4009
2025,2,2025_02_LAC_LV,LAC,00-0038544,eb41f78e-bfc6-47e4-8f04-1d8b1231218f,Q.Johnston,WR,nfl-player-v1,0,0.343,20.558,2.231,0,0,0,0.005
2025,2,2025_02_LAC_LV,LAC,00-0040727,ff157432-dabf-43cf-96af-8ff8ebad77a9,T.Harris,WR,nfl-player-v1,0,0,10.904,1.245,0,0,0.022,0.0215
2025,2,2025_02_LAC_LV,LAC,00-0034159,6a67a584-8cf6-417f-90b0-34a7577fc8da,W.Dissly,TE,nfl-player-v1,0,0,6.611,0.775,0,0,0,0.005
2025,2,2025_02_LAC_LV,LV,00-0040122,959ec041-e728-44e5-862c-b08ffa61a3f4,A.Jeanty,RB,nfl-player-v1,0,42.517,5.284,0.845,0,0.583,0.023,0.4544
2025,2,2025_02_LAC_LV,LV,00-0039338,3e1facee-6951-4b77-b51f-1f7a04250828,B.Bowers,TE,nfl-player-v1,0,0,15.454,1.714,0,0,0.027,0.0263
2025,2,2025_02_LAC_LV,LV,00-0039407,38a43d9a-c7be-4ac0-878f-a7eeced4cbc3,D.Laube,RB,nfl-player-v1,0,6.207,3.836,0.626,0,0,0,0.005
2025,2,2025_02_LAC_LV,LV,00-0040581,5e310480-4f70-4fd6-9ede-56c1b6664853,D.Thornton,WR,nfl-player-v1,0,0,10.544,1.217,0,0,0,0.005
2025,2,2025_02_LAC_LV,LV,00-0030565,47424b84-c636-49c2-8a25-9d3de0d3b504,G.Smith,QB,nfl-player-v1,131.23,7.976,0,0,0.822,0,0,0.005
2025,2,2025_02_LAC_LV,LV,00-0034960,55480340-bb90-4518-9695-e85dd3d36015,J.Meyers,,nfl-player-v1,0,0,26.497,2.855,0,0,0.133,0.1247
2025,2,2025_02_LAC_LV,LV,00-0039066,44db107c-a7ce-49ae-ba2b-dc3ae85181a0,M.Mayer,TE,nfl-player-v1,0,0,7.66,0.893,0,0,0,0.005
2025,2,2025_02_LAC_LV,LV,00-0038563,b59c0df7-c6c7-412f-8abd-2bf54a74bfa2,T.Tucker,WR,nfl-player-v1,0,0.431,17.925,1.989,0,0.001,0.031,0.0312
2025,2,2025_02_LAC_LV,LV,00-0038040,11dae0b0-f3a8-420b-bdc3-bc358c4dcb0e,Z.White,RB,nfl-player-v1,0,12.625,4.535,0.733,0,0,0,0.005
2025,2,2025_02_NE_MIA,MIA,00-0035125,12e216b4-a162-43d0-ba51-c53c2821df6e,A.Ingold,RB,nfl-player-v1,0,6.234,4.321,0.7,0,0,0,0.005
2025,2,2025_02_NE_MIA,MIA,00-0039040,f169e606-4f09-4947-8eef-b701b27cf612,D.Achane,RB,nfl-player-v1,0,45.927,14.021,2.047,0,0,0,0.005
2025,2,2025_02_NE_MIA,MIA,00-0036620,25947c7c-202f-4109-b28b-481e2d6166b1,D.Eskridge,WR,nfl-player-v1,0,0,6.775,0.796,0,0,0,0.005
2025,2,2025_02_NE_MIA,MIA,00-0036613,f6b9b938-482f-4332-96e6-e3e566d9efb2,J.Waddle,WR,nfl-player-v1,0,0,19.351,2.137,0,0,0.15,0.1389
2025,2,2025_02_NE_MIA,MIA,00-0039880,9f759ea4-6e4c-44b2-9eb1-44640e42493b,M.Washington,WR,nfl-player-v1,0,1.58,8.756,0.997,0,0,0,0.005
2025,2,2025_02_NE_MIA,MIA,00-0036182,723099fe-7e45-4cc2-9e19-be47b28fa150,N.Westbrook-Ikhine,WR,nfl-player-v1,0,0,10.914,1.253,0,0,0,0.005
2025,2,2025_02_NE_MIA,MIA,00-0040198,6f1b239c-9e82-490d-abfd-2aa17a03f3a1,O.Gordon,RB,nfl-player-v1,0,9.361,3.369,0.554,0,0,0,0.005
2025,2,2025_02_NE_MIA,MIA,00-0033040,f2d53b95-9164-4690-9459-eb91bb312ee6,T.Hill,WR,nfl-player-v1,0,0,22.013,2.4,0,0,0,0.005
2025,2,2025_02_NE_MIA,MIA,00-0036212,25cc976d-3f53-414e-8503-80d7e5d5a513,T.Tagovailoa,QB,nfl-player-v1,117.984,4.327,0,0,0.739,0,0,0.005
2025,2,2025_02_ATL_MIN,MIN,00-0033293,35923ea3-b4c5-42ac-b0eb-c748169e8cdf,A.Jones,RB,nfl-player-v1,0,18.552,3.637,0.594,0,0,0,0.005
2025,2,2025_02_ATL_MIN,MIN,00-0030035,f78e2b4f-796b-41c8-9af0-75caf042eb26,A.Thielen,,nfl-player-v1,0,0,13.38,1.511,0,0,0,0.005
2025,2,2025_02_ATL_MIN,MIN,00-0036322,9bd851b9-cba5-4c2a-989a-792d495db187,J.Jefferson,WR,nfl-player-v1,0,0,24.043,2.598,0,0,0.121,0.1142
2025,2,2025_02_ATL_MIN,MIN,00-0037525,f3080ee8-3085-4c4a-8cb6-73cca736c41b,J.Mason,RB,nfl-player-v1,0,29.723,6.422,1.006,0,0,0,0.005
2025,2,2025_02_ATL_MIN,MIN,00-0039923,6ccddb5c-777e-4767-8920-d6b85d950d14,J.McCarthy,QB,nfl-player-v1,117.833,7.505,0,0,0.738,0,0,0.005
2025,2,2025_02_ATL_MIN,MIN,00-0037291,3c26dce6-b5d7-4026-b212-1b22c6b4a9e7,J.Nailor,WR,nfl-player-v1,0,0,20.69,2.264,0,0,0.106,0.1003
2025,2,2025_02_ATL_MIN,MIN,00-0035229,0993b895-f0b7-4d94-9a83-cb2895cf9093,T.Hockenson,TE,nfl-player-v1,0,0,12.828,1.458,0,0,0,0.005
2025,2,2025_02_NE_MIA,NE,00-0036328,e2943507-602c-4422-83d3-b8127cd1b899,A.Gibson,RB,nfl-player-v1,0,15.565,3.41,0.558,0,0.055,0.004,0.0569
2025,2,2025_02_NE_MIA,NE,00-0032392,da501cdf-983b-48c5-9918-7569b745567c,A.Hooper,TE,nfl-player-v1,0,0,11.856,1.338,0,0,0,0.005
2025,2,2025_02_NE_MIA,NE,00-0038621,bc093a81-2f9d-44f8-85cc-cb7d3f539296,D.Douglas,WR,nfl-player-v1,0,0,6.896,0.806,0,0,0,0.005
2025,2,2025_02_NE_MIA,NE,00-0039851,c18b2fe3-1746-464c-9604-91eca99e8c5c,D.Maye,QB,nfl-player-v1,118.261,8.01,0,0,0.823,0.057,0,0.055
2025,2,2025_02_NE_MIA,NE,00-0033090,835b972d-7fc1-48d2-bfb6-4ad15a30a0a1,H.Henry,TE,nfl-player-v1,0,0,10.959,1.25,0,0,0.015,0.0145
2025,2,2025_02_NE_MIA,NE,00-0038608,353c0718-b585-42e4-9fdd-65abf246f4d1,K.Boutte,WR,nfl-player-v1,0,0,7.042,0.823,0,0,0.01,0.0096
2025,2,2025_02_NE_MIA,NE,00-0033555,927c45e7-007a-40b8-9592-815d97fbc701,M.Hollins,WR,nfl-player-v1,0,0,8.816,1.018,0,0,0.012,0.0118
2025,2,2025_02_NE_MIA,NE,00-0036875,64641499-cd80-4cac-adcf-0272f37d57cc,R.Stevenson,RB,nfl-player-v1,0,30.865,8.094,1.23,0,0.31,0.025,0.2845
2025,2,2025_02_NE_MIA,NE,00-0031588,8ea2703a-b355-44a5-a0d5-3ade7964e460,S.Diggs,WR,nfl-player-v1,0,0,17.125,1.877,0,0,0,0.005
2025,2,2025_02_NE_MIA,NE,00-0040734,8c7fdfc1-da82-46bd-8059-d38dfc782a85,T.Henderson,RB,nfl-player-v1,0,12.057,4.48,0.719,0,0.042,0.005,0.0461
2025,2,2025_02_SF_NO,NO,00-0033906,c7b60e7b-fe31-4675-9e2b-66d4d9c7a2d4,A.Kamara,RB,nfl-player-v1,0,54.842,7.415,1.144,0,0.657,0.027,0.4956
2025,2,2025_02_SF_NO,NO,00-0031236,16125e50-cd99-4225-a124-62507be3ffd8,B.Cooks,,nfl-player-v1,0,0,8.066,0.936,0,0,0,0.005
2025,2,2025_02_SF_NO,NO,00-0037239,3d8e6090-ab45-4750-a145-b5bc16812bc8,C.Olave,WR,nfl-player-v1,0,0,24.515,2.626,0,0,0.037,0.0361
2025,2,2025_02_SF_NO,NO,00-0039424,c5ddc36c-396d-4108-9137-e78b64ae84a8,D.Vele,WR,nfl-player-v1,0,0,6.359,0.748,0,0,0.01,0.0104
2025,2,2025_02_SF_NO,NO,00-0036040,e10fc805-9026-4fe2-8714-d074bd8ca1be,J.Johnson,TE,nfl-player-v1,0,0,21.708,2.352,0,0,0.033,0.0324
2025,2,2025_02_SF_NO,NO,00-0038551,7692e703-0c10-4245-bb50-a88585c6b0f4,K.Miller,RB,nfl-player-v1,0,16.803,3.179,0.523,0,0.071,0.004,0.0728
2025,2,2025_02_SF_NO,NO,00-0037545,0a931859-dbbe-4421-8bdc-ee6094237041,R.Shaheed,,nfl-player-v1,0,0,13.487,1.515,0,0,0.042,0.0415
2025,2,2025_02_SF_NO,NO,00-0039376,daa42eb7-39f7-4855-9cfb-36e187d1948a,S.Rattler,QB,nfl-player-v1,121.199,6.237,0,0,0.759,0,0,0.005
2025,2,2025_02_NYG_DAL,NYG,00-0040715,17b3f22e-f45e-4eca-b13a-668a4cd32a8f,C.Skattebo,RB,nfl-player-v1,0,39.438,4.746,0.765,0,0.7,0.026,0.5162
2025,2,2025_02_NYG_DAL,NYG,00-0035250,e7d55b0c-e17e-4747-9f12-d3c5933b5e3e,D.Singletary,RB,nfl-player-v1,0,9.054,3.19,0.526,0,0,0,0.005
2025,2,2025_02_NYG_DAL,NYG,00-0035535,2e5cbb33-2ffd-4dc1-af97-8edb43d325e6,D.Slayton,WR,nfl-player-v1,0,0,9.803,1.133,0,0,0.011,0.0113
2025,2,2025_02_NYG_DAL,NYG,00-0040691,df2c09c5-74cd-4fdf-907d-3b98983c4c2b,J.Dart,QB,nfl-player-v1,99.688,4.877,0,0,0.624,0,0,0.005
2025,2,2025_02_NYG_DAL,NYG,00-0039337,5f5c5229-cf05-4a2f-871b-449570cab445,M.Nabers,WR,nfl-player-v1,0,0,33.397,3.519,0,0,0.035,0.0346
2025,2,2025_02_NYG_DAL,NYG,00-0029263,2f65777c-88df-48e8-84f5-50d5b599b335,R.Wilson,QB,nfl-player-v1,127.609,6.368,0,0,0.85,0.026,0,0.0254
2025,2,2025_02_NYG_DAL,NYG,00-0039847,7b9ebaff-f7d3-45f1-a0b0-07501c467f39,T.Johnson,TE,nfl-player-v1,0,0,13.301,1.506,0,0,0.03,0.0297
2025,2,2025_02_NYG_DAL,NYG,00-0039384,5f99ad3b-ac4f-409e-8699-ac3ba697ade3,T.Tracy,RB,nfl-player-v1,0,21.141,6.36,1.003,0,0,0,0.005
2025,2,2025_02_NYG_DAL,NYG,00-0038117,36776784-59f3-4a60-a1e7-609889d4b6cb,W.Robinson,WR,nfl-player-v1,0,0,21.204,2.287,0,0,0.023,0.0226
2025,2,2025_02_BUF_NYJ,NYJ,00-0040582,fa3a3931-e2a2-4cd4-8c08-c75bfc1098c0,A.Smith,WR,nfl-player-v1,0,0.382,9.772,1.118,0,0,0,0.005
2025,2,2025_02_BUF_NYJ,NYJ,00-0039794,c16468cf-57e7-4340-8e23-9075fd8d41ba,B.Allen,RB,nfl-player-v1,0,10.638,3.575,0.583,0,0.182,0.019,0.1815
2025,2,2025_02_BUF_NYJ,NYJ,00-0038120,735192a9-d468-49d0-b370-970c18fabac5,B.Hall,RB,nfl-player-v1,0,29.907,6.199,0.971,0,0,0,0.005
2025,2,2025_02_BUF_NYJ,NYJ,00-0037740,74cc7436-fd66-4ec7-8ce4-61c742ca2f5a,G.Wilson,WR,nfl-player-v1,0,0,31.192,3.271,0,0,0,0.005
2025,2,2025_02_BUF_NYJ,NYJ,00-0039798,3a986b7a-a012-40ca-9f01-2aa8cd1484bd,I.Davis,RB,nfl-player-v1,0,6.287,6.054,0.949,0,0,0,0.005
2025,2,2025_02_BUF_NYJ,NYJ,00-0036945,d0778b59-dc20-4250-a23a-875e29d27acc,J.Fields,QB,nfl-player-v1,107.065,7.072,0,0,0.67,0,0,0.005
2025,2,2025_02_BUF_NYJ,NYJ,00-0037805,49ad0f0d-981d-4fc4-b589-2f6ecafc1b42,J.Ruckert,TE,nfl-player-v1,0,0,7.355,0.858,0,0,0.024,0.0237
2025,2,2025_02_BUF_NYJ,NYJ,00-0040736,05d9b42e-040e-46c9-8a22-97abfe74c5ce,M.Taylor,TE,nfl-player-v1,0,0,8.283,0.954,0,0,0.027,0.0264
2025,2,2025_02_BUF_NYJ,NYJ,00-0036427,7d05ed6f-f9df-44ae-b6d8-9fae7b2f7373,T.Johnson,WR,nfl-player-v1,0,0,6.989,0.821,0,0,0,0.005
2025,2,2025_02_BUF_NYJ,NYJ,00-0028118,74ed522b-fcc4-4269-90c8-7fca7384072a,T.Taylor,QB,nfl-player-v1,106.889,6.065,0,0,0.669,0,0,0.005
2025,2,2025_02_PHI_KC,PHI,00-0035676,e97f648c-f826-40a0-a562-437d2714fd40,A.Brown,WR,nfl-player-v1,0,0,26.12,2.729,0,0,0,0.005
2025,2,2025_02_PHI_KC,PHI,00-0036265,362301d5-6a24-485e-889d-7f3eafbb66b3,A.Dillon,RB,nfl-player-v1,0,11.178,2.486,0.414,0,0.069,0.005,0.0707
2025,2,2025_02_PHI_KC,PHI,00-0036912,d0e121df-25e6-4268-9e79-b99acb8e9160,D.Smith,WR,nfl-player-v1,0,0,19.707,2.121,0,0,0,0.005
2025,2,2025_02_PHI_KC,PHI,00-0037086,8735f01e-d001-4390-9408-f3de8989eca3,G.Calcaterra,TE,nfl-player-v1,0,0,8.689,1.001,0,0,0,0.005
2025,2,2025_02_PHI_KC,PHI,00-0037741,6d4cdf27-b583-4056-b59d-95182c15301b,J.Dotson,WR,nfl-player-v1,0,0,6.695,0.782,0,0,0,0.005
2025,2,2025_02_PHI_KC,PHI,00-0036389,c415d118-a039-407a-a350-3e89d8042e25,J.Hurts,QB,nfl-player-v1,114.85,7.417,0,0,0.81,0.06,0,0.0581
2025,2,2025_02_PHI_KC,PHI,00-0037614,48a86180-2857-4c87-a70a-b3b156f158dc,J.Metchie,,nfl-player-v1,0,0,6.695,0.782,0,0,0,0.005
2025,2,2025_02_PHI_KC,PHI,00-0036876,ba7a8faf-a5e9-49dd-afa4-377d5fca40b1,K.Granson,TE,nfl-player-v1,0,0,6.849,0.8,0,0,0,0.005
2025,2,2025_02_PHI_KC,PHI,00-0034844,9a93ddfe-033a-4098-acc7-9be147087ec8,S.Barkley,RB,nfl-player-v1,0,46.031,4.474,0.715,0,0.797,0.025,0.5601
2025,2,2025_02_SEA_PIT,PIT,00-0023459,9cd40a7b-735b-4670-bf0e-4d357c5b3e10,A.Rodgers,QB,nfl-player-v1,117.636,4.885,0,0,0.737,0,0,0.005
2025,2,2025_02_SEA_PIT,PIT,00-0037837,bb6900c7-cf17-450b-b596-4a3542add3ef,C.Austin,WR,nfl-player-v1,0,0,12.461,1.424,0,0,0,0.005
2025,2,2025_02_SEA_PIT,PIT,00-0037304,c3cd242e-0ded-4370-b254-f6582de39903,Co.Heyward,TE,nfl-player-v1,0,0,6.718,0.789,0,0,0,0.005
2025,2,2025_02_SEA_PIT,PIT,00-0035640,4aefe4b3-05d4-4513-8386-ceefefe04e87,D.Metcalf,WR,nfl-player-v1,0,0,17.627,1.964,0,0,0.034,0.0338
2025,2,2025_02_SEA_PIT,PIT,00-0038558,f011864a-8a7b-4638-b49f-d229e07bcfea,D.Washington,TE,nfl-player-v1,0,0,8.304,0.97,0,0,0.017,0.0168
2025,2,2025_02_SEA_PIT,PIT,00-0033858,8b8c7b1a-90f6-4931-b9d8-3c8cfb0c920b,J.Smith,TE,nfl-player-v1,0,0,13.147,1.485,0,0,0,0.005
2025,2,2025_02_SEA_PIT,PIT,00-0037228,23de35af-3a1c-4ae7-9ea4-954a48d78d6a,J.Warren,RB,nfl-player-v1,0,46.654,6.392,1.008,0,0.71,0.03,0.5228
2025,2,2025_02_SEA_PIT,PIT,00-0036919,8a95e757-cf19-40cd-9cc1-77255bb487f1,K.Gainwell,RB,nfl-player-v1,0,20.065,7.216,1.123,0,0.104,0.011,0.1088
2025,2,2025_02_SEA_PIT,PIT,00-0040142,d4eda4a8-fe86-4f99-a138-c013a635acf3,K.Johnson,RB,nfl-player-v1,0,8.788,2.471,0.412,0,0,0,0.005
2025,2,2025_02_SEA_PIT,PIT,00-0034771,51bc9571-a821-4045-a21b-20447caa002a,M.Rudolph,QB,nfl-player-v1,99.341,4.235,0,0,0.622,0,0,0.005
2025,2,2025_02_SEA_PIT,PIT,00-0036894,07b45f1c-fb0a-40db-939b-4ee4836e9343,P.Freiermuth,TE,nfl-player-v1,0,0,13.002,1.474,0,0,0.026,0.0255
2025,2,2025_02_SEA_PIT,PIT,00-0039739,b440a63e-d001-42e8-90e2-054da5ac8f79,R.Wilson,WR,nfl-player-v1,0,0,8.453,0.984,0,0,0,0.005
2025,2,2025_02_SEA_PIT,SEA,00-0039793,1359d114-9fb9-4783-8101-efdec545f961,A.Barner,TE,nfl-player-v1,0,0.286,10.366,1.183,0,0.001,0.021,0.021
2025,2,2025_02_SEA_PIT,SEA,00-0033908,42465aa3-53c4-4afb-bf91-0ac136659ba3,C.Kupp,WR,nfl-player-v1,0,0,25.603,2.723,0,0,0,0.005
2025,2,2025_02_SEA_PIT,SEA,00-0040739,6705ba1e-91f0-4d99-81fe-b1a147c65a6d,E.Arroyo,TE,nfl-player-v1,0,0,10.231,1.173,0,0,0.021,0.0203
2025,2,2025_02_SEA_PIT,SEA,00-0038543,8d9cebd3-3534-48a0-a4e9-2c0ebc5c1c94,J.Smith-Njigba,WR,nfl-player-v1,0,0,28.627,3.006,0,0,0,0.005
2025,2,2025_02_SEA_PIT,SEA,00-0038134,593d9bcd-2ae1-41ca-bf16-2d3c62d5b196,K.Walker,RB,nfl-player-v1,0,34.828,3.348,0.55,0,0.545,0.016,0.4295
2025,2,2025_02_SEA_PIT,SEA,00-0034869,3a4bd5d6-8b01-4324-8449-d0f7c2059e36,S.Darnold,QB,nfl-player-v1,113.263,4.218,0,0,0.709,0,0,0.005
2025,2,2025_02_SEA_PIT,SEA,00-0040648,25a7a31f-fff0-4a52-96c3-f40f823c5343,T.Horton,WR,nfl-player-v1,0,0,12.098,1.374,0,0,0,0.005
2025,2,2025_02_SEA_PIT,SEA,00-0039165,7bb1ecbd-ce2a-443f-881d-e3f993b6a1c0,Z.Charbonnet,RB,nfl-player-v1,0,38.134,2.471,0.412,0,0.399,0.008,0.3342
2025,2,2025_02_SF_NO,SF,00-0037746,00b3cb74-e58d-4660-b1df-2376a82120b6,B.Robinson,RB,nfl-player-v1,0,21.962,3.196,0.526,0,0,0,0.005
2025,2,2025_02_SF_NO,SF,00-0038643,f3337878-a66f-4fc4-a338-fe31450161ff,B.Willis,TE,nfl-player-v1,0,0,6.155,0.727,0,0,0,0.005
2025,2,2025_02_SF_NO,SF,00-0033280,ae3498a3-f309-4ea2-a3c1-031f013cc394,C.McCaffrey,RB,nfl-player-v1,0,44.411,8.652,1.331,0,0.896,0.053,0.6131
2025,2,2025_02_SF_NO,SF,00-0036259,046bd3b8-161d-4c19-9816-df5ce3e96947,J.Jennings,WR,nfl-player-v1,0,0,20.366,2.209,0,0,0,0.005
2025,2,2025_02_SF_NO,SF,00-0037112,a83d87f5-9208-48ee-a81c-bba3090ea426,J.Tonges,TE,nfl-player-v1,0,0,13.436,1.517,0,0,0,0.005
2025,2,2025_02_SF_NO,SF,00-0033307,77cbc405-dc41-40e4-b0bd-dd8a73396612,K.Bourne,WR,nfl-player-v1,0,0,9.963,1.146,0,0,0,0.005
2025,2,2025_02_SF_NO,SF,00-0029892,86ed80c1-0dd7-4c07-a0b3-cea9fab60c0a,K.Juszczyk,RB,nfl-player-v1,0,6.312,3.264,0.538,0,0.045,0.007,0.0511
2025,2,2025_02_SF_NO,SF,00-0036887,d379e74d-8a48-4767-b405-a32b09db1b28,L.Farrell,TE,nfl-player-v1,0,0,9.559,1.104,0,0,0.026,0.0254
2025,2,2025_02_SF_NO,SF,00-0036972,074db5dc-6d97-4108-a542-20e6cb42f4a6,M.Jones,QB,nfl-player-v1,127.245,6.315,0,0,0.797,0,0,0.005
2025,2,2025_02_SF_NO,SF,00-0034272,ce987bc8-98ca-4ce6-85b3-8e9ef51b0a8f,M.Valdes-Scantling,,nfl-player-v1,0,0,6.155,0.727,0,0,0,0.005
2025,2,2025_02_SF_NO,SF,00-0039916,da658afc-9594-4977-9a7c-3939c1bb4aee,R.Pearsall,WR,nfl-player-v1,0,0.354,15.383,1.715,0,0,0,0.005
2025,2,2025_02_TB_HOU,TB,00-0039361,b53d67a4-0051-474f-816c-9a3d9b661634,B.Irving,RB,nfl-player-v1,0,49.029,7.452,1.155,0,0.18,0.008,0.1717
2025,2,2025_02_TB_HOU,TB,00-0034855,56c2266e-4dc1-4c37-8f44-6323a36613de,B.Mayfield,QB,nfl-player-v1,125.357,5.812,0,0,0.785,0,0,0.005
2025,2,2025_02_TB_HOU,TB,00-0038129,4f63ff11-fe96-4aa7-9831-9536b01dd6a9,C.Otton,TE,nfl-player-v1,0,0,11.362,1.295,0,0,0.016,0.0163
2025,2,2025_02_TB_HOU,TB,00-0040129,bac91e1b-f24a-431e-a656-d23a3ef5e9f5,E.Egbuka,WR,nfl-player-v1,0,0,17.148,1.903,0,0,0.048,0.0473
2025,2,2025_02_TB_HOU,TB,00-0031408,fd9494d8-4d0d-4075-8b31-59c31dbef36f,M.Evans,WR,nfl-player-v1,0,0,26.699,2.865,0,0,0.109,0.1036
2025,2,2025_02_TB_HOU,TB,00-0039050,81d627df-5832-4cbb-aba3-726d68c6fc3d,P.Durham,TE,nfl-player-v1,0,0,6.118,0.722,0,0,0,0.005
2025,2,2025_02_TB_HOU,TB,00-0038824,bf490a90-cd1a-409d-850c-5d87185d3d3a,R.Miller,,nfl-player-v1,0,0,6.357,0.748,0,0,0.01,0.0095
2025,2,2025_02_TB_HOU,TB,00-0037256,af7855b9-7e3c-41da-a2b8-8c7f6cd88bee,R.White,RB,nfl-player-v1,0,29.704,3.924,0.638,0,0.226,0.009,0.2097
2025,2,2025_02_TB_HOU,TB,00-0032385,2036bbd6-7375-422e-bdbc-7822b5bffdce,S.Shepard,WR,nfl-player-v1,0,0,11.816,1.342,0,0,0,0.005
2025,2,2025_02_LA_TEN,TEN,00-0040705,f3027194-2b41-4db7-b6e1-10cb47514b73,C.Dike,WR,nfl-player-v1,0,0.628,14.507,1.62,0,0.005,0.113,0.1116
2025,2,2025_02_LA_TEN,TEN,00-0037809,64755288-83b6-45d3-9d82-11807c2f5994,C.Okonkwo,TE,nfl-player-v1,0,0,17.469,1.935,0,0,0,0.005
2025,2,2025_02_LA_TEN,TEN,00-0034837,20728b4d-f625-4cd5-a2a6-9c6c76360516,C.Ridley,WR,nfl-player-v1,0,0,17.03,1.895,0,0,0.044,0.0432
2025,2,2025_02_LA_TEN,TEN,00-0040676,f16bf5f1-4c50-449b-b1d4-ad4d66db60cb,C.Ward,QB,nfl-player-v1,120.966,6.287,0,0,0.757,0,0,0.005
2025,2,2025_02_LA_TEN,TEN,00-0040170,527aee16-44d6-4527-9ec1-b6d981e9e8c1,E.Ayomanor,WR,nfl-player-v1,0,0,17.469,1.935,0,0,0.045,0.0442
2025,2,2025_02_LA_TEN,TEN,00-0040584,7e6d7376-3ff9-4d2b-8022-f47c0fbc308e,G.Helm,TE,nfl-player-v1,0,0,8.436,0.977,0,0,0,0.005
2025,2,2025_02_LA_TEN,TEN,00-0032211,766ec4f5-92c5-4b06-a338-38a14f175030,T.Lockett,,nfl-player-v1,0,0,10.326,1.185,0,0,0,0.005
2025,2,2025_02_LA_TEN,TEN,00-0035261,61edd687-3a13-4c2f-8e86-d493ced4295b,T.Pollard,RB,nfl-player-v1,0,54.422,3.274,0.538,0,0,0,0.005
2025,2,2025_02_LA_TEN,TEN,00-0036415,de90c83e-b445-439c-befe-655f3d2c50d7,V.Jefferson,WR,nfl-player-v1,0,0,8.636,1,0,0,0,0.005
2025,2,2025_02_WAS_GB,WAS,00-0033699,6aa38a7a-22da-46a6-8752-ed1d48fbc686,A.Ekeler,RB,nfl-player-v1,0,32.679,5.513,0.88,0,0,0,0.005
2025,2,2025_02_WAS_GB,WAS,00-0039912,d51d0bd1-4241-43c7-a184-bd961c56c283,B.Sinnott,TE,nfl-player-v1,0,0,6.333,0.746,0,0,0,0.005
2025,2,2025_02_WAS_GB,WAS,00-0035719,7bb0990e-39c4-4d54-9fd7-b1d9bc9d8288,D.Samuel,WR,nfl-player-v1,0,0,19.573,2.151,0,0,0.05,0.049
2025,2,2025_02_WAS_GB,WAS,00-0040242,25d9ee1b-68c9-4de4-ad0f-25efe8210850,J.Croskey-Merritt,RB,nfl-player-v1,0,18.717,3.153,0.52,0,0,0,0.005
2025,2,2025_02_WAS_GB,WAS,00-0039910,3276bcc4-687a-4601-92a3-35feeb80ba89,J.Daniels,QB,nfl-player-v1,134.666,9.335,0,0,0.906,0.045,0,0.0441
2025,2,2025_02_WAS_GB,WAS,00-0040164,8f6e73b4-1f9c-4db2-b36b-660751127569,J.Lane,WR,nfl-player-v1,0,0,10.845,1.25,0,0,0,0.005
2025,2,2025_02_WAS_GB,WAS,00-0039355,b7c200b0-4cfb-412c-921e-a780f8692b75,L.McCaffrey,WR,nfl-player-v1,0,0,7.877,0.921,0,0,0.021,0.0213
2025,2,2025_02_WAS_GB,WAS,00-0033591,6b486380-fb82-43db-ac70-9e09a0e5f224,N.Brown,WR,nfl-player-v1,0,0,11.079,1.276,0,0,0,0.005
2025,2,2025_02_WAS_GB,WAS,00-0035659,72729e1e-0b13-4aad-91ac-3d76f92c4685,T.McLaurin,WR,nfl-player-v1,0,0,21.165,2.325,0,0,0.054,0.0528
2025,2,2025_02_WAS_GB,WAS,00-0030061,f42aa3a3-06fe-490e-afb7-07a36d947c7c,Z.Ertz,TE,nfl-player-v1,0,0,19.952,2.2,0,0,0.051,0.05
2025,3,2025_03_ARI_SF,ARI,00-0038705,de81a074-52e4-452a-a923-496eddc6a5d0,E.Demercado,RB,nfl-player-v1,0,10.475,3.168,0.521,0,0.075,0.007,0.0785
2025,3,2025_03_ARI_SF,ARI,00-0039041,1b207068-6c7e-480f-9923-06f2128115d6,E.Higgins,TE,nfl-player-v1,0,0,6.385,0.751,0,0,0,0.005
2025,3,2025_03_ARI_SF,ARI,00-0035500,8d89d9ff-87bf-47c7-bdb7-6387fd2063b9,G.Dortch,WR,nfl-player-v1,0,0.29,7.975,0.922,0,0.001,0.022,0.022
2025,3,2025_03_ARI_SF,ARI,00-0033553,00f22708-bdef-40e6-814d-886022e9be2c,J.Conner,RB,nfl-player-v1,0,26.464,5.568,0.881,0,0,0,0.005
2025,3,2025_03_ARI_SF,ARI,00-0035228,35cc13e2-07c8-47ec-a3f1-171f1c79da4c,K.Murray,QB,nfl-player-v1,123.314,7.364,0,0,0.772,0,0,0.005
2025,3,2025_03_ARI_SF,ARI,00-0039849,4c27a10c-963d-444e-b235-b46f4b652866,M.Harrison,WR,nfl-player-v1,0,0,15.265,1.707,0,0,0,0.005
2025,3,2025_03_ARI_SF,ARI,00-0038559,befb93dc-de67-4344-9d23-a1fa6a9d682f,Mi.Wilson,WR,nfl-player-v1,0,0,7.795,0.908,0,0,0,0.005
2025,3,2025_03_ARI_SF,ARI,00-0039921,1f577279-8063-42e6-ae7f-366536dfbf3e,T.Benson,RB,nfl-player-v1,0,28.59,5.537,0.876,0,0.197,0.012,0.1883
2025,3,2025_03_ARI_SF,ARI,00-0037744,87b536c6-701f-4a71-b52e-0d8f7d4ec694,T.McBride,TE,nfl-player-v1,0,0,20.076,2.192,0,0,0.102,0.0972
2025,3,2025_03_ARI_SF,ARI,00-0039737,d5b26815-d0a3-4d18-9a26-297fcfbeae6a,T.Reiman,TE,nfl-player-v1,0,0,8.118,0.934,0,0,0,0.005
2025,3,2025_03_ARI_SF,ARI,00-0033891,06642612-e554-4a8b-8a58-cdde619ee247,Z.Jones,WR,nfl-player-v1,0,0,9.665,1.112,0,0,0,0.005
2025,3,2025_03_ATL_CAR,ATL,00-0038542,8f5e333b-8cac-493f-8be3-093a3f12c027,B.Robinson,RB,nfl-player-v1,0,43.594,7.074,1.105,0,0,0,0.005
2025,3,2025_03_ATL_CAR,ATL,00-0036429,2891bcba-4ef0-4ad7-b6b8-01af901d5d25,C.Woerner,TE,nfl-player-v1,0,0,6.294,0.741,0,0,0,0.005
2025,3,2025_03_ATL_CAR,ATL,00-0037238,892d7782-1ecc-4137-aeb0-9e80c69e4034,D.London,WR,nfl-player-v1,0,0,18.781,2.077,0,0,0,0.005
2025,3,2025_03_ATL_CAR,ATL,00-0036309,e318bcf4-6f17-4a62-ba7b-9283a4aab86c,D.Mooney,WR,nfl-player-v1,0,0,24.686,2.683,0,0,0,0.005
2025,3,2025_03_ATL_CAR,ATL,00-0035359,601ce504-9f08-487d-b968-f6e884c7fdfb,D.Sills,WR,nfl-player-v1,0,0,7.615,0.89,0,0,0,0.005
2025,3,2025_03_ATL_CAR,ATL,00-0029604,c3485017-7a48-4b69-8957-97f4e26303ea,K.Cousins,QB,nfl-player-v1,101.116,4.235,0,0,0.633,0,0,0.005
2025,3,2025_03_ATL_CAR,ATL,00-0036970,40dfaab3-2886-438e-a325-a15f68d1f3c8,K.Pitts,TE,nfl-player-v1,0,0,14.879,1.674,0,0,0,0.005
2025,3,2025_03_ATL_CAR,ATL,00-0039917,ab213147-61d9-49a3-a662-0e2a31cc80f2,M.Penix,QB,nfl-player-v1,119.295,5.506,0,0,0.747,0,0,0.005
2025,3,2025_03_ATL_CAR,ATL,00-0040547,45b3fbbc-f2fd-4c9e-9b3b-e5621bb073e9,N.Carter,RB,nfl-player-v1,0,25.697,2.533,0.422,0,0,0,0.005
2025,3,2025_03_ATL_CAR,ATL,00-0034407,407ae3e7-477f-4c39-9982-fa181de093ed,R.McCloud,,nfl-player-v1,0,0,12.465,1.421,0,0,0,0.005
2025,3,2025_03_ATL_CAR,ATL,00-0037263,3d48d76e-acf1-404a-ba84-79e0d1d0e3fc,T.Allgeier,RB,nfl-player-v1,0,8.885,3.842,0.626,0,0,0,0.005
2025,3,2025_03_DET_BAL,BAL,00-0038046,6f5a73e0-41fa-40ec-aa08-ce3f64fad723,C.Kolar,TE,nfl-player-v1,0,0,11.446,1.31,0,0,0,0.005
2025,3,2025_03_DET_BAL,BAL,00-0032764,31b668ff-08d5-4913-8678-4c5c2fb906ca,D.Henry,RB,nfl-player-v1,0,39.901,3.469,0.569,0,0.55,0.015,0.4318
2025,3,2025_03_DET_BAL,BAL,00-0030564,1bd6ba6e-0334-4184-a6f8-4d5dcf7c276f,D.Hopkins,WR,nfl-player-v1,0,0,8.895,1.033,0,0,0,0.005
2025,3,2025_03_DET_BAL,BAL,00-0039792,74d11e7b-f3ab-49eb-8b7f-27ca20789099,D.Walker,WR,nfl-player-v1,0,0,6.934,0.813,0,0,0,0.005
2025,3,2025_03_DET_BAL,BAL,00-0034975,4bf90f48-14f6-42ab-aa72-7f4e7b87e638,J.Hill,RB,nfl-player-v1,0,6.358,6.698,1.051,0,0,0,0.005
2025,3,2025_03_DET_BAL,BAL,00-0034796,4c6e84b3-2283-4d86-8f7b-019a185c6764,L.Jackson,QB,nfl-player-v1,128.488,9.313,0,0,0.844,0.03,0,0.0292
2025,3,2025_03_DET_BAL,BAL,00-0034753,3c8c24b6-f2b3-4130-86e6-389a16aa6104,M.Andrews,TE,nfl-player-v1,0,0,20.704,2.262,0,0,0.035,0.0346
2025,3,2025_03_DET_BAL,BAL,00-0036550,18c06a21-f854-4f11-89ad-f617293f9cea,R.Bateman,WR,nfl-player-v1,0,0,23.164,2.518,0,0,0.039,0.0384
2025,3,2025_03_DET_BAL,BAL,00-0036630,adb9f484-c700-4ebd-bc00-daf4daed3f65,T.Wallace,WR,nfl-player-v1,0,0,6.644,0.783,0,0,0.012,0.0121
2025,3,2025_03_DET_BAL,BAL,00-0039064,a4c95f75-76ae-4729-b36b-053b14fb2a51,Z.Flowers,WR,nfl-player-v1,0,0,13.756,1.559,0,0,0.024,0.024
2025,3,2025_03_MIA_BUF,BUF,00-0038933,8a6f4627-ab82-4cb4-92df-699336ac1690,D.Kincaid,TE,nfl-player-v1,0,0,18.538,2.025,0,0,0.071,0.0684
2025,3,2025_03_MIA_BUF,BUF,00-0036980,b00bd3b2-8fb1-4c61-b575-87a93b457caf,E.Moore,,nfl-player-v1,0,0.305,10.752,1.222,0,0,0,0.005
2025,3,2025_03_MIA_BUF,BUF,00-0034857,32369b37-6bce-4910-acfa-f658676697d3,J.Allen,QB,nfl-player-v1,117.425,6.429,0,0,0.735,0,0,0.005
2025,3,2025_03_MIA_BUF,BUF,00-0037248,61da158c-dacb-4567-8ec7-9521d0868e5f,J.Cook,RB,nfl-player-v1,0,47.09,5.28,0.838,0,0.476,0.017,0.3888
2025,3,2025_03_MIA_BUF,BUF,00-0040194,5a7670a6-35d4-43bb-a12b-9b1580498b35,J.Hawes,TE,nfl-player-v1,0,0,6.692,0.784,0,0,0.009,0.0091
2025,3,2025_03_MIA_BUF,BUF,00-0036988,df43fb4f-7e20-4384-83d0-fc24bbea7428,J.Palmer,WR,nfl-player-v1,0,0,6.692,0.784,0,0,0.009,0.0091
2025,3,2025_03_MIA_BUF,BUF,00-0039901,15497e04-abce-413c-b84b-6928c1f96d77,K.Coleman,WR,nfl-player-v1,0,0,13.153,1.479,0,0,0.017,0.0171
2025,3,2025_03_MIA_BUF,BUF,00-0037261,a182f320-892e-4344-8c39-d03ec8d397c4,K.Shakir,WR,nfl-player-v1,0,0,13.581,1.52,0,0,0.035,0.0349
2025,3,2025_03_MIA_BUF,BUF,00-0039875,51239dbe-c985-42a4-bdb6-e31bea991d12,R.Davis,RB,nfl-player-v1,0,6.177,3.294,0.54,0,0,0,0.005
2025,3,2025_03_MIA_BUF,BUF,00-0038679,0007cf4b-7ab2-42a0-a8b5-54ac02754320,T.Shavers,WR,nfl-player-v1,0,0,8.794,1.015,0,0,0,0.005
2025,3,2025_03_MIA_BUF,BUF,00-0035537,7927f661-8fb2-47a7-988d-d39a7c8038be,Ty.Johnson,RB,nfl-player-v1,0,12.358,4.229,0.682,0,0,0,0.005
2025,3,2025_03_ATL_CAR,CAR,00-0038840,fd80a968-a921-45e8-a684-5bea39ff69b1,B.Tremayne,WR,nfl-player-v1,0,0,9.035,1.039,0,0,0,0.005
2025,3,2025_03_ATL_CAR,CAR,00-0039150,c28c1088-1b0f-497f-bfdb-1a7a9cde1e89,B.Young,QB,nfl-player-v1,112.033,5.336,0,0,0.725,0.012,0,0.0115
2025,3,2025_03_ATL_CAR,CAR,00-0036555,e4fb467c-29b4-4025-8e7f-05d9ee9ca744,C.Hubbard,RB,nfl-player-v1,0,38.21,5.222,0.824,0,0.358,0.015,0.3115
2025,3,2025_03_ATL_CAR,CAR,00-0033589,3adaa67d-3a25-461b-864f-5345e802ed2a,D.Moore,WR,nfl-player-v1,0,0,6.562,0.768,0,0,0,0.005
2025,3,2025_03_ATL_CAR,CAR,00-0034983,61cd0e72-b9fb-41e8-8c55-e743845d576c,H.Renfrow,WR,nfl-player-v1,0,0,13.014,1.462,0,0,0.016,0.0156
2025,3,2025_03_ATL_CAR,CAR,00-0039356,38d1f118-d4b1-4550-932e-ebfebfb25c98,J.Sanders,TE,nfl-player-v1,0,0,8.849,1.018,0,0,0.011,0.0109
2025,3,2025_03_ATL_CAR,CAR,00-0040187,4c908559-bee0-4e03-892b-acb185733f1c,M.Evans,TE,nfl-player-v1,0,0,6.71,0.785,0,0,0,0.005
2025,3,2025_03_ATL_CAR,CAR,00-0036139,5247cf70-ccdc-4fee-abb5-56faa544291f,R.Dowdle,RB,nfl-player-v1,0,25.278,3.474,0.568,0,0.326,0.014,0.2879
2025,3,2025_03_ATL_CAR,CAR,00-0040124,fe874b96-e2c0-4f68-9815-af65b06e6738,T.McMillan,WR,nfl-player-v1,0,0,23.217,2.483,0,0,0.027,0.0264
2025,3,2025_03_ATL_CAR,CAR,00-0037005,2a5af105-ecb4-4ae4-89c6-d47b7b108737,T.Tremble,TE,nfl-player-v1,0,0,8.645,0.994,0,0,0.011,0.0106
2025,3,2025_03_DAL_CHI,CHI,00-0036290,e20adbbe-669d-4d26-b64a-84332cd2acfd,C.Kmet,TE,nfl-player-v1,0,0,6.572,0.771,0,0,0.009,0.0089
2025,3,2025_03_DAL_CHI,CHI,00-0040126,20e5eda2-e6a7-45e5-8ed5-958a5d49a8ae,C.Loveland,TE,nfl-player-v1,0,0,9.959,1.144,0,0,0,0.005
2025,3,2025_03_DAL_CHI,CHI,00-0039918,d3372f7c-27eb-47ac-9d90-facef898a40f,C.Williams,QB,nfl-player-v1,114.485,5.901,0,0,0.743,0.014,0,0.0138
2025,3,2025_03_DAL_CHI,CHI,00-0034827,d366aedd-7ef1-47c6-a3bb-637a4559f332,D.Moore,WR,nfl-player-v1,0,0.919,14.961,1.638,0,0.001,0.019,0.0201
2025,3,2025_03_DAL_CHI,CHI,00-0036275,49aefcdc-6cec-4beb-84e1-ba08880d15d6,D.Swift,RB,nfl-player-v1,0,28.152,5.123,0.802,0,0.287,0.016,0.2615
2025,3,2025_03_DAL_CHI,CHI,00-0040236,08e87151-52f8-40cb-a625-42c1703b9eec,K.Monangai,RB,nfl-player-v1,0,17.853,3.269,0.536,0,0.126,0.007,0.1245
2025,3,2025_03_DAL_CHI,CHI,00-0040735,7f3e9ce8-9c8d-4d38-b381-3e43b24bf041,L.Burden,WR,nfl-player-v1,0,0.308,10.652,1.206,0,0,0.014,0.0144
2025,3,2025_03_DAL_CHI,CHI,00-0035208,abb5a044-a3c2-46a1-9fac-b6d0ddf8475b,O.Zaccheaus,WR,nfl-player-v1,0,0.309,12.661,1.419,0,0,0.017,0.0168
2025,3,2025_03_DAL_CHI,CHI,00-0039919,118470e6-4c10-41fd-9c53-8f079c8747aa,R.Odunze,WR,nfl-player-v1,0,0,19.055,2.084,0,0,0.024,0.024
2025,3,2025_03_CIN_MIN,CIN,00-0034955,6600f556-5a82-4fa0-9541-5f3520914392,B.Rypien,,nfl-player-v1,0,0,4.711,0.558,0,0,0,0.005
2025,3,2025_03_CIN_MIN,CIN,00-0038597,5b052584-0cb1-4079-abf3-1c8954958e62,C.Brown,RB,nfl-player-v1,0,30.882,8.062,1.237,0,0.417,0.033,0.3624
2025,3,2025_03_CIN_MIN,CIN,00-0039631,0d5bf47b-72d7-40a0-99f0-811112986e77,C.Grandy,TE,nfl-player-v1,0,0,6.995,0.819,0,0,0,0.005
2025,3,2025_03_CIN_MIN,CIN,00-0035631,9505074b-e13e-401f-a269-a589537be748,D.Sample,TE,nfl-player-v1,0,0,11.676,1.331,0,0,0.062,0.0602
2025,3,2025_03_CIN_MIN,CIN,00-0035100,1d4cec7f-feb8-41e0-8087-6a8bb22061a5,J.Browning,QB,nfl-player-v1,111.861,4.728,0,0,0.7,0,0,0.005
2025,3,2025_03_CIN_MIN,CIN,00-0036900,fa88fc04-ab72-4b44-b18f-196905155362,J.Chase,WR,nfl-player-v1,0,0.398,20.958,2.268,0,0,0,0.005
2025,3,2025_03_CIN_MIN,CIN,00-0034829,75916bc5-a3af-4067-9720-00cca5c17ac9,M.Gesicki,TE,nfl-player-v1,0,0,11.269,1.291,0,0,0,0.005
2025,3,2025_03_CIN_MIN,CIN,00-0038839,8fa39fd1-f924-44b5-b327-9191f3569c02,M.Tinsley,WR,nfl-player-v1,0,0,6.686,0.787,0,0,0,0.005
2025,3,2025_03_CIN_MIN,CIN,00-0035644,332e37c2-22e4-4511-931e-c30035cb108d,N.Fant,TE,nfl-player-v1,0,0,17.716,1.948,0,0,0,0.005
2025,3,2025_03_CIN_MIN,CIN,00-0033526,8b7e765c-715a-49e2-b062-5527b649c39c,S.Perine,RB,nfl-player-v1,0,15.404,2.471,0.412,0,0,0,0.005
2025,3,2025_03_CIN_MIN,CIN,00-0040208,34145909-5062-44b5-ba0b-f1ae6844bcde,T.Brooks,RB,nfl-player-v1,0,17.753,2.471,0.412,0,0,0,0.005
2025,3,2025_03_CIN_MIN,CIN,00-0036410,891d5ad8-ad2b-40a2-bd88-2f4c64d4009a,T.Higgins,WR,nfl-player-v1,0,0,9.017,1.044,0,0,0,0.005
2025,3,2025_03_GB_CLE,CLE,00-0038979,4621b9ce-6bc7-4652-9414-16ff576216df,C.Tillman,WR,nfl-player-v1,0,0,10.984,1.258,0,0,0,0.005
2025,3,2025_03_GB_CLE,CLE,00-0033885,7803b6a3-2944-46a1-a2f7-8c64e92fc82d,D.Njoku,TE,nfl-player-v1,0,0,20.39,2.238,0,0,0,0.005
2025,3,2025_03_GB_CLE,CLE,00-0040162,b934c25d-e16b-4088-ade1-894632b8045f,D.Sampson,RB,nfl-player-v1,0,8.86,2.471,0.412,0,0,0,0.005
2025,3,2025_03_GB_CLE,CLE,00-0040663,62719d0e-0efc-456e-8df8-828cc1cf4abe,H.Fannin,TE,nfl-player-v1,0,0,12.85,1.458,0,0,0,0.005
2025,3,2025_03_GB_CLE,CLE,00-0040782,3193f354-0b23-4321-b879-2e9fcd02ec84,I.Bond,WR,nfl-player-v1,0,0,12.548,1.43,0,0,0,0.005
2025,3,2025_03_GB_CLE,CLE,00-0026158,371e6c01-3f61-411c-8675-13539221ddc9,J.Flacco,,nfl-player-v1,0,0,5.079,0.567,0,0,0,0.005
2025,3,2025_03_GB_CLE,CLE,00-0037267,3a0091ff-06bf-492a-9528-03ae4f8f866d,J.Ford,RB,nfl-player-v1,0,6.303,6.185,0.977,0,0.066,0.02,0.0824
2025,3,2025_03_GB_CLE,CLE,00-0036407,c669f87b-fdf2-458b-92b9-5fc841b4bec5,J.Jeudy,WR,nfl-player-v1,0,0,14.422,1.635,0,0,0,0.005
2025,3,2025_03_GB_CLE,CLE,00-0039379,41a0c66a-cf0b-4519-a28d-a12b879a5031,J.Thrash,WR,nfl-player-v1,0,0,10.505,1.208,0,0,0,0.005
2025,3,2025_03_GB_CLE,CLE,00-0038609,1c6fef89-c24b-47e0-abb8-a2e86f461dfa,L.Wypler,OL,nfl-player-v1,0,0,6.425,0.758,0,0,0.013,0.0132
2025,3,2025_03_GB_CLE,CLE,00-0040784,62023d1d-a5ea-44d8-bde5-fe8b08113b5a,Q.Judkins,RB,nfl-player-v1,0,58.161,4.204,0.682,0,1.18,0.027,0.7009
2025,3,2025_03_DAL_CHI,DAL,00-0033077,6b202b45-4554-4645-8ff5-4ee830907717,D.Prescott,QB,nfl-player-v1,119.824,4.325,0,0,0.75,0,0,0.005
2025,3,2025_03_DAL_CHI,DAL,00-0037247,35484e4c-03b7-453e-80fd-be2fa1ac62aa,G.Pickens,WR,nfl-player-v1,0,0,19.443,2.149,0,0,0.06,0.0584
2025,3,2025_03_DAL_CHI,DAL,00-0038041,631385df-a7e6-4eb7-8b2b-e19769a2551f,J.Ferguson,TE,nfl-player-v1,0,0,32.055,3.361,0,0,0.063,0.0608
2025,3,2025_03_DAL_CHI,DAL,00-0039398,b0dc48bd-d95c-4352-a9c5-5e3f113e8b79,J.Milton,QB,nfl-player-v1,100.569,4.249,0,0,0.63,0,0,0.005
2025,3,2025_03_DAL_CHI,DAL,00-0037666,68f4a835-6990-4ab8-a10f-db8aa110439f,J.Tolbert,WR,nfl-player-v1,0,0,15.473,1.742,0,0,0.049,0.0476
2025,3,2025_03_DAL_CHI,DAL,00-0036997,75533a5b-1037-45da-a572-2ccf5f61abc0,J.Williams,RB,nfl-player-v1,0,39.747,6.012,0.954,0,0.218,0.01,0.2039
2025,3,2025_03_DAL_CHI,DAL,00-0037801,7bb83a46-749f-471f-9876-9b2893c636f8,K.Turpin,WR,nfl-player-v1,0,0.408,9.186,1.059,0,0,0.01,0.0103
2025,3,2025_03_DAL_CHI,DAL,00-0038547,7df365f8-b808-4ecf-8454-fe5ccbc0e2f4,L.Schoonmaker,TE,nfl-player-v1,0,0,6.066,0.715,0,0,0,0.005
2025,3,2025_03_DAL_CHI,DAL,00-0035243,c14e4813-3a18-43e1-969d-9b47ea13ab2c,M.Sanders,RB,nfl-player-v1,0,35.554,4.475,0.724,0,0.296,0.012,0.2647
2025,3,2025_03_DAL_CHI,DAL,00-0039410,b9c5b95f-dcad-4853-bbe4-c3b2db8b2c1d,R.Flournoy,WR,nfl-player-v1,0,0,9.027,1.047,0,0,0,0.005
2025,3,2025_03_DEN_LAC,DEN,00-0039732,40159058-8f61-4120-8323-ec81eaeff8ce,B.Nix,QB,nfl-player-v1,121.585,9.077,0,0,0.897,0.103,0,0.098
2025,3,2025_03_DEN_LAC,DEN,00-0034348,017301c4-fe49-48a1-a533-db70f693a734,C.Sutton,WR,nfl-player-v1,0,0,30.974,3.244,0,0,0,0.005
2025,3,2025_03_DEN_LAC,DEN,00-0036158,a5ce07ae-2e77-4060-bb79-b53064c0b349,J.Dobbins,RB,nfl-player-v1,0,32.824,4.668,0.749,0,0.27,0.012,0.2459
2025,3,2025_03_DEN_LAC,DEN,00-0037539,0c1eb22d-c9fb-4c06-958e-93869891014d,L.Krull,TE,nfl-player-v1,0,0,9.448,1.091,0,0,0,0.005
2025,3,2025_03_DEN_LAC,DEN,00-0038976,d99e2c6d-aef8-4250-9bec-3a167ae51085,M.Mims,WR,nfl-player-v1,0,0,14.592,1.644,0,0,0,0.005
2025,3,2025_03_DEN_LAC,DEN,00-0040730,f30905bf-54ce-4e54-8ae4-38b278499802,R.Harvey,RB,nfl-player-v1,0,11.068,5.965,0.939,0,0,0,0.005
2025,3,2025_03_DEN_LAC,DEN,00-0039868,128fd135-fb3e-451e-8135-52d9465c4154,T.Franklin,WR,nfl-player-v1,0,0,14.949,1.675,0,0,0.047,0.0458
2025,3,2025_03_DET_BAL,DET,00-0036963,01542f54-ce56-438f-a484-c6bc9b77aabd,A.St. Brown,WR,nfl-player-v1,0,0,22.438,2.376,0,0,0.037,0.0363
2025,3,2025_03_DET_BAL,DET,00-0035685,65151ce5-a920-4dc2-8bb0-ad8bdeea7a46,D.Montgomery,RB,nfl-player-v1,0,27.329,3.29,0.539,0,0.127,0.005,0.1237
2025,3,2025_03_DET_BAL,DET,00-0040669,4933a1b2-3cd6-4268-a60f-3b7b98622bbf,I.TeSlaa,WR,nfl-player-v1,0,0,7.73,0.9,0,0,0,0.005
2025,3,2025_03_DET_BAL,DET,00-0039139,29347caa-e7e1-4745-a79a-e2a210fe4fda,J.Gibbs,RB,nfl-player-v1,0,47.67,7.875,1.189,0,1.157,0.058,0.7033
2025,3,2025_03_DET_BAL,DET,00-0033106,a631bebf-08bd-40de-b474-1e57605a1574,J.Goff,QB,nfl-player-v1,111.453,5.379,0,0,0.715,0.009,0,0.0086
2025,3,2025_03_DET_BAL,DET,00-0037240,975d437e-c293-4704-8573-68420a22d271,J.Williams,WR,nfl-player-v1,0,0,9.928,1.133,0,0,0,0.005
2025,3,2025_03_DET_BAL,DET,00-0032464,1525a1a7-7b4c-4fc8-82e3-d0e3d8049507,K.Raymond,WR,nfl-player-v1,0,0,7.908,0.916,0,0,0,0.005
2025,3,2025_03_DET_BAL,DET,00-0039065,efba363a-c6ab-4be9-998e-072e065fc2b9,S.LaPorta,TE,nfl-player-v1,0,0,12.348,1.381,0,0,0.011,0.0107
2025,3,2025_03_GB_CLE,GB,00-0038393,c2ac0493-43d7-454b-9733-3e8161530921,D.Wicks,WR,nfl-player-v1,0,0,12.93,1.457,0,0,0.029,0.0287
2025,3,2025_03_GB_CLE,GB,00-0038797,6572040d-90dd-479c-8d99-faf7175127c3,E.Wilson,RB,nfl-player-v1,0,17.536,2.471,0.412,0,0,0,0.005
2025,3,2025_03_GB_CLE,GB,00-0037306,5bedb1f9-714b-416c-9803-57d032ed5651,J.FitzPatrick,TE,nfl-player-v1,0,0,8.941,1.03,0,0,0.021,0.0204
2025,3,2025_03_GB_CLE,GB,00-0035700,1d87d00a-50b3-494c-a764-c0ff40e2a701,J.Jacobs,RB,nfl-player-v1,0,41.506,12.898,1.851,0,0.932,0.085,0.6381
2025,3,2025_03_GB_CLE,GB,00-0036264,537f0d83-5256-42bf-bc75-f956be1f26c5,J.Love,QB,nfl-player-v1,118.253,5.873,0,0,0.74,0,0,0.005
2025,3,2025_03_GB_CLE,GB,00-0040667,21d63dde-da33-498d-8984-467c8fa08df0,M.Golden,WR,nfl-player-v1,0,0.829,13.773,1.516,0,0,0,0.005
2025,3,2025_03_GB_CLE,GB,00-0037816,a5673ce8-e626-4f8f-a1c0-7864036be6a3,R.Doubs,WR,nfl-player-v1,0,0,8.941,1.03,0,0,0,0.005
2025,3,2025_03_GB_CLE,GB,00-0040009,8d74f600-50f8-4f4b-a268-1bc959cc4edd,S.Williams,WR,nfl-player-v1,0,0.537,4.732,0.558,0,0,0,0.005
2025,3,2025_03_GB_CLE,GB,00-0038996,d561b61f-7998-40a8-82a4-875cc5706ed4,T.Kraft,TE,nfl-player-v1,0,0,11.504,1.289,0,0,0,0.005
2025,3,2025_03_HOU_JAX,HOU,00-0034775,f9dd5323-f4d9-447e-8f5d-3e07ccece524,C.Kirk,WR,nfl-player-v1,0,0,21.027,2.32,0,0,0,0.005
2025,3,2025_03_HOU_JAX,HOU,00-0039163,5580f3af-a69b-4d18-aa9e-f9f360bb7daf,C.Stroud,QB,nfl-player-v1,124.645,6.659,0,0,0.78,0,0,0.005
2025,3,2025_03_HOU_JAX,HOU,00-0034383,fe4c4fa7-73c1-43b7-8823-e75c27674ec2,D.Schultz,TE,nfl-player-v1,0,0,16.862,1.876,0,0,0.066,0.0636
2025,3,2025_03_HOU_JAX,HOU,00-0040130,321f2f7a-617b-4114-867a-7188cd496cff,J.Higgins,WR,nfl-player-v1,0,0,6.551,0.77,0,0,0,0.005
2025,3,2025_03_HOU_JAX,HOU,00-0040138,e514b85a-324e-406e-880e-9c49fe37b12d,J.Noel,WR,nfl-player-v1,0,0,6.413,0.754,0,0,0,0.005
2025,3,2025_03_HOU_JAX,HOU,00-0034791,489002b7-b67b-4d6a-80d9-6000e716b0ce,N.Chubb,RB,nfl-player-v1,0,33.699,5.868,0.931,0,0.347,0.019,0.3061
2025,3,2025_03_HOU_JAX,HOU,00-0036554,b8dae940-0938-432d-9b8c-3fc0ae4c8906,N.Collins,WR,nfl-player-v1,0,0,30.27,3.207,0,0,0,0.005
2025,3,2025_03_HOU_JAX,HOU,00-0040583,370bcf5e-ca00-4e72-b138-115538bdc569,W.Marks,RB,nfl-player-v1,0,24.105,4.079,0.663,0,0.253,0.013,0.234
2025,3,2025_03_HOU_JAX,HOU,00-0038618,e432064c-a8c6-4b83-8119-a0bf2e30fa6f,X.Hutchinson,WR,nfl-player-v1,0,0,10.234,1.175,0,0,0,0.005
2025,3,2025_03_IND_TEN,IND,00-0039890,87520ab1-0a67-4521-b031-0a45fa108796,A.Mitchell,,nfl-player-v1,0,0,8.321,0.968,0,0,0,0.005
2025,3,2025_03_IND_TEN,IND,00-0037664,6b78568e-15e7-485d-ab78-b85134c79c82,A.Pierce,WR,nfl-player-v1,0,0,16.326,1.799,0,0,0,0.005
2025,3,2025_03_IND_TEN,IND,00-0039164,d9f1f072-cfff-4c15-bc52-619b0f28713e,A.Richardson,QB,nfl-player-v1,100.935,4.873,0,0,0.632,0,0,0.005
2025,3,2025_03_IND_TEN,IND,00-0040179,8c0c7f21-64e6-4f24-bb55-be0ec77cac98,D.Giddens,RB,nfl-player-v1,0,8.013,2.471,0.412,0,0,0,0.005
2025,3,2025_03_IND_TEN,IND,00-0035710,154df07d-189d-4473-894a-f65ed36181fc,D.Jones,QB,nfl-player-v1,114.813,6.617,0,0,0.759,0.023,0,0.0231
2025,3,2025_03_IND_TEN,IND,00-0038997,5da8b083-96f7-43b0-8b97-365397bd59e6,J.Downs,WR,nfl-player-v1,0,0,11.009,1.253,0,0,0,0.005
2025,3,2025_03_IND_TEN,IND,00-0036223,d93096a9-946b-4b3c-a3b5-7a1498c91cae,J.Taylor,RB,nfl-player-v1,0,41.531,6.472,1.006,0,1.042,0.05,0.6646
2025,3,2025_03_IND_TEN,IND,00-0036252,8b257ca3-4915-4a9f-9cc7-70bd81d7af59,M.Pittman,WR,nfl-player-v1,0,0,19.774,2.135,0,0,0.037,0.0367
2025,3,2025_03_IND_TEN,IND,00-0037120,3d12ca35-8ab0-41ad-b980-b7fc82d41bab,T.Goodson,RB,nfl-player-v1,0,10.104,2.524,0.421,0,0,0,0.005
2025,3,2025_03_IND_TEN,IND,00-0040128,e72096d9-8234-4879-b3b4-9fd4bf4aac4e,T.Warren,TE,nfl-player-v1,0,0,13.487,1.494,0,0,0,0.005
2025,3,2025_03_HOU_JAX,JAX,00-0038935,80a87ed4-7f37-41e3-80a9-7f6581431750,B.Strange,TE,nfl-player-v1,0,0,18.196,2.011,0,0,0,0.005
2025,3,2025_03_HOU_JAX,JAX,00-0039893,2dc8cd75-0a7b-413d-a5a0-3a21b2e1dbc9,B.Thomas,WR,nfl-player-v1,0,0,15.246,1.72,0,0,0,0.005
2025,3,2025_03_HOU_JAX,JAX,00-0040719,9d78928b-8c2f-4c2e-84ff-879c358142a1,B.Tuten,RB,nfl-player-v1,0,22.645,3.249,0.535,0,0.192,0.009,0.1818
2025,3,2025_03_HOU_JAX,JAX,00-0036626,b51c7678-2594-4a59-98df-0fc272274fdf,D.Brown,WR,nfl-player-v1,0,0,9.597,1.108,0,0,0,0.005
2025,3,2025_03_HOU_JAX,JAX,00-0037004,6ab33105-7309-488f-a85a-1a4888c63122,H.Long,TE,nfl-player-v1,0,0,9.803,1.132,0,0,0,0.005
2025,3,2025_03_HOU_JAX,JAX,00-0033246,0c3ec903-9025-436a-9ef3-d9eee09e93fb,J.Mundt,TE,nfl-player-v1,0,0,6.401,0.753,0,0,0,0.005
2025,3,2025_03_HOU_JAX,JAX,00-0040238,1fbfbedc-81ed-40ea-8bac-2007ea616902,L.Allen,RB,nfl-player-v1,0,6.179,3.202,0.527,0,0,0,0.005
2025,3,2025_03_HOU_JAX,JAX,00-0038606,ba986501-71a5-4c41-8836-02933c11efda,P.Washington,WR,nfl-player-v1,0,0,25.895,2.798,0,0,0.078,0.0753
2025,3,2025_03_HOU_JAX,JAX,00-0036973,13c9b1da-11e5-44db-b6e2-2ce94a697d63,T.Etienne,RB,nfl-player-v1,0,50.091,3.915,0.637,0,0.826,0.02,0.571
2025,3,2025_03_HOU_JAX,JAX,00-0040718,841bfd08-c9e4-4bf4-8d65-e01b5aa326f4,T.Hunter,WR,nfl-player-v1,0,0,7.829,0.914,0,0,0,0.005
2025,3,2025_03_HOU_JAX,JAX,00-0036971,d0738d0d-7cc8-49b9-882e-a1fb536c47e7,T.Lawrence,QB,nfl-player-v1,122.735,4.991,0,0,0.768,0,0,0.005
2025,3,2025_03_HOU_JAX,JAX,00-0033375,0d4b90d7-5de5-47f3-a213-f10b8c403998,T.Patrick,WR,nfl-player-v1,0,0,6.401,0.753,0,0,0,0.005
2025,3,2025_03_KC_NYG,KC,00-0040078,65158854-c056-46f0-a185-79af3db336de,B.Smith,RB,nfl-player-v1,0,10.971,3.2,0.527,0,0.067,0.006,0.0706
2025,3,2025_03_KC_NYG,KC,00-0037197,f48b3351-0deb-4a52-9790-5631073f3d2c,I.Pacheco,RB,nfl-player-v1,0,30.694,3.223,0.53,0,0.184,0.006,0.1731
2025,3,2025_03_KC_NYG,KC,00-0033857,934d9980-bd65-441a-8b3b-b51144ba8f5a,J.Smith-Schuster,WR,nfl-player-v1,0,0,12.127,1.375,0,0,0.028,0.0271
2025,3,2025_03_KC_NYG,KC,00-0033923,0ab5a80d-1207-4385-8df5-2f776ac16816,K.Hunt,RB,nfl-player-v1,0,31.155,3.271,0.538,0,0.187,0.006,0.1754
2025,3,2025_03_KC_NYG,KC,00-0035662,48a61718-24ab-4c6a-946e-56764c8f0206,M.Brown,WR,nfl-player-v1,0,0,16.411,1.831,0,0,0,0.005
2025,3,2025_03_KC_NYG,KC,00-0036637,d6bb9e59-3e25-468e-9bb1-ea8b5eccfdff,N.Gray,TE,nfl-player-v1,0,0,15.572,1.744,0,0,0,0.005
2025,3,2025_03_KC_NYG,KC,00-0038519,c42b7cc2-555b-42d9-8f86-e0aebda9aa61,N.Remigio,WR,nfl-player-v1,0,0.326,4.804,0.569,0,0,0,0.005
2025,3,2025_03_KC_NYG,KC,00-0033873,a9854c99-01a8-4aff-ade7-a3dbcff01a05,P.Mahomes,QB,nfl-player-v1,121.295,5.415,0,0,0.759,0,0,0.005
2025,3,2025_03_KC_NYG,KC,00-0030506,6e6da15e-254a-4ee3-b0c8-2eaf5875f22f,T.Kelce,TE,nfl-player-v1,0,0,17.99,1.991,0,0,0.04,0.039
2025,3,2025_03_KC_NYG,KC,00-0038104,33cf9116-000e-4e42-a4bb-00524aa7e1c8,T.Thornton,WR,nfl-player-v1,0,0,22.914,2.488,0,0,0.05,0.0485
2025,3,2025_03_LA_PHI,LA,00-0039738,e5a46115-0912-415a-b0ef-fc6459391e9c,B.Corum,RB,nfl-player-v1,0,22.286,2.489,0.415,0,0.095,0.003,0.0934
2025,3,2025_03_LA_PHI,LA,00-0031381,6af876b7-d6ca-483e-bfab-51357985a24c,D.Adams,WR,nfl-player-v1,0,0,19.063,2.093,0,0,0.088,0.0842
2025,3,2025_03_LA_PHI,LA,00-0039074,577995aa-5a21-4ce7-a655-476aa3b7d151,D.Allen,TE,nfl-player-v1,0,0,6.199,0.728,0,0,0,0.005
2025,3,2025_03_LA_PHI,LA,00-0039751,dfecf1de-d300-4e69-93bc-20c4513f98c0,J.Whittington,WR,nfl-player-v1,0,0.527,9.489,1.082,0,0,0,0.005
2025,3,2025_03_LA_PHI,LA,00-0037840,d499f341-a8ae-4bc2-a2d0-09cbdcbc82c8,K.Williams,RB,nfl-player-v1,0,49.027,4.743,0.759,0,0.8,0.024,0.5613
2025,3,2025_03_LA_PHI,LA,00-0026498,7fc98b95-d8a9-461b-895c-675c835c87a6,M.Stafford,QB,nfl-player-v1,111.902,4.238,0,0,0.701,0,0,0.005
2025,3,2025_03_LA_PHI,LA,00-0039075,cc8ed8e0-fd25-4c8f-bc2e-7c8b1975f241,P.Nacua,WR,nfl-player-v1,0,0.289,40.508,4.071,0,0,0,0.005
2025,3,2025_03_LA_PHI,LA,00-0036849,ee96a79b-a709-457f-a28b-3c704a468920,T.Atwell,WR,nfl-player-v1,0,0,6.085,0.718,0,0,0,0.005
2025,3,2025_03_LA_PHI,LA,00-0033110,a21c681d-1ae5-4cc3-9b3e-29b4909192bb,T.Higbee,TE,nfl-player-v1,0,0,7.545,0.882,0,0,0.012,0.0123
2025,3,2025_03_DEN_LAC,LAC,00-0038573,1812ee0d-0029-49bc-8676-626a59248831,D.Davis,WR,nfl-player-v1,0,0.287,4.711,0.558,0,0,0,0.005
2025,3,2025_03_DEN_LAC,LAC,00-0036355,86721778-e183-4522-8ddc-55e00f17fbe7,J.Herbert,QB,nfl-player-v1,125.375,5.142,0,0,0.785,0,0,0.005
2025,3,2025_03_DEN_LAC,LAC,00-0030279,60f4cd06-05df-4280-add3-4cecee3a82d3,K.Allen,WR,nfl-player-v1,0,0,23.117,2.513,0,0,0.108,0.1026
2025,3,2025_03_DEN_LAC,LAC,00-0039915,7f5bf6e3-b07c-4361-bc95-0311908c7bf8,L.McConkey,WR,nfl-player-v1,0,0,15.558,1.749,0,0,0.019,0.0187
2025,3,2025_03_DEN_LAC,LAC,00-0036893,89f60e3e-0094-426a-9b96-b6b02351f727,N.Harris,RB,nfl-player-v1,0,21.932,2.471,0.412,0,0,0,0.005
2025,3,2025_03_DEN_LAC,LAC,00-0040189,070528cf-a9c0-48c4-a759-be8a5cd3922f,O.Gadsden,TE,nfl-player-v1,0,0,15.528,1.74,0,0,0.037,0.0368
2025,3,2025_03_DEN_LAC,LAC,00-0040666,16cd7307-da4f-405d-a98d-e8bb22f5599f,O.Hampton,RB,nfl-player-v1,0,60.422,7.452,1.16,0,0.375,0.014,0.3224
2025,3,2025_03_DEN_LAC,LAC,00-0038544,eb41f78e-bfc6-47e4-8f04-1d8b1231218f,Q.Johnston,WR,nfl-player-v1,0,0,19.121,2.11,0,0,0.068,0.0659
2025,3,2025_03_DEN_LAC,LAC,00-0034270,5aff7be5-7bfe-4ff3-b286-81c0f9f0cd16,T.Conklin,TE,nfl-player-v1,0,0,7.244,0.851,0,0,0,0.005
2025,3,2025_03_DEN_LAC,LAC,00-0037654,0d83d213-d939-46f6-b48d-cbfa7e63c806,T.Fisk,TE,nfl-player-v1,0,0,5.945,0.703,0,0,0,0.005
2025,3,2025_03_DEN_LAC,LAC,00-0040727,ff157432-dabf-43cf-96af-8ff8ebad77a9,T.Harris,WR,nfl-player-v1,0,0,5.945,0.703,0,0,0,0.005
2025,3,2025_03_LV_WAS,LV,00-0040122,959ec041-e728-44e5-862c-b08ffa61a3f4,A.Jeanty,RB,nfl-player-v1,0,44.798,2.471,0.412,0,0.827,0.015,0.5689
2025,3,2025_03_LV_WAS,LV,00-0039338,3e1facee-6951-4b77-b51f-1f7a04250828,B.Bowers,TE,nfl-player-v1,0,0,18.286,2.013,0,0,0.063,0.0607
2025,3,2025_03_LV_WAS,LV,00-0039407,38a43d9a-c7be-4ac0-878f-a7eeced4cbc3,D.Laube,RB,nfl-player-v1,0,12.436,3.293,0.54,0,0,0,0.005
2025,3,2025_03_LV_WAS,LV,00-0040581,5e310480-4f70-4fd6-9ede-56c1b6664853,D.Thornton,WR,nfl-player-v1,0,0,12.679,1.436,0,0,0,0.005
2025,3,2025_03_LV_WAS,LV,00-0030565,47424b84-c636-49c2-8a25-9d3de0d3b504,G.Smith,QB,nfl-player-v1,116.299,5.145,0,0,0.728,0,0,0.005
2025,3,2025_03_LV_WAS,LV,00-0040729,f49d31d5-7af7-4246-bd09-dd9bf49a5fea,J.Bech,WR,nfl-player-v1,0,0,6.684,0.784,0,0,0,0.005
2025,3,2025_03_LV_WAS,LV,00-0034960,55480340-bb90-4518-9695-e85dd3d36015,J.Meyers,,nfl-player-v1,0,0,13.088,1.476,0,0,0,0.005
2025,3,2025_03_LV_WAS,LV,00-0039066,44db107c-a7ce-49ae-ba2b-dc3ae85181a0,M.Mayer,TE,nfl-player-v1,0,0,6.4,0.754,0,0,0,0.005
2025,3,2025_03_LV_WAS,LV,00-0038563,b59c0df7-c6c7-412f-8abd-2bf54a74bfa2,T.Tucker,WR,nfl-player-v1,0,0.294,27.775,2.909,0,0.001,0.091,0.0874
2025,3,2025_03_LV_WAS,LV,00-0038040,11dae0b0-f3a8-420b-bdc3-bc358c4dcb0e,Z.White,RB,nfl-player-v1,0,16.779,4.19,0.677,0,0,0,0.005
2025,3,2025_03_MIA_BUF,MIA,00-0039040,f169e606-4f09-4947-8eef-b701b27cf612,D.Achane,RB,nfl-player-v1,0,35.764,10.9,1.617,0,0.259,0.024,0.2464
2025,3,2025_03_MIA_BUF,MIA,00-0038720,bf7b51db-74d4-4563-aeff-8dc9157a1c69,J.Hill,TE,nfl-player-v1,0,0,6.333,0.744,0,0,0,0.005
2025,3,2025_03_MIA_BUF,MIA,00-0036613,f6b9b938-482f-4332-96e6-e3e566d9efb2,J.Waddle,WR,nfl-player-v1,0,0,14.105,1.562,0,0,0.02,0.0197
2025,3,2025_03_MIA_BUF,MIA,00-0039880,9f759ea4-6e4c-44b2-9eb1-44640e42493b,M.Washington,WR,nfl-player-v1,0,0.669,14.209,1.584,0,0.001,0.02,0.0209
2025,3,2025_03_MIA_BUF,MIA,00-0040198,6f1b239c-9e82-490d-abfd-2aa17a03f3a1,O.Gordon,RB,nfl-player-v1,0,26.341,2.471,0.412,0,0.304,0.009,0.2685
2025,3,2025_03_MIA_BUF,MIA,00-0037348,ec44d32f-0e18-4e07-8eef-dd06b0ff518d,T.Conner,,nfl-player-v1,0,0,7.965,0.928,0,0,0.012,0.0117
2025,3,2025_03_MIA_BUF,MIA,00-0033040,f2d53b95-9164-4690-9459-eb91bb312ee6,T.Hill,WR,nfl-player-v1,0,0,25.719,2.755,0,0,0.07,0.0677
2025,3,2025_03_MIA_BUF,MIA,00-0036212,25cc976d-3f53-414e-8503-80d7e5d5a513,T.Tagovailoa,QB,nfl-player-v1,116.972,5.439,0,0,0.732,0,0,0.005
2025,3,2025_03_CIN_MIN,MIN,00-0030035,f78e2b4f-796b-41c8-9af0-75caf042eb26,A.Thielen,,nfl-player-v1,0,0,8.23,0.957,0,0,0.011,0.0111
2025,3,2025_03_CIN_MIN,MIN,00-0036414,92b47280-f6ad-4274-a443-95a946dcaaca,C.Akers,,nfl-player-v1,0,1.312,6.559,0.754,0,0,0,0.005
2025,3,2025_03_CIN_MIN,MIN,00-0032950,c565508b-56fc-427f-bbad-c16a7809be60,C.Wentz,QB,nfl-player-v1,109.304,5.169,0,0,0.71,0.012,0,0.0121
2025,3,2025_03_CIN_MIN,MIN,00-0036322,9bd851b9-cba5-4c2a-989a-792d495db187,J.Jefferson,WR,nfl-player-v1,0,0,21.923,2.348,0,0,0,0.005
2025,3,2025_03_CIN_MIN,MIN,00-0037525,f3080ee8-3085-4c4a-8cb6-73cca736c41b,J.Mason,RB,nfl-player-v1,0,35.708,2.503,0.417,0,0.496,0.011,0.398
2025,3,2025_03_CIN_MIN,MIN,00-0037291,3c26dce6-b5d7-4026-b212-1b22c6b4a9e7,J.Nailor,WR,nfl-player-v1,0,0,15.624,1.728,0,0,0.02,0.02
2025,3,2025_03_CIN_MIN,MIN,00-0035249,92cb0b66-4a07-426a-87cb-4c104a63b111,J.Oliver,TE,nfl-player-v1,0,0,6.859,0.802,0,0,0.009,0.0093
2025,3,2025_03_CIN_MIN,MIN,00-0040494,5de9bd7e-1e94-4286-a652-760935b7f982,M.Brosmer,QB,nfl-player-v1,99.451,4.235,0,0,0.623,0,0,0.005
2025,3,2025_03_CIN_MIN,MIN,00-0040154,831a0d8d-2d07-4b29-a029-5956f434d445,T.Felton,WR,nfl-player-v1,0,0,6.57,0.769,0,0,0,0.005
2025,3,2025_03_CIN_MIN,MIN,00-0035229,0993b895-f0b7-4d94-9a83-cb2895cf9093,T.Hockenson,TE,nfl-player-v1,0,0,19.134,2.071,0,0,0.072,0.0699
2025,3,2025_03_CIN_MIN,MIN,00-0038440,4c74f14f-2193-41d1-b3b4-fb34cb116198,Z.Scott,RB,nfl-player-v1,0,20.61,3.33,0.545,0,0,0,0.005
2025,3,2025_03_PIT_NE,NE,00-0036328,e2943507-602c-4422-83d3-b8127cd1b899,A.Gibson,RB,nfl-player-v1,0,22.388,2.471,0.412,0,0,0,0.005
2025,3,2025_03_PIT_NE,NE,00-0032392,da501cdf-983b-48c5-9918-7569b745567c,A.Hooper,TE,nfl-player-v1,0,0,9.584,1.105,0,0,0,0.005
2025,3,2025_03_PIT_NE,NE,00-0038621,bc093a81-2f9d-44f8-85cc-cb7d3f539296,D.Douglas,WR,nfl-player-v1,0,0,12.877,1.462,0,0,0,0.005
2025,3,2025_03_PIT_NE,NE,00-0039851,c18b2fe3-1746-464c-9604-91eca99e8c5c,D.Maye,QB,nfl-player-v1,128.892,7.701,0,0,0.807,0,0,0.005
2025,3,2025_03_PIT_NE,NE,00-0033090,835b972d-7fc1-48d2-bfb6-4ad15a30a0a1,H.Henry,TE,nfl-player-v1,0,0,27.741,2.946,0,0,0.236,0.21
2025,3,2025_03_PIT_NE,NE,00-0038608,353c0718-b585-42e4-9fdd-65abf246f4d1,K.Boutte,WR,nfl-player-v1,0,0,9.584,1.105,0,0,0.022,0.0219
2025,3,2025_03_PIT_NE,NE,00-0040131,8490b4f2-0ce0-429e-93d9-e5bf60f69adf,K.Williams,WR,nfl-player-v1,0,0,6.363,0.748,0,0,0,0.005
2025,3,2025_03_PIT_NE,NE,00-0033555,927c45e7-007a-40b8-9592-815d97fbc701,M.Hollins,WR,nfl-player-v1,0,0,11.708,1.33,0,0,0,0.005
2025,3,2025_03_PIT_NE,NE,00-0036875,64641499-cd80-4cac-adcf-0272f37d57cc,R.Stevenson,RB,nfl-player-v1,0,15.692,4.728,0.759,0,0.094,0.009,0.098
2025,3,2025_03_PIT_NE,NE,00-0031588,8ea2703a-b355-44a5-a0d5-3ade7964e460,S.Diggs,WR,nfl-player-v1,0,0,9.741,1.119,0,0,0,0.005
2025,3,2025_03_PIT_NE,NE,00-0040734,8c7fdfc1-da82-46bd-8059-d38dfc782a85,T.Henderson,RB,nfl-player-v1,0,32.662,4.744,0.762,0,0,0,0.005
2025,3,2025_03_NO_SEA,NO,00-0033906,c7b60e7b-fe31-4675-9e2b-66d4d9c7a2d4,A.Kamara,RB,nfl-player-v1,0,52.151,3.796,0.619,0,0.307,0.007,0.2695
2025,3,2025_03_NO_SEA,NO,00-0031236,16125e50-cd99-4225-a124-62507be3ffd8,B.Cooks,,nfl-player-v1,0,0,12.224,1.39,0,0,0,0.005
2025,3,2025_03_NO_SEA,NO,00-0037239,3d8e6090-ab45-4750-a145-b5bc16812bc8,C.Olave,WR,nfl-player-v1,0,0,32.245,3.377,0,0,0.135,0.1263
2025,3,2025_03_NO_SEA,NO,00-0036040,e10fc805-9026-4fe2-8714-d074bd8ca1be,J.Johnson,TE,nfl-player-v1,0,0,18.173,2.005,0,0,0.04,0.0393
2025,3,2025_03_NO_SEA,NO,00-0036741,9549fdf0-455b-4e22-98ae-4df76cb3cb2b,J.Stoll,TE,nfl-player-v1,0,0,9.106,1.054,0,0,0.021,0.0209
2025,3,2025_03_NO_SEA,NO,00-0037231,389896d3-fe13-4951-a2cc-c9cb4ae0d189,K.Austin,WR,nfl-player-v1,0,0,5.996,0.709,0,0,0,0.005
2025,3,2025_03_NO_SEA,NO,00-0038551,7692e703-0c10-4245-bb50-a88585c6b0f4,K.Miller,RB,nfl-player-v1,0,23.618,3.804,0.62,0,0,0,0.005
2025,3,2025_03_NO_SEA,NO,00-0037545,0a931859-dbbe-4421-8bdc-ee6094237041,R.Shaheed,,nfl-player-v1,0,0,14.155,1.593,0,0,0.032,0.0314
2025,3,2025_03_NO_SEA,NO,00-0039376,daa42eb7-39f7-4855-9cfb-36e187d1948a,S.Rattler,QB,nfl-player-v1,121.41,5.374,0,0,0.76,0,0,0.005
2025,3,2025_03_NO_SEA,NO,00-0040743,c6b16d75-657b-44a5-9bf9-033769fc3460,T.Shough,QB,nfl-player-v1,99.48,4.235,0,0,0.623,0,0,0.005
2025,3,2025_03_KC_NYG,NYG,00-0031484,9a76859b-6062-4c9f-9c62-9bfe7bea924a,C.Manhertz,TE,nfl-player-v1,0,0,6.587,0.773,0,0,0,0.005
2025,3,2025_03_KC_NYG,NYG,00-0040715,17b3f22e-f45e-4eca-b13a-668a4cd32a8f,C.Skattebo,RB,nfl-player-v1,0,30.601,10.687,1.59,0,0.352,0.036,0.3215
2025,3,2025_03_KC_NYG,NYG,00-0038115,7902e063-be70-413b-92a0-7ed450db8b6b,D.Bellinger,TE,nfl-player-v1,0,0,6.587,0.773,0,0,0,0.005
2025,3,2025_03_KC_NYG,NYG,00-0035250,e7d55b0c-e17e-4747-9f12-d3c5933b5e3e,D.Singletary,RB,nfl-player-v1,0,14.652,2.471,0.412,0,0,0,0.005
2025,3,2025_03_KC_NYG,NYG,00-0035535,2e5cbb33-2ffd-4dc1-af97-8edb43d325e6,D.Slayton,WR,nfl-player-v1,0,0,12.969,1.46,0,0,0.029,0.0288
2025,3,2025_03_KC_NYG,NYG,00-0040691,df2c09c5-74cd-4fdf-907d-3b98983c4c2b,J.Dart,QB,nfl-player-v1,99.167,4.739,0,0,0.621,0,0,0.005
2025,3,2025_03_KC_NYG,NYG,00-0039337,5f5c5229-cf05-4a2f-871b-449570cab445,M.Nabers,WR,nfl-player-v1,0,0,18.472,2.04,0,0,0,0.005
2025,3,2025_03_KC_NYG,NYG,00-0029263,2f65777c-88df-48e8-84f5-50d5b599b335,R.Wilson,QB,nfl-player-v1,116.645,6.56,0,0,0.823,0.055,0,0.0539
2025,3,2025_03_KC_NYG,NYG,00-0039847,7b9ebaff-f7d3-45f1-a0b0-07501c467f39,T.Johnson,TE,nfl-player-v1,0,0,8.196,0.953,0,0,0.019,0.0189
2025,3,2025_03_KC_NYG,NYG,00-0039384,5f99ad3b-ac4f-409e-8699-ac3ba697ade3,T.Tracy,RB,nfl-player-v1,0,21.991,5.107,0.814,0,0,0,0.005
2025,3,2025_03_KC_NYG,NYG,00-0038117,36776784-59f3-4a60-a1e7-609889d4b6cb,W.Robinson,WR,nfl-player-v1,0,0,12.169,1.388,0,0,0,0.005
2025,3,2025_03_NYJ_TB,NYJ,00-0034521,4f55c8d1-727c-4720-b597-1b813dfc2e02,A.Lazard,WR,nfl-player-v1,0,0,9.991,1.151,0,0,0.04,0.0395
2025,3,2025_03_NYJ_TB,NYJ,00-0040582,fa3a3931-e2a2-4cd4-8c08-c75bfc1098c0,A.Smith,WR,nfl-player-v1,0,0,8.214,0.954,0,0,0,0.005
2025,3,2025_03_NYJ_TB,NYJ,00-0039794,c16468cf-57e7-4340-8e23-9075fd8d41ba,B.Allen,RB,nfl-player-v1,0,22.41,4.152,0.674,0,0.118,0.007,0.1171
2025,3,2025_03_NYJ_TB,NYJ,00-0038120,735192a9-d468-49d0-b370-970c18fabac5,B.Hall,RB,nfl-player-v1,0,30.998,7.762,1.2,0,0.317,0.024,0.2889
2025,3,2025_03_NYJ_TB,NYJ,00-0037740,74cc7436-fd66-4ec7-8ce4-61c742ca2f5a,G.Wilson,WR,nfl-player-v1,0,0,36.739,3.8,0,0,0.133,0.1245
2025,3,2025_03_NYJ_TB,NYJ,00-0040736,05d9b42e-040e-46c9-8a22-97abfe74c5ce,M.Taylor,TE,nfl-player-v1,0,0,16.455,1.836,0,0,0,0.005
2025,3,2025_03_NYJ_TB,NYJ,00-0036427,7d05ed6f-f9df-44ae-b6d8-9fae7b2f7373,T.Johnson,WR,nfl-player-v1,0,0,10.102,1.163,0,0,0,0.005
2025,3,2025_03_NYJ_TB,NYJ,00-0028118,74ed522b-fcc4-4269-90c8-7fca7384072a,T.Taylor,QB,nfl-player-v1,127.419,8.473,0,0,0.798,0,0,0.005
2025,3,2025_03_LA_PHI,PHI,00-0035676,e97f648c-f826-40a0-a562-437d2714fd40,A.Brown,WR,nfl-player-v1,0,0,28.246,2.999,0,0,0.063,0.061
2025,3,2025_03_LA_PHI,PHI,00-0034351,fa192789-c280-45f1-b92c-b3d6a2e97cb5,D.Goedert,TE,nfl-player-v1,0,0,8.419,0.979,0,0,0,0.005
2025,3,2025_03_LA_PHI,PHI,00-0036912,d0e121df-25e6-4268-9e79-b99acb8e9160,D.Smith,WR,nfl-player-v1,0,0,29.313,3.088,0,0,0.086,0.0828
2025,3,2025_03_LA_PHI,PHI,00-0037741,6d4cdf27-b583-4056-b59d-95182c15301b,J.Dotson,WR,nfl-player-v1,0,0,10.079,1.162,0,0,0.008,0.0081
2025,3,2025_03_LA_PHI,PHI,00-0036389,c415d118-a039-407a-a350-3e89d8042e25,J.Hurts,QB,nfl-player-v1,128.966,8.714,0,0,0.897,0.062,0,0.0597
2025,3,2025_03_LA_PHI,PHI,00-0037614,48a86180-2857-4c87-a70a-b3b156f158dc,J.Metchie,,nfl-player-v1,0,0,6.61,0.776,0,0,0,0.005
2025,3,2025_03_LA_PHI,PHI,00-0034844,9a93ddfe-033a-4098-acc7-9be147087ec8,S.Barkley,RB,nfl-player-v1,0,50.581,7.078,1.1,0,0.61,0.026,0.4708
2025,3,2025_03_PIT_NE,PIT,00-0023459,9cd40a7b-735b-4670-bf0e-4d357c5b3e10,A.Rodgers,QB,nfl-player-v1,109.604,4.875,0,0,0.686,0,0,0.005
2025,3,2025_03_PIT_NE,PIT,00-0037837,bb6900c7-cf17-450b-b596-4a3542add3ef,C.Austin,WR,nfl-player-v1,0,0,17.449,1.916,0,0,0.03,0.0294
2025,3,2025_03_PIT_NE,PIT,00-0035640,4aefe4b3-05d4-4513-8386-ceefefe04e87,D.Metcalf,WR,nfl-player-v1,0,0,15.199,1.689,0,0,0.026,0.0259
2025,3,2025_03_PIT_NE,PIT,00-0033858,8b8c7b1a-90f6-4931-b9d8-3c8cfb0c920b,J.Smith,TE,nfl-player-v1,0,0,12.157,1.368,0,0,0,0.005
2025,3,2025_03_PIT_NE,PIT,00-0037228,23de35af-3a1c-4ae7-9ea4-954a48d78d6a,J.Warren,RB,nfl-player-v1,0,48.422,9.953,1.479,0,1.051,0.066,0.6727
2025,3,2025_03_PIT_NE,PIT,00-0036919,8a95e757-cf19-40cd-9cc1-77255bb487f1,K.Gainwell,RB,nfl-player-v1,0,14.658,3.524,0.576,0,0.069,0.005,0.0714
2025,3,2025_03_PIT_NE,PIT,00-0036894,07b45f1c-fb0a-40db-939b-4ee4836e9343,P.Freiermuth,TE,nfl-player-v1,0,0,11.383,1.296,0,0,0,0.005
2025,3,2025_03_NO_SEA,SEA,00-0039793,1359d114-9fb9-4783-8101-efdec545f961,A.Barner,TE,nfl-player-v1,0,0,6.954,0.811,0,0,0,0.005
2025,3,2025_03_NO_SEA,SEA,00-0033908,42465aa3-53c4-4afb-bf91-0ac136659ba3,C.Kupp,WR,nfl-player-v1,0,0,11.811,1.332,0,0,0.017,0.0168
2025,3,2025_03_NO_SEA,SEA,00-0035704,9ec9efb2-44ce-4711-a31b-28d1fa715294,D.Lock,QB,nfl-player-v1,99.025,4.235,0,0,0.62,0,0,0.005
2025,3,2025_03_NO_SEA,SEA,00-0037093,36467445-940d-4b35-97ab-edf17a674fff,D.Young,WR,nfl-player-v1,0,0,6.954,0.811,0,0,0,0.005
2025,3,2025_03_NO_SEA,SEA,00-0040739,6705ba1e-91f0-4d99-81fe-b1a147c65a6d,E.Arroyo,TE,nfl-player-v1,0,0,6.599,0.775,0,0,0.01,0.0098
2025,3,2025_03_NO_SEA,SEA,00-0033576,ad7e840b-2470-474e-a371-36c62befbf64,E.Saubert,TE,nfl-player-v1,0,0,6.954,0.811,0,0,0.01,0.0103
2025,3,2025_03_NO_SEA,SEA,00-0039299,da36047b-a068-4cc0-8119-0179cef16707,G.Holani,RB,nfl-player-v1,0,22.619,4.488,0.716,0,0,0,0.005
2025,3,2025_03_NO_SEA,SEA,00-0040673,c081e2a6-0898-4a64-9835-eb17acc4a418,J.Milroe,QB,nfl-player-v1,98.775,4.663,0,0,0.618,0,0,0.005
2025,3,2025_03_NO_SEA,SEA,00-0038543,8d9cebd3-3534-48a0-a4e9-2c0ebc5c1c94,J.Smith-Njigba,WR,nfl-player-v1,0,0,18.362,1.955,0,0,0.05,0.0486
2025,3,2025_03_NO_SEA,SEA,00-0040067,edaab52d-788e-4c16-a037-2ce7975efb70,J.Wright,RB,nfl-player-v1,0,14.021,2.471,0.412,0,0,0,0.005
2025,3,2025_03_NO_SEA,SEA,00-0038134,593d9bcd-2ae1-41ca-bf16-2d3c62d5b196,K.Walker,RB,nfl-player-v1,0,33.115,3.515,0.573,0,0.497,0.017,0.4015
2025,3,2025_03_NO_SEA,SEA,00-0034869,3a4bd5d6-8b01-4324-8449-d0f7c2059e36,S.Darnold,QB,nfl-player-v1,107.055,4.35,0,0,0.67,0,0,0.005
2025,3,2025_03_NO_SEA,SEA,00-0040648,25a7a31f-fff0-4a52-96c3-f40f823c5343,T.Horton,WR,nfl-player-v1,0,0,14.746,1.631,0,0,0.021,0.0205
2025,3,2025_03_ARI_SF,SF,00-0037746,00b3cb74-e58d-4660-b1df-2376a82120b6,B.Robinson,RB,nfl-player-v1,0,12.222,2.522,0.42,0,0.058,0.004,0.0602
2025,3,2025_03_ARI_SF,SF,00-0033280,ae3498a3-f309-4ea2-a3c1-031f013cc394,C.McCaffrey,RB,nfl-player-v1,0,65.917,18.409,2.601,0,1.405,0.116,0.7815
2025,3,2025_03_ARI_SF,SF,00-0037112,a83d87f5-9208-48ee-a81c-bba3090ea426,J.Tonges,TE,nfl-player-v1,0,0,9.874,1.14,0,0,0,0.005
2025,3,2025_03_ARI_SF,SF,00-0033307,77cbc405-dc41-40e4-b0bd-dd8a73396612,K.Bourne,WR,nfl-player-v1,0,0,16.01,1.794,0,0,0,0.005
2025,3,2025_03_ARI_SF,SF,00-0029892,86ed80c1-0dd7-4c07-a0b3-cea9fab60c0a,K.Juszczyk,RB,nfl-player-v1,0,6.445,3.366,0.554,0,0.031,0.005,0.0351
2025,3,2025_03_ARI_SF,SF,00-0036972,074db5dc-6d97-4108-a542-20e6cb42f4a6,M.Jones,QB,nfl-player-v1,119.489,4.315,0,0,0.748,0,0,0.005
2025,3,2025_03_ARI_SF,SF,00-0034272,ce987bc8-98ca-4ce6-85b3-8e9ef51b0a8f,M.Valdes-Scantling,,nfl-player-v1,0,0,6.457,0.76,0,0,0,0.005
2025,3,2025_03_ARI_SF,SF,00-0039916,da658afc-9594-4977-9a7c-3939c1bb4aee,R.Pearsall,WR,nfl-player-v1,0,0,28.918,3.082,0,0,0.048,0.0468
2025,3,2025_03_ARI_SF,SF,00-0038090,6e757178-0d20-49cf-a88a-c4b47817ff31,S.Moore,WR,nfl-player-v1,0,0,6.457,0.76,0,0,0,0.005
2025,3,2025_03_NYJ_TB,TB,00-0039361,b53d67a4-0051-474f-816c-9a3d9b661634,B.Irving,RB,nfl-player-v1,0,55.438,5.708,0.896,0,1.007,0.033,0.6464
2025,3,2025_03_NYJ_TB,TB,00-0034855,56c2266e-4dc1-4c37-8f44-6323a36613de,B.Mayfield,QB,nfl-player-v1,117.77,5.782,0,0,0.737,0,0,0.005
2025,3,2025_03_NYJ_TB,TB,00-0040129,bac91e1b-f24a-431e-a656-d23a3ef5e9f5,E.Egbuka,WR,nfl-player-v1,0,0,18.011,1.934,0,0,0.025,0.0243
2025,3,2025_03_NYJ_TB,TB,00-0031408,fd9494d8-4d0d-4075-8b31-59c31dbef36f,M.Evans,WR,nfl-player-v1,0,0,22.514,2.416,0,0,0.062,0.0596
2025,3,2025_03_NYJ_TB,TB,00-0038824,bf490a90-cd1a-409d-850c-5d87185d3d3a,R.Miller,,nfl-player-v1,0,0,6.145,0.724,0,0,0,0.005
2025,3,2025_03_NYJ_TB,TB,00-0037256,af7855b9-7e3c-41da-a2b8-8c7f6cd88bee,R.White,RB,nfl-player-v1,0,15.308,3.197,0.525,0,0.059,0.004,0.061
2025,3,2025_03_NYJ_TB,TB,00-0032385,2036bbd6-7375-422e-bdbc-7822b5bffdce,S.Shepard,WR,nfl-player-v1,0,0,14.07,1.567,0,0,0.02,0.0197
2025,3,2025_03_NYJ_TB,TB,00-0040237,5c294442-eaea-4ed0-a4fd-c33a7509bf48,T.Johnson,WR,nfl-player-v1,0,0,6.145,0.724,0,0,0,0.005
2025,3,2025_03_IND_TEN,TEN,00-0040705,f3027194-2b41-4db7-b6e1-10cb47514b73,C.Dike,WR,nfl-player-v1,0,0.705,12.471,1.404,0,0.003,0.054,0.055
2025,3,2025_03_IND_TEN,TEN,00-0037809,64755288-83b6-45d3-9d82-11807c2f5994,C.Okonkwo,TE,nfl-player-v1,0,0,17.372,1.928,0,0,0,0.005
2025,3,2025_03_IND_TEN,TEN,00-0034837,20728b4d-f625-4cd5-a2a6-9c6c76360516,C.Ridley,WR,nfl-player-v1,0,0,18.093,2.022,0,0,0,0.005
2025,3,2025_03_IND_TEN,TEN,00-0040676,f16bf5f1-4c50-449b-b1d4-ad4d66db60cb,C.Ward,QB,nfl-player-v1,126.451,6.191,0,0,0.824,0.016,0,0.0158
2025,3,2025_03_IND_TEN,TEN,00-0040170,527aee16-44d6-4527-9ec1-b6d981e9e8c1,E.Ayomanor,WR,nfl-player-v1,0,0,14.957,1.68,0,0,0.043,0.0419
2025,3,2025_03_IND_TEN,TEN,00-0040584,7e6d7376-3ff9-4d2b-8022-f47c0fbc308e,G.Helm,TE,nfl-player-v1,0,0,10.499,1.204,0,0,0,0.005
2025,3,2025_03_IND_TEN,TEN,00-0037594,08786b66-962c-43b2-b93f-257484f8c7fb,J.Chestnut,RB,nfl-player-v1,0,11.405,2.471,0.412,0,0.045,0.003,0.0465
2025,3,2025_03_IND_TEN,TEN,00-0032211,766ec4f5-92c5-4b06-a338-38a14f175030,T.Lockett,,nfl-player-v1,0,0,12.925,1.464,0,0,0,0.005
2025,3,2025_03_IND_TEN,TEN,00-0035261,61edd687-3a13-4c2f-8e86-d493ced4295b,T.Pollard,RB,nfl-player-v1,0,51.366,5.984,0.947,0,0.57,0.021,0.4461
2025,3,2025_03_IND_TEN,TEN,00-0036415,de90c83e-b445-439c-befe-655f3d2c50d7,V.Jefferson,WR,nfl-player-v1,0,0,6.593,0.775,0,0,0,0.005
2025,3,2025_03_LV_WAS,WAS,00-0032398,22b4db5b-c301-4ba2-98d9-953136ef966f,C.Moore,WR,nfl-player-v1,0,0,9.951,1.133,0,0,0,0.005
2025,3,2025_03_LV_WAS,WAS,00-0038611,910e0e65-f202-42a6-afa5-c4a2cebe4b2a,C.Rodriguez,RB,nfl-player-v1,0,23.723,2.471,0.412,0,0.25,0.008,0.2274
2025,3,2025_03_LV_WAS,WAS,00-0035719,7bb0990e-39c4-4d54-9fd7-b1d9bc9d8288,D.Samuel,WR,nfl-player-v1,0,0.793,12.763,1.412,0,0,0,0.005
2025,3,2025_03_LV_WAS,WAS,00-0040242,25d9ee1b-68c9-4de4-ad0f-25efe8210850,J.Croskey-Merritt,RB,nfl-player-v1,0,19.044,3.535,0.575,0,0.2,0.012,0.1905
2025,3,2025_03_LV_WAS,WAS,00-0040164,8f6e73b4-1f9c-4db2-b36b-660751127569,J.Lane,WR,nfl-player-v1,0,0,9.382,1.076,0,0,0.019,0.0187
2025,3,2025_03_LV_WAS,WAS,00-0033955,01c9d65e-2883-4bde-a469-45abe5508fee,J.McNichols,RB,nfl-player-v1,0,12.841,2.553,0.425,0,0,0,0.005
2025,3,2025_03_LV_WAS,WAS,00-0039355,b7c200b0-4cfb-412c-921e-a780f8692b75,L.McCaffrey,WR,nfl-player-v1,0,0,13.055,1.455,0,0,0,0.005
2025,3,2025_03_LV_WAS,WAS,00-0032268,48b54b83-0ee8-4633-88ca-470939b150e0,M.Mariota,QB,nfl-player-v1,113.044,6.977,0,0,0.786,0.049,0,0.0481
2025,3,2025_03_LV_WAS,WAS,00-0035659,72729e1e-0b13-4aad-91ac-3d76f92c4685,T.McLaurin,WR,nfl-player-v1,0,0,15.875,1.744,0,0,0,0.005
2025,3,2025_03_LV_WAS,WAS,00-0030061,f42aa3a3-06fe-490e-afb7-07a36d947c7c,Z.Ertz,TE,nfl-player-v1,0,0,13.327,1.485,0,0,0,0.005
2025,4,2025_04_SEA_ARI,ARI,00-0038705,de81a074-52e4-452a-a923-496eddc6a5d0,E.Demercado,RB,nfl-player-v1,0,13.369,3.993,0.651,0,0.162,0.015,0.1624
2025,4,2025_04_SEA_ARI,ARI,00-0035500,8d89d9ff-87bf-47c7-bdb7-6387fd2063b9,G.Dortch,WR,nfl-player-v1,0,0.47,13.355,1.502,0,0.002,0.06,0.0603
2025,4,2025_04_SEA_ARI,ARI,00-0035228,35cc13e2-07c8-47ec-a3f1-171f1c79da4c,K.Murray,QB,nfl-player-v1,132.444,8.35,0,0,0.829,0,0,0.005
2025,4,2025_04_SEA_ARI,ARI,00-0036924,324eed4d-0d36-4dcf-818b-f956af29d709,M.Carter,RB,nfl-player-v1,0,9.589,2.471,0.412,0,0,0,0.005
2025,4,2025_04_SEA_ARI,ARI,00-0039849,4c27a10c-963d-444e-b235-b46f4b652866,M.Harrison,WR,nfl-player-v1,0,0,24.222,2.629,0,0,0.053,0.0512
2025,4,2025_04_SEA_ARI,ARI,00-0038559,befb93dc-de67-4344-9d23-a1fa6a9d682f,Mi.Wilson,WR,nfl-player-v1,0,0,14.914,1.681,0,0,0,0.005
2025,4,2025_04_SEA_ARI,ARI,00-0039921,1f577279-8063-42e6-ae7f-366536dfbf3e,T.Benson,RB,nfl-player-v1,0,35.47,6.438,1.015,0,0,0,0.005
2025,4,2025_04_SEA_ARI,ARI,00-0037744,87b536c6-701f-4a71-b52e-0d8f7d4ec694,T.McBride,TE,nfl-player-v1,0,0,26.694,2.868,0,0,0.057,0.0558
2025,4,2025_04_SEA_ARI,ARI,00-0039521,12f8c048-b279-4f65-b939-fdbe8ede05c4,X.Weaver,WR,nfl-player-v1,0,0,6.144,0.726,0,0,0,0.005
2025,4,2025_04_WAS_ATL,ATL,00-0038542,8f5e333b-8cac-493f-8be3-093a3f12c027,B.Robinson,RB,nfl-player-v1,0,38.368,6.941,1.065,0,0.644,0.035,0.4931
2025,4,2025_04_WAS_ATL,ATL,00-0039394,67eef9d2-1ef9-4cda-93fd-eacebfde1b22,Cas.Washington,WR,nfl-player-v1,0,0,9.917,1.137,0,0,0,0.005
2025,4,2025_04_WAS_ATL,ATL,00-0037238,892d7782-1ecc-4137-aeb0-9e80c69e4034,D.London,WR,nfl-player-v1,0,0,28.965,2.992,0,0,0.035,0.0343
2025,4,2025_04_WAS_ATL,ATL,00-0036309,e318bcf4-6f17-4a62-ba7b-9283a4aab86c,D.Mooney,WR,nfl-player-v1,0,0,6.629,0.777,0,0,0,0.005
2025,4,2025_04_WAS_ATL,ATL,00-0036970,40dfaab3-2886-438e-a325-a15f68d1f3c8,K.Pitts,TE,nfl-player-v1,0,0,15.283,1.682,0,0,0.02,0.0194
2025,4,2025_04_WAS_ATL,ATL,00-0039917,ab213147-61d9-49a3-a662-0e2a31cc80f2,M.Penix,QB,nfl-player-v1,111.98,4.803,0,0,0.701,0,0,0.005
2025,4,2025_04_WAS_ATL,ATL,00-0034407,407ae3e7-477f-4c39-9982-fa181de093ed,R.McCloud,,nfl-player-v1,0,0,7.987,0.926,0,0,0,0.005
2025,4,2025_04_WAS_ATL,ATL,00-0037263,3d48d76e-acf1-404a-ba84-79e0d1d0e3fc,T.Allgeier,RB,nfl-player-v1,0,34.049,2.471,0.412,0,0.475,0.011,0.3846
2025,4,2025_04_BAL_KC,BAL,00-0033662,203414fc-a16a-4633-adec-aaeb845d0a44,C.Rush,QB,nfl-player-v1,104.36,4.242,0,0,0.653,0,0,0.005
2025,4,2025_04_BAL_KC,BAL,00-0032764,31b668ff-08d5-4913-8678-4c5c2fb906ca,D.Henry,RB,nfl-player-v1,0,30.376,5.523,0.881,0,0.419,0.023,0.3573
2025,4,2025_04_BAL_KC,BAL,00-0030564,1bd6ba6e-0334-4184-a6f8-4d5dcf7c276f,D.Hopkins,WR,nfl-player-v1,0,0,6.625,0.781,0,0,0,0.005
2025,4,2025_04_BAL_KC,BAL,00-0034975,4bf90f48-14f6-42ab-aa72-7f4e7b87e638,J.Hill,RB,nfl-player-v1,0,15.673,9.201,1.406,0,0.215,0.038,0.2232
2025,4,2025_04_BAL_KC,BAL,00-0034796,4c6e84b3-2283-4d86-8f7b-019a185c6764,L.Jackson,QB,nfl-player-v1,117.252,8.575,0,0,0.788,0.043,0,0.0421
2025,4,2025_04_BAL_KC,BAL,00-0034753,3c8c24b6-f2b3-4130-86e6-389a16aa6104,M.Andrews,TE,nfl-player-v1,0,0,26.506,2.839,0,0,0,0.005
2025,4,2025_04_BAL_KC,BAL,00-0036550,18c06a21-f854-4f11-89ad-f617293f9cea,R.Bateman,WR,nfl-player-v1,0,0,8.844,1.028,0,0,0,0.005
2025,4,2025_04_BAL_KC,BAL,00-0036630,adb9f484-c700-4ebd-bc00-daf4daed3f65,T.Wallace,WR,nfl-player-v1,0,0,8.844,1.028,0,0,0,0.005
2025,4,2025_04_BAL_KC,BAL,00-0039064,a4c95f75-76ae-4729-b36b-053b14fb2a51,Z.Flowers,WR,nfl-player-v1,0,0,26.814,2.872,0,0,0,0.005
2025,4,2025_04_NO_BUF,BUF,00-0033282,8fb77061-caa4-4ab3-93ac-3f435b1dad39,C.Samuel,WR,nfl-player-v1,0,0,8.794,1.014,0,0,0,0.005
2025,4,2025_04_NO_BUF,BUF,00-0038933,8a6f4627-ab82-4cb4-92df-699336ac1690,D.Kincaid,TE,nfl-player-v1,0,0,8.794,1.014,0,0,0,0.005
2025,4,2025_04_NO_BUF,BUF,00-0035689,83978a45-a7da-408d-a462-426f5444a908,D.Knox,TE,nfl-player-v1,0,0,6.553,0.77,0,0,0,0.005
2025,4,2025_04_NO_BUF,BUF,00-0036980,b00bd3b2-8fb1-4c61-b575-87a93b457caf,E.Moore,,nfl-player-v1,0,0.277,4.711,0.558,0,0,0,0.005
2025,4,2025_04_NO_BUF,BUF,00-0034857,32369b37-6bce-4910-acfa-f658676697d3,J.Allen,QB,nfl-player-v1,110.309,5.974,0,0,0.729,0.022,0,0.022
2025,4,2025_04_NO_BUF,BUF,00-0037248,61da158c-dacb-4567-8ec7-9521d0868e5f,J.Cook,RB,nfl-player-v1,0,49.428,6.756,1.041,0,1.227,0.052,0.7217
2025,4,2025_04_NO_BUF,BUF,00-0040194,5a7670a6-35d4-43bb-a12b-9b1580498b35,J.Hawes,TE,nfl-player-v1,0,0,6.886,0.804,0,0,0,0.005
2025,4,2025_04_NO_BUF,BUF,00-0036988,df43fb4f-7e20-4384-83d0-fc24bbea7428,J.Palmer,WR,nfl-player-v1,0,0,11.376,1.288,0,0,0.023,0.0223
2025,4,2025_04_NO_BUF,BUF,00-0039901,15497e04-abce-413c-b84b-6928c1f96d77,K.Coleman,WR,nfl-player-v1,0,0,14.202,1.58,0,0,0,0.005
2025,4,2025_04_NO_BUF,BUF,00-0037261,a182f320-892e-4344-8c39-d03ec8d397c4,K.Shakir,WR,nfl-player-v1,0,0,17.382,1.889,0,0,0,0.005
2025,4,2025_04_NO_BUF,BUF,00-0039875,51239dbe-c985-42a4-bdb6-e31bea991d12,R.Davis,RB,nfl-player-v1,0,7.893,2.471,0.412,0,0,0,0.005
2025,4,2025_04_NO_BUF,BUF,00-0035537,7927f661-8fb2-47a7-988d-d39a7c8038be,Ty.Johnson,RB,nfl-player-v1,0,7.893,2.471,0.412,0,0,0,0.005
2025,4,2025_04_CAR_NE,CAR,00-0027973,ad824cf4-45aa-4678-90a2-b4de8ec1d14f,A.Dalton,QB,nfl-player-v1,102.117,4.302,0,0,0.639,0,0,0.005
2025,4,2025_04_CAR_NE,CAR,00-0038840,fd80a968-a921-45e8-a684-5bea39ff69b1,B.Tremayne,WR,nfl-player-v1,0,0,12.061,1.368,0,0,0,0.005
2025,4,2025_04_CAR_NE,CAR,00-0039150,c28c1088-1b0f-497f-bfdb-1a7a9cde1e89,B.Young,QB,nfl-player-v1,115.771,4.864,0,0,0.725,0,0,0.005
2025,4,2025_04_CAR_NE,CAR,00-0036555,e4fb467c-29b4-4025-8e7f-05d9ee9ca744,C.Hubbard,RB,nfl-player-v1,0,25.083,4.275,0.684,0,0,0,0.005
2025,4,2025_04_CAR_NE,CAR,00-0033589,3adaa67d-3a25-461b-864f-5345e802ed2a,D.Moore,WR,nfl-player-v1,0,0.292,4.804,0.569,0,0,0,0.005
2025,4,2025_04_CAR_NE,CAR,00-0034983,61cd0e72-b9fb-41e8-8c55-e743845d576c,H.Renfrow,WR,nfl-player-v1,0,0,8.357,0.969,0,0,0,0.005
2025,4,2025_04_CAR_NE,CAR,00-0037282,8bb9ab35-3c9e-4959-bb6a-35b56a8192e9,J.Mitchell,TE,nfl-player-v1,0,0,8.375,0.971,0,0,0,0.005
2025,4,2025_04_CAR_NE,CAR,00-0040187,4c908559-bee0-4e03-892b-acb185733f1c,M.Evans,TE,nfl-player-v1,0,0,12.203,1.384,0,0,0.032,0.0318
2025,4,2025_04_CAR_NE,CAR,00-0036139,5247cf70-ccdc-4fee-abb5-56faa544291f,R.Dowdle,RB,nfl-player-v1,0,26.775,3.314,0.545,0,0,0,0.005
2025,4,2025_04_CAR_NE,CAR,00-0040644,fb47152c-3c47-4517-aafd-6bb67424d19d,T.Etienne,RB,nfl-player-v1,0,21.552,2.471,0.412,0,0.306,0.011,0.2714
2025,4,2025_04_CAR_NE,CAR,00-0040124,fe874b96-e2c0-4f68-9815-af65b06e6738,T.McMillan,WR,nfl-player-v1,0,0,17.834,1.946,0,0,0,0.005
2025,4,2025_04_CAR_NE,CAR,00-0037005,2a5af105-ecb4-4ae4-89c6-d47b7b108737,T.Tremble,TE,nfl-player-v1,0,0,21.284,2.314,0,0,0.108,0.1024
2025,4,2025_04_CHI_LV,CHI,00-0036290,e20adbbe-669d-4d26-b64a-84332cd2acfd,C.Kmet,TE,nfl-player-v1,0,0,21.228,2.33,0,0,0.034,0.0338
2025,4,2025_04_CHI_LV,CHI,00-0039918,d3372f7c-27eb-47ac-9d90-facef898a40f,C.Williams,QB,nfl-player-v1,126.879,8.2,0,0,0.869,0.049,0,0.0476
2025,4,2025_04_CHI_LV,CHI,00-0034827,d366aedd-7ef1-47c6-a3bb-637a4559f332,D.Moore,WR,nfl-player-v1,0,0,13.43,1.515,0,0,0.011,0.0111
2025,4,2025_04_CHI_LV,CHI,00-0036275,49aefcdc-6cec-4beb-84e1-ba08880d15d6,D.Swift,RB,nfl-player-v1,0,36.295,6.227,0.967,0,0.31,0.016,0.2785
2025,4,2025_04_CHI_LV,CHI,00-0040236,08e87151-52f8-40cb-a625-42c1703b9eec,K.Monangai,RB,nfl-player-v1,0,15.751,2.471,0.412,0,0.036,0.002,0.0366
2025,4,2025_04_CHI_LV,CHI,00-0040735,7f3e9ce8-9c8d-4d38-b381-3e43b24bf041,L.Burden,WR,nfl-player-v1,0,0,7.874,0.916,0,0,0.007,0.0067
2025,4,2025_04_CHI_LV,CHI,00-0035208,abb5a044-a3c2-46a1-9fac-b6d0ddf8475b,O.Zaccheaus,WR,nfl-player-v1,0,0,15.729,1.754,0,0,0.026,0.0255
2025,4,2025_04_CHI_LV,CHI,00-0039919,118470e6-4c10-41fd-9c53-8f079c8747aa,R.Odunze,WR,nfl-player-v1,0,0,21.422,2.344,0,0,0.052,0.0505
2025,4,2025_04_CIN_DEN,CIN,00-0038619,7da25b9b-7510-4f92-98a5-2cb63cd6aa2d,A.Iosivas,WR,nfl-player-v1,0,0.572,7.75,0.898,0,0,0,0.005
2025,4,2025_04_CIN_DEN,CIN,00-0038597,5b052584-0cb1-4079-abf3-1c8954958e62,C.Brown,RB,nfl-player-v1,0,41.607,6.808,1.07,0,0.42,0.021,0.3572
2025,4,2025_04_CIN_DEN,CIN,00-0035100,1d4cec7f-feb8-41e0-8087-6a8bb22061a5,J.Browning,QB,nfl-player-v1,121.062,6.262,0,0,0.758,0,0,0.005
2025,4,2025_04_CIN_DEN,CIN,00-0036900,fa88fc04-ab72-4b44-b18f-196905155362,J.Chase,WR,nfl-player-v1,0,0,35.017,3.665,0,0,0,0.005
2025,4,2025_04_CIN_DEN,CIN,00-0034829,75916bc5-a3af-4067-9720-00cca5c17ac9,M.Gesicki,TE,nfl-player-v1,0,0,7.677,0.897,0,0,0,0.005
2025,4,2025_04_CIN_DEN,CIN,00-0038839,8fa39fd1-f924-44b5-b327-9191f3569c02,M.Tinsley,WR,nfl-player-v1,0,0,10.401,1.199,0,0,0,0.005
2025,4,2025_04_CIN_DEN,CIN,00-0033526,8b7e765c-715a-49e2-b062-5527b649c39c,S.Perine,RB,nfl-player-v1,0,9.643,3.806,0.622,0,0,0,0.005
2025,4,2025_04_CIN_DEN,CIN,00-0036410,891d5ad8-ad2b-40a2-bd88-2f4c64d4009a,T.Higgins,WR,nfl-player-v1,0,0,25.104,2.721,0,0,0.19,0.1734
2025,4,2025_04_CLE_DET,CLE,00-0038710,fd1c9066-b003-40c0-ac6f-6c8cab52d183,B.Whiteheart,TE,nfl-player-v1,0,0,6.214,0.733,0,0,0,0.005
2025,4,2025_04_CLE_DET,CLE,00-0038979,4621b9ce-6bc7-4652-9414-16ff576216df,C.Tillman,WR,nfl-player-v1,0,0,8.121,0.946,0,0,0.012,0.012
2025,4,2025_04_CLE_DET,CLE,00-0040704,7af9c46c-c099-4877-b651-9719ed598171,D.Gabriel,QB,nfl-player-v1,99.306,4.235,0,0,0.622,0,0,0.005
2025,4,2025_04_CLE_DET,CLE,00-0033885,7803b6a3-2944-46a1-a2f7-8c64e92fc82d,D.Njoku,TE,nfl-player-v1,0,0,10.012,1.152,0,0,0.015,0.0146
2025,4,2025_04_CLE_DET,CLE,00-0040162,b934c25d-e16b-4088-ade1-894632b8045f,D.Sampson,RB,nfl-player-v1,0,8.477,3.203,0.527,0,0,0,0.005
2025,4,2025_04_CLE_DET,CLE,00-0040663,62719d0e-0efc-456e-8df8-828cc1cf4abe,H.Fannin,TE,nfl-player-v1,0,0.314,15.437,1.725,0,0.001,0.044,0.0438
2025,4,2025_04_CLE_DET,CLE,00-0040782,3193f354-0b23-4321-b879-2e9fcd02ec84,I.Bond,WR,nfl-player-v1,0,0,15.797,1.766,0,0,0,0.005
2025,4,2025_04_CLE_DET,CLE,00-0026158,371e6c01-3f61-411c-8675-13539221ddc9,J.Flacco,,nfl-player-v1,0,0.634,5.058,0.563,0,0.002,0.014,0.016
2025,4,2025_04_CLE_DET,CLE,00-0037267,3a0091ff-06bf-492a-9528-03ae4f8f866d,J.Ford,RB,nfl-player-v1,0,8.529,3.993,0.648,0,0,0,0.005
2025,4,2025_04_CLE_DET,CLE,00-0036407,c669f87b-fdf2-458b-92b9-5fc841b4bec5,J.Jeudy,WR,nfl-player-v1,0,0,22.061,2.407,0,0,0.031,0.0302
2025,4,2025_04_CLE_DET,CLE,00-0040784,62023d1d-a5ea-44d8-bde5-fe8b08113b5a,Q.Judkins,RB,nfl-player-v1,0,59.139,5.843,0.925,0,0.648,0.02,0.4876
2025,4,2025_04_GB_DAL,DAL,00-0033077,6b202b45-4554-4645-8ff5-4ee830907717,D.Prescott,QB,nfl-player-v1,121.823,4.946,0,0,0.797,0.014,0,0.0139
2025,4,2025_04_GB_DAL,DAL,00-0037247,35484e4c-03b7-453e-80fd-be2fa1ac62aa,G.Pickens,WR,nfl-player-v1,0,0,26.809,2.86,0,0,0.04,0.0392
2025,4,2025_04_GB_DAL,DAL,00-0038738,7d6dc53b-3a2a-4006-8120-947f79a43223,H.Luepke,RB,nfl-player-v1,0,8.58,3.146,0.518,0,0,0,0.005
2025,4,2025_04_GB_DAL,DAL,00-0038041,631385df-a7e6-4eb7-8b2b-e19769a2551f,J.Ferguson,TE,nfl-player-v1,0,0,17.799,1.961,0,0,0.027,0.0271
2025,4,2025_04_GB_DAL,DAL,00-0037666,68f4a835-6990-4ab8-a10f-db8aa110439f,J.Tolbert,WR,nfl-player-v1,0,0,14.856,1.665,0,0,0,0.005
2025,4,2025_04_GB_DAL,DAL,00-0036997,75533a5b-1037-45da-a572-2ccf5f61abc0,J.Williams,RB,nfl-player-v1,0,58.441,4.752,0.765,0,1.425,0.037,0.7682
2025,4,2025_04_GB_DAL,DAL,00-0037801,7bb83a46-749f-471f-9876-9b2893c636f8,K.Turpin,WR,nfl-player-v1,0,0.312,11.201,1.273,0,0,0,0.005
2025,4,2025_04_GB_DAL,DAL,00-0038547,7df365f8-b808-4ecf-8454-fe5ccbc0e2f4,L.Schoonmaker,TE,nfl-player-v1,0,0,7.799,0.907,0,0,0,0.005
2025,4,2025_04_GB_DAL,DAL,00-0035243,c14e4813-3a18-43e1-969d-9b47ea13ab2c,M.Sanders,RB,nfl-player-v1,0,11.232,3.946,0.642,0,0,0,0.005
2025,4,2025_04_GB_DAL,DAL,00-0039410,b9c5b95f-dcad-4853-bbe4-c3b2db8b2c1d,R.Flournoy,WR,nfl-player-v1,0,0.318,8.027,0.93,0,0,0,0.005
2025,4,2025_04_CIN_DEN,DEN,00-0036727,2e3ef41a-d0ea-473a-b249-559f5a424df1,A.Prentice,RB,nfl-player-v1,0,8.218,2.471,0.412,0,0.024,0.002,0.0255
2025,4,2025_04_CIN_DEN,DEN,00-0036422,b141ab2c-c6c5-49b2-94f4-781604cbeb98,A.Trautman,TE,nfl-player-v1,0,0,8.479,0.982,0,0,0,0.005
2025,4,2025_04_CIN_DEN,DEN,00-0039732,40159058-8f61-4120-8323-ec81eaeff8ce,B.Nix,QB,nfl-player-v1,120.151,5.516,0,0,0.775,0.01,0,0.0103
2025,4,2025_04_CIN_DEN,DEN,00-0034348,017301c4-fe49-48a1-a533-db70f693a734,C.Sutton,WR,nfl-player-v1,0,0,13.341,1.499,0,0,0.014,0.0139
2025,4,2025_04_CIN_DEN,DEN,00-0033881,44ecc125-b690-4177-93f9-f03d50825239,E.Engram,TE,nfl-player-v1,0,0,14.625,1.638,0,0,0.031,0.0301
2025,4,2025_04_CIN_DEN,DEN,00-0036158,a5ce07ae-2e77-4060-bb79-b53064c0b349,J.Dobbins,RB,nfl-player-v1,0,40.376,3.039,0.501,0,0.112,0.003,0.1088
2025,4,2025_04_CIN_DEN,DEN,00-0038976,d99e2c6d-aef8-4250-9bec-3a167ae51085,M.Mims,WR,nfl-player-v1,0,0.206,11.581,1.293,0,0,0.012,0.0122
2025,4,2025_04_CIN_DEN,DEN,00-0038783,ce124a9f-0d72-4e5f-89b6-3817ee5f738e,N.Adkins,TE,nfl-player-v1,0,0,8.662,1.003,0,0,0,0.005
2025,4,2025_04_CIN_DEN,DEN,00-0040134,de70216e-21b4-4de8-a4e8-1c0e4ed7734b,P.Bryant,WR,nfl-player-v1,0,0,5.831,0.689,0,0,0.006,0.0064
2025,4,2025_04_CIN_DEN,DEN,00-0040730,f30905bf-54ce-4e54-8ae4-38b278499802,R.Harvey,RB,nfl-player-v1,0,37.215,5.604,0.886,0,0.409,0.019,0.348
2025,4,2025_04_CIN_DEN,DEN,00-0037085,e91b7026-2866-4587-96e6-3eba8e3346af,T.Badie,RB,nfl-player-v1,0,6.197,3.608,0.589,0,0,0,0.005
2025,4,2025_04_CIN_DEN,DEN,00-0039868,128fd135-fb3e-451e-8135-52d9465c4154,T.Franklin,WR,nfl-player-v1,0,0,16.026,1.783,0,0,0.033,0.0327
2025,4,2025_04_CLE_DET,DET,00-0036963,01542f54-ce56-438f-a484-c6bc9b77aabd,A.St. Brown,WR,nfl-player-v1,0,0,23.095,2.457,0,0,0.069,0.0665
2025,4,2025_04_CLE_DET,DET,00-0035685,65151ce5-a920-4dc2-8bb0-ad8bdeea7a46,D.Montgomery,RB,nfl-player-v1,0,23.462,3.318,0.543,0,0.197,0.009,0.1861
2025,4,2025_04_CLE_DET,DET,00-0039139,29347caa-e7e1-4745-a79a-e2a210fe4fda,J.Gibbs,RB,nfl-player-v1,0,35.98,4.314,0.694,0,0.59,0.022,0.4579
2025,4,2025_04_CLE_DET,DET,00-0033106,a631bebf-08bd-40de-b474-1e57605a1574,J.Goff,QB,nfl-player-v1,109.867,4.288,0,0,0.688,0,0,0.005
2025,4,2025_04_CLE_DET,DET,00-0038896,67012cb2-bb0d-4618-b654-1ebfe8d27b1a,J.Saylors,RB,nfl-player-v1,0,9.898,2.471,0.412,0,0,0,0.005
2025,4,2025_04_CLE_DET,DET,00-0037240,975d437e-c293-4704-8573-68420a22d271,J.Williams,WR,nfl-player-v1,0,0.309,22.964,2.465,0,0,0,0.005
2025,4,2025_04_CLE_DET,DET,00-0032464,1525a1a7-7b4c-4fc8-82e3-d0e3d8049507,K.Raymond,WR,nfl-player-v1,0,0,10.921,1.243,0,0,0.017,0.0173
2025,4,2025_04_CLE_DET,DET,00-0039065,efba363a-c6ab-4be9-998e-072e065fc2b9,S.LaPorta,TE,nfl-player-v1,0,0,13.35,1.496,0,0,0,0.005
2025,4,2025_04_GB_DAL,GB,00-0038685,18850ce4-973b-4e21-a03e-aa04864658c8,C.Brooks,RB,nfl-player-v1,0,6.18,3.153,0.519,0,0,0,0.005
2025,4,2025_04_GB_DAL,GB,00-0038393,c2ac0493-43d7-454b-9733-3e8161530921,D.Wicks,WR,nfl-player-v1,0,0,10.872,1.244,0,0,0,0.005
2025,4,2025_04_GB_DAL,GB,00-0038797,6572040d-90dd-479c-8d99-faf7175127c3,E.Wilson,RB,nfl-player-v1,0,24.385,4.685,0.752,0,0.161,0.01,0.1569
2025,4,2025_04_GB_DAL,GB,00-0035700,1d87d00a-50b3-494c-a764-c0ff40e2a701,J.Jacobs,RB,nfl-player-v1,0,59.335,5.649,0.896,0,0.887,0.026,0.5988
2025,4,2025_04_GB_DAL,GB,00-0036264,537f0d83-5256-42bf-bc75-f956be1f26c5,J.Love,QB,nfl-player-v1,125.241,5.291,0,0,0.784,0,0,0.005
2025,4,2025_04_GB_DAL,GB,00-0039144,bb8a3825-74f1-4c85-880a-a3108c33b36b,L.Musgrave,TE,nfl-player-v1,0,0,6.298,0.741,0,0,0,0.005
2025,4,2025_04_GB_DAL,GB,00-0040667,21d63dde-da33-498d-8984-467c8fa08df0,M.Golden,WR,nfl-player-v1,0,0.25,15.425,1.713,0,0,0.025,0.0253
2025,4,2025_04_GB_DAL,GB,00-0038465,44b551ee-73bc-4992-b195-a15879dfb8fc,M.Heath,,nfl-player-v1,0,0,6.298,0.741,0,0,0,0.005
2025,4,2025_04_GB_DAL,GB,00-0037816,a5673ce8-e626-4f8f-a1c0-7864036be6a3,R.Doubs,WR,nfl-player-v1,0,0,19.461,2.129,0,0,0.047,0.046
2025,4,2025_04_GB_DAL,GB,00-0040009,8d74f600-50f8-4f4b-a268-1bc959cc4edd,S.Williams,WR,nfl-player-v1,0,0.24,9.468,1.084,0,0,0.008,0.0082
2025,4,2025_04_GB_DAL,GB,00-0038996,d561b61f-7998-40a8-82a4-875cc5706ed4,T.Kraft,TE,nfl-player-v1,0,0,13.821,1.553,0,0,0.023,0.0226
2025,4,2025_04_TEN_HOU,HOU,00-0034775,f9dd5323-f4d9-447e-8f5d-3e07ccece524,C.Kirk,WR,nfl-player-v1,0,0,13.363,1.495,0,0,0.052,0.051
2025,4,2025_04_TEN_HOU,HOU,00-0039163,5580f3af-a69b-4d18-aa9e-f9f360bb7daf,C.Stroud,QB,nfl-player-v1,115.435,5.936,0,0,0.723,0,0,0.005
2025,4,2025_04_TEN_HOU,HOU,00-0034383,fe4c4fa7-73c1-43b7-8823-e75c27674ec2,D.Schultz,TE,nfl-player-v1,0,0,16.057,1.764,0,0,0,0.005
2025,4,2025_04_TEN_HOU,HOU,00-0040130,321f2f7a-617b-4114-867a-7188cd496cff,J.Higgins,WR,nfl-player-v1,0,0,6.393,0.75,0,0,0,0.005
2025,4,2025_04_TEN_HOU,HOU,00-0040138,e514b85a-324e-406e-880e-9c49fe37b12d,J.Noel,WR,nfl-player-v1,0,0.232,6.281,0.734,0,0,0,0.005
2025,4,2025_04_TEN_HOU,HOU,00-0034791,489002b7-b67b-4d6a-80d9-6000e716b0ce,N.Chubb,RB,nfl-player-v1,0,30.783,4.024,0.65,0,0,0,0.005
2025,4,2025_04_TEN_HOU,HOU,00-0036554,b8dae940-0938-432d-9b8c-3fc0ae4c8906,N.Collins,WR,nfl-player-v1,0,0,16.098,1.776,0,0,0,0.005
2025,4,2025_04_TEN_HOU,HOU,00-0040583,370bcf5e-ca00-4e72-b138-115538bdc569,W.Marks,RB,nfl-player-v1,0,39.401,6.59,1.019,0,0.798,0.041,0.5676
2025,4,2025_04_TEN_HOU,HOU,00-0038618,e432064c-a8c6-4b83-8119-a0bf2e30fa6f,X.Hutchinson,WR,nfl-player-v1,0,0,9.714,1.113,0,0,0,0.005
2025,4,2025_04_IND_LA,IND,00-0035021,1a3a78db-f384-4fdd-b93c-ba5c57d9c84a,A.Dulin,WR,nfl-player-v1,0,0.407,6.729,0.786,0,0.001,0.018,0.0192
2025,4,2025_04_IND_LA,IND,00-0039890,87520ab1-0a67-4521-b031-0a45fa108796,A.Mitchell,,nfl-player-v1,0,0,12.851,1.457,0,0,0,0.005
2025,4,2025_04_IND_LA,IND,00-0035710,154df07d-189d-4473-894a-f65ed36181fc,D.Jones,QB,nfl-player-v1,114.541,4.222,0,0,0.717,0,0,0.005
2025,4,2025_04_IND_LA,IND,00-0038997,5da8b083-96f7-43b0-8b97-365397bd59e6,J.Downs,WR,nfl-player-v1,0,0,15.552,1.74,0,0,0,0.005
2025,4,2025_04_IND_LA,IND,00-0036223,d93096a9-946b-4b3c-a3b5-7a1498c91cae,J.Taylor,RB,nfl-player-v1,0,53.982,7.364,1.146,0,0.359,0.015,0.3122
2025,4,2025_04_IND_LA,IND,00-0036252,8b257ca3-4915-4a9f-9cc7-70bd81d7af59,M.Pittman,WR,nfl-player-v1,0,0,28.516,3.044,0,0,0.071,0.0686
2025,4,2025_04_IND_LA,IND,00-0037120,3d12ca35-8ab0-41ad-b980-b7fc82d41bab,T.Goodson,RB,nfl-player-v1,0,6.186,3.326,0.547,0,0,0,0.005
2025,4,2025_04_IND_LA,IND,00-0040128,e72096d9-8234-4879-b3b4-9fd4bf4aac4e,T.Warren,TE,nfl-player-v1,0,0.828,18.305,1.999,0,0.004,0.093,0.093
2025,4,2025_04_JAX_SF,JAX,00-0038935,80a87ed4-7f37-41e3-80a9-7f6581431750,B.Strange,TE,nfl-player-v1,0,0,18.654,2.031,0,0,0,0.005
2025,4,2025_04_JAX_SF,JAX,00-0039893,2dc8cd75-0a7b-413d-a5a0-3a21b2e1dbc9,B.Thomas,WR,nfl-player-v1,0,0.301,19.068,2.076,0,0,0,0.005
2025,4,2025_04_JAX_SF,JAX,00-0040719,9d78928b-8c2f-4c2e-84ff-879c358142a1,B.Tuten,RB,nfl-player-v1,0,14.454,3.295,0.541,0,0,0,0.005
2025,4,2025_04_JAX_SF,JAX,00-0037004,6ab33105-7309-488f-a85a-1a4888c63122,H.Long,TE,nfl-player-v1,0,0,10.122,1.157,0,0,0.054,0.0525
2025,4,2025_04_JAX_SF,JAX,00-0033246,0c3ec903-9025-436a-9ef3-d9eee09e93fb,J.Mundt,TE,nfl-player-v1,0,0,6.158,0.726,0,0,0,0.005
2025,4,2025_04_JAX_SF,JAX,00-0040238,1fbfbedc-81ed-40ea-8bac-2007ea616902,L.Allen,RB,nfl-player-v1,0,6.322,3.272,0.538,0,0,0,0.005
2025,4,2025_04_JAX_SF,JAX,00-0038606,ba986501-71a5-4c41-8836-02933c11efda,P.Washington,WR,nfl-player-v1,0,0.28,9.351,1.077,0,0.001,0.025,0.0255
2025,4,2025_04_JAX_SF,JAX,00-0036973,13c9b1da-11e5-44db-b6e2-2ce94a697d63,T.Etienne,RB,nfl-player-v1,0,45.135,3.956,0.641,0,0.308,0.009,0.2715
2025,4,2025_04_JAX_SF,JAX,00-0040718,841bfd08-c9e4-4bf4-8d65-e01b5aa326f4,T.Hunter,WR,nfl-player-v1,0,0,13.533,1.518,0,0,0.035,0.0348
2025,4,2025_04_JAX_SF,JAX,00-0036971,d0738d0d-7cc8-49b9-882e-a1fb536c47e7,T.Lawrence,QB,nfl-player-v1,116.675,6.269,0,0,0.73,0,0,0.005
2025,4,2025_04_JAX_SF,JAX,00-0033375,0d4b90d7-5de5-47f3-a213-f10b8c403998,T.Patrick,WR,nfl-player-v1,0,0,6.28,0.737,0,0,0,0.005
2025,4,2025_04_BAL_KC,KC,00-0040078,65158854-c056-46f0-a185-79af3db336de,B.Smith,RB,nfl-player-v1,0,15.019,5.426,0.86,0,0.032,0.003,0.0343
2025,4,2025_04_BAL_KC,KC,00-0037197,f48b3351-0deb-4a52-9790-5631073f3d2c,I.Pacheco,RB,nfl-player-v1,0,21.542,4.63,0.743,0,0.181,0.012,0.1751
2025,4,2025_04_BAL_KC,KC,00-0033857,934d9980-bd65-441a-8b3b-b51144ba8f5a,J.Smith-Schuster,WR,nfl-player-v1,0,0,15.094,1.685,0,0,0.047,0.0461
2025,4,2025_04_BAL_KC,KC,00-0033923,0ab5a80d-1207-4385-8df5-2f776ac16816,K.Hunt,RB,nfl-player-v1,0,35.244,3.219,0.53,0,0.221,0.006,0.2034
2025,4,2025_04_BAL_KC,KC,00-0035662,48a61718-24ab-4c6a-946e-56764c8f0206,M.Brown,WR,nfl-player-v1,0,0,13.36,1.509,0,0,0.011,0.0105
2025,4,2025_04_BAL_KC,KC,00-0036637,d6bb9e59-3e25-468e-9bb1-ea8b5eccfdff,N.Gray,TE,nfl-player-v1,0,0,6.196,0.729,0,0,0,0.005
2025,4,2025_04_BAL_KC,KC,00-0033873,a9854c99-01a8-4aff-ade7-a3dbcff01a05,P.Mahomes,QB,nfl-player-v1,122.699,6.281,0,0,0.819,0.027,0,0.0263
2025,4,2025_04_BAL_KC,KC,00-0030506,6e6da15e-254a-4ee3-b0c8-2eaf5875f22f,T.Kelce,TE,nfl-player-v1,0,0,13.76,1.543,0,0,0.011,0.0107
2025,4,2025_04_BAL_KC,KC,00-0038104,33cf9116-000e-4e42-a4bb-00524aa7e1c8,T.Thornton,WR,nfl-player-v1,0,0,7.684,0.896,0,0,0.013,0.0125
2025,4,2025_04_BAL_KC,KC,00-0039894,13377595-68fc-4870-b538-55539284b2d2,X.Worthy,WR,nfl-player-v1,0,0.582,20.225,2.196,0,0,0,0.005
2025,4,2025_04_IND_LA,LA,00-0039738,e5a46115-0912-415a-b0ef-fc6459391e9c,B.Corum,RB,nfl-player-v1,0,30.487,5.352,0.853,0,0,0,0.005
2025,4,2025_04_IND_LA,LA,00-0036244,5bfdeab0-8d49-4746-a2be-60598dcbcf43,C.Parkinson,TE,nfl-player-v1,0,0,6.778,0.79,0,0,0,0.005
2025,4,2025_04_IND_LA,LA,00-0031381,6af876b7-d6ca-483e-bfab-51357985a24c,D.Adams,WR,nfl-player-v1,0,0,12.609,1.417,0,0,0.079,0.0763
2025,4,2025_04_IND_LA,LA,00-0039074,577995aa-5a21-4ce7-a655-476aa3b7d151,D.Allen,TE,nfl-player-v1,0,0,6.179,0.728,0,0,0,0.005
2025,4,2025_04_IND_LA,LA,00-0039751,dfecf1de-d300-4e69-93bc-20c4513f98c0,J.Whittington,WR,nfl-player-v1,0,0,6.31,0.743,0,0,0,0.005
2025,4,2025_04_IND_LA,LA,00-0037840,d499f341-a8ae-4bc2-a2d0-09cbdcbc82c8,K.Williams,RB,nfl-player-v1,0,42.323,5.471,0.872,0,0,0,0.005
2025,4,2025_04_IND_LA,LA,00-0026498,7fc98b95-d8a9-461b-895c-675c835c87a6,M.Stafford,QB,nfl-player-v1,122.082,5.405,0,0,0.764,0,0,0.005
2025,4,2025_04_IND_LA,LA,00-0039075,cc8ed8e0-fd25-4c8f-bc2e-7c8b1975f241,P.Nacua,WR,nfl-player-v1,0,0,39.525,4.062,0,0,0.227,0.2035
2025,4,2025_04_IND_LA,LA,00-0036849,ee96a79b-a709-457f-a28b-3c704a468920,T.Atwell,WR,nfl-player-v1,0,0,7.649,0.894,0,0,0,0.005
2025,4,2025_04_IND_LA,LA,00-0033110,a21c681d-1ae5-4cc3-9b3e-29b4909192bb,T.Higbee,TE,nfl-player-v1,0,0,10.671,1.216,0,0,0,0.005
2025,4,2025_04_LAC_NYG,LAC,00-0036355,86721778-e183-4522-8ddc-55e00f17fbe7,J.Herbert,QB,nfl-player-v1,121.994,6.022,0,0,0.934,0.09,0,0.0858
2025,4,2025_04_LAC_NYG,LAC,00-0030279,60f4cd06-05df-4280-add3-4cecee3a82d3,K.Allen,WR,nfl-player-v1,0,0,18.299,2.027,0,0,0,0.005
2025,4,2025_04_LAC_NYG,LAC,00-0039915,7f5bf6e3-b07c-4361-bc95-0311908c7bf8,L.McConkey,WR,nfl-player-v1,0,0,15.041,1.702,0,0,0,0.005
2025,4,2025_04_LAC_NYG,LAC,00-0040189,070528cf-a9c0-48c4-a759-be8a5cd3922f,O.Gadsden,TE,nfl-player-v1,0,0,9.876,1.14,0,0,0,0.005
2025,4,2025_04_LAC_NYG,LAC,00-0040666,16cd7307-da4f-405d-a98d-e8bb22f5599f,O.Hampton,RB,nfl-player-v1,0,54.493,6.726,1.058,0,0,0,0.005
2025,4,2025_04_LAC_NYG,LAC,00-0038544,eb41f78e-bfc6-47e4-8f04-1d8b1231218f,Q.Johnston,WR,nfl-player-v1,0,0,33.774,3.546,0,0,0,0.005
2025,4,2025_04_LAC_NYG,LAC,00-0038614,8f098248-9e51-459e-9143-391d54b5fa5e,S.Matlock,RB,nfl-player-v1,0,6.18,3.227,0.532,0,0,0,0.005
2025,4,2025_04_LAC_NYG,LAC,00-0034270,5aff7be5-7bfe-4ff3-b286-81c0f9f0cd16,T.Conklin,TE,nfl-player-v1,0,0,6.322,0.744,0,0,0,0.005
2025,4,2025_04_LAC_NYG,LAC,00-0037654,0d83d213-d939-46f6-b48d-cbfa7e63c806,T.Fisk,TE,nfl-player-v1,0,0,6.221,0.735,0,0,0,0.005
2025,4,2025_04_LAC_NYG,LAC,00-0040727,ff157432-dabf-43cf-96af-8ff8ebad77a9,T.Harris,WR,nfl-player-v1,0,0,6.221,0.735,0,0,0,0.005
2025,4,2025_04_CHI_LV,LV,00-0040122,959ec041-e728-44e5-862c-b08ffa61a3f4,A.Jeanty,RB,nfl-player-v1,0,42.619,4.64,0.74,0,1.031,0.036,0.656
2025,4,2025_04_CHI_LV,LV,00-0039338,3e1facee-6951-4b77-b51f-1f7a04250828,B.Bowers,TE,nfl-player-v1,0,0,21.944,2.336,0,0,0.033,0.0322
2025,4,2025_04_CHI_LV,LV,00-0040581,5e310480-4f70-4fd6-9ede-56c1b6664853,D.Thornton,WR,nfl-player-v1,0,0,8.644,1.001,0,0,0.014,0.0139
2025,4,2025_04_CHI_LV,LV,00-0030565,47424b84-c636-49c2-8a25-9d3de0d3b504,G.Smith,QB,nfl-player-v1,110.444,6.139,0,0,0.691,0,0,0.005
2025,4,2025_04_CHI_LV,LV,00-0034960,55480340-bb90-4518-9695-e85dd3d36015,J.Meyers,,nfl-player-v1,0,0,23.75,2.511,0,0,0,0.005
2025,4,2025_04_CHI_LV,LV,00-0031687,e322f057-dca3-4242-83e0-4077db65cb28,R.Mostert,RB,nfl-player-v1,0,12.511,3.429,0.559,0,0.053,0.004,0.0559
2025,4,2025_04_CHI_LV,LV,00-0038563,b59c0df7-c6c7-412f-8abd-2bf54a74bfa2,T.Tucker,WR,nfl-player-v1,0,0.531,9.298,1.052,0,0,0,0.005
2025,4,2025_04_NYJ_MIA,MIA,00-0039040,f169e606-4f09-4947-8eef-b701b27cf612,D.Achane,RB,nfl-player-v1,0,42.387,4.099,0.659,0,0.617,0.019,0.4707
2025,4,2025_04_NYJ_MIA,MIA,00-0031610,f3ad686a-917f-495c-ba19-e67e7b21dad5,D.Waller,TE,nfl-player-v1,0,0,12.942,1.45,0,0,0.029,0.0286
2025,4,2025_04_NYJ_MIA,MIA,00-0038720,bf7b51db-74d4-4563-aeff-8dc9157a1c69,J.Hill,TE,nfl-player-v1,0,0,8.169,0.945,0,0,0.009,0.0094
2025,4,2025_04_NYJ_MIA,MIA,00-0036613,f6b9b938-482f-4332-96e6-e3e566d9efb2,J.Waddle,WR,nfl-player-v1,0,0,17.315,1.899,0,0,0.038,0.0373
2025,4,2025_04_NYJ_MIA,MIA,00-0039880,9f759ea4-6e4c-44b2-9eb1-44640e42493b,M.Washington,WR,nfl-player-v1,0,0.528,10.287,1.161,0,0,0,0.005
2025,4,2025_04_NYJ_MIA,MIA,00-0036182,723099fe-7e45-4cc2-9e19-be47b28fa150,N.Westbrook-Ikhine,WR,nfl-player-v1,0,0,6.431,0.753,0,0,0,0.005
2025,4,2025_04_NYJ_MIA,MIA,00-0040198,6f1b239c-9e82-490d-abfd-2aa17a03f3a1,O.Gordon,RB,nfl-player-v1,0,16.544,3.234,0.53,0,0.15,0.009,0.1474
2025,4,2025_04_NYJ_MIA,MIA,00-0033040,f2d53b95-9164-4690-9459-eb91bb312ee6,T.Hill,WR,nfl-player-v1,0,0,18.718,2.022,0,0,0,0.005
2025,4,2025_04_NYJ_MIA,MIA,00-0036212,25cc976d-3f53-414e-8503-80d7e5d5a513,T.Tagovailoa,QB,nfl-player-v1,110.935,5.653,0,0,0.695,0,0,0.005
2025,4,2025_04_MIN_PIT,MIN,00-0030035,f78e2b4f-796b-41c8-9af0-75caf042eb26,A.Thielen,,nfl-player-v1,0,0,7.837,0.914,0,0,0,0.005
2025,4,2025_04_MIN_PIT,MIN,00-0032950,c565508b-56fc-427f-bbad-c16a7809be60,C.Wentz,QB,nfl-player-v1,126.79,5.523,0,0,0.794,0,0,0.005
2025,4,2025_04_MIN_PIT,MIN,00-0038994,5ce4d5c2-18c4-4c4d-b3a0-039eb4a3d989,J.Addison,WR,nfl-player-v1,0,0,17.922,1.995,0,0,0,0.005
2025,4,2025_04_MIN_PIT,MIN,00-0036322,9bd851b9-cba5-4c2a-989a-792d495db187,J.Jefferson,WR,nfl-player-v1,0,0,25.919,2.781,0,0,0.032,0.0319
2025,4,2025_04_MIN_PIT,MIN,00-0037525,f3080ee8-3085-4c4a-8cb6-73cca736c41b,J.Mason,RB,nfl-player-v1,0,63.215,4.628,0.748,0,0.43,0.01,0.356
2025,4,2025_04_MIN_PIT,MIN,00-0037291,3c26dce6-b5d7-4026-b212-1b22c6b4a9e7,J.Nailor,WR,nfl-player-v1,0,0,12.125,1.39,0,0,0.065,0.0628
2025,4,2025_04_MIN_PIT,MIN,00-0035249,92cb0b66-4a07-426a-87cb-4c104a63b111,J.Oliver,TE,nfl-player-v1,0,0,6.043,0.714,0,0,0.008,0.0083
2025,4,2025_04_MIN_PIT,MIN,00-0035229,0993b895-f0b7-4d94-9a83-cb2895cf9093,T.Hockenson,TE,nfl-player-v1,0,0,12.866,1.461,0,0,0.017,0.0169
2025,4,2025_04_MIN_PIT,MIN,00-0038440,4c74f14f-2193-41d1-b3b4-fb34cb116198,Z.Scott,RB,nfl-player-v1,0,13.295,8.549,1.313,0,0.092,0.018,0.1037
2025,4,2025_04_CAR_NE,NE,00-0036328,e2943507-602c-4422-83d3-b8127cd1b899,A.Gibson,RB,nfl-player-v1,0,17.13,2.478,0.413,0,0.121,0.006,0.1192
2025,4,2025_04_CAR_NE,NE,00-0032392,da501cdf-983b-48c5-9918-7569b745567c,A.Hooper,TE,nfl-player-v1,0,0,7.343,0.854,0,0,0,0.005
2025,4,2025_04_CAR_NE,NE,00-0039851,c18b2fe3-1746-464c-9604-91eca99e8c5c,D.Maye,QB,nfl-player-v1,109.805,5.925,0,0,0.713,0.014,0,0.0138
2025,4,2025_04_CAR_NE,NE,00-0033090,835b972d-7fc1-48d2-bfb6-4ad15a30a0a1,H.Henry,TE,nfl-player-v1,0,0,10.499,1.192,0,0,0.014,0.0138
2025,4,2025_04_CAR_NE,NE,00-0033949,d1f89fac-509c-44c6-92ab-7c667d39aac0,J.Dobbs,QB,nfl-player-v1,98.729,4.235,0,0,0.618,0,0,0.005
2025,4,2025_04_CAR_NE,NE,00-0038608,353c0718-b585-42e4-9fdd-65abf246f4d1,K.Boutte,WR,nfl-player-v1,0,0,12.391,1.395,0,0,0,0.005
2025,4,2025_04_CAR_NE,NE,00-0040131,8490b4f2-0ce0-429e-93d9-e5bf60f69adf,K.Williams,WR,nfl-player-v1,0,0.308,4.715,0.558,0,0,0,0.005
2025,4,2025_04_CAR_NE,NE,00-0033555,927c45e7-007a-40b8-9592-815d97fbc701,M.Hollins,WR,nfl-player-v1,0,0,7.498,0.871,0,0,0.01,0.0101
2025,4,2025_04_CAR_NE,NE,00-0036875,64641499-cd80-4cac-adcf-0272f37d57cc,R.Stevenson,RB,nfl-player-v1,0,22.955,3.597,0.584,0,0.159,0.008,0.154
2025,4,2025_04_CAR_NE,NE,00-0031588,8ea2703a-b355-44a5-a0d5-3ade7964e460,S.Diggs,WR,nfl-player-v1,0,0,30.116,3.085,0,0,0.072,0.0695
2025,4,2025_04_CAR_NE,NE,00-0040734,8c7fdfc1-da82-46bd-8059-d38dfc782a85,T.Henderson,RB,nfl-player-v1,0,19.779,4.931,0.781,0,0.137,0.01,0.1367
2025,4,2025_04_NO_BUF,NO,00-0033906,c7b60e7b-fe31-4675-9e2b-66d4d9c7a2d4,A.Kamara,RB,nfl-player-v1,0,35.11,7.213,1.103,0,0.266,0.017,0.2463
2025,4,2025_04_NO_BUF,NO,00-0031236,16125e50-cd99-4225-a124-62507be3ffd8,B.Cooks,,nfl-player-v1,0,0,13.019,1.46,0,0,0.013,0.0127
2025,4,2025_04_NO_BUF,NO,00-0037239,3d8e6090-ab45-4750-a145-b5bc16812bc8,C.Olave,WR,nfl-player-v1,0,0,17.33,1.9,0,0,0.017,0.0165
2025,4,2025_04_NO_BUF,NO,00-0036040,e10fc805-9026-4fe2-8714-d074bd8ca1be,J.Johnson,TE,nfl-player-v1,0,0,10.818,1.226,0,0,0,0.005
2025,4,2025_04_NO_BUF,NO,00-0036741,9549fdf0-455b-4e22-98ae-4df76cb3cb2b,J.Stoll,TE,nfl-player-v1,0,0,6.652,0.779,0,0,0,0.005
2025,4,2025_04_NO_BUF,NO,00-0038551,7692e703-0c10-4245-bb50-a88585c6b0f4,K.Miller,RB,nfl-player-v1,0,26.148,2.477,0.413,0,0.276,0.008,0.2477
2025,4,2025_04_NO_BUF,NO,00-0037545,0a931859-dbbe-4421-8bdc-ee6094237041,R.Shaheed,,nfl-player-v1,0,0.48,15.56,1.704,0,0.001,0.03,0.0303
2025,4,2025_04_NO_BUF,NO,00-0039376,daa42eb7-39f7-4855-9cfb-36e187d1948a,S.Rattler,QB,nfl-player-v1,122.088,7.155,0,0,0.849,0.051,0,0.0493
2025,4,2025_04_LAC_NYG,NYG,00-0040715,17b3f22e-f45e-4eca-b13a-668a4cd32a8f,C.Skattebo,RB,nfl-player-v1,0,50.039,4.564,0.728,0,0.945,0.027,0.6219
2025,4,2025_04_LAC_NYG,NYG,00-0038115,7902e063-be70-413b-92a0-7ed450db8b6b,D.Bellinger,TE,nfl-player-v1,0,0,6.95,0.811,0,0,0,0.005
2025,4,2025_04_LAC_NYG,NYG,00-0035250,e7d55b0c-e17e-4747-9f12-d3c5933b5e3e,D.Singletary,RB,nfl-player-v1,0,17.056,2.471,0.412,0,0.049,0.002,0.0495
2025,4,2025_04_LAC_NYG,NYG,00-0035535,2e5cbb33-2ffd-4dc1-af97-8edb43d325e6,D.Slayton,WR,nfl-player-v1,0,0,14.881,1.648,0,0,0,0.005
2025,4,2025_04_LAC_NYG,NYG,00-0040691,df2c09c5-74cd-4fdf-907d-3b98983c4c2b,J.Dart,QB,nfl-player-v1,114.526,7.248,0,0,0.781,0.043,0,0.0422
2025,4,2025_04_LAC_NYG,NYG,00-0039337,5f5c5229-cf05-4a2f-871b-449570cab445,M.Nabers,WR,nfl-player-v1,0,0,11.856,1.339,0,0,0,0.005
2025,4,2025_04_LAC_NYG,NYG,00-0029263,2f65777c-88df-48e8-84f5-50d5b599b335,R.Wilson,QB,nfl-player-v1,93.994,3.886,0,0,0.588,0,0,0.005
2025,4,2025_04_LAC_NYG,NYG,00-0039847,7b9ebaff-f7d3-45f1-a0b0-07501c467f39,T.Johnson,TE,nfl-player-v1,0,0,17.584,1.923,0,0,0.018,0.0178
2025,4,2025_04_LAC_NYG,NYG,00-0038117,36776784-59f3-4a60-a1e7-609889d4b6cb,W.Robinson,WR,nfl-player-v1,0,0,16.901,1.849,0,0,0.035,0.0339
2025,4,2025_04_NYJ_MIA,NYJ,00-0034521,4f55c8d1-727c-4720-b597-1b813dfc2e02,A.Lazard,WR,nfl-player-v1,0,0,6.61,0.775,0,0,0,0.005
2025,4,2025_04_NYJ_MIA,NYJ,00-0039794,c16468cf-57e7-4340-8e23-9075fd8d41ba,B.Allen,RB,nfl-player-v1,0,13.699,2.471,0.412,0,0.196,0.011,0.1866
2025,4,2025_04_NYJ_MIA,NYJ,00-0038120,735192a9-d468-49d0-b370-970c18fabac5,B.Hall,RB,nfl-player-v1,0,35.864,8.392,1.271,0,0.24,0.017,0.2266
2025,4,2025_04_NYJ_MIA,NYJ,00-0037740,74cc7436-fd66-4ec7-8ce4-61c742ca2f5a,G.Wilson,WR,nfl-player-v1,0,0,23.448,2.5,0,0,0,0.005
2025,4,2025_04_NYJ_MIA,NYJ,00-0039798,3a986b7a-a012-40ca-9f01-2aa8cd1484bd,I.Davis,RB,nfl-player-v1,0,11.983,4.154,0.67,0,0.084,0.009,0.0892
2025,4,2025_04_NYJ_MIA,NYJ,00-0036945,d0778b59-dc20-4250-a23a-875e29d27acc,J.Fields,QB,nfl-player-v1,123.386,8.444,0,0,0.83,0.04,0,0.039
2025,4,2025_04_NYJ_MIA,NYJ,00-0033943,acc8f432-b907-4fdf-84cb-69390cf04c23,J.Reynolds,WR,nfl-player-v1,0,0,8.219,0.958,0,0,0,0.005
2025,4,2025_04_NYJ_MIA,NYJ,00-0037805,49ad0f0d-981d-4fc4-b589-2f6ecafc1b42,J.Ruckert,TE,nfl-player-v1,0,0,6.61,0.775,0,0,0,0.005
2025,4,2025_04_NYJ_MIA,NYJ,00-0040736,05d9b42e-040e-46c9-8a22-97abfe74c5ce,M.Taylor,TE,nfl-player-v1,0,0,20.607,2.229,0,0,0,0.005
2025,4,2025_04_PHI_TB,PHI,00-0035676,e97f648c-f826-40a0-a562-437d2714fd40,A.Brown,WR,nfl-player-v1,0,0,24.608,2.619,0,0,0,0.005
2025,4,2025_04_PHI_TB,PHI,00-0036265,362301d5-6a24-485e-889d-7f3eafbb66b3,A.Dillon,RB,nfl-player-v1,0,11.284,2.471,0.412,0,0,0,0.005
2025,4,2025_04_PHI_TB,PHI,00-0036313,b575f10f-9b8e-47d8-a202-f9f3b58d9b44,B.Mann,P,nfl-player-v1,0,0.252,4.711,0.558,0,0,0,0.005
2025,4,2025_04_PHI_TB,PHI,00-0034351,fa192789-c280-45f1-b92c-b3d6a2e97cb5,D.Goedert,TE,nfl-player-v1,0,0,13.527,1.505,0,0,0.053,0.0513
2025,4,2025_04_PHI_TB,PHI,00-0036912,d0e121df-25e6-4268-9e79-b99acb8e9160,D.Smith,WR,nfl-player-v1,0,0,8.737,1.005,0,0,0,0.005
2025,4,2025_04_PHI_TB,PHI,00-0037086,8735f01e-d001-4390-9408-f3de8989eca3,G.Calcaterra,TE,nfl-player-v1,0,0,8.332,0.963,0,0,0,0.005
2025,4,2025_04_PHI_TB,PHI,00-0036389,c415d118-a039-407a-a350-3e89d8042e25,J.Hurts,QB,nfl-player-v1,118.001,8.312,0,0,0.821,0.059,0,0.057
2025,4,2025_04_PHI_TB,PHI,00-0037614,48a86180-2857-4c87-a70a-b3b156f158dc,J.Metchie,,nfl-player-v1,0,0,8.737,1.005,0,0,0,0.005
2025,4,2025_04_PHI_TB,PHI,00-0034844,9a93ddfe-033a-4098-acc7-9be147087ec8,S.Barkley,RB,nfl-player-v1,0,42.102,6.296,0.976,0,0.634,0.029,0.4847
2025,4,2025_04_PHI_TB,PHI,00-0039746,53f7c2dd-3fec-4e55-9991-00e4d7c2fc74,W.Shipley,RB,nfl-player-v1,0,6.314,3.339,0.546,0,0,0,0.005
2025,4,2025_04_MIN_PIT,PIT,00-0023459,9cd40a7b-735b-4670-bf0e-4d357c5b3e10,A.Rodgers,QB,nfl-player-v1,111.343,4.901,0,0,0.697,0,0,0.005
2025,4,2025_04_MIN_PIT,PIT,00-0036862,c11cc7b3-6b0b-4a40-b6df-d3148f8c2825,B.Skowronek,WR,nfl-player-v1,0,0,6.581,0.773,0,0,0.007,0.0067
2025,4,2025_04_MIN_PIT,PIT,00-0037837,bb6900c7-cf17-450b-b596-4a3542add3ef,C.Austin,WR,nfl-player-v1,0,0,9.305,1.067,0,0,0,0.005
2025,4,2025_04_MIN_PIT,PIT,00-0037304,c3cd242e-0ded-4370-b254-f6582de39903,Co.Heyward,TE,nfl-player-v1,0,0.303,4.807,0.569,0,0,0,0.005
2025,4,2025_04_MIN_PIT,PIT,00-0035640,4aefe4b3-05d4-4513-8386-ceefefe04e87,D.Metcalf,WR,nfl-player-v1,0,0,18.444,2.004,0,0,0.018,0.0174
2025,4,2025_04_MIN_PIT,PIT,00-0038558,f011864a-8a7b-4638-b49f-d229e07bcfea,D.Washington,TE,nfl-player-v1,0,0,11.952,1.346,0,0,0.012,0.0117
2025,4,2025_04_MIN_PIT,PIT,00-0033858,8b8c7b1a-90f6-4931-b9d8-3c8cfb0c920b,J.Smith,TE,nfl-player-v1,0,0,9.603,1.087,0,0,0,0.005
2025,4,2025_04_MIN_PIT,PIT,00-0036919,8a95e757-cf19-40cd-9cc1-77255bb487f1,K.Gainwell,RB,nfl-player-v1,0,45.237,9.65,1.434,0,0.995,0.065,0.6534
2025,4,2025_04_MIN_PIT,PIT,00-0040142,d4eda4a8-fe86-4f99-a138-c013a635acf3,K.Johnson,RB,nfl-player-v1,0,17.006,3.38,0.552,0,0.09,0.006,0.091
2025,4,2025_04_MIN_PIT,PIT,00-0035298,0b36dce8-d96f-41bf-9a25-a9ebf8c29895,S.Miller,WR,nfl-player-v1,0,0,6.581,0.773,0,0,0.007,0.0067
2025,4,2025_04_SEA_ARI,SEA,00-0039793,1359d114-9fb9-4783-8101-efdec545f961,A.Barner,TE,nfl-player-v1,0,0,11.075,1.253,0,0,0.018,0.0174
2025,4,2025_04_SEA_ARI,SEA,00-0033908,42465aa3-53c4-4afb-bf91-0ac136659ba3,C.Kupp,WR,nfl-player-v1,0,0,15.552,1.712,0,0,0.024,0.0237
2025,4,2025_04_SEA_ARI,SEA,00-0040739,6705ba1e-91f0-4d99-81fe-b1a147c65a6d,E.Arroyo,TE,nfl-player-v1,0,0,12.964,1.458,0,0,0.02,0.0202
2025,4,2025_04_SEA_ARI,SEA,00-0038752,b63fdf70-1305-4f5c-9a69-0521e037cafc,J.Bobo,WR,nfl-player-v1,0,0,6.673,0.781,0,0,0,0.005
2025,4,2025_04_SEA_ARI,SEA,00-0038543,8d9cebd3-3534-48a0-a4e9-2c0ebc5c1c94,J.Smith-Njigba,WR,nfl-player-v1,0,0.726,15.902,1.73,0,0,0,0.005
2025,4,2025_04_SEA_ARI,SEA,00-0038134,593d9bcd-2ae1-41ca-bf16-2d3c62d5b196,K.Walker,RB,nfl-player-v1,0,41.195,4.221,0.678,0,0.338,0.011,0.2945
2025,4,2025_04_SEA_ARI,SEA,00-0034869,3a4bd5d6-8b01-4324-8449-d0f7c2059e36,S.Darnold,QB,nfl-player-v1,113.152,4.782,0,0,0.708,0,0,0.005
2025,4,2025_04_SEA_ARI,SEA,00-0040648,25a7a31f-fff0-4a52-96c3-f40f823c5343,T.Horton,WR,nfl-player-v1,0,0,8.363,0.967,0,0,0,0.005
2025,4,2025_04_SEA_ARI,SEA,00-0039165,7bb1ecbd-ce2a-443f-881d-e3f993b6a1c0,Z.Charbonnet,RB,nfl-player-v1,0,23.864,3.619,0.582,0,0.396,0.019,0.3395
2025,4,2025_04_JAX_SF,SF,00-0037834,fb4669d0-c27f-4ea4-bd37-8d3bad299f07,B.Purdy,QB,nfl-player-v1,125.483,5.689,0,0,0.786,0,0,0.005
2025,4,2025_04_JAX_SF,SF,00-0037746,00b3cb74-e58d-4660-b1df-2376a82120b6,B.Robinson,RB,nfl-player-v1,0,18.666,2.471,0.412,0,0.072,0.003,0.0727
2025,4,2025_04_JAX_SF,SF,00-0033280,ae3498a3-f309-4ea2-a3c1-031f013cc394,C.McCaffrey,RB,nfl-player-v1,0,55.026,12.399,1.826,0,0.987,0.066,0.6512
2025,4,2025_04_JAX_SF,SF,00-0032775,03ab017e-f181-4486-9661-1c6485dedf19,D.Robinson,WR,nfl-player-v1,0,0,7.735,0.903,0,0,0,0.005
2025,4,2025_04_JAX_SF,SF,00-0036259,046bd3b8-161d-4c19-9816-df5ce3e96947,J.Jennings,WR,nfl-player-v1,0,0,11.041,1.255,0,0,0.048,0.0468
2025,4,2025_04_JAX_SF,SF,00-0037112,a83d87f5-9208-48ee-a81c-bba3090ea426,J.Tonges,TE,nfl-player-v1,0,0,13.17,1.492,0,0,0,0.005
2025,4,2025_04_JAX_SF,SF,00-0033307,77cbc405-dc41-40e4-b0bd-dd8a73396612,K.Bourne,WR,nfl-player-v1,0,0,10.934,1.257,0,0,0,0.005
2025,4,2025_04_JAX_SF,SF,00-0029892,86ed80c1-0dd7-4c07-a0b3-cea9fab60c0a,K.Juszczyk,RB,nfl-player-v1,0,6.413,4.821,0.776,0,0,0,0.005
2025,4,2025_04_JAX_SF,SF,00-0036887,d379e74d-8a48-4767-b405-a32b09db1b28,L.Farrell,TE,nfl-player-v1,0,0,7.858,0.914,0,0,0.012,0.0116
2025,4,2025_04_JAX_SF,SF,00-0039916,da658afc-9594-4977-9a7c-3939c1bb4aee,R.Pearsall,WR,nfl-player-v1,0,0,11.504,1.299,0,0,0,0.005
2025,4,2025_04_JAX_SF,SF,00-0038090,6e757178-0d20-49cf-a88a-c4b47817ff31,S.Moore,WR,nfl-player-v1,0,0,6.121,0.723,0,0,0,0.005
2025,4,2025_04_PHI_TB,TB,00-0039361,b53d67a4-0051-474f-816c-9a3d9b661634,B.Irving,RB,nfl-player-v1,0,45.235,6.273,0.988,0,0.736,0.032,0.536
2025,4,2025_04_PHI_TB,TB,00-0034855,56c2266e-4dc1-4c37-8f44-6323a36613de,B.Mayfield,QB,nfl-player-v1,104.605,4.665,0,0,0.655,0,0,0.005
2025,4,2025_04_PHI_TB,TB,00-0033921,90fcc742-b736-44f4-994f-094724be0c09,C.Godwin,WR,nfl-player-v1,0,0,18.872,2.065,0,0,0.058,0.0562
2025,4,2025_04_PHI_TB,TB,00-0038129,4f63ff11-fe96-4aa7-9831-9536b01dd6a9,C.Otton,TE,nfl-player-v1,0,0,10.97,1.254,0,0,0,0.005
2025,4,2025_04_PHI_TB,TB,00-0040129,bac91e1b-f24a-431e-a656-d23a3ef5e9f5,E.Egbuka,WR,nfl-player-v1,0,0.318,22.205,2.411,0,0,0,0.005
2025,4,2025_04_PHI_TB,TB,00-0037256,af7855b9-7e3c-41da-a2b8-8c7f6cd88bee,R.White,RB,nfl-player-v1,0,21.362,6.166,0.971,0,0.178,0.016,0.1757
2025,4,2025_04_PHI_TB,TB,00-0032385,2036bbd6-7375-422e-bdbc-7822b5bffdce,S.Shepard,WR,nfl-player-v1,0,0.313,10.917,1.246,0,0,0,0.005
2025,4,2025_04_PHI_TB,TB,00-0040237,5c294442-eaea-4ed0-a4fd-c33a7509bf48,T.Johnson,WR,nfl-player-v1,0,0.316,6.32,0.74,0,0,0,0.005
2025,4,2025_04_TEN_HOU,TEN,00-0040705,f3027194-2b41-4db7-b6e1-10cb47514b73,C.Dike,WR,nfl-player-v1,0,0.438,4.721,0.558,0,0,0,0.005
2025,4,2025_04_TEN_HOU,TEN,00-0037809,64755288-83b6-45d3-9d82-11807c2f5994,C.Okonkwo,TE,nfl-player-v1,0,0,12.231,1.395,0,0,0,0.005
2025,4,2025_04_TEN_HOU,TEN,00-0034837,20728b4d-f625-4cd5-a2a6-9c6c76360516,C.Ridley,WR,nfl-player-v1,0,0,12.721,1.442,0,0,0,0.005
2025,4,2025_04_TEN_HOU,TEN,00-0040676,f16bf5f1-4c50-449b-b1d4-ad4d66db60cb,C.Ward,QB,nfl-player-v1,117.431,5.789,0,0,0.735,0,0,0.005
2025,4,2025_04_TEN_HOU,TEN,00-0040170,527aee16-44d6-4527-9ec1-b6d981e9e8c1,E.Ayomanor,WR,nfl-player-v1,0,0,25.121,2.716,0,0,0,0.005
2025,4,2025_04_TEN_HOU,TEN,00-0040584,7e6d7376-3ff9-4d2b-8022-f47c0fbc308e,G.Helm,TE,nfl-player-v1,0,0,7.303,0.854,0,0,0,0.005
2025,4,2025_04_TEN_HOU,TEN,00-0037594,08786b66-962c-43b2-b93f-257484f8c7fb,J.Chestnut,RB,nfl-player-v1,0,8.751,3.559,0.582,0,0,0,0.005
2025,4,2025_04_TEN_HOU,TEN,00-0032211,766ec4f5-92c5-4b06-a338-38a14f175030,T.Lockett,,nfl-player-v1,0,0,14.637,1.658,0,0,0,0.005
2025,4,2025_04_TEN_HOU,TEN,00-0035261,61edd687-3a13-4c2f-8e86-d493ced4295b,T.Pollard,RB,nfl-player-v1,0,45.341,6.209,0.978,0,0,0,0.005
2025,4,2025_04_TEN_HOU,TEN,00-0036415,de90c83e-b445-439c-befe-655f3d2c50d7,V.Jefferson,WR,nfl-player-v1,0,0,7.303,0.854,0,0,0,0.005
2025,4,2025_04_WAS_ATL,WAS,00-0032398,22b4db5b-c301-4ba2-98d9-953136ef966f,C.Moore,WR,nfl-player-v1,0,0.368,11.14,1.274,0,0,0,0.005
2025,4,2025_04_WAS_ATL,WAS,00-0038611,910e0e65-f202-42a6-afa5-c4a2cebe4b2a,C.Rodriguez,RB,nfl-player-v1,0,21.479,2.471,0.412,0,0.228,0.008,0.21
2025,4,2025_04_WAS_ATL,WAS,00-0035719,7bb0990e-39c4-4d54-9fd7-b1d9bc9d8288,D.Samuel,WR,nfl-player-v1,0,1.151,21.747,2.31,0,0.002,0.04,0.0417
2025,4,2025_04_WAS_ATL,WAS,00-0040242,25d9ee1b-68c9-4de4-ad0f-25efe8210850,J.Croskey-Merritt,RB,nfl-player-v1,0,18.929,3.914,0.63,0,0,0,0.005
2025,4,2025_04_WAS_ATL,WAS,00-0040164,8f6e73b4-1f9c-4db2-b36b-660751127569,J.Lane,WR,nfl-player-v1,0,0,11.677,1.329,0,0,0,0.005
2025,4,2025_04_WAS_ATL,WAS,00-0033955,01c9d65e-2883-4bde-a469-45abe5508fee,J.McNichols,RB,nfl-player-v1,0,10.609,4.471,0.719,0,0.056,0.007,0.0615
2025,4,2025_04_WAS_ATL,WAS,00-0039355,b7c200b0-4cfb-412c-921e-a780f8692b75,L.McCaffrey,WR,nfl-player-v1,0,0,11.677,1.329,0,0,0.023,0.023
2025,4,2025_04_WAS_ATL,WAS,00-0032268,48b54b83-0ee8-4633-88ca-470939b150e0,M.Mariota,QB,nfl-player-v1,115.643,5.603,0,0,0.724,0,0,0.005
2025,4,2025_04_WAS_ATL,WAS,00-0037524,4abf543b-e1f6-4494-846e-6301c3f079f6,T.Martin,WR,nfl-player-v1,0,0,6.991,0.818,0,0,0,0.005
2025,4,2025_04_WAS_ATL,WAS,00-0030061,f42aa3a3-06fe-490e-afb7-07a36d947c7c,Z.Ertz,TE,nfl-player-v1,0,0,17.173,1.912,0,0,0.067,0.0647
2025,5,2025_05_TEN_ARI,ARI,00-0038705,de81a074-52e4-452a-a923-496eddc6a5d0,E.Demercado,RB,nfl-player-v1,0,12.374,2.471,0.412,0,0,0,0.005
2025,5,2025_05_TEN_ARI,ARI,00-0039041,1b207068-6c7e-480f-9923-06f2128115d6,E.Higgins,TE,nfl-player-v1,0,0,8.287,0.959,0,0,0,0.005
2025,5,2025_05_TEN_ARI,ARI,00-0035500,8d89d9ff-87bf-47c7-bdb7-6387fd2063b9,G.Dortch,WR,nfl-player-v1,0,0,7.048,0.816,0,0,0.013,0.0126
2025,5,2025_05_TEN_ARI,ARI,00-0033119,237a8679-0c0a-480b-870d-514d0c50523f,J.Brissett,QB,nfl-player-v1,99.202,4.235,0,0,0.621,0,0,0.005
2025,5,2025_05_TEN_ARI,ARI,00-0035228,35cc13e2-07c8-47ec-a3f1-171f1c79da4c,K.Murray,QB,nfl-player-v1,120.134,6.299,0,0,0.826,0.04,0,0.0388
2025,5,2025_05_TEN_ARI,ARI,00-0036924,324eed4d-0d36-4dcf-818b-f956af29d709,M.Carter,RB,nfl-player-v1,0,47.061,7.034,1.09,0,0.42,0.019,0.3558
2025,5,2025_05_TEN_ARI,ARI,00-0039849,4c27a10c-963d-444e-b235-b46f4b652866,M.Harrison,WR,nfl-player-v1,0,0,14.88,1.66,0,0,0,0.005
2025,5,2025_05_TEN_ARI,ARI,00-0038559,befb93dc-de67-4344-9d23-a1fa6a9d682f,Mi.Wilson,WR,nfl-player-v1,0,0,12.098,1.374,0,0,0,0.005
2025,5,2025_05_TEN_ARI,ARI,00-0037744,87b536c6-701f-4a71-b52e-0d8f7d4ec694,T.McBride,TE,nfl-player-v1,0,0,19.476,2.125,0,0,0.033,0.0325
2025,5,2025_05_TEN_ARI,ARI,00-0039737,d5b26815-d0a3-4d18-9a26-297fcfbeae6a,T.Reiman,TE,nfl-player-v1,0,0,6.288,0.741,0,0,0,0.005
2025,5,2025_05_TEN_ARI,ARI,00-0033891,06642612-e554-4a8b-8a58-cdde619ee247,Z.Jones,WR,nfl-player-v1,0,0,10.327,1.184,0,0,0,0.005
2025,5,2025_05_TEN_ARI,ARI,00-0037157,efbc865a-57b4-4ae3-ab3d-27d27dffa258,Z.Knight,RB,nfl-player-v1,0,14.762,3.309,0.543,0,0.14,0.01,0.1387
2025,5,2025_05_HOU_BAL,BAL,00-0038046,6f5a73e0-41fa-40ec-aa08-ce3f64fad723,C.Kolar,TE,nfl-player-v1,0,0,7.368,0.859,0,0,0,0.005
2025,5,2025_05_HOU_BAL,BAL,00-0033662,203414fc-a16a-4633-adec-aaeb845d0a44,C.Rush,QB,nfl-player-v1,110.436,4.323,0,0,0.691,0,0,0.005
2025,5,2025_05_HOU_BAL,BAL,00-0032764,31b668ff-08d5-4913-8678-4c5c2fb906ca,D.Henry,RB,nfl-player-v1,0,44.648,3.579,0.583,0,0.911,0.023,0.6072
2025,5,2025_05_HOU_BAL,BAL,00-0030564,1bd6ba6e-0334-4184-a6f8-4d5dcf7c276f,D.Hopkins,WR,nfl-player-v1,0,0,10.293,1.175,0,0,0,0.005
2025,5,2025_05_HOU_BAL,BAL,00-0037838,ae5846b3-e4d7-42a1-bd13-81760f0a83b2,I.Likely,TE,nfl-player-v1,0,0,7.368,0.859,0,0,0,0.005
2025,5,2025_05_HOU_BAL,BAL,00-0034975,4bf90f48-14f6-42ab-aa72-7f4e7b87e638,J.Hill,RB,nfl-player-v1,0,8.72,4.805,0.767,0,0,0,0.005
2025,5,2025_05_HOU_BAL,BAL,00-0038454,4c8b2a02-d4ab-4896-af38-2a000c2591f3,K.Mitchell,RB,nfl-player-v1,0,13.611,3.618,0.59,0,0.096,0.008,0.0987
2025,5,2025_05_HOU_BAL,BAL,00-0034753,3c8c24b6-f2b3-4130-86e6-389a16aa6104,M.Andrews,TE,nfl-player-v1,0,0,13.001,1.464,0,0,0,0.005
2025,5,2025_05_HOU_BAL,BAL,00-0036550,18c06a21-f854-4f11-89ad-f617293f9cea,R.Bateman,WR,nfl-player-v1,0,0,12.092,1.379,0,0,0,0.005
2025,5,2025_05_HOU_BAL,BAL,00-0039064,a4c95f75-76ae-4729-b36b-053b14fb2a51,Z.Flowers,WR,nfl-player-v1,0,0,20.853,2.244,0,0,0.052,0.051
2025,5,2025_05_HOU_BAL,BAL,00-0037340,77e7e669-8692-4170-bf99-1bdbcce99455,Z.Mitchell-Paden,,nfl-player-v1,0,0,7.199,0.839,0,0,0,0.005
2025,5,2025_05_NE_BUF,BUF,00-0033282,8fb77061-caa4-4ab3-93ac-3f435b1dad39,C.Samuel,WR,nfl-player-v1,0,0,8.363,0.968,0,0,0.01,0.0104
2025,5,2025_05_NE_BUF,BUF,00-0038933,8a6f4627-ab82-4cb4-92df-699336ac1690,D.Kincaid,TE,nfl-player-v1,0,0,17.444,1.912,0,0,0,0.005
2025,5,2025_05_NE_BUF,BUF,00-0035689,83978a45-a7da-408d-a462-426f5444a908,D.Knox,TE,nfl-player-v1,0,0,8.363,0.968,0,0,0,0.005
2025,5,2025_05_NE_BUF,BUF,00-0034857,32369b37-6bce-4910-acfa-f658676697d3,J.Allen,QB,nfl-player-v1,123.921,8.743,0,0,0.829,0.038,0,0.0373
2025,5,2025_05_NE_BUF,BUF,00-0037248,61da158c-dacb-4567-8ec7-9521d0868e5f,J.Cook,RB,nfl-player-v1,0,36.828,3.21,0.527,0,0.354,0.01,0.3046
2025,5,2025_05_NE_BUF,BUF,00-0036988,df43fb4f-7e20-4384-83d0-fc24bbea7428,J.Palmer,WR,nfl-player-v1,0,0,8.17,0.945,0,0,0,0.005
2025,5,2025_05_NE_BUF,BUF,00-0039901,15497e04-abce-413c-b84b-6928c1f96d77,K.Coleman,WR,nfl-player-v1,0,0,18.612,2.039,0,0,0.022,0.0217
2025,5,2025_05_NE_BUF,BUF,00-0037261,a182f320-892e-4344-8c39-d03ec8d397c4,K.Shakir,WR,nfl-player-v1,0,0.29,24.058,2.557,0,0.001,0.083,0.0802
2025,5,2025_05_NE_BUF,BUF,00-0039875,51239dbe-c985-42a4-bdb6-e31bea991d12,R.Davis,RB,nfl-player-v1,0,10.096,2.471,0.412,0,0.033,0.003,0.0353
2025,5,2025_05_NE_BUF,BUF,00-0038679,0007cf4b-7ab2-42a0-a8b5-54ac02754320,T.Shavers,WR,nfl-player-v1,0,0,6.228,0.734,0,0,0,0.005
2025,5,2025_05_NE_BUF,BUF,00-0035537,7927f661-8fb2-47a7-988d-d39a7c8038be,Ty.Johnson,RB,nfl-player-v1,0,10.096,2.471,0.412,0,0.033,0.003,0.0353
2025,5,2025_05_MIA_CAR,CAR,00-0038840,fd80a968-a921-45e8-a684-5bea39ff69b1,B.Tremayne,WR,nfl-player-v1,0,0,6.659,0.781,0,0,0,0.005
2025,5,2025_05_MIA_CAR,CAR,00-0039150,c28c1088-1b0f-497f-bfdb-1a7a9cde1e89,B.Young,QB,nfl-player-v1,114.015,4.74,0,0,0.74,0.011,0,0.0113
2025,5,2025_05_MIA_CAR,CAR,00-0034983,61cd0e72-b9fb-41e8-8c55-e743845d576c,H.Renfrow,WR,nfl-player-v1,0,0,10.228,1.174,0,0,0,0.005
2025,5,2025_05_MIA_CAR,CAR,00-0037282,8bb9ab35-3c9e-4959-bb6a-35b56a8192e9,J.Mitchell,TE,nfl-player-v1,0,0,6.659,0.781,0,0,0,0.005
2025,5,2025_05_MIA_CAR,CAR,00-0040218,77922ed5-6b51-4d23-8894-56a5ab1b2c1a,Ji.Horn,WR,nfl-player-v1,0,0.557,10.779,1.22,0,0.001,0.014,0.0149
2025,5,2025_05_MIA_CAR,CAR,00-0040187,4c908559-bee0-4e03-892b-acb185733f1c,M.Evans,TE,nfl-player-v1,0,0,6.659,0.781,0,0,0.009,0.0091
2025,5,2025_05_MIA_CAR,CAR,00-0036139,5247cf70-ccdc-4fee-abb5-56faa544291f,R.Dowdle,RB,nfl-player-v1,0,55.855,6.264,0.979,0,0.745,0.026,0.5375
2025,5,2025_05_MIA_CAR,CAR,00-0040644,fb47152c-3c47-4517-aafd-6bb67424d19d,T.Etienne,RB,nfl-player-v1,0,14.168,3.335,0.547,0,0.05,0.004,0.0524
2025,5,2025_05_MIA_CAR,CAR,00-0040124,fe874b96-e2c0-4f68-9815-af65b06e6738,T.McMillan,WR,nfl-player-v1,0,0,24.191,2.581,0,0,0.06,0.0584
2025,5,2025_05_MIA_CAR,CAR,00-0037005,2a5af105-ecb4-4ae4-89c6-d47b7b108737,T.Tremble,TE,nfl-player-v1,0,0,8.339,0.967,0,0,0,0.005
2025,5,2025_05_MIA_CAR,CAR,00-0039342,2f0f3999-0f08-41d7-83f3-7bf733899142,X.Legette,WR,nfl-player-v1,0,0,10.807,1.235,0,0,0.014,0.0143
2025,5,2025_05_DET_CIN,CIN,00-0038619,7da25b9b-7510-4f92-98a5-2cb63cd6aa2d,A.Iosivas,WR,nfl-player-v1,0,0,17.627,1.959,0,0,0.046,0.0447
2025,5,2025_05_DET_CIN,CIN,00-0038597,5b052584-0cb1-4079-abf3-1c8954958e62,C.Brown,RB,nfl-player-v1,0,34.772,9.15,1.398,0,0,0,0.005
2025,5,2025_05_DET_CIN,CIN,00-0035631,9505074b-e13e-401f-a269-a589537be748,D.Sample,TE,nfl-player-v1,0,0,6.24,0.735,0,0,0,0.005
2025,5,2025_05_DET_CIN,CIN,00-0035100,1d4cec7f-feb8-41e0-8087-6a8bb22061a5,J.Browning,QB,nfl-player-v1,127.332,7.692,0,0,0.856,0.037,0,0.0363
2025,5,2025_05_DET_CIN,CIN,00-0036900,fa88fc04-ab72-4b44-b18f-196905155362,J.Chase,WR,nfl-player-v1,0,0,24.141,2.618,0,0,0.061,0.0593
2025,5,2025_05_DET_CIN,CIN,00-0034829,75916bc5-a3af-4067-9720-00cca5c17ac9,M.Gesicki,TE,nfl-player-v1,0,0,12.902,1.469,0,0,0,0.005
2025,5,2025_05_DET_CIN,CIN,00-0033526,8b7e765c-715a-49e2-b062-5527b649c39c,S.Perine,RB,nfl-player-v1,0,19.778,3.953,0.644,0,0.139,0.009,0.1373
2025,5,2025_05_DET_CIN,CIN,00-0036410,891d5ad8-ad2b-40a2-bd88-2f4c64d4009a,T.Higgins,WR,nfl-player-v1,0,0,16.915,1.892,0,0,0.044,0.0432
2025,5,2025_05_MIN_CLE,CLE,00-0040704,7af9c46c-c099-4877-b651-9719ed598171,D.Gabriel,QB,nfl-player-v1,114.063,5.13,0,0,0.714,0,0,0.005
2025,5,2025_05_MIN_CLE,CLE,00-0033885,7803b6a3-2944-46a1-a2f7-8c64e92fc82d,D.Njoku,TE,nfl-player-v1,0,0,22.962,2.466,0,0,0.061,0.0591
2025,5,2025_05_MIN_CLE,CLE,00-0040162,b934c25d-e16b-4088-ade1-894632b8045f,D.Sampson,RB,nfl-player-v1,0,8.171,3.892,0.631,0,0,0,0.005
2025,5,2025_05_MIN_CLE,CLE,00-0040663,62719d0e-0efc-456e-8df8-828cc1cf4abe,H.Fannin,TE,nfl-player-v1,0,0,11.638,1.315,0,0,0.011,0.0108
2025,5,2025_05_MIN_CLE,CLE,00-0040782,3193f354-0b23-4321-b879-2e9fcd02ec84,I.Bond,WR,nfl-player-v1,0,0,16.597,1.841,0,0,0.03,0.0299
2025,5,2025_05_MIN_CLE,CLE,00-0037267,3a0091ff-06bf-492a-9528-03ae4f8f866d,J.Ford,RB,nfl-player-v1,0,16.233,3.95,0.64,0,0.081,0.006,0.083
2025,5,2025_05_MIN_CLE,CLE,00-0036407,c669f87b-fdf2-458b-92b9-5fc841b4bec5,J.Jeudy,WR,nfl-player-v1,0,0,12.903,1.457,0,0,0.012,0.0119
2025,5,2025_05_MIN_CLE,CLE,00-0039379,41a0c66a-cf0b-4519-a28d-a12b879a5031,J.Thrash,WR,nfl-player-v1,0,0,6.226,0.731,0,0,0,0.005
2025,5,2025_05_MIN_CLE,CLE,00-0039920,f3dfcb32-2500-4f7d-8e4a-0b276a390d97,M.Corley,WR,nfl-player-v1,0,0.257,4.804,0.569,0,0,0,0.005
2025,5,2025_05_MIN_CLE,CLE,00-0040784,62023d1d-a5ea-44d8-bde5-fe8b08113b5a,Q.Judkins,RB,nfl-player-v1,0,54.23,3.959,0.642,0,0.911,0.021,0.6063
2025,5,2025_05_DAL_NYJ,DAL,00-0033077,6b202b45-4554-4645-8ff5-4ee830907717,D.Prescott,QB,nfl-player-v1,118.34,6.55,0,0,0.741,0,0,0.005
2025,5,2025_05_DAL_NYJ,DAL,00-0037247,35484e4c-03b7-453e-80fd-be2fa1ac62aa,G.Pickens,WR,nfl-player-v1,0,0,12.544,1.42,0,0,0.022,0.0218
2025,5,2025_05_DAL_NYJ,DAL,00-0038738,7d6dc53b-3a2a-4006-8120-947f79a43223,H.Luepke,RB,nfl-player-v1,0,6.328,3.38,0.554,0,0,0,0.005
2025,5,2025_05_DAL_NYJ,DAL,00-0040586,682f2bcc-ad9a-49fd-b648-fd767ab9c15d,J.Blue,RB,nfl-player-v1,0,14.254,2.471,0.412,0,0,0,0.005
2025,5,2025_05_DAL_NYJ,DAL,00-0038041,631385df-a7e6-4eb7-8b2b-e19769a2551f,J.Ferguson,TE,nfl-player-v1,0,0,26.723,2.819,0,0,0.088,0.084
2025,5,2025_05_DAL_NYJ,DAL,00-0037666,68f4a835-6990-4ab8-a10f-db8aa110439f,J.Tolbert,WR,nfl-player-v1,0,0,6.369,0.75,0,0,0,0.005
2025,5,2025_05_DAL_NYJ,DAL,00-0036997,75533a5b-1037-45da-a572-2ccf5f61abc0,J.Williams,RB,nfl-player-v1,0,40.738,4.231,0.683,0,0.929,0.03,0.6169
2025,5,2025_05_DAL_NYJ,DAL,00-0038547,7df365f8-b808-4ecf-8454-fe5ccbc0e2f4,L.Schoonmaker,TE,nfl-player-v1,0,0,8.313,0.965,0,0,0,0.005
2025,5,2025_05_DAL_NYJ,DAL,00-0039410,b9c5b95f-dcad-4853-bbe4-c3b2db8b2c1d,R.Flournoy,WR,nfl-player-v1,0,0.659,26.781,2.811,0,0,0,0.005
2025,5,2025_05_DEN_PHI,DEN,00-0036727,2e3ef41a-d0ea-473a-b249-559f5a424df1,A.Prentice,RB,nfl-player-v1,0,8.604,2.52,0.42,0,0,0,0.005
2025,5,2025_05_DEN_PHI,DEN,00-0036422,b141ab2c-c6c5-49b2-94f4-781604cbeb98,A.Trautman,TE,nfl-player-v1,0,0,6.32,0.744,0,0,0,0.005
2025,5,2025_05_DEN_PHI,DEN,00-0039732,40159058-8f61-4120-8323-ec81eaeff8ce,B.Nix,QB,nfl-player-v1,124.014,5.809,0,0,0.776,0,0,0.005
2025,5,2025_05_DEN_PHI,DEN,00-0034348,017301c4-fe49-48a1-a533-db70f693a734,C.Sutton,WR,nfl-player-v1,0,0,24.59,2.637,0,0,0,0.005
2025,5,2025_05_DEN_PHI,DEN,00-0033881,44ecc125-b690-4177-93f9-f03d50825239,E.Engram,TE,nfl-player-v1,0,0,14.963,1.676,0,0,0.029,0.0289
2025,5,2025_05_DEN_PHI,DEN,00-0036158,a5ce07ae-2e77-4060-bb79-b53064c0b349,J.Dobbins,RB,nfl-player-v1,0,55.221,3.227,0.531,0,1.138,0.021,0.6862
2025,5,2025_05_DEN_PHI,DEN,00-0038976,d99e2c6d-aef8-4250-9bec-3a167ae51085,M.Mims,WR,nfl-player-v1,0,0.29,13.068,1.479,0,0,0,0.005
2025,5,2025_05_DEN_PHI,DEN,00-0038783,ce124a9f-0d72-4e5f-89b6-3817ee5f738e,N.Adkins,TE,nfl-player-v1,0,0,6.217,0.734,0,0,0,0.005
2025,5,2025_05_DEN_PHI,DEN,00-0040730,f30905bf-54ce-4e54-8ae4-38b278499802,R.Harvey,RB,nfl-player-v1,0,15.898,4.728,0.76,0,0,0,0.005
2025,5,2025_05_DEN_PHI,DEN,00-0037085,e91b7026-2866-4587-96e6-3eba8e3346af,T.Badie,RB,nfl-player-v1,0,6.205,3.864,0.629,0,0,0,0.005
2025,5,2025_05_DEN_PHI,DEN,00-0039868,128fd135-fb3e-451e-8135-52d9465c4154,T.Franklin,WR,nfl-player-v1,0,0,14.853,1.669,0,0,0.058,0.0567
2025,5,2025_05_DEN_PHI,DEN,00-0034487,63d00957-9692-4b74-a2a1-8e12c3869a88,T.Sherfield,,nfl-player-v1,0,0,7.666,0.895,0,0,0,0.005
2025,5,2025_05_DET_CIN,DET,00-0036963,01542f54-ce56-438f-a484-c6bc9b77aabd,A.St. Brown,WR,nfl-player-v1,0,0,31.398,3.228,0,0,0,0.005
2025,5,2025_05_DET_CIN,DET,00-0036754,54bf441b-5cc8-4ffc-9951-89c03d555b42,B.Wright,TE,nfl-player-v1,0,0,11.196,1.271,0,0,0.01,0.0104
2025,5,2025_05_DET_CIN,DET,00-0035685,65151ce5-a920-4dc2-8bb0-ad8bdeea7a46,D.Montgomery,RB,nfl-player-v1,0,41.189,3.486,0.57,0,0.697,0.019,0.5114
2025,5,2025_05_DET_CIN,DET,00-0040669,4933a1b2-3cd6-4268-a60f-3b7b98622bbf,I.TeSlaa,WR,nfl-player-v1,0,0,6.836,0.799,0,0,0.007,0.0066
2025,5,2025_05_DET_CIN,DET,00-0039139,29347caa-e7e1-4745-a79a-e2a210fe4fda,J.Gibbs,RB,nfl-player-v1,0,29.311,4.466,0.716,0,0.428,0.02,0.3612
2025,5,2025_05_DET_CIN,DET,00-0033106,a631bebf-08bd-40de-b474-1e57605a1574,J.Goff,QB,nfl-player-v1,108.467,4.175,0,0,0.679,0,0,0.005
2025,5,2025_05_DET_CIN,DET,00-0037240,975d437e-c293-4704-8573-68420a22d271,J.Williams,WR,nfl-player-v1,0,0.261,6.716,0.782,0,0,0,0.005
2025,5,2025_05_DET_CIN,DET,00-0039065,efba363a-c6ab-4be9-998e-072e065fc2b9,S.LaPorta,TE,nfl-player-v1,0,0,20.147,2.174,0,0,0.018,0.0177
2025,5,2025_05_HOU_BAL,HOU,00-0039458,79f29763-a125-4a22-81e1-644de71db7cd,B.Bates,,nfl-player-v1,0,0,8.19,0.949,0,0,0,0.005
2025,5,2025_05_HOU_BAL,HOU,00-0039603,f59ff878-e80a-449e-abe1-afd3a7d89010,B.Brooks,RB,nfl-player-v1,0,10.235,2.522,0.42,0,0,0,0.005
2025,5,2025_05_HOU_BAL,HOU,00-0034775,f9dd5323-f4d9-447e-8f5d-3e07ccece524,C.Kirk,WR,nfl-player-v1,0,0,12.176,1.373,0,0,0,0.005
2025,5,2025_05_HOU_BAL,HOU,00-0039163,5580f3af-a69b-4d18-aa9e-f9f360bb7daf,C.Stroud,QB,nfl-player-v1,114.244,4.846,0,0,0.715,0,0,0.005
2025,5,2025_05_HOU_BAL,HOU,00-0036898,e4e1a50c-ec36-4d34-aa3f-d930cb755ef1,D.Mills,QB,nfl-player-v1,100.647,4.65,0,0,0.63,0,0,0.005
2025,5,2025_05_HOU_BAL,HOU,00-0037258,38a24d2f-310f-47b9-b65c-ed661537f295,D.Pierce,,nfl-player-v1,0,1.835,4.835,0.558,0,0,0,0.005
2025,5,2025_05_HOU_BAL,HOU,00-0034383,fe4c4fa7-73c1-43b7-8823-e75c27674ec2,D.Schultz,TE,nfl-player-v1,0,0,16.359,1.805,0,0,0.039,0.0381
2025,5,2025_05_HOU_BAL,HOU,00-0036232,da359930-7530-4fbe-95b3-a65e46558c10,H.Bryant,TE,nfl-player-v1,0,0,8.018,0.933,0,0,0,0.005
2025,5,2025_05_HOU_BAL,HOU,00-0040130,321f2f7a-617b-4114-867a-7188cd496cff,J.Higgins,WR,nfl-player-v1,0,0,12.176,1.373,0,0,0,0.005
2025,5,2025_05_HOU_BAL,HOU,00-0040138,e514b85a-324e-406e-880e-9c49fe37b12d,J.Noel,WR,nfl-player-v1,0,0.268,9.897,1.131,0,0,0.012,0.0124
2025,5,2025_05_HOU_BAL,HOU,00-0034791,489002b7-b67b-4d6a-80d9-6000e716b0ce,N.Chubb,RB,nfl-player-v1,0,28.05,3.175,0.522,0,0.181,0.006,0.1712
2025,5,2025_05_HOU_BAL,HOU,00-0036554,b8dae940-0938-432d-9b8c-3fc0ae4c8906,N.Collins,WR,nfl-player-v1,0,0.278,14.379,1.601,0,0.001,0.034,0.0345
2025,5,2025_05_HOU_BAL,HOU,00-0040583,370bcf5e-ca00-4e72-b138-115538bdc569,W.Marks,RB,nfl-player-v1,0,19.977,3.175,0.522,0,0.13,0.006,0.1278
2025,5,2025_05_HOU_BAL,HOU,00-0038618,e432064c-a8c6-4b83-8119-a0bf2e30fa6f,X.Hutchinson,WR,nfl-player-v1,0,0,9.954,1.138,0,0,0.037,0.0361
2025,5,2025_05_LV_IND,IND,00-0032104,39c8ad89-a95a-4486-8c3d-ef8312e6ac3f,A.Abdullah,RB,nfl-player-v1,0,10.751,2.522,0.42,0,0.042,0.003,0.0441
2025,5,2025_05_LV_IND,IND,00-0035021,1a3a78db-f384-4fdd-b93c-ba5c57d9c84a,A.Dulin,WR,nfl-player-v1,0,0,13.225,1.496,0,0,0,0.005
2025,5,2025_05_LV_IND,IND,00-0039890,87520ab1-0a67-4521-b031-0a45fa108796,A.Mitchell,,nfl-player-v1,0,0,6.166,0.728,0,0,0,0.005
2025,5,2025_05_LV_IND,IND,00-0039164,d9f1f072-cfff-4c15-bc52-619b0f28713e,A.Richardson,QB,nfl-player-v1,103.641,4.283,0,0,0.649,0,0,0.005
2025,5,2025_05_LV_IND,IND,00-0037757,a56be6f4-3ccb-4bcd-ac27-e4b3f1e64dc8,B.Raimann,OL,nfl-player-v1,0,0,6.166,0.728,0,0,0.005,0.005
2025,5,2025_05_LV_IND,IND,00-0040179,8c0c7f21-64e6-4f24-bb55-be0ec77cac98,D.Giddens,RB,nfl-player-v1,0,17.271,3.181,0.523,0,0,0,0.005
2025,5,2025_05_LV_IND,IND,00-0035710,154df07d-189d-4473-894a-f65ed36181fc,D.Jones,QB,nfl-player-v1,116.176,4.92,0,0,0.727,0,0,0.005
2025,5,2025_05_LV_IND,IND,00-0038997,5da8b083-96f7-43b0-8b97-365397bd59e6,J.Downs,WR,nfl-player-v1,0,0,20.807,2.263,0,0,0,0.005
2025,5,2025_05_LV_IND,IND,00-0036223,d93096a9-946b-4b3c-a3b5-7a1498c91cae,J.Taylor,RB,nfl-player-v1,0,49.136,5.7,0.902,0,0.996,0.036,0.6436
2025,5,2025_05_LV_IND,IND,00-0036252,8b257ca3-4915-4a9f-9cc7-70bd81d7af59,M.Pittman,WR,nfl-player-v1,0,0,20.676,2.257,0,0,0.072,0.0693
2025,5,2025_05_LV_IND,IND,00-0040128,e72096d9-8234-4879-b3b4-9fd4bf4aac4e,T.Warren,TE,nfl-player-v1,0,0,13.64,1.529,0,0,0.019,0.0193
2025,5,2025_05_KC_JAX,JAX,00-0038935,80a87ed4-7f37-41e3-80a9-7f6581431750,B.Strange,TE,nfl-player-v1,0,0,6.821,0.798,0,0,0,0.005
2025,5,2025_05_KC_JAX,JAX,00-0039893,2dc8cd75-0a7b-413d-a5a0-3a21b2e1dbc9,B.Thomas,WR,nfl-player-v1,0,0,19.273,2.102,0,0,0.02,0.0194
2025,5,2025_05_KC_JAX,JAX,00-0040719,9d78928b-8c2f-4c2e-84ff-879c358142a1,B.Tuten,RB,nfl-player-v1,0,14.388,3.452,0.565,0,0.081,0.006,0.0837
2025,5,2025_05_KC_JAX,JAX,00-0036626,b51c7678-2594-4a59-98df-0fc272274fdf,D.Brown,WR,nfl-player-v1,0,0,13.496,1.52,0,0,0.028,0.028
2025,5,2025_05_KC_JAX,JAX,00-0037004,6ab33105-7309-488f-a85a-1a4888c63122,H.Long,TE,nfl-player-v1,0,0,6.671,0.781,0,0,0,0.005
2025,5,2025_05_KC_JAX,JAX,00-0033246,0c3ec903-9025-436a-9ef3-d9eee09e93fb,J.Mundt,TE,nfl-player-v1,0,0,6.821,0.798,0,0,0,0.005
2025,5,2025_05_KC_JAX,JAX,00-0038606,ba986501-71a5-4c41-8836-02933c11efda,P.Washington,WR,nfl-player-v1,0,0,11.124,1.266,0,0,0.012,0.0118
2025,5,2025_05_KC_JAX,JAX,00-0036973,13c9b1da-11e5-44db-b6e2-2ce94a697d63,T.Etienne,RB,nfl-player-v1,0,31.453,6.523,1.014,0,0.342,0.022,0.3046
2025,5,2025_05_KC_JAX,JAX,00-0040718,841bfd08-c9e4-4bf4-8d65-e01b5aa326f4,T.Hunter,WR,nfl-player-v1,0,0,11.378,1.289,0,0,0,0.005
2025,5,2025_05_KC_JAX,JAX,00-0036971,d0738d0d-7cc8-49b9-882e-a1fb536c47e7,T.Lawrence,QB,nfl-player-v1,120.816,9.431,0,0,0.846,0.074,0,0.0711
2025,5,2025_05_KC_JAX,JAX,00-0033375,0d4b90d7-5de5-47f3-a213-f10b8c403998,T.Patrick,WR,nfl-player-v1,0,0,6.513,0.766,0,0,0,0.005
2025,5,2025_05_KC_JAX,KC,00-0040078,65158854-c056-46f0-a185-79af3db336de,B.Smith,RB,nfl-player-v1,0,9.179,4.786,0.771,0,0.028,0.004,0.0317
2025,5,2025_05_KC_JAX,KC,00-0037197,f48b3351-0deb-4a52-9790-5631073f3d2c,I.Pacheco,RB,nfl-player-v1,0,25.77,4.728,0.762,0,0,0,0.005
2025,5,2025_05_KC_JAX,KC,00-0033857,934d9980-bd65-441a-8b3b-b51144ba8f5a,J.Smith-Schuster,WR,nfl-player-v1,0,0,9.668,1.118,0,0,0.011,0.0111
2025,5,2025_05_KC_JAX,KC,00-0033923,0ab5a80d-1207-4385-8df5-2f776ac16816,K.Hunt,RB,nfl-player-v1,0,25.143,3.17,0.522,0,0.303,0.012,0.2704
2025,5,2025_05_KC_JAX,KC,00-0035662,48a61718-24ab-4c6a-946e-56764c8f0206,M.Brown,WR,nfl-player-v1,0,0,19.326,2.14,0,0,0.021,0.0212
2025,5,2025_05_KC_JAX,KC,00-0033873,a9854c99-01a8-4aff-ade7-a3dbcff01a05,P.Mahomes,QB,nfl-player-v1,133.503,8.421,0,0,0.889,0.034,0,0.0334
2025,5,2025_05_KC_JAX,KC,00-0030506,6e6da15e-254a-4ee3-b0c8-2eaf5875f22f,T.Kelce,TE,nfl-player-v1,0,0,19.945,2.188,0,0,0.044,0.0428
2025,5,2025_05_KC_JAX,KC,00-0038104,33cf9116-000e-4e42-a4bb-00524aa7e1c8,T.Thornton,WR,nfl-player-v1,0,0,13.005,1.477,0,0,0.015,0.0147
2025,5,2025_05_KC_JAX,KC,00-0039894,13377595-68fc-4870-b538-55539284b2d2,X.Worthy,WR,nfl-player-v1,0,0.391,22.28,2.423,0,0,0.024,0.0244
2025,5,2025_05_SF_LA,LA,00-0039738,e5a46115-0912-415a-b0ef-fc6459391e9c,B.Corum,RB,nfl-player-v1,0,9.801,3.706,0.606,0,0.03,0.003,0.0329
2025,5,2025_05_SF_LA,LA,00-0036244,5bfdeab0-8d49-4746-a2be-60598dcbcf43,C.Parkinson,TE,nfl-player-v1,0,0,6.084,0.719,0,0,0.007,0.0072
2025,5,2025_05_SF_LA,LA,00-0031381,6af876b7-d6ca-483e-bfab-51357985a24c,D.Adams,WR,nfl-player-v1,0,0,22.79,2.49,0,0,0,0.005
2025,5,2025_05_SF_LA,LA,00-0039074,577995aa-5a21-4ce7-a655-476aa3b7d151,D.Allen,TE,nfl-player-v1,0,0,7.634,0.891,0,0,0,0.005
2025,5,2025_05_SF_LA,LA,00-0039751,dfecf1de-d300-4e69-93bc-20c4513f98c0,J.Whittington,WR,nfl-player-v1,0,0,8.932,1.036,0,0,0,0.005
2025,5,2025_05_SF_LA,LA,00-0037840,d499f341-a8ae-4bc2-a2d0-09cbdcbc82c8,K.Williams,RB,nfl-player-v1,0,62.624,10.02,1.519,0,1.419,0.069,0.7742
2025,5,2025_05_SF_LA,LA,00-0026498,7fc98b95-d8a9-461b-895c-675c835c87a6,M.Stafford,QB,nfl-player-v1,122.504,5.159,0,0,0.767,0,0,0.005
2025,5,2025_05_SF_LA,LA,00-0039075,cc8ed8e0-fd25-4c8f-bc2e-7c8b1975f241,P.Nacua,WR,nfl-player-v1,0,0,26.445,2.833,0,0,0.057,0.0551
2025,5,2025_05_SF_LA,LA,00-0036849,ee96a79b-a709-457f-a28b-3c704a468920,T.Atwell,WR,nfl-player-v1,0,0,10.316,1.189,0,0,0.012,0.0118
2025,5,2025_05_SF_LA,LA,00-0040737,4338c37a-86fe-4f3d-9b1e-af899ef9146b,T.Ferguson,TE,nfl-player-v1,0,0,6.163,0.727,0,0,0,0.005
2025,5,2025_05_WAS_LAC,LAC,00-0037617,2a4f97df-adf9-4894-8746-653f8ca1aa76,H.Haskins,RB,nfl-player-v1,0,17.672,3.266,0.537,0,0,0,0.005
2025,5,2025_05_WAS_LAC,LAC,00-0036355,86721778-e183-4522-8ddc-55e00f17fbe7,J.Herbert,QB,nfl-player-v1,118.444,5.873,0,0,0.742,0,0,0.005
2025,5,2025_05_WAS_LAC,LAC,00-0030279,60f4cd06-05df-4280-add3-4cecee3a82d3,K.Allen,WR,nfl-player-v1,0,0,24.603,2.652,0,0,0.074,0.0716
2025,5,2025_05_WAS_LAC,LAC,00-0039391,533082ab-7fe9-4268-80bc-0139989251cf,K.Vidal,RB,nfl-player-v1,0,15.353,3.266,0.537,0,0.196,0.013,0.1885
2025,5,2025_05_WAS_LAC,LAC,00-0039915,7f5bf6e3-b07c-4361-bc95-0311908c7bf8,L.McConkey,WR,nfl-player-v1,0,0,19.425,2.129,0,0,0.06,0.0579
2025,5,2025_05_WAS_LAC,LAC,00-0040189,070528cf-a9c0-48c4-a759-be8a5cd3922f,O.Gadsden,TE,nfl-player-v1,0,0,6.552,0.77,0,0,0,0.005
2025,5,2025_05_WAS_LAC,LAC,00-0040666,16cd7307-da4f-405d-a98d-e8bb22f5599f,O.Hampton,RB,nfl-player-v1,0,35.854,8.039,1.235,0,0.29,0.02,0.2665
2025,5,2025_05_WAS_LAC,LAC,00-0038544,eb41f78e-bfc6-47e4-8f04-1d8b1231218f,Q.Johnston,WR,nfl-player-v1,0,0.319,12.708,1.429,0,0,0,0.005
2025,5,2025_05_WAS_LAC,LAC,00-0034270,5aff7be5-7bfe-4ff3-b286-81c0f9f0cd16,T.Conklin,TE,nfl-player-v1,0,0,10.086,1.159,0,0,0,0.005
2025,5,2025_05_WAS_LAC,LAC,00-0037012,c8b87222-de0c-47cd-8789-283ea158b788,T.Lance,QB,nfl-player-v1,101.094,4.731,0,0,0.633,0,0,0.005
2025,5,2025_05_LV_IND,LV,00-0035602,7ef12a46-1571-49a4-bac9-5afbd0ee6ec2,A.Bachman,WR,nfl-player-v1,0,0,6.42,0.755,0,0,0,0.005
2025,5,2025_05_LV_IND,LV,00-0040122,959ec041-e728-44e5-862c-b08ffa61a3f4,A.Jeanty,RB,nfl-player-v1,0,43.399,8.467,1.297,0,0.404,0.024,0.3482
2025,5,2025_05_LV_IND,LV,00-0036423,c6167e32-0cee-4e3f-acb3-c49a59870203,A.Okwuegbunam,TE,nfl-player-v1,0,0,15.929,1.774,0,0,0.019,0.0189
2025,5,2025_05_LV_IND,LV,00-0040581,5e310480-4f70-4fd6-9ede-56c1b6664853,D.Thornton,WR,nfl-player-v1,0,0,7.731,0.905,0,0,0,0.005
2025,5,2025_05_LV_IND,LV,00-0030565,47424b84-c636-49c2-8a25-9d3de0d3b504,G.Smith,QB,nfl-player-v1,123.542,6.045,0,0,0.826,0.026,0,0.0259
2025,5,2025_05_LV_IND,LV,00-0034365,6c06b009-f350-4555-95e1-60112d9b6c1d,I.Thomas,TE,nfl-player-v1,0,0,9.923,1.14,0,0,0,0.005
2025,5,2025_05_LV_IND,LV,00-0040729,f49d31d5-7af7-4246-bd09-dd9bf49a5fea,J.Bech,WR,nfl-player-v1,0,0,13.566,1.534,0,0,0.017,0.0164
2025,5,2025_05_LV_IND,LV,00-0034960,55480340-bb90-4518-9695-e85dd3d36015,J.Meyers,,nfl-player-v1,0,0,15.808,1.767,0,0,0.038,0.0373
2025,5,2025_05_LV_IND,LV,00-0031687,e322f057-dca3-4242-83e0-4077db65cb28,R.Mostert,RB,nfl-player-v1,0,23.341,2.471,0.412,0,0.076,0.003,0.0758
2025,5,2025_05_LV_IND,LV,00-0038563,b59c0df7-c6c7-412f-8abd-2bf54a74bfa2,T.Tucker,WR,nfl-player-v1,0,0.335,16.018,1.782,0,0.001,0.038,0.0384
2025,5,2025_05_MIA_CAR,MIA,00-0035125,12e216b4-a162-43d0-ba51-c53c2821df6e,A.Ingold,RB,nfl-player-v1,0,6.304,3.363,0.553,0,0,0,0.005
2025,5,2025_05_MIA_CAR,MIA,00-0039040,f169e606-4f09-4947-8eef-b701b27cf612,D.Achane,RB,nfl-player-v1,0,43.818,9.395,1.432,0,0.526,0.034,0.4291
2025,5,2025_05_MIA_CAR,MIA,00-0031610,f3ad686a-917f-495c-ba19-e67e7b21dad5,D.Waller,TE,nfl-player-v1,0,0,16.06,1.795,0,0,0.025,0.0248
2025,5,2025_05_MIA_CAR,MIA,00-0038720,bf7b51db-74d4-4563-aeff-8dc9157a1c69,J.Hill,TE,nfl-player-v1,0,0,15.051,1.689,0,0,0.024,0.0234
2025,5,2025_05_MIA_CAR,MIA,00-0036613,f6b9b938-482f-4332-96e6-e3e566d9efb2,J.Waddle,WR,nfl-player-v1,0,0,25.902,2.791,0,0,0.078,0.0752
2025,5,2025_05_MIA_CAR,MIA,00-0039880,9f759ea4-6e4c-44b2-9eb1-44640e42493b,M.Washington,WR,nfl-player-v1,0,0,14.986,1.682,0,0,0.047,0.046
2025,5,2025_05_MIA_CAR,MIA,00-0040198,6f1b239c-9e82-490d-abfd-2aa17a03f3a1,O.Gordon,RB,nfl-player-v1,0,16.509,2.471,0.412,0,0,0,0.005
2025,5,2025_05_MIA_CAR,MIA,00-0037348,ec44d32f-0e18-4e07-8eef-dd06b0ff518d,T.Conner,,nfl-player-v1,0,0,8.487,0.985,0,0,0,0.005
2025,5,2025_05_MIA_CAR,MIA,00-0036212,25cc976d-3f53-414e-8503-80d7e5d5a513,T.Tagovailoa,QB,nfl-player-v1,119.72,5.266,0,0,0.75,0,0,0.005
2025,5,2025_05_MIN_CLE,MIN,00-0036414,92b47280-f6ad-4274-a443-95a946dcaaca,C.Akers,,nfl-player-v1,0,0,4.804,0.569,0,0,0,0.005
2025,5,2025_05_MIN_CLE,MIN,00-0032950,c565508b-56fc-427f-bbad-c16a7809be60,C.Wentz,QB,nfl-player-v1,121.076,6.177,0,0,0.758,0,0,0.005
2025,5,2025_05_MIN_CLE,MIN,00-0038994,5ce4d5c2-18c4-4c4d-b3a0-039eb4a3d989,J.Addison,WR,nfl-player-v1,0,0,17.29,1.918,0,0,0.077,0.0739
2025,5,2025_05_MIN_CLE,MIN,00-0036322,9bd851b9-cba5-4c2a-989a-792d495db187,J.Jefferson,WR,nfl-player-v1,0,0,30.561,3.233,0,0,0.065,0.0626
2025,5,2025_05_MIN_CLE,MIN,00-0037525,f3080ee8-3085-4c4a-8cb6-73cca736c41b,J.Mason,RB,nfl-player-v1,0,41.053,5.901,0.934,0,0.479,0.021,0.3938
2025,5,2025_05_MIN_CLE,MIN,00-0037291,3c26dce6-b5d7-4026-b212-1b22c6b4a9e7,J.Nailor,WR,nfl-player-v1,0,0.376,12.579,1.422,0,0,0,0.005
2025,5,2025_05_MIN_CLE,MIN,00-0035249,92cb0b66-4a07-426a-87cb-4c104a63b111,J.Oliver,TE,nfl-player-v1,0,0,10.224,1.177,0,0,0.024,0.0233
2025,5,2025_05_MIN_CLE,MIN,00-0035229,0993b895-f0b7-4d94-9a83-cb2895cf9093,T.Hockenson,TE,nfl-player-v1,0,0,17.434,1.927,0,0,0,0.005
2025,5,2025_05_MIN_CLE,MIN,00-0038440,4c74f14f-2193-41d1-b3b4-fb34cb116198,Z.Scott,RB,nfl-player-v1,0,19.33,2.524,0.421,0,0,0,0.005
2025,5,2025_05_NE_BUF,NE,00-0036328,e2943507-602c-4422-83d3-b8127cd1b899,A.Gibson,RB,nfl-player-v1,0,20.664,3.407,0.559,0,0.079,0.004,0.08
2025,5,2025_05_NE_BUF,NE,00-0038621,bc093a81-2f9d-44f8-85cc-cb7d3f539296,D.Douglas,WR,nfl-player-v1,0,0,11.244,1.286,0,0,0.016,0.0162
2025,5,2025_05_NE_BUF,NE,00-0039851,c18b2fe3-1746-464c-9604-91eca99e8c5c,D.Maye,QB,nfl-player-v1,118.979,6.083,0,0,0.805,0.032,0,0.0317
2025,5,2025_05_NE_BUF,NE,00-0033090,835b972d-7fc1-48d2-bfb6-4ad15a30a0a1,H.Henry,TE,nfl-player-v1,0,0,13.485,1.526,0,0,0.019,0.0192
2025,5,2025_05_NE_BUF,NE,00-0038608,353c0718-b585-42e4-9fdd-65abf246f4d1,K.Boutte,WR,nfl-player-v1,0,0,11.655,1.326,0,0,0,0.005
2025,5,2025_05_NE_BUF,NE,00-0036875,64641499-cd80-4cac-adcf-0272f37d57cc,R.Stevenson,RB,nfl-player-v1,0,23.358,4.414,0.713,0,0.266,0.016,0.2456
2025,5,2025_05_NE_BUF,NE,00-0031588,8ea2703a-b355-44a5-a0d5-3ade7964e460,S.Diggs,WR,nfl-player-v1,0,0,42.53,4.311,0,0,0.055,0.0534
2025,5,2025_05_NE_BUF,NE,00-0040734,8c7fdfc1-da82-46bd-8059-d38dfc782a85,T.Henderson,RB,nfl-player-v1,0,20.918,5.409,0.86,0,0.079,0.006,0.082
2025,5,2025_05_NYG_NO,NO,00-0033906,c7b60e7b-fe31-4675-9e2b-66d4d9c7a2d4,A.Kamara,RB,nfl-player-v1,0,23.103,7.496,1.149,0,0.474,0.046,0.4052
2025,5,2025_05_NYG_NO,NO,00-0031236,16125e50-cd99-4225-a124-62507be3ffd8,B.Cooks,,nfl-player-v1,0,0,6.439,0.756,0,0,0,0.005
2025,5,2025_05_NYG_NO,NO,00-0037239,3d8e6090-ab45-4750-a145-b5bc16812bc8,C.Olave,WR,nfl-player-v1,0,0,28.957,3.035,0,0,0.053,0.0517
2025,5,2025_05_NYG_NO,NO,00-0039424,c5ddc36c-396d-4108-9137-e78b64ae84a8,D.Vele,WR,nfl-player-v1,0,0,8.243,0.955,0,0,0,0.005
2025,5,2025_05_NYG_NO,NO,00-0036040,e10fc805-9026-4fe2-8714-d074bd8ca1be,J.Johnson,TE,nfl-player-v1,0,0,9.767,1.111,0,0,0.019,0.0192
2025,5,2025_05_NYG_NO,NO,00-0038551,7692e703-0c10-4245-bb50-a88585c6b0f4,K.Miller,RB,nfl-player-v1,0,26.916,3.271,0.537,0,0,0,0.005
2025,5,2025_05_NYG_NO,NO,00-0037545,0a931859-dbbe-4421-8bdc-ee6094237041,R.Shaheed,,nfl-player-v1,0,0,14.161,1.583,0,0,0,0.005
2025,5,2025_05_NYG_NO,NO,00-0039376,daa42eb7-39f7-4855-9cfb-36e187d1948a,S.Rattler,QB,nfl-player-v1,121.651,6.731,0,0,0.762,0,0,0.005
2025,5,2025_05_NYG_NO,NO,00-0033357,5034d52d-1292-4d87-a545-ef53884ca7e1,T.Hill,QB,nfl-player-v1,89.862,6.058,0,0,0.594,0.021,0,0.0212
2025,5,2025_05_NYG_NO,NYG,00-0040432,04dda3a3-e83b-4eea-8501-cf828118da40,B.Collins,WR,nfl-player-v1,0,0,8.881,1.03,0,0,0,0.005
2025,5,2025_05_NYG_NO,NYG,00-0040715,17b3f22e-f45e-4eca-b13a-668a4cd32a8f,C.Skattebo,RB,nfl-player-v1,0,43.725,7.887,1.215,0,0.482,0.027,0.3988
2025,5,2025_05_NYG_NO,NYG,00-0038115,7902e063-be70-413b-92a0-7ed450db8b6b,D.Bellinger,TE,nfl-player-v1,0,0,11.137,1.269,0,0,0.016,0.016
2025,5,2025_05_NYG_NO,NYG,00-0035250,e7d55b0c-e17e-4747-9f12-d3c5933b5e3e,D.Singletary,RB,nfl-player-v1,0,19.827,3.767,0.613,0,0,0,0.005
2025,5,2025_05_NYG_NO,NYG,00-0035535,2e5cbb33-2ffd-4dc1-af97-8edb43d325e6,D.Slayton,WR,nfl-player-v1,0,0,13.883,1.564,0,0,0,0.005
2025,5,2025_05_NYG_NO,NYG,00-0040691,df2c09c5-74cd-4fdf-907d-3b98983c4c2b,J.Dart,QB,nfl-player-v1,129.682,7.924,0,0,0.845,0.02,0,0.0201
2025,5,2025_05_NYG_NO,NYG,00-0038938,0ca8c207-4857-4a05-9527-a19648578ed8,J.Hyatt,WR,nfl-player-v1,0,0,8.745,1.018,0,0,0,0.005
2025,5,2025_05_NYG_NO,NYG,00-0039847,7b9ebaff-f7d3-45f1-a0b0-07501c467f39,T.Johnson,TE,nfl-player-v1,0,0,16.35,1.81,0,0,0.092,0.088
2025,5,2025_05_NYG_NO,NYG,00-0038117,36776784-59f3-4a60-a1e7-609889d4b6cb,W.Robinson,WR,nfl-player-v1,0,0.29,16.418,1.816,0,0,0.023,0.0233
2025,5,2025_05_DAL_NYJ,NYJ,00-0034959,954d5b41-02ea-4047-8385-515c5118690c,A.Beck,RB,nfl-player-v1,0,6.194,3.725,0.609,0,0.018,0.003,0.0207
2025,5,2025_05_DAL_NYJ,NYJ,00-0034521,4f55c8d1-727c-4720-b597-1b813dfc2e02,A.Lazard,WR,nfl-player-v1,0,0,7.361,0.862,0,0,0.008,0.008
2025,5,2025_05_DAL_NYJ,NYJ,00-0040582,fa3a3931-e2a2-4cd4-8c08-c75bfc1098c0,A.Smith,WR,nfl-player-v1,0,0,6.162,0.727,0,0,0,0.005
2025,5,2025_05_DAL_NYJ,NYJ,00-0038120,735192a9-d468-49d0-b370-970c18fabac5,B.Hall,RB,nfl-player-v1,0,54.809,5.929,0.941,0,0.448,0.015,0.3704
2025,5,2025_05_DAL_NYJ,NYJ,00-0037740,74cc7436-fd66-4ec7-8ce4-61c742ca2f5a,G.Wilson,WR,nfl-player-v1,0,0,20.975,2.302,0,0,0.043,0.0421
2025,5,2025_05_DAL_NYJ,NYJ,00-0039798,3a986b7a-a012-40ca-9f01-2aa8cd1484bd,I.Davis,RB,nfl-player-v1,0,9.517,5.092,0.816,0,0,0,0.005
2025,5,2025_05_DAL_NYJ,NYJ,00-0036945,d0778b59-dc20-4250-a23a-875e29d27acc,J.Fields,QB,nfl-player-v1,134.441,8.052,0,0,0.892,0.032,0,0.031
2025,5,2025_05_DAL_NYJ,NYJ,00-0033943,acc8f432-b907-4fdf-84cb-69390cf04c23,J.Reynolds,WR,nfl-player-v1,0,0,12.129,1.385,0,0,0.026,0.0255
2025,5,2025_05_DAL_NYJ,NYJ,00-0037805,49ad0f0d-981d-4fc4-b589-2f6ecafc1b42,J.Ruckert,TE,nfl-player-v1,0,0,10.7,1.226,0,0,0,0.005
2025,5,2025_05_DAL_NYJ,NYJ,00-0040736,05d9b42e-040e-46c9-8a22-97abfe74c5ce,M.Taylor,TE,nfl-player-v1,0,0,28.602,3.058,0,0,0.086,0.0821
2025,5,2025_05_DEN_PHI,PHI,00-0035676,e97f648c-f826-40a0-a562-437d2714fd40,A.Brown,WR,nfl-player-v1,0,0,20.945,2.298,0,0,0,0.005
2025,5,2025_05_DEN_PHI,PHI,00-0036265,362301d5-6a24-485e-889d-7f3eafbb66b3,A.Dillon,RB,nfl-player-v1,0,15.722,2.471,0.412,0,0.168,0.008,0.1619
2025,5,2025_05_DEN_PHI,PHI,00-0034351,fa192789-c280-45f1-b92c-b3d6a2e97cb5,D.Goedert,TE,nfl-player-v1,0,0,22.931,2.513,0,0,0.088,0.0842
2025,5,2025_05_DEN_PHI,PHI,00-0036912,d0e121df-25e6-4268-9e79-b99acb8e9160,D.Smith,WR,nfl-player-v1,0,0,26.981,2.886,0,0,0.101,0.0961
2025,5,2025_05_DEN_PHI,PHI,00-0037086,8735f01e-d001-4390-9408-f3de8989eca3,G.Calcaterra,TE,nfl-player-v1,0,0,8.534,0.992,0,0,0,0.005
2025,5,2025_05_DEN_PHI,PHI,00-0037741,6d4cdf27-b583-4056-b59d-95182c15301b,J.Dotson,WR,nfl-player-v1,0,0,9.76,1.13,0,0,0,0.005
2025,5,2025_05_DEN_PHI,PHI,00-0036389,c415d118-a039-407a-a350-3e89d8042e25,J.Hurts,QB,nfl-player-v1,121.007,5.529,0,0,0.758,0,0,0.005
2025,5,2025_05_DEN_PHI,PHI,00-0034844,9a93ddfe-033a-4098-acc7-9be147087ec8,S.Barkley,RB,nfl-player-v1,0,36.316,4.953,0.796,0,0,0,0.005
2025,5,2025_05_DEN_PHI,PHI,00-0039746,53f7c2dd-3fec-4e55-9991-00e4d7c2fc74,W.Shipley,RB,nfl-player-v1,0,11.018,4.035,0.656,0,0,0,0.005
2025,5,2025_05_TB_SEA,SEA,00-0039793,1359d114-9fb9-4783-8101-efdec545f961,A.Barner,TE,nfl-player-v1,0,0,20.347,2.221,0,0,0.085,0.0813
2025,5,2025_05_TB_SEA,SEA,00-0033908,42465aa3-53c4-4afb-bf91-0ac136659ba3,C.Kupp,WR,nfl-player-v1,0,0,24.697,2.662,0,0,0,0.005
2025,5,2025_05_TB_SEA,SEA,00-0037093,36467445-940d-4b35-97ab-edf17a674fff,D.Young,WR,nfl-player-v1,0,0,6.554,0.77,0,0,0,0.005
2025,5,2025_05_TB_SEA,SEA,00-0040739,6705ba1e-91f0-4d99-81fe-b1a147c65a6d,E.Arroyo,TE,nfl-player-v1,0,0,6.554,0.77,0,0,0,0.005
2025,5,2025_05_TB_SEA,SEA,00-0040673,c081e2a6-0898-4a64-9835-eb17acc4a418,J.Milroe,QB,nfl-player-v1,99.428,4.907,0,0,0.623,0,0,0.005
2025,5,2025_05_TB_SEA,SEA,00-0038543,8d9cebd3-3534-48a0-a4e9-2c0ebc5c1c94,J.Smith-Njigba,WR,nfl-player-v1,0,0,25.592,2.738,0,0,0.035,0.0342
2025,5,2025_05_TB_SEA,SEA,00-0038134,593d9bcd-2ae1-41ca-bf16-2d3c62d5b196,K.Walker,RB,nfl-player-v1,0,31.944,3.268,0.538,0,0.242,0.008,0.2214
2025,5,2025_05_TB_SEA,SEA,00-0034869,3a4bd5d6-8b01-4324-8449-d0f7c2059e36,S.Darnold,QB,nfl-player-v1,116.634,4.386,0,0,0.73,0,0,0.005
2025,5,2025_05_TB_SEA,SEA,00-0040648,25a7a31f-fff0-4a52-96c3-f40f823c5343,T.Horton,WR,nfl-player-v1,0,0,12.398,1.409,0,0,0.018,0.0178
2025,5,2025_05_TB_SEA,SEA,00-0039165,7bb1ecbd-ce2a-443f-881d-e3f993b6a1c0,Z.Charbonnet,RB,nfl-player-v1,0,29.425,4.078,0.662,0,0.335,0.014,0.2946
2025,5,2025_05_SF_LA,SF,00-0037746,00b3cb74-e58d-4660-b1df-2376a82120b6,B.Robinson,RB,nfl-player-v1,0,17.382,2.478,0.413,0,0,0,0.005
2025,5,2025_05_SF_LA,SF,00-0033280,ae3498a3-f309-4ea2-a3c1-031f013cc394,C.McCaffrey,RB,nfl-player-v1,0,60.686,8.251,1.267,0,1.215,0.051,0.7178
2025,5,2025_05_SF_LA,SF,00-0032775,03ab017e-f181-4486-9661-1c6485dedf19,D.Robinson,WR,nfl-player-v1,0,0,13.602,1.538,0,0,0.018,0.0178
2025,5,2025_05_SF_LA,SF,00-0037112,a83d87f5-9208-48ee-a81c-bba3090ea426,J.Tonges,TE,nfl-player-v1,0,0,20.468,2.236,0,0,0.052,0.0508
2025,5,2025_05_SF_LA,SF,00-0033307,77cbc405-dc41-40e4-b0bd-dd8a73396612,K.Bourne,WR,nfl-player-v1,0,0,21.612,2.343,0,0,0.027,0.027
2025,5,2025_05_SF_LA,SF,00-0029892,86ed80c1-0dd7-4c07-a0b3-cea9fab60c0a,K.Juszczyk,RB,nfl-player-v1,0,8.503,4.724,0.758,0,0.03,0.005,0.0345
2025,5,2025_05_SF_LA,SF,00-0036887,d379e74d-8a48-4767-b405-a32b09db1b28,L.Farrell,TE,nfl-player-v1,0,0,6.991,0.819,0,0,0,0.005
2025,5,2025_05_SF_LA,SF,00-0036972,074db5dc-6d97-4108-a542-20e6cb42f4a6,M.Jones,QB,nfl-player-v1,128.919,6.184,0,0,0.807,0,0,0.005
2025,5,2025_05_SF_LA,SF,00-0034867,90512c81-b774-4f19-89bb-556666504a86,M.Turner,WR,nfl-player-v1,0,0,5.778,0.683,0,0,0,0.005
2025,5,2025_05_SF_LA,SF,00-0034272,ce987bc8-98ca-4ce6-85b3-8e9ef51b0a8f,M.Valdes-Scantling,,nfl-player-v1,0,0,8.163,0.951,0,0,0,0.005
2025,5,2025_05_SF_LA,SF,00-0038090,6e757178-0d20-49cf-a88a-c4b47817ff31,S.Moore,WR,nfl-player-v1,0,0.245,4.711,0.558,0,0,0,0.005
2025,5,2025_05_TB_SEA,TB,00-0034855,56c2266e-4dc1-4c37-8f44-6323a36613de,B.Mayfield,QB,nfl-player-v1,123.753,6.889,0,0,0.799,0.014,0,0.0138
2025,5,2025_05_TB_SEA,TB,00-0033921,90fcc742-b736-44f4-994f-094724be0c09,C.Godwin,WR,nfl-player-v1,0,0,12.468,1.415,0,0,0.014,0.0141
2025,5,2025_05_TB_SEA,TB,00-0038129,4f63ff11-fe96-4aa7-9831-9536b01dd6a9,C.Otton,TE,nfl-player-v1,0,0,14.689,1.647,0,0,0,0.005
2025,5,2025_05_TB_SEA,TB,00-0040129,bac91e1b-f24a-431e-a656-d23a3ef5e9f5,E.Egbuka,WR,nfl-player-v1,0,0,22.801,2.464,0,0,0.074,0.0712
2025,5,2025_05_TB_SEA,TB,00-0039589,c6d8d2bd-0280-4607-8d52-54f84bf7437f,K.Johnson,WR,nfl-player-v1,0,0.347,4.713,0.558,0,0,0,0.005
2025,5,2025_05_TB_SEA,TB,00-0037256,af7855b9-7e3c-41da-a2b8-8c7f6cd88bee,R.White,RB,nfl-player-v1,0,41.884,6.005,0.949,0,0.608,0.027,0.4703
2025,5,2025_05_TB_SEA,TB,00-0032385,2036bbd6-7375-422e-bdbc-7822b5bffdce,S.Shepard,WR,nfl-player-v1,0,0.361,14.738,1.644,0,0,0.016,0.0167
2025,5,2025_05_TB_SEA,TB,00-0038951,0b1f5016-8cbc-4512-8a82-0d3f67416080,S.Tucker,RB,nfl-player-v1,0,13.464,4.969,0.795,0,0.081,0.009,0.0861
2025,5,2025_05_TB_SEA,TB,00-0040237,5c294442-eaea-4ed0-a4fd-c33a7509bf48,T.Johnson,WR,nfl-player-v1,0,0,12.711,1.437,0,0,0,0.005
2025,5,2025_05_TEN_ARI,TEN,00-0040705,f3027194-2b41-4db7-b6e1-10cb47514b73,C.Dike,WR,nfl-player-v1,0,0,13.666,1.552,0,0,0,0.005
2025,5,2025_05_TEN_ARI,TEN,00-0037809,64755288-83b6-45d3-9d82-11807c2f5994,C.Okonkwo,TE,nfl-player-v1,0,0,14.227,1.604,0,0,0,0.005
2025,5,2025_05_TEN_ARI,TEN,00-0034837,20728b4d-f625-4cd5-a2a6-9c6c76360516,C.Ridley,WR,nfl-player-v1,0,0,22.021,2.382,0,0,0.067,0.0645
2025,5,2025_05_TEN_ARI,TEN,00-0040676,f16bf5f1-4c50-449b-b1d4-ad4d66db60cb,C.Ward,QB,nfl-player-v1,120.387,4.975,0,0,0.754,0,0,0.005
2025,5,2025_05_TEN_ARI,TEN,00-0040170,527aee16-44d6-4527-9ec1-b6d981e9e8c1,E.Ayomanor,WR,nfl-player-v1,0,0,11.798,1.35,0,0,0,0.005
2025,5,2025_05_TEN_ARI,TEN,00-0040584,7e6d7376-3ff9-4d2b-8022-f47c0fbc308e,G.Helm,TE,nfl-player-v1,0,0,14.227,1.604,0,0,0.045,0.0439
2025,5,2025_05_TEN_ARI,TEN,00-0037594,08786b66-962c-43b2-b93f-257484f8c7fb,J.Chestnut,RB,nfl-player-v1,0,8.995,3.226,0.531,0,0,0,0.005
2025,5,2025_05_TEN_ARI,TEN,00-0032211,766ec4f5-92c5-4b06-a338-38a14f175030,T.Lockett,,nfl-player-v1,0,0,11.551,1.327,0,0,0,0.005
2025,5,2025_05_TEN_ARI,TEN,00-0035261,61edd687-3a13-4c2f-8e86-d493ced4295b,T.Pollard,RB,nfl-player-v1,0,49.37,5.076,0.816,0,0.807,0.026,0.5655
2025,5,2025_05_TEN_ARI,TEN,00-0039032,90e22076-0605-4b85-8d97-1a83167c5c35,T.Spears,RB,nfl-player-v1,0,14.863,2.099,0.35,0,0,0,0.005
2025,5,2025_05_WAS_LAC,WAS,00-0032398,22b4db5b-c301-4ba2-98d9-953136ef966f,C.Moore,WR,nfl-player-v1,0,0,6.538,0.769,0,0,0.008,0.0082
2025,5,2025_05_WAS_LAC,WAS,00-0038611,910e0e65-f202-42a6-afa5-c4a2cebe4b2a,C.Rodriguez,RB,nfl-player-v1,0,15.274,2.471,0.412,0,0.201,0.01,0.1901
2025,5,2025_05_WAS_LAC,WAS,00-0035719,7bb0990e-39c4-4d54-9fd7-b1d9bc9d8288,D.Samuel,WR,nfl-player-v1,0,0,40.12,4.034,0,0,0.087,0.0832
2025,5,2025_05_WAS_LAC,WAS,00-0036628,39aece1e-9831-497f-bfe7-f67b9499fc9c,J.Bates,TE,nfl-player-v1,0,0,7.007,0.819,0,0,0,0.005
2025,5,2025_05_WAS_LAC,WAS,00-0040242,25d9ee1b-68c9-4de4-ad0f-25efe8210850,J.Croskey-Merritt,RB,nfl-player-v1,0,33.93,4.534,0.727,0,0.322,0.013,0.2846
2025,5,2025_05_WAS_LAC,WAS,00-0039910,3276bcc4-687a-4601-92a3-35feeb80ba89,J.Daniels,QB,nfl-player-v1,121.266,8.553,0,0,0.785,0.019,0,0.0184
2025,5,2025_05_WAS_LAC,WAS,00-0040164,8f6e73b4-1f9c-4db2-b36b-660751127569,J.Lane,WR,nfl-player-v1,0,0,8.747,1.01,0,0,0,0.005
2025,5,2025_05_WAS_LAC,WAS,00-0033955,01c9d65e-2883-4bde-a469-45abe5508fee,J.McNichols,RB,nfl-player-v1,0,8.197,4.409,0.707,0,0,0,0.005
2025,5,2025_05_WAS_LAC,WAS,00-0039355,b7c200b0-4cfb-412c-921e-a780f8692b75,L.McCaffrey,WR,nfl-player-v1,0,0,8.747,1.01,0,0,0.011,0.0108
2025,5,2025_05_WAS_LAC,WAS,00-0037524,4abf543b-e1f6-4494-846e-6301c3f079f6,T.Martin,WR,nfl-player-v1,0,0,6.863,0.802,0,0,0,0.005
2025,5,2025_05_WAS_LAC,WAS,00-0030061,f42aa3a3-06fe-490e-afb7-07a36d947c7c,Z.Ertz,TE,nfl-player-v1,0,0,6.679,0.785,0,0,0,0.005
2025,6,2025_06_ARI_IND,ARI,00-0038705,de81a074-52e4-452a-a923-496eddc6a5d0,E.Demercado,RB,nfl-player-v1,0,8.888,3.174,0.523,0,0.022,0.002,0.0246
2025,6,2025_06_ARI_IND,ARI,00-0039041,1b207068-6c7e-480f-9923-06f2128115d6,E.Higgins,TE,nfl-player-v1,0,0,8.1,0.943,0,0,0,0.005
2025,6,2025_06_ARI_IND,ARI,00-0035500,8d89d9ff-87bf-47c7-bdb7-6387fd2063b9,G.Dortch,WR,nfl-player-v1,0,0,9.681,1.115,0,0,0.018,0.0182
2025,6,2025_06_ARI_IND,ARI,00-0033119,237a8679-0c0a-480b-870d-514d0c50523f,J.Brissett,QB,nfl-player-v1,126.029,5.9,0,0,0.81,0.01,0,0.0102
2025,6,2025_06_ARI_IND,ARI,00-0036924,324eed4d-0d36-4dcf-818b-f956af29d709,M.Carter,RB,nfl-player-v1,0,31.991,6.366,1.003,0,0.156,0.009,0.1523
2025,6,2025_06_ARI_IND,ARI,00-0039849,4c27a10c-963d-444e-b235-b46f4b652866,M.Harrison,WR,nfl-player-v1,0,0,8.1,0.943,0,0,0,0.005
2025,6,2025_06_ARI_IND,ARI,00-0038559,befb93dc-de67-4344-9d23-a1fa6a9d682f,Mi.Wilson,WR,nfl-player-v1,0,0,13.502,1.527,0,0,0.013,0.0125
2025,6,2025_06_ARI_IND,ARI,00-0037744,87b536c6-701f-4a71-b52e-0d8f7d4ec694,T.McBride,TE,nfl-player-v1,0,0,27.522,2.944,0,0,0.121,0.1142
2025,6,2025_06_ARI_IND,ARI,00-0033891,06642612-e554-4a8b-8a58-cdde619ee247,Z.Jones,WR,nfl-player-v1,0,0,16.705,1.843,0,0,0.015,0.0151
2025,6,2025_06_ARI_IND,ARI,00-0037157,efbc865a-57b4-4ae3-ab3d-27d27dffa258,Z.Knight,RB,nfl-player-v1,0,37.177,3.943,0.642,0,0.274,0.009,0.2463
2025,6,2025_06_BUF_ATL,ATL,00-0038542,8f5e333b-8cac-493f-8be3-093a3f12c027,B.Robinson,RB,nfl-player-v1,0,48.727,9.78,1.46,0,0.386,0.023,0.3361
2025,6,2025_06_BUF_ATL,ATL,00-0039394,67eef9d2-1ef9-4cda-93fd-eacebfde1b22,C.Washington,WR,nfl-player-v1,0,0,7.731,0.903,0,0,0,0.005
2025,6,2025_06_BUF_ATL,ATL,00-0037238,892d7782-1ecc-4137-aeb0-9e80c69e4034,D.London,WR,nfl-player-v1,0,0,45.587,4.54,0,0,0.127,0.1194
2025,6,2025_06_BUF_ATL,ATL,00-0036825,30c6da1b-b804-40b1-b3fe-df3955e57eff,F.Franks,TE,nfl-player-v1,0,0.265,4.804,0.569,0,0,0,0.005
2025,6,2025_06_BUF_ATL,ATL,00-0036970,40dfaab3-2886-438e-a325-a15f68d1f3c8,K.Pitts,TE,nfl-player-v1,0,0,11.771,1.333,0,0,0.037,0.0366
2025,6,2025_06_BUF_ATL,ATL,00-0039917,ab213147-61d9-49a3-a662-0e2a31cc80f2,M.Penix,QB,nfl-player-v1,116.205,4.832,0,0,0.728,0,0,0.005
2025,6,2025_06_BUF_ATL,ATL,00-0037263,3d48d76e-acf1-404a-ba84-79e0d1d0e3fc,T.Allgeier,RB,nfl-player-v1,0,26.788,3.26,0.536,0,0.338,0.013,0.2958
2025,6,2025_06_LA_BAL,BAL,00-0038046,6f5a73e0-41fa-40ec-aa08-ce3f64fad723,C.Kolar,TE,nfl-player-v1,0,0,6.069,0.716,0,0,0,0.005
2025,6,2025_06_LA_BAL,BAL,00-0033662,203414fc-a16a-4633-adec-aaeb845d0a44,C.Rush,QB,nfl-player-v1,106.367,4.606,0,0,0.666,0,0,0.005
2025,6,2025_06_LA_BAL,BAL,00-0032764,31b668ff-08d5-4913-8678-4c5c2fb906ca,D.Henry,RB,nfl-player-v1,0,54.742,3.916,0.635,0,1.121,0.025,0.6821
2025,6,2025_06_LA_BAL,BAL,00-0030564,1bd6ba6e-0334-4184-a6f8-4d5dcf7c276f,D.Hopkins,WR,nfl-player-v1,0,0,11.052,1.259,0,0,0,0.005
2025,6,2025_06_LA_BAL,BAL,00-0037838,ae5846b3-e4d7-42a1-bd13-81760f0a83b2,I.Likely,TE,nfl-player-v1,0,0,7.804,0.905,0,0,0,0.005
2025,6,2025_06_LA_BAL,BAL,00-0034975,4bf90f48-14f6-42ab-aa72-7f4e7b87e638,J.Hill,RB,nfl-player-v1,0,18.345,7.179,1.103,0,0,0,0.005
2025,6,2025_06_LA_BAL,BAL,00-0034753,3c8c24b6-f2b3-4130-86e6-389a16aa6104,M.Andrews,TE,nfl-player-v1,0,0.68,15.255,1.677,0,0.002,0.047,0.0479
2025,6,2025_06_LA_BAL,BAL,00-0036550,18c06a21-f854-4f11-89ad-f617293f9cea,R.Bateman,WR,nfl-player-v1,0,0,6.32,0.742,0,0,0,0.005
2025,6,2025_06_LA_BAL,BAL,00-0035993,52de0337-a7ef-4589-b345-4ae504e54970,T.Huntley,QB,nfl-player-v1,101.408,4.762,0,0,0.663,0.015,0,0.0153
2025,6,2025_06_LA_BAL,BAL,00-0039064,a4c95f75-76ae-4729-b36b-053b14fb2a51,Z.Flowers,WR,nfl-player-v1,0,0,20.407,2.176,0,0,0.03,0.03
2025,6,2025_06_BUF_ATL,BUF,00-0035689,83978a45-a7da-408d-a462-426f5444a908,D.Knox,TE,nfl-player-v1,0,0,8.749,1.013,0,0,0.028,0.028
2025,6,2025_06_BUF_ATL,BUF,00-0036980,b00bd3b2-8fb1-4c61-b575-87a93b457caf,E.Moore,,nfl-player-v1,0,0,8.534,0.994,0,0,0,0.005
2025,6,2025_06_BUF_ATL,BUF,00-0034857,32369b37-6bce-4910-acfa-f658676697d3,J.Allen,QB,nfl-player-v1,119.712,7.725,0,0,0.75,0,0,0.005
2025,6,2025_06_BUF_ATL,BUF,00-0037248,61da158c-dacb-4567-8ec7-9521d0868e5f,J.Cook,RB,nfl-player-v1,0,43.871,2.503,0.417,0,0.363,0.007,0.3088
2025,6,2025_06_BUF_ATL,BUF,00-0036988,df43fb4f-7e20-4384-83d0-fc24bbea7428,J.Palmer,WR,nfl-player-v1,0,0,9.159,1.056,0,0,0,0.005
2025,6,2025_06_BUF_ATL,BUF,00-0039901,15497e04-abce-413c-b84b-6928c1f96d77,K.Coleman,WR,nfl-player-v1,0,0,18.664,2.051,0,0,0.057,0.0558
2025,6,2025_06_BUF_ATL,BUF,00-0037261,a182f320-892e-4344-8c39-d03ec8d397c4,K.Shakir,WR,nfl-player-v1,0,0,16.383,1.82,0,0,0,0.005
2025,6,2025_06_BUF_ATL,BUF,00-0039875,51239dbe-c985-42a4-bdb6-e31bea991d12,R.Davis,RB,nfl-player-v1,0,6.404,4.505,0.726,0,0.055,0.012,0.064
2025,6,2025_06_BUF_ATL,BUF,00-0038679,0007cf4b-7ab2-42a0-a8b5-54ac02754320,T.Shavers,WR,nfl-player-v1,0,0,16.383,1.82,0,0,0,0.005
2025,6,2025_06_BUF_ATL,BUF,00-0035537,7927f661-8fb2-47a7-988d-d39a7c8038be,Ty.Johnson,RB,nfl-player-v1,0,8.377,4.365,0.703,0,0,0,0.005
2025,6,2025_06_DAL_CAR,CAR,00-0039150,c28c1088-1b0f-497f-bfdb-1a7a9cde1e89,B.Young,QB,nfl-player-v1,110.776,4.715,0,0,0.694,0,0,0.005
2025,6,2025_06_DAL_CAR,CAR,00-0036425,ecbca70b-71e1-43f2-bf2b-218d9cbe26b0,D.Dallas,,nfl-player-v1,0,0.225,4.711,0.558,0,0,0.01,0.0102
2025,6,2025_06_DAL_CAR,CAR,00-0034983,61cd0e72-b9fb-41e8-8c55-e743845d576c,H.Renfrow,WR,nfl-player-v1,0,0,8.713,1.004,0,0,0,0.005
2025,6,2025_06_DAL_CAR,CAR,00-0040218,77922ed5-6b51-4d23-8894-56a5ab1b2c1a,Ji.Horn,WR,nfl-player-v1,0,0.231,9.106,1.039,0,0,0,0.005
2025,6,2025_06_DAL_CAR,CAR,00-0040187,4c908559-bee0-4e03-892b-acb185733f1c,M.Evans,TE,nfl-player-v1,0,0,6.848,0.799,0,0,0,0.005
2025,6,2025_06_DAL_CAR,CAR,00-0036139,5247cf70-ccdc-4fee-abb5-56faa544291f,R.Dowdle,RB,nfl-player-v1,0,62.954,8.048,1.213,0,0.921,0.036,0.6161
2025,6,2025_06_DAL_CAR,CAR,00-0040644,fb47152c-3c47-4517-aafd-6bb67424d19d,T.Etienne,RB,nfl-player-v1,0,11.106,2.486,0.414,0,0.06,0.004,0.0618
2025,6,2025_06_DAL_CAR,CAR,00-0040124,fe874b96-e2c0-4f68-9815-af65b06e6738,T.McMillan,WR,nfl-player-v1,0,0,16.548,1.815,0,0,0.064,0.0615
2025,6,2025_06_DAL_CAR,CAR,00-0037005,2a5af105-ecb4-4ae4-89c6-d47b7b108737,T.Tremble,TE,nfl-player-v1,0,0,14.418,1.591,0,0,0,0.005
2025,6,2025_06_DAL_CAR,CAR,00-0039342,2f0f3999-0f08-41d7-83f3-7bf733899142,X.Legette,WR,nfl-player-v1,0,0,8.954,1.026,0,0,0,0.005
2025,6,2025_06_CHI_WAS,CHI,00-0036290,e20adbbe-669d-4d26-b64a-84332cd2acfd,C.Kmet,TE,nfl-player-v1,0,0,8.198,0.953,0,0,0,0.005
2025,6,2025_06_CHI_WAS,CHI,00-0040126,20e5eda2-e6a7-45e5-8ed5-958a5d49a8ae,C.Loveland,TE,nfl-player-v1,0,0,8.682,0.995,0,0,0.02,0.0197
2025,6,2025_06_CHI_WAS,CHI,00-0039918,d3372f7c-27eb-47ac-9d90-facef898a40f,C.Williams,QB,nfl-player-v1,118.379,5.966,0,0,0.788,0.024,0,0.0238
2025,6,2025_06_CHI_WAS,CHI,00-0034827,d366aedd-7ef1-47c6-a3bb-637a4559f332,D.Moore,WR,nfl-player-v1,0,0.646,14.988,1.663,0,0.001,0.033,0.0341
2025,6,2025_06_CHI_WAS,CHI,00-0036275,49aefcdc-6cec-4beb-84e1-ba08880d15d6,D.Swift,RB,nfl-player-v1,0,38.369,5.133,0.819,0,0.225,0.009,0.2089
2025,6,2025_06_CHI_WAS,CHI,00-0040236,08e87151-52f8-40cb-a625-42c1703b9eec,K.Monangai,RB,nfl-player-v1,0,17.528,3.392,0.557,0,0.106,0.006,0.1065
2025,6,2025_06_CHI_WAS,CHI,00-0040735,7f3e9ce8-9c8d-4d38-b381-3e43b24bf041,L.Burden,WR,nfl-player-v1,0,0,12.875,1.449,0,0,0,0.005
2025,6,2025_06_CHI_WAS,CHI,00-0035208,abb5a044-a3c2-46a1-9fac-b6d0ddf8475b,O.Zaccheaus,WR,nfl-player-v1,0,0.316,18.612,2.046,0,0.001,0.041,0.0408
2025,6,2025_06_CHI_WAS,CHI,00-0039021,76bf4a32-0924-40a4-91b6-26b69c668fed,R.Johnson,RB,nfl-player-v1,0,8.427,2.52,0.42,0,0,0,0.005
2025,6,2025_06_CHI_WAS,CHI,00-0039919,118470e6-4c10-41fd-9c53-8f079c8747aa,R.Odunze,WR,nfl-player-v1,0,0,14.277,1.606,0,0,0,0.005
2025,6,2025_06_CIN_GB,CIN,00-0038619,7da25b9b-7510-4f92-98a5-2cb63cd6aa2d,A.Iosivas,WR,nfl-player-v1,0,0,10.847,1.25,0,0,0.019,0.0192
2025,6,2025_06_CIN_GB,CIN,00-0038597,5b052584-0cb1-4079-abf3-1c8954958e62,C.Brown,RB,nfl-player-v1,0,39.244,4.693,0.757,0,0.361,0.013,0.3124
2025,6,2025_06_CIN_GB,CIN,00-0035631,9505074b-e13e-401f-a269-a589537be748,D.Sample,TE,nfl-player-v1,0,0,7.862,0.919,0,0,0,0.005
2025,6,2025_06_CIN_GB,CIN,00-0036900,fa88fc04-ab72-4b44-b18f-196905155362,J.Chase,WR,nfl-player-v1,0,0.44,25.114,2.645,0,0.002,0.082,0.0804
2025,6,2025_06_CIN_GB,CIN,00-0026158,371e6c01-3f61-411c-8675-13539221ddc9,J.Flacco,QB,nfl-player-v1,121.297,4.35,0,0,0.759,0,0,0.005
2025,6,2025_06_CIN_GB,CIN,00-0035644,332e37c2-22e4-4511-931e-c30035cb108d,N.Fant,TE,nfl-player-v1,0,0,11.507,1.313,0,0,0,0.005
2025,6,2025_06_CIN_GB,CIN,00-0033526,8b7e765c-715a-49e2-b062-5527b649c39c,S.Perine,RB,nfl-player-v1,0,28.029,4.688,0.756,0,0,0,0.005
2025,6,2025_06_CIN_GB,CIN,00-0036410,891d5ad8-ad2b-40a2-bd88-2f4c64d4009a,T.Higgins,WR,nfl-player-v1,0,0,19.181,2.121,0,0,0.033,0.0324
2025,6,2025_06_CIN_GB,CIN,00-0034613,5a2238a1-78a9-452b-b3b5-2440c6cc7d92,T.Hudson,TE,nfl-player-v1,0,0,13.045,1.478,0,0,0.046,0.0449
2025,6,2025_06_CLE_PIT,CLE,00-0038710,fd1c9066-b003-40c0-ac6f-6c8cab52d183,B.Whiteheart,TE,nfl-player-v1,0,0,5.903,0.697,0,0,0,0.005
2025,6,2025_06_CLE_PIT,CLE,00-0040704,7af9c46c-c099-4877-b651-9719ed598171,D.Gabriel,QB,nfl-player-v1,123.122,4.141,0,0,0.771,0,0,0.005
2025,6,2025_06_CLE_PIT,CLE,00-0033885,7803b6a3-2944-46a1-a2f7-8c64e92fc82d,D.Njoku,TE,nfl-player-v1,0,0,12.946,1.475,0,0,0.038,0.0369
2025,6,2025_06_CLE_PIT,CLE,00-0040162,b934c25d-e16b-4088-ade1-894632b8045f,D.Sampson,RB,nfl-player-v1,0,18.467,3.619,0.593,0,0,0,0.005
2025,6,2025_06_CLE_PIT,CLE,00-0040259,87512936-b0d4-422f-87f4-f28fc56fe703,G.Larvadain,WR,nfl-player-v1,0,0,9.696,1.121,0,0,0,0.005
2025,6,2025_06_CLE_PIT,CLE,00-0040663,62719d0e-0efc-456e-8df8-828cc1cf4abe,H.Fannin,TE,nfl-player-v1,0,0,19.394,2.139,0,0,0.027,0.0269
2025,6,2025_06_CLE_PIT,CLE,00-0040782,3193f354-0b23-4321-b879-2e9fcd02ec84,I.Bond,WR,nfl-player-v1,0,0,11.007,1.265,0,0,0.016,0.016
2025,6,2025_06_CLE_PIT,CLE,00-0037267,3a0091ff-06bf-492a-9528-03ae4f8f866d,J.Ford,RB,nfl-player-v1,0,14.804,6.225,0.985,0,0.056,0.007,0.0617
2025,6,2025_06_CLE_PIT,CLE,00-0036407,c669f87b-fdf2-458b-92b9-5fc841b4bec5,J.Jeudy,WR,nfl-player-v1,0,0,23.814,2.595,0,0,0.099,0.0943
2025,6,2025_06_CLE_PIT,CLE,00-0039379,41a0c66a-cf0b-4519-a28d-a12b879a5031,J.Thrash,WR,nfl-player-v1,0,0,8.421,0.979,0,0,0.012,0.0124
2025,6,2025_06_CLE_PIT,CLE,00-0040784,62023d1d-a5ea-44d8-bde5-fe8b08113b5a,Q.Judkins,RB,nfl-player-v1,0,56.293,3.02,0.499,0,0.213,0.004,0.1947
2025,6,2025_06_DAL_CAR,DAL,00-0039530,237d3676-845c-4673-a697-e3100108cb0b,B.Spann-Ford,TE,nfl-player-v1,0,0,6.474,0.761,0,0,0,0.005
2025,6,2025_06_DAL_CAR,DAL,00-0033077,6b202b45-4554-4645-8ff5-4ee830907717,D.Prescott,QB,nfl-player-v1,116.227,5.052,0,0,0.749,0.01,0,0.0095
2025,6,2025_06_DAL_CAR,DAL,00-0037247,35484e4c-03b7-453e-80fd-be2fa1ac62aa,G.Pickens,WR,nfl-player-v1,0,0,32.615,3.421,0,0,0.032,0.0314
2025,6,2025_06_DAL_CAR,DAL,00-0038738,7d6dc53b-3a2a-4006-8120-947f79a43223,H.Luepke,RB,nfl-player-v1,0,6.228,4.168,0.677,0,0.018,0.004,0.0211
2025,6,2025_06_DAL_CAR,DAL,00-0040586,682f2bcc-ad9a-49fd-b648-fd767ab9c15d,J.Blue,RB,nfl-player-v1,0,14.163,2.471,0.412,0,0,0,0.005
2025,6,2025_06_DAL_CAR,DAL,00-0038041,631385df-a7e6-4eb7-8b2b-e19769a2551f,J.Ferguson,TE,nfl-player-v1,0,0,10.571,1.211,0,0,0.034,0.0333
2025,6,2025_06_DAL_CAR,DAL,00-0037666,68f4a835-6990-4ab8-a10f-db8aa110439f,J.Tolbert,WR,nfl-player-v1,0,0,6.614,0.777,0,0,0,0.005
2025,6,2025_06_DAL_CAR,DAL,00-0036997,75533a5b-1037-45da-a572-2ccf5f61abc0,J.Williams,RB,nfl-player-v1,0,44.39,10.261,1.545,0,0.707,0.049,0.5305
2025,6,2025_06_DAL_CAR,DAL,00-0038547,7df365f8-b808-4ecf-8454-fe5ccbc0e2f4,L.Schoonmaker,TE,nfl-player-v1,0,0,8.255,0.962,0,0,0.009,0.0089
2025,6,2025_06_DAL_CAR,DAL,00-0039410,b9c5b95f-dcad-4853-bbe4-c3b2db8b2c1d,R.Flournoy,WR,nfl-player-v1,0,0.448,16.772,1.861,0,0,0.017,0.0177
2025,6,2025_06_DEN_NYJ,DEN,00-0036727,2e3ef41a-d0ea-473a-b249-559f5a424df1,A.Prentice,RB,nfl-player-v1,0,8.279,2.471,0.412,0,0,0,0.005
2025,6,2025_06_DEN_NYJ,DEN,00-0039732,40159058-8f61-4120-8323-ec81eaeff8ce,B.Nix,QB,nfl-player-v1,118.061,6.097,0,0,0.739,0,0,0.005
2025,6,2025_06_DEN_NYJ,DEN,00-0034348,017301c4-fe49-48a1-a533-db70f693a734,C.Sutton,WR,nfl-player-v1,0,0,10.938,1.253,0,0,0.035,0.0345
2025,6,2025_06_DEN_NYJ,DEN,00-0033881,44ecc125-b690-4177-93f9-f03d50825239,E.Engram,TE,nfl-player-v1,0,0.354,20.37,2.207,0,0,0,0.005
2025,6,2025_06_DEN_NYJ,DEN,00-0036158,a5ce07ae-2e77-4060-bb79-b53064c0b349,J.Dobbins,RB,nfl-player-v1,0,37.268,3.381,0.554,0,0.309,0.009,0.2722
2025,6,2025_06_DEN_NYJ,DEN,00-0038794,5c36d9ad-e706-41e2-901b-a2619071857f,J.McLaughlin,RB,nfl-player-v1,0,8.325,3.381,0.554,0,0,0,0.005
2025,6,2025_06_DEN_NYJ,DEN,00-0038976,d99e2c6d-aef8-4250-9bec-3a167ae51085,M.Mims,WR,nfl-player-v1,0,0.337,11.241,1.275,0,0,0,0.005
2025,6,2025_06_DEN_NYJ,DEN,00-0038783,ce124a9f-0d72-4e5f-89b6-3817ee5f738e,N.Adkins,TE,nfl-player-v1,0,0,9.214,1.062,0,0,0.03,0.0293
2025,6,2025_06_DEN_NYJ,DEN,00-0040134,de70216e-21b4-4de8-a4e8-1c0e4ed7734b,P.Bryant,WR,nfl-player-v1,0,0,9.214,1.062,0,0,0.03,0.0293
2025,6,2025_06_DEN_NYJ,DEN,00-0040730,f30905bf-54ce-4e54-8ae4-38b278499802,R.Harvey,RB,nfl-player-v1,0,10.757,6.622,1.032,0,0,0,0.005
2025,6,2025_06_DEN_NYJ,DEN,00-0039868,128fd135-fb3e-451e-8135-52d9465c4154,T.Franklin,WR,nfl-player-v1,0,0.339,13.858,1.547,0,0,0,0.005
2025,6,2025_06_DET_KC,DET,00-0036963,01542f54-ce56-438f-a484-c6bc9b77aabd,A.St. Brown,WR,nfl-player-v1,0,0.379,34.298,3.52,0,0.001,0.123,0.1172
2025,6,2025_06_DET_KC,DET,00-0035685,65151ce5-a920-4dc2-8bb0-ad8bdeea7a46,D.Montgomery,RB,nfl-player-v1,0,15.28,4.427,0.714,0,0,0,0.005
2025,6,2025_06_DET_KC,DET,00-0039139,29347caa-e7e1-4745-a79a-e2a210fe4fda,J.Gibbs,RB,nfl-player-v1,0,44.929,4.33,0.698,0,0.916,0.028,0.6109
2025,6,2025_06_DET_KC,DET,00-0033106,a631bebf-08bd-40de-b474-1e57605a1574,J.Goff,QB,nfl-player-v1,116.055,5.011,0,0,0.727,0,0,0.005
2025,6,2025_06_DET_KC,DET,00-0037240,975d437e-c293-4704-8573-68420a22d271,J.Williams,WR,nfl-player-v1,0,0,22.782,2.451,0,0,0,0.005
2025,6,2025_06_DET_KC,DET,00-0039065,efba363a-c6ab-4be9-998e-072e065fc2b9,S.LaPorta,TE,nfl-player-v1,0,0,19.632,2.143,0,0,0.038,0.0368
2025,6,2025_06_CIN_GB,GB,00-0037091,e71f068d-ac9d-4f78-8099-e1eea965dc74,B.Melton,DB,nfl-player-v1,0,0.252,4.711,0.558,0,0,0,0.005
2025,6,2025_06_CIN_GB,GB,00-0038685,18850ce4-973b-4e21-a03e-aa04864658c8,C.Brooks,RB,nfl-player-v1,0,7.88,2.471,0.412,0,0,0,0.005
2025,6,2025_06_CIN_GB,GB,00-0038393,c2ac0493-43d7-454b-9733-3e8161530921,D.Wicks,WR,nfl-player-v1,0,0,8.482,0.978,0,0,0,0.005
2025,6,2025_06_CIN_GB,GB,00-0038797,6572040d-90dd-479c-8d99-faf7175127c3,E.Wilson,RB,nfl-player-v1,0,11.46,3.253,0.533,0,0,0,0.005
2025,6,2025_06_CIN_GB,GB,00-0035700,1d87d00a-50b3-494c-a764-c0ff40e2a701,J.Jacobs,RB,nfl-player-v1,0,41.607,7.183,1.102,0,0.952,0.05,0.633
2025,6,2025_06_CIN_GB,GB,00-0036264,537f0d83-5256-42bf-bc75-f956be1f26c5,J.Love,QB,nfl-player-v1,119.181,7.191,0,0,0.746,0,0,0.005
2025,6,2025_06_CIN_GB,GB,00-0039144,bb8a3825-74f1-4c85-880a-a3108c33b36b,L.Musgrave,TE,nfl-player-v1,0,0,8.102,0.939,0,0,0,0.005
2025,6,2025_06_CIN_GB,GB,00-0040667,21d63dde-da33-498d-8984-467c8fa08df0,M.Golden,WR,nfl-player-v1,0,0.531,14.805,1.631,0,0,0,0.005
2025,6,2025_06_CIN_GB,GB,00-0037816,a5673ce8-e626-4f8f-a1c0-7864036be6a3,R.Doubs,WR,nfl-player-v1,0,0,24.87,2.629,0,0,0.053,0.0512
2025,6,2025_06_CIN_GB,GB,00-0040009,8d74f600-50f8-4f4b-a268-1bc959cc4edd,S.Williams,WR,nfl-player-v1,0,0.257,4.812,0.57,0,0,0,0.005
2025,6,2025_06_CIN_GB,GB,00-0038996,d561b61f-7998-40a8-82a4-875cc5706ed4,T.Kraft,TE,nfl-player-v1,0,0,8.66,0.998,0,0,0.02,0.0198
2025,6,2025_06_ARI_IND,IND,00-0032104,39c8ad89-a95a-4486-8c3d-ef8312e6ac3f,A.Abdullah,RB,nfl-player-v1,0,8.481,3.35,0.55,0,0,0,0.005
2025,6,2025_06_ARI_IND,IND,00-0037664,6b78568e-15e7-485d-ab78-b85134c79c82,A.Pierce,WR,nfl-player-v1,0,0,12.451,1.413,0,0,0,0.005
2025,6,2025_06_ARI_IND,IND,00-0035710,154df07d-189d-4473-894a-f65ed36181fc,D.Jones,QB,nfl-player-v1,117.389,6.021,0,0,0.758,0.012,0,0.0122
2025,6,2025_06_ARI_IND,IND,00-0038997,5da8b083-96f7-43b0-8b97-365397bd59e6,J.Downs,WR,nfl-player-v1,0,0,20.151,2.188,0,0,0.088,0.0838
2025,6,2025_06_ARI_IND,IND,00-0036223,d93096a9-946b-4b3c-a3b5-7a1498c91cae,J.Taylor,RB,nfl-player-v1,0,54.7,6.086,0.957,0,0.78,0.027,0.5541
2025,6,2025_06_ARI_IND,IND,00-0033217,97978f02-25a5-40fd-972c-1321c2671005,M.Alie-Cox,TE,nfl-player-v1,0,0,8.177,0.95,0,0,0,0.005
2025,6,2025_06_ARI_IND,IND,00-0036252,8b257ca3-4915-4a9f-9cc7-70bd81d7af59,M.Pittman,WR,nfl-player-v1,0,0,10.298,1.18,0,0,0,0.005
2025,6,2025_06_ARI_IND,IND,00-0040128,e72096d9-8234-4879-b3b4-9fd4bf4aac4e,T.Warren,TE,nfl-player-v1,0,0,25.319,2.7,0,0,0.081,0.0778
2025,6,2025_06_SEA_JAX,JAX,00-0039893,2dc8cd75-0a7b-413d-a5a0-3a21b2e1dbc9,B.Thomas,WR,nfl-player-v1,0,0,23.679,2.566,0,0,0,0.005
2025,6,2025_06_SEA_JAX,JAX,00-0040719,9d78928b-8c2f-4c2e-84ff-879c358142a1,B.Tuten,RB,nfl-player-v1,0,16.841,4.739,0.765,0,0.356,0.031,0.3207
2025,6,2025_06_SEA_JAX,JAX,00-0036626,b51c7678-2594-4a59-98df-0fc272274fdf,D.Brown,WR,nfl-player-v1,0,0.436,12.962,1.471,0,0,0,0.005
2025,6,2025_06_SEA_JAX,JAX,00-0037004,6ab33105-7309-488f-a85a-1a4888c63122,H.Long,TE,nfl-player-v1,0,0,9.352,1.083,0,0,0,0.005
2025,6,2025_06_SEA_JAX,JAX,00-0033246,0c3ec903-9025-436a-9ef3-d9eee09e93fb,J.Mundt,TE,nfl-player-v1,0,0,7.622,0.892,0,0,0,0.005
2025,6,2025_06_SEA_JAX,JAX,00-0040238,1fbfbedc-81ed-40ea-8bac-2007ea616902,L.Allen,RB,nfl-player-v1,0,9.518,3.846,0.627,0,0,0,0.005
2025,6,2025_06_SEA_JAX,JAX,00-0038606,ba986501-71a5-4c41-8836-02933c11efda,P.Washington,WR,nfl-player-v1,0,0,10.886,1.251,0,0,0,0.005
2025,6,2025_06_SEA_JAX,JAX,00-0036973,13c9b1da-11e5-44db-b6e2-2ce94a697d63,T.Etienne,RB,nfl-player-v1,0,48.289,6.194,0.979,0,0,0,0.005
2025,6,2025_06_SEA_JAX,JAX,00-0040718,841bfd08-c9e4-4bf4-8d65-e01b5aa326f4,T.Hunter,WR,nfl-player-v1,0,0,16.342,1.829,0,0,0,0.005
2025,6,2025_06_SEA_JAX,JAX,00-0036971,d0738d0d-7cc8-49b9-882e-a1fb536c47e7,T.Lawrence,QB,nfl-player-v1,124.211,5.536,0,0,0.778,0,0,0.005
2025,6,2025_06_SEA_JAX,JAX,00-0033375,0d4b90d7-5de5-47f3-a213-f10b8c403998,T.Patrick,WR,nfl-player-v1,0,0,6.295,0.742,0,0,0,0.005
2025,6,2025_06_DET_KC,KC,00-0040078,65158854-c056-46f0-a185-79af3db336de,B.Smith,RB,nfl-player-v1,0,6.364,6.332,0.992,0,0,0,0.005
2025,6,2025_06_DET_KC,KC,00-0037197,f48b3351-0deb-4a52-9790-5631073f3d2c,I.Pacheco,RB,nfl-player-v1,0,33.515,5.213,0.829,0,0.395,0.019,0.3389
2025,6,2025_06_DET_KC,KC,00-0033857,934d9980-bd65-441a-8b3b-b51144ba8f5a,J.Smith-Schuster,WR,nfl-player-v1,0,0,11.506,1.31,0,0,0,0.005
2025,6,2025_06_DET_KC,KC,00-0033923,0ab5a80d-1207-4385-8df5-2f776ac16816,K.Hunt,RB,nfl-player-v1,0,20.076,3.465,0.568,0,0.121,0.006,0.1199
2025,6,2025_06_DET_KC,KC,00-0035662,48a61718-24ab-4c6a-946e-56764c8f0206,M.Brown,WR,nfl-player-v1,0,0,14.113,1.583,0,0,0.032,0.0312
2025,6,2025_06_DET_KC,KC,00-0036637,d6bb9e59-3e25-468e-9bb1-ea8b5eccfdff,N.Gray,TE,nfl-player-v1,0,0,8.915,1.03,0,0,0,0.005
2025,6,2025_06_DET_KC,KC,00-0033873,a9854c99-01a8-4aff-ade7-a3dbcff01a05,P.Mahomes,QB,nfl-player-v1,125.83,7.895,0,0,0.838,0.032,0,0.0313
2025,6,2025_06_DET_KC,KC,00-0030506,6e6da15e-254a-4ee3-b0c8-2eaf5875f22f,T.Kelce,TE,nfl-player-v1,0,0,22.199,2.397,0,0,0.024,0.0237
2025,6,2025_06_DET_KC,KC,00-0039894,13377595-68fc-4870-b538-55539284b2d2,X.Worthy,WR,nfl-player-v1,0,0.339,13.488,1.519,0,0.001,0.03,0.0307
2025,6,2025_06_LA_BAL,LA,00-0039738,e5a46115-0912-415a-b0ef-fc6459391e9c,B.Corum,RB,nfl-player-v1,0,17.296,2.471,0.412,0,0.067,0.003,0.0676
2025,6,2025_06_LA_BAL,LA,00-0031381,6af876b7-d6ca-483e-bfab-51357985a24c,D.Adams,WR,nfl-player-v1,0,0,28.738,3.046,0,0,0.116,0.1098
2025,6,2025_06_LA_BAL,LA,00-0039074,577995aa-5a21-4ce7-a655-476aa3b7d151,D.Allen,TE,nfl-player-v1,0,0,8.857,1.026,0,0,0,0.005
2025,6,2025_06_LA_BAL,LA,00-0039751,dfecf1de-d300-4e69-93bc-20c4513f98c0,J.Whittington,WR,nfl-player-v1,0,0,14.198,1.593,0,0,0,0.005
2025,6,2025_06_LA_BAL,LA,00-0040590,802a6e31-ba99-42c3-b0dc-94b4eee5aab9,K.Mumpfield,WR,nfl-player-v1,0,0,8.857,1.026,0,0,0,0.005
2025,6,2025_06_LA_BAL,LA,00-0037840,d499f341-a8ae-4bc2-a2d0-09cbdcbc82c8,K.Williams,RB,nfl-player-v1,0,37.336,4.559,0.734,0,0.278,0.011,0.2508
2025,6,2025_06_LA_BAL,LA,00-0026498,7fc98b95-d8a9-461b-895c-675c835c87a6,M.Stafford,QB,nfl-player-v1,113.953,5.599,0,0,0.742,0.014,0,0.0143
2025,6,2025_06_LA_BAL,LA,00-0039075,cc8ed8e0-fd25-4c8f-bc2e-7c8b1975f241,P.Nacua,WR,nfl-player-v1,0,0,11.663,1.329,0,0,0.017,0.0168
2025,6,2025_06_LA_BAL,LA,00-0040737,4338c37a-86fe-4f3d-9b1e-af899ef9146b,T.Ferguson,TE,nfl-player-v1,0,0.378,4.716,0.558,0,0.001,0.007,0.0076
2025,6,2025_06_LA_BAL,LA,00-0033110,a21c681d-1ae5-4cc3-9b3e-29b4909192bb,T.Higbee,TE,nfl-player-v1,0,0,14.807,1.653,0,0,0.021,0.0208
2025,6,2025_06_LAC_MIA,LAC,00-0037617,2a4f97df-adf9-4894-8746-653f8ca1aa76,H.Haskins,RB,nfl-player-v1,0,20.865,3.183,0.524,0,0.044,0.002,0.0453
2025,6,2025_06_LAC_MIA,LAC,00-0036355,86721778-e183-4522-8ddc-55e00f17fbe7,J.Herbert,QB,nfl-player-v1,120.028,4.938,0,0,0.751,0,0,0.005
2025,6,2025_06_LAC_MIA,LAC,00-0030279,60f4cd06-05df-4280-add3-4cecee3a82d3,K.Allen,WR,nfl-player-v1,0,0,17.252,1.919,0,0,0.027,0.0265
2025,6,2025_06_LAC_MIA,LAC,00-0040184,e89ed330-2fe2-43ee-be6c-0fe8db74e4bf,K.Lambert-Smith,WR,nfl-player-v1,0,0,7.665,0.895,0,0,0.006,0.0062
2025,6,2025_06_LAC_MIA,LAC,00-0039391,533082ab-7fe9-4268-80bc-0139989251cf,K.Vidal,RB,nfl-player-v1,0,52.592,5.482,0.872,0,0.854,0.028,0.5861
2025,6,2025_06_LAC_MIA,LAC,00-0039915,7f5bf6e3-b07c-4361-bc95-0311908c7bf8,L.McConkey,WR,nfl-player-v1,0,0,21.805,2.366,0,0,0.05,0.0485
2025,6,2025_06_LAC_MIA,LAC,00-0040189,070528cf-a9c0-48c4-a759-be8a5cd3922f,O.Gadsden,TE,nfl-player-v1,0,0,19.742,2.158,0,0,0.045,0.0443
2025,6,2025_06_LAC_MIA,LAC,00-0040727,ff157432-dabf-43cf-96af-8ff8ebad77a9,T.Harris,WR,nfl-player-v1,0,0,13.174,1.488,0,0,0.01,0.0104
2025,6,2025_06_LAC_MIA,LAC,00-0034159,6a67a584-8cf6-417f-90b0-34a7577fc8da,W.Dissly,TE,nfl-player-v1,0,0,7.788,0.906,0,0,0,0.005
2025,6,2025_06_TEN_LV,LV,00-0034678,8f8c587d-0b8a-4bb4-b452-ca3b15cf3b3d,A.Cappa,OL,nfl-player-v1,0,0,6.473,0.761,0,0,0.008,0.0082
2025,6,2025_06_TEN_LV,LV,00-0040122,959ec041-e728-44e5-862c-b08ffa61a3f4,A.Jeanty,RB,nfl-player-v1,0,51.147,6.476,1.002,0,0.939,0.037,0.6233
2025,6,2025_06_TEN_LV,LV,00-0030565,47424b84-c636-49c2-8a25-9d3de0d3b504,G.Smith,QB,nfl-player-v1,105.423,4.505,0,0,0.66,0,0,0.005
2025,6,2025_06_TEN_LV,LV,00-0034365,6c06b009-f350-4555-95e1-60112d9b6c1d,I.Thomas,TE,nfl-player-v1,0,0,6.643,0.777,0,0,0,0.005
2025,6,2025_06_TEN_LV,LV,00-0040729,f49d31d5-7af7-4246-bd09-dd9bf49a5fea,J.Bech,WR,nfl-player-v1,0,0,6.473,0.761,0,0,0,0.005
2025,6,2025_06_TEN_LV,LV,00-0034960,55480340-bb90-4518-9695-e85dd3d36015,J.Meyers,,nfl-player-v1,0,0,14.228,1.578,0,0,0.017,0.0169
2025,6,2025_06_TEN_LV,LV,00-0039066,44db107c-a7ce-49ae-ba2b-dc3ae85181a0,M.Mayer,TE,nfl-player-v1,0,0,22.806,2.431,0,0,0.026,0.0258
2025,6,2025_06_TEN_LV,LV,00-0031687,e322f057-dca3-4242-83e0-4077db65cb28,R.Mostert,RB,nfl-player-v1,0,14.968,2.471,0.412,0,0.098,0.005,0.0983
2025,6,2025_06_TEN_LV,LV,00-0038563,b59c0df7-c6c7-412f-8abd-2bf54a74bfa2,T.Tucker,WR,nfl-player-v1,0,0,17.042,1.858,0,0,0.02,0.0198
2025,6,2025_06_LAC_MIA,MIA,00-0035125,12e216b4-a162-43d0-ba51-c53c2821df6e,A.Ingold,RB,nfl-player-v1,0,8.674,3.368,0.553,0,0.046,0.006,0.0506
2025,6,2025_06_LAC_MIA,MIA,00-0039040,f169e606-4f09-4947-8eef-b701b27cf612,D.Achane,RB,nfl-player-v1,0,50.208,8.737,1.336,0,0.501,0.027,0.4099
2025,6,2025_06_LAC_MIA,MIA,00-0036620,25947c7c-202f-4109-b28b-481e2d6166b1,D.Eskridge,WR,nfl-player-v1,0,0,6.5,0.766,0,0,0,0.005
2025,6,2025_06_LAC_MIA,MIA,00-0031610,f3ad686a-917f-495c-ba19-e67e7b21dad5,D.Waller,TE,nfl-player-v1,0,0,11.04,1.265,0,0,0.022,0.0219
2025,6,2025_06_LAC_MIA,MIA,00-0038720,bf7b51db-74d4-4563-aeff-8dc9157a1c69,J.Hill,TE,nfl-player-v1,0,0,11.325,1.292,0,0,0.023,0.0224
2025,6,2025_06_LAC_MIA,MIA,00-0036613,f6b9b938-482f-4332-96e6-e3e566d9efb2,J.Waddle,WR,nfl-player-v1,0,0,24.543,2.636,0,0,0,0.005
2025,6,2025_06_LAC_MIA,MIA,00-0039880,9f759ea4-6e4c-44b2-9eb1-44640e42493b,M.Washington,WR,nfl-player-v1,0,0.387,15.914,1.765,0,0.002,0.062,0.0613
2025,6,2025_06_LAC_MIA,MIA,00-0036182,723099fe-7e45-4cc2-9e19-be47b28fa150,N.Westbrook-Ikhine,WR,nfl-player-v1,0,0,6.5,0.766,0,0,0,0.005
2025,6,2025_06_LAC_MIA,MIA,00-0040198,6f1b239c-9e82-490d-abfd-2aa17a03f3a1,O.Gordon,RB,nfl-player-v1,0,11.174,3.368,0.553,0,0,0,0.005
2025,6,2025_06_LAC_MIA,MIA,00-0037348,ec44d32f-0e18-4e07-8eef-dd06b0ff518d,T.Conner,,nfl-player-v1,0,0,6.779,0.795,0,0,0,0.005
2025,6,2025_06_LAC_MIA,MIA,00-0036212,25cc976d-3f53-414e-8503-80d7e5d5a513,T.Tagovailoa,QB,nfl-player-v1,118.873,5.048,0,0,0.744,0,0,0.005
2025,6,2025_06_NE_NO,NE,00-0032392,da501cdf-983b-48c5-9918-7569b745567c,A.Hooper,TE,nfl-player-v1,0,0,6.777,0.793,0,0,0,0.005
2025,6,2025_06_NE_NO,NE,00-0038621,bc093a81-2f9d-44f8-85cc-cb7d3f539296,D.Douglas,WR,nfl-player-v1,0,0,13.625,1.523,0,0,0,0.005
2025,6,2025_06_NE_NO,NE,00-0039851,c18b2fe3-1746-464c-9604-91eca99e8c5c,D.Maye,QB,nfl-player-v1,118.409,7.772,0,0,0.807,0.044,0,0.0429
2025,6,2025_06_NE_NO,NE,00-0033090,835b972d-7fc1-48d2-bfb6-4ad15a30a0a1,H.Henry,TE,nfl-player-v1,0,0,11.429,1.292,0,0,0,0.005
2025,6,2025_06_NE_NO,NE,00-0038608,353c0718-b585-42e4-9fdd-65abf246f4d1,K.Boutte,WR,nfl-player-v1,0,0,17.009,1.861,0,0,0,0.005
2025,6,2025_06_NE_NO,NE,00-0040131,8490b4f2-0ce0-429e-93d9-e5bf60f69adf,K.Williams,WR,nfl-player-v1,0,0,8.347,0.97,0,0,0,0.005
2025,6,2025_06_NE_NO,NE,00-0033555,927c45e7-007a-40b8-9592-815d97fbc701,M.Hollins,WR,nfl-player-v1,0,0,10.994,1.25,0,0,0,0.005
2025,6,2025_06_NE_NO,NE,00-0036875,64641499-cd80-4cac-adcf-0272f37d57cc,R.Stevenson,RB,nfl-player-v1,0,30.547,3.324,0.544,0,0.509,0.017,0.4094
2025,6,2025_06_NE_NO,NE,00-0031588,8ea2703a-b355-44a5-a0d5-3ade7964e460,S.Diggs,WR,nfl-player-v1,0,0,11.254,1.273,0,0,0.036,0.035
2025,6,2025_06_NE_NO,NE,00-0040734,8c7fdfc1-da82-46bd-8059-d38dfc782a85,T.Henderson,RB,nfl-player-v1,0,23.307,4.306,0.692,0,0,0,0.005
2025,6,2025_06_NE_NO,NO,00-0033906,c7b60e7b-fe31-4675-9e2b-66d4d9c7a2d4,A.Kamara,RB,nfl-player-v1,0,24.659,6.693,1.027,0,0.444,0.037,0.3812
2025,6,2025_06_NE_NO,NO,00-0031236,16125e50-cd99-4225-a124-62507be3ffd8,B.Cooks,,nfl-player-v1,0,0,6.842,0.801,0,0,0,0.005
2025,6,2025_06_NE_NO,NO,00-0037239,3d8e6090-ab45-4750-a145-b5bc16812bc8,C.Olave,WR,nfl-player-v1,0,0,32.681,3.399,0,0,0.106,0.1004
2025,6,2025_06_NE_NO,NO,00-0034981,2e81bc65-e42c-4ef5-a59e-e22633ad1100,F.Moreau,TE,nfl-player-v1,0,0,6.842,0.801,0,0,0,0.005
2025,6,2025_06_NE_NO,NO,00-0036040,e10fc805-9026-4fe2-8714-d074bd8ca1be,J.Johnson,TE,nfl-player-v1,0,0,9.078,1.046,0,0,0,0.005
2025,6,2025_06_NE_NO,NO,00-0038551,7692e703-0c10-4245-bb50-a88585c6b0f4,K.Miller,RB,nfl-player-v1,0,23.447,3.433,0.562,0,0,0,0.005
2025,6,2025_06_NE_NO,NO,00-0037545,0a931859-dbbe-4421-8bdc-ee6094237041,R.Shaheed,,nfl-player-v1,0,0,19.058,2.084,0,0,0,0.005
2025,6,2025_06_NE_NO,NO,00-0039376,daa42eb7-39f7-4855-9cfb-36e187d1948a,S.Rattler,QB,nfl-player-v1,117.589,6.803,0,0,0.773,0.021,0,0.0211
2025,6,2025_06_NE_NO,NO,00-0033357,5034d52d-1292-4d87-a545-ef53884ca7e1,T.Hill,QB,nfl-player-v1,101.098,4.919,0,0,0.664,0.015,0,0.0153
2025,6,2025_06_PHI_NYG,NYG,00-0040715,17b3f22e-f45e-4eca-b13a-668a4cd32a8f,C.Skattebo,RB,nfl-player-v1,0,40.497,4.097,0.66,0,0.712,0.023,0.5201
2025,6,2025_06_PHI_NYG,NYG,00-0035250,e7d55b0c-e17e-4747-9f12-d3c5933b5e3e,D.Singletary,RB,nfl-player-v1,0,11.195,2.471,0.412,0,0,0,0.005
2025,6,2025_06_PHI_NYG,NYG,00-0040691,df2c09c5-74cd-4fdf-907d-3b98983c4c2b,J.Dart,QB,nfl-player-v1,121.581,8.471,0,0,0.834,0.051,0,0.05
2025,6,2025_06_PHI_NYG,NYG,00-0038938,0ca8c207-4857-4a05-9527-a19648578ed8,J.Hyatt,WR,nfl-player-v1,0,0,14.127,1.571,0,0,0,0.005
2025,6,2025_06_PHI_NYG,NYG,00-0035406,24fa8fd8-69ba-45e6-b4b2-b530f48b8c92,L.Humphrey,,nfl-player-v1,0,0,21.03,2.257,0,0,0.045,0.0441
2025,6,2025_06_PHI_NYG,NYG,00-0029263,2f65777c-88df-48e8-84f5-50d5b599b335,R.Wilson,QB,nfl-player-v1,98.959,4.235,0,0,0.62,0,0,0.005
2025,6,2025_06_PHI_NYG,NYG,00-0039847,7b9ebaff-f7d3-45f1-a0b0-07501c467f39,T.Johnson,TE,nfl-player-v1,0,0,11.793,1.331,0,0,0,0.005
2025,6,2025_06_PHI_NYG,NYG,00-0039384,5f99ad3b-ac4f-409e-8699-ac3ba697ade3,T.Tracy,RB,nfl-player-v1,0,13.17,2.524,0.421,0,0.04,0.002,0.0419
2025,6,2025_06_PHI_NYG,NYG,00-0038117,36776784-59f3-4a60-a1e7-609889d4b6cb,W.Robinson,WR,nfl-player-v1,0,0,19.603,2.106,0,0,0.021,0.0208
2025,6,2025_06_DEN_NYJ,NYJ,00-0034959,954d5b41-02ea-4047-8385-515c5118690c,A.Beck,RB,nfl-player-v1,0,6.369,3.822,0.62,0,0,0,0.005
2025,6,2025_06_DEN_NYJ,NYJ,00-0040582,fa3a3931-e2a2-4cd4-8c08-c75bfc1098c0,A.Smith,WR,nfl-player-v1,0,0,7.201,0.843,0,0,0,0.005
2025,6,2025_06_DEN_NYJ,NYJ,00-0038120,735192a9-d468-49d0-b370-970c18fabac5,B.Hall,RB,nfl-player-v1,0,46.453,2.489,0.415,0,0,0,0.005
2025,6,2025_06_DEN_NYJ,NYJ,00-0037740,74cc7436-fd66-4ec7-8ce4-61c742ca2f5a,G.Wilson,WR,nfl-player-v1,0,0,34.488,3.54,0,0,0,0.005
2025,6,2025_06_DEN_NYJ,NYJ,00-0039798,3a986b7a-a012-40ca-9f01-2aa8cd1484bd,I.Davis,RB,nfl-player-v1,0,9.729,3.733,0.606,0,0,0,0.005
2025,6,2025_06_DEN_NYJ,NYJ,00-0036945,d0778b59-dc20-4250-a23a-875e29d27acc,J.Fields,QB,nfl-player-v1,111.211,6.755,0,0,0.696,0,0,0.005
2025,6,2025_06_DEN_NYJ,NYJ,00-0033943,acc8f432-b907-4fdf-84cb-69390cf04c23,J.Reynolds,WR,nfl-player-v1,0,0,14.504,1.606,0,0,0,0.005
2025,6,2025_06_DEN_NYJ,NYJ,00-0040736,05d9b42e-040e-46c9-8a22-97abfe74c5ce,M.Taylor,TE,nfl-player-v1,0,0,7.466,0.867,0,0,0,0.005
2025,6,2025_06_DEN_NYJ,NYJ,00-0036427,7d05ed6f-f9df-44ae-b6d8-9fae7b2f7373,T.Johnson,WR,nfl-player-v1,0,0,7.201,0.843,0,0,0.059,0.0573
2025,6,2025_06_PHI_NYG,PHI,00-0035676,e97f648c-f826-40a0-a562-437d2714fd40,A.Brown,WR,nfl-player-v1,0,0,26.644,2.858,0,0,0.062,0.0597
2025,6,2025_06_PHI_NYG,PHI,00-0036265,362301d5-6a24-485e-889d-7f3eafbb66b3,A.Dillon,RB,nfl-player-v1,0,8.846,4.245,0.688,0,0,0,0.005
2025,6,2025_06_PHI_NYG,PHI,00-0034351,fa192789-c280-45f1-b92c-b3d6a2e97cb5,D.Goedert,TE,nfl-player-v1,0,0,33.962,3.542,0,0,0.076,0.0734
2025,6,2025_06_PHI_NYG,PHI,00-0036912,d0e121df-25e6-4268-9e79-b99acb8e9160,D.Smith,WR,nfl-player-v1,0,0,15.65,1.751,0,0,0.019,0.0187
2025,6,2025_06_PHI_NYG,PHI,00-0037741,6d4cdf27-b583-4056-b59d-95182c15301b,J.Dotson,WR,nfl-player-v1,0,0,8.425,0.98,0,0,0.011,0.0105
2025,6,2025_06_PHI_NYG,PHI,00-0036389,c415d118-a039-407a-a350-3e89d8042e25,J.Hurts,QB,nfl-player-v1,128.495,9.184,0,0,0.915,0.08,0,0.0767
2025,6,2025_06_PHI_NYG,PHI,00-0034844,9a93ddfe-033a-4098-acc7-9be147087ec8,S.Barkley,RB,nfl-player-v1,0,39.692,5.279,0.844,0,0.251,0.01,0.2298
2025,6,2025_06_CLE_PIT,PIT,00-0023459,9cd40a7b-735b-4670-bf0e-4d357c5b3e10,A.Rodgers,QB,nfl-player-v1,112.301,4.832,0,0,0.703,0,0,0.005
2025,6,2025_06_CLE_PIT,PIT,00-0037304,c3cd242e-0ded-4370-b254-f6582de39903,Co.Heyward,TE,nfl-player-v1,0,0,6.616,0.776,0,0,0.036,0.0356
2025,6,2025_06_CLE_PIT,PIT,00-0035640,4aefe4b3-05d4-4513-8386-ceefefe04e87,D.Metcalf,WR,nfl-player-v1,0,0,25.426,2.725,0,0,0,0.005
2025,6,2025_06_CLE_PIT,PIT,00-0038558,f011864a-8a7b-4638-b49f-d229e07bcfea,D.Washington,TE,nfl-player-v1,0,0,14.85,1.66,0,0,0,0.005
2025,6,2025_06_CLE_PIT,PIT,00-0033858,8b8c7b1a-90f6-4931-b9d8-3c8cfb0c920b,J.Smith,TE,nfl-player-v1,0,0.334,12.915,1.45,0,0,0,0.005
2025,6,2025_06_CLE_PIT,PIT,00-0037228,23de35af-3a1c-4ae7-9ea4-954a48d78d6a,J.Warren,RB,nfl-player-v1,0,30.6,4.284,0.692,0,0.423,0.018,0.3568
2025,6,2025_06_CLE_PIT,PIT,00-0036919,8a95e757-cf19-40cd-9cc1-77255bb487f1,K.Gainwell,RB,nfl-player-v1,0,19.562,8.215,1.252,0,0,0,0.005
2025,6,2025_06_CLE_PIT,PIT,00-0040142,d4eda4a8-fe86-4f99-a138-c013a635acf3,K.Johnson,RB,nfl-player-v1,0,18.618,2.471,0.412,0,0,0,0.005
2025,6,2025_06_CLE_PIT,PIT,00-0036894,07b45f1c-fb0a-40db-939b-4ee4836e9343,P.Freiermuth,TE,nfl-player-v1,0,0,6.616,0.776,0,0,0,0.005
2025,6,2025_06_CLE_PIT,PIT,00-0039739,b440a63e-d001-42e8-90e2-054da5ac8f79,R.Wilson,WR,nfl-player-v1,0,0,6.616,0.776,0,0,0,0.005
2025,6,2025_06_SEA_JAX,SEA,00-0039793,1359d114-9fb9-4783-8101-efdec545f961,A.Barner,TE,nfl-player-v1,0,0,12.232,1.383,0,0,0,0.005
2025,6,2025_06_SEA_JAX,SEA,00-0033908,42465aa3-53c4-4afb-bf91-0ac136659ba3,C.Kupp,WR,nfl-player-v1,0,0,11.766,1.337,0,0,0.017,0.0169
2025,6,2025_06_SEA_JAX,SEA,00-0040739,6705ba1e-91f0-4d99-81fe-b1a147c65a6d,E.Arroyo,TE,nfl-player-v1,0,0,9.033,1.044,0,0,0,0.005
2025,6,2025_06_SEA_JAX,SEA,00-0038543,8d9cebd3-3534-48a0-a4e9-2c0ebc5c1c94,J.Smith-Njigba,WR,nfl-player-v1,0,0,49.785,4.929,0,0,0,0.005
2025,6,2025_06_SEA_JAX,SEA,00-0038134,593d9bcd-2ae1-41ca-bf16-2d3c62d5b196,K.Walker,RB,nfl-player-v1,0,27.536,3.467,0.567,0,0.209,0.008,0.1951
2025,6,2025_06_SEA_JAX,SEA,00-0034869,3a4bd5d6-8b01-4324-8449-d0f7c2059e36,S.Darnold,QB,nfl-player-v1,114.62,4.991,0,0,0.747,0.013,0,0.0127
2025,6,2025_06_SEA_JAX,SEA,00-0040648,25a7a31f-fff0-4a52-96c3-f40f823c5343,T.Horton,WR,nfl-player-v1,0,0,6.691,0.787,0,0,0,0.005
2025,6,2025_06_SEA_JAX,SEA,00-0039165,7bb1ecbd-ce2a-443f-881d-e3f993b6a1c0,Z.Charbonnet,RB,nfl-player-v1,0,32.424,3.519,0.576,0,0.733,0.025,0.5316
2025,6,2025_06_SF_TB,SF,00-0037746,00b3cb74-e58d-4660-b1df-2376a82120b6,B.Robinson,RB,nfl-player-v1,0,6.251,4.914,0.79,0,0.033,0.008,0.0403
2025,6,2025_06_SF_TB,SF,00-0033280,ae3498a3-f309-4ea2-a3c1-031f013cc394,C.McCaffrey,RB,nfl-player-v1,0,61.317,10.182,1.545,0,1.48,0.077,0.7893
2025,6,2025_06_SF_TB,SF,00-0032775,03ab017e-f181-4486-9661-1c6485dedf19,D.Robinson,WR,nfl-player-v1,0,0,10.017,1.156,0,0,0,0.005
2025,6,2025_06_SF_TB,SF,00-0036259,046bd3b8-161d-4c19-9816-df5ce3e96947,J.Jennings,WR,nfl-player-v1,0,0,8.284,0.959,0,0,0,0.005
2025,6,2025_06_SF_TB,SF,00-0037112,a83d87f5-9208-48ee-a81c-bba3090ea426,J.Tonges,TE,nfl-player-v1,0,0,19.102,2.108,0,0,0,0.005
2025,6,2025_06_SF_TB,SF,00-0033307,77cbc405-dc41-40e4-b0bd-dd8a73396612,K.Bourne,WR,nfl-player-v1,0,0,23.787,2.594,0,0,0.045,0.0444
2025,6,2025_06_SF_TB,SF,00-0029892,86ed80c1-0dd7-4c07-a0b3-cea9fab60c0a,K.Juszczyk,RB,nfl-player-v1,0,6.313,3.317,0.546,0,0,0,0.005
2025,6,2025_06_SF_TB,SF,00-0036972,074db5dc-6d97-4108-a542-20e6cb42f4a6,M.Jones,QB,nfl-player-v1,112.878,6.423,0,0,0.707,0,0,0.005
2025,6,2025_06_SF_TB,SF,00-0034272,ce987bc8-98ca-4ce6-85b3-8e9ef51b0a8f,M.Valdes-Scantling,,nfl-player-v1,0,0,9.912,1.144,0,0,0,0.005
2025,6,2025_06_SF_TB,TB,00-0034855,56c2266e-4dc1-4c37-8f44-6323a36613de,B.Mayfield,QB,nfl-player-v1,111.143,5.403,0,0,0.696,0,0,0.005
2025,6,2025_06_SF_TB,TB,00-0038129,4f63ff11-fe96-4aa7-9831-9536b01dd6a9,C.Otton,TE,nfl-player-v1,0,0,20.031,2.158,0,0,0,0.005
2025,6,2025_06_SF_TB,TB,00-0040129,bac91e1b-f24a-431e-a656-d23a3ef5e9f5,E.Egbuka,WR,nfl-player-v1,0,0,13.548,1.519,0,0,0,0.005
2025,6,2025_06_SF_TB,TB,00-0039589,c6d8d2bd-0280-4607-8d52-54f84bf7437f,K.Johnson,WR,nfl-player-v1,0,0,14.538,1.612,0,0,0,0.005
2025,6,2025_06_SF_TB,TB,00-0037256,af7855b9-7e3c-41da-a2b8-8c7f6cd88bee,R.White,RB,nfl-player-v1,0,41.954,5.565,0.876,0,1.205,0.05,0.715
2025,6,2025_06_SF_TB,TB,00-0032385,2036bbd6-7375-422e-bdbc-7822b5bffdce,S.Shepard,WR,nfl-player-v1,0,0,11.272,1.279,0,0,0,0.005
2025,6,2025_06_SF_TB,TB,00-0038951,0b1f5016-8cbc-4512-8a82-0d3f67416080,S.Tucker,RB,nfl-player-v1,0,17.109,2.475,0.412,0,0.104,0.005,0.103
2025,6,2025_06_SF_TB,TB,00-0040237,5c294442-eaea-4ed0-a4fd-c33a7509bf48,T.Johnson,WR,nfl-player-v1,0,0,10.84,1.237,0,0,0,0.005
2025,6,2025_06_TEN_LV,TEN,00-0040705,f3027194-2b41-4db7-b6e1-10cb47514b73,C.Dike,WR,nfl-player-v1,0,0,10.403,1.197,0,0,0,0.005
2025,6,2025_06_TEN_LV,TEN,00-0037809,64755288-83b6-45d3-9d82-11807c2f5994,C.Okonkwo,TE,nfl-player-v1,0,0,17.977,1.987,0,0,0.04,0.039
2025,6,2025_06_TEN_LV,TEN,00-0034837,20728b4d-f625-4cd5-a2a6-9c6c76360516,C.Ridley,WR,nfl-player-v1,0,0,6.656,0.782,0,0,0,0.005
2025,6,2025_06_TEN_LV,TEN,00-0040676,f16bf5f1-4c50-449b-b1d4-ad4d66db60cb,C.Ward,QB,nfl-player-v1,119.882,4.263,0,0,0.751,0,0,0.005
2025,6,2025_06_TEN_LV,TEN,00-0039648,50851ff2-e9f9-45ed-a73b-7efcf44b57ff,D.Martin-Robinson,TE,nfl-player-v1,0,0,6.656,0.782,0,0,0.016,0.0155
2025,6,2025_06_TEN_LV,TEN,00-0040170,527aee16-44d6-4527-9ec1-b6d981e9e8c1,E.Ayomanor,WR,nfl-player-v1,0,0,14.934,1.683,0,0,0,0.005
2025,6,2025_06_TEN_LV,TEN,00-0040584,7e6d7376-3ff9-4d2b-8022-f47c0fbc308e,G.Helm,TE,nfl-player-v1,0,0,10.521,1.211,0,0,0.024,0.0239
2025,6,2025_06_TEN_LV,TEN,00-0032211,766ec4f5-92c5-4b06-a338-38a14f175030,T.Lockett,,nfl-player-v1,0,0,10.445,1.206,0,0,0,0.005
2025,6,2025_06_TEN_LV,TEN,00-0035261,61edd687-3a13-4c2f-8e86-d493ced4295b,T.Pollard,RB,nfl-player-v1,0,44.034,4.313,0.7,0,0.259,0.008,0.2347
2025,6,2025_06_TEN_LV,TEN,00-0039032,90e22076-0605-4b85-8d97-1a83167c5c35,T.Spears,RB,nfl-player-v1,0,25.282,6.3,0.997,0,0.15,0.011,0.1488
2025,6,2025_06_TEN_LV,TEN,00-0036415,de90c83e-b445-439c-befe-655f3d2c50d7,V.Jefferson,WR,nfl-player-v1,0,0,14.951,1.665,0,0,0.033,0.0327
2025,6,2025_06_CHI_WAS,WAS,00-0032398,22b4db5b-c301-4ba2-98d9-953136ef966f,C.Moore,WR,nfl-player-v1,0,0,16.162,1.787,0,0,0,0.005
2025,6,2025_06_CHI_WAS,WAS,00-0035719,7bb0990e-39c4-4d54-9fd7-b1d9bc9d8288,D.Samuel,WR,nfl-player-v1,0,0.234,13.851,1.517,0,0,0,0.005
2025,6,2025_06_CHI_WAS,WAS,00-0040242,25d9ee1b-68c9-4de4-ad0f-25efe8210850,J.Croskey-Merritt,RB,nfl-player-v1,0,39.9,3.45,0.564,0,0.549,0.015,0.4308
2025,6,2025_06_CHI_WAS,WAS,00-0039910,3276bcc4-687a-4601-92a3-35feeb80ba89,J.Daniels,QB,nfl-player-v1,123.919,8.748,0,0,0.776,0,0,0.005
2025,6,2025_06_CHI_WAS,WAS,00-0040164,8f6e73b4-1f9c-4db2-b36b-660751127569,J.Lane,WR,nfl-player-v1,0,0.275,8.791,1.012,0,0,0,0.005
2025,6,2025_06_CHI_WAS,WAS,00-0033955,01c9d65e-2883-4bde-a469-45abe5508fee,J.McNichols,RB,nfl-player-v1,0,10.268,6.483,1.005,0,0,0,0.005
2025,6,2025_06_CHI_WAS,WAS,00-0039355,b7c200b0-4cfb-412c-921e-a780f8692b75,L.McCaffrey,WR,nfl-player-v1,0,0,6.81,0.797,0,0,0,0.005
2025,6,2025_06_CHI_WAS,WAS,00-0030061,f42aa3a3-06fe-490e-afb7-07a36d947c7c,Z.Ertz,TE,nfl-player-v1,0,0,20.109,2.166,0,0,0.101,0.0961
2025,7,2025_07_GB_ARI,ARI,00-0035628,f608ee90-c986-469d-b0d7-f7af91010dc5,D.Johnson,,nfl-player-v1,0,0.287,4.711,0.558,0,0,0,0.005
2025,7,2025_07_GB_ARI,ARI,00-0039041,1b207068-6c7e-480f-9923-06f2128115d6,E.Higgins,TE,nfl-player-v1,0,0,6.341,0.745,0,0,0,0.005
2025,7,2025_07_GB_ARI,ARI,00-0035500,8d89d9ff-87bf-47c7-bdb7-6387fd2063b9,G.Dortch,WR,nfl-player-v1,0,0,8.116,0.942,0,0,0,0.005
2025,7,2025_07_GB_ARI,ARI,00-0033119,237a8679-0c0a-480b-870d-514d0c50523f,J.Brissett,QB,nfl-player-v1,125.43,7.055,0,0,0.785,0,0,0.005
2025,7,2025_07_GB_ARI,ARI,00-0036924,324eed4d-0d36-4dcf-818b-f956af29d709,M.Carter,RB,nfl-player-v1,0,23.282,4.087,0.663,0,0.109,0.006,0.1084
2025,7,2025_07_GB_ARI,ARI,00-0039849,4c27a10c-963d-444e-b235-b46f4b652866,M.Harrison,WR,nfl-player-v1,0,0,15.841,1.779,0,0,0,0.005
2025,7,2025_07_GB_ARI,ARI,00-0038559,befb93dc-de67-4344-9d23-a1fa6a9d682f,Mi.Wilson,WR,nfl-player-v1,0,0,12.169,1.384,0,0,0.022,0.0213
2025,7,2025_07_GB_ARI,ARI,00-0037744,87b536c6-701f-4a71-b52e-0d8f7d4ec694,T.McBride,TE,nfl-player-v1,0,0,36.152,3.733,0,0,0.174,0.1599
2025,7,2025_07_GB_ARI,ARI,00-0033891,06642612-e554-4a8b-8a58-cdde619ee247,Z.Jones,WR,nfl-player-v1,0,0,7.09,0.823,0,0,0,0.005
2025,7,2025_07_GB_ARI,ARI,00-0037157,efbc865a-57b4-4ae3-ab3d-27d27dffa258,Z.Knight,RB,nfl-player-v1,0,41.972,5.904,0.934,0,0.574,0.025,0.4505
2025,7,2025_07_ATL_SF,ATL,00-0038542,8f5e333b-8cac-493f-8be3-093a3f12c027,B.Robinson,RB,nfl-player-v1,0,49.592,10.095,1.528,0,1.449,0.092,0.7858
2025,7,2025_07_ATL_SF,ATL,00-0039394,67eef9d2-1ef9-4cda-93fd-eacebfde1b22,C.Washington,WR,nfl-player-v1,0,0,8.107,0.946,0,0,0,0.005
2025,7,2025_07_ATL_SF,ATL,00-0036429,2891bcba-4ef0-4ad7-b6b8-01af901d5d25,C.Woerner,TE,nfl-player-v1,0,0,6.295,0.743,0,0,0,0.005
2025,7,2025_07_ATL_SF,ATL,00-0037238,892d7782-1ecc-4137-aeb0-9e80c69e4034,D.London,WR,nfl-player-v1,0,0,25.662,2.779,0,0,0,0.005
2025,7,2025_07_ATL_SF,ATL,00-0036309,e318bcf4-6f17-4a62-ba7b-9283a4aab86c,D.Mooney,WR,nfl-player-v1,0,0,12.124,1.37,0,0,0,0.005
2025,7,2025_07_ATL_SF,ATL,00-0036970,40dfaab3-2886-438e-a325-a15f68d1f3c8,K.Pitts,TE,nfl-player-v1,0,0,27.062,2.9,0,0,0,0.005
2025,7,2025_07_ATL_SF,ATL,00-0039917,ab213147-61d9-49a3-a662-0e2a31cc80f2,M.Penix,QB,nfl-player-v1,123.053,5.728,0,0,0.77,0,0,0.005
2025,7,2025_07_ATL_SF,ATL,00-0037263,3d48d76e-acf1-404a-ba84-79e0d1d0e3fc,T.Allgeier,RB,nfl-player-v1,0,17.494,2.497,0.416,0,0,0,0.005
2025,7,2025_07_CAR_NYJ,CAR,00-0027973,ad824cf4-45aa-4678-90a2-b4de8ec1d14f,A.Dalton,QB,nfl-player-v1,101.043,4.235,0,0,0.633,0,0,0.005
2025,7,2025_07_CAR_NYJ,CAR,00-0039150,c28c1088-1b0f-497f-bfdb-1a7a9cde1e89,B.Young,QB,nfl-player-v1,109.654,4.976,0,0,0.687,0,0,0.005
2025,7,2025_07_CAR_NYJ,CAR,00-0036555,e4fb467c-29b4-4025-8e7f-05d9ee9ca744,C.Hubbard,RB,nfl-player-v1,0,34.673,4.811,0.768,0,0.318,0.014,0.2825
2025,7,2025_07_CAR_NYJ,CAR,00-0039491,0a50de21-d75b-4e1e-86c9-191b0dccffec,J.Coker,WR,nfl-player-v1,0,0,6.46,0.755,0,0,0,0.005
2025,7,2025_07_CAR_NYJ,CAR,00-0039356,38d1f118-d4b1-4550-932e-ebfebfb25c98,J.Sanders,TE,nfl-player-v1,0,0,7.77,0.908,0,0,0.014,0.014
2025,7,2025_07_CAR_NYJ,CAR,00-0040218,77922ed5-6b51-4d23-8894-56a5ab1b2c1a,Ji.Horn,WR,nfl-player-v1,0,0.243,7.892,0.914,0,0,0,0.005
2025,7,2025_07_CAR_NYJ,CAR,00-0040187,4c908559-bee0-4e03-892b-acb185733f1c,M.Evans,TE,nfl-player-v1,0,0,9.632,1.106,0,0,0.017,0.0171
2025,7,2025_07_CAR_NYJ,CAR,00-0036139,5247cf70-ccdc-4fee-abb5-56faa544291f,R.Dowdle,RB,nfl-player-v1,0,40.121,3.952,0.64,0,0.184,0.006,0.173
2025,7,2025_07_CAR_NYJ,CAR,00-0040124,fe874b96-e2c0-4f68-9815-af65b06e6738,T.McMillan,WR,nfl-player-v1,0,0,13.264,1.489,0,0,0,0.005
2025,7,2025_07_CAR_NYJ,CAR,00-0037005,2a5af105-ecb4-4ae4-89c6-d47b7b108737,T.Tremble,TE,nfl-player-v1,0,0,6.235,0.732,0,0,0,0.005
2025,7,2025_07_CAR_NYJ,CAR,00-0039342,2f0f3999-0f08-41d7-83f3-7bf733899142,X.Legette,WR,nfl-player-v1,0,0,28.898,3.01,0,0,0.14,0.131
2025,7,2025_07_NO_CHI,CHI,00-0036290,e20adbbe-669d-4d26-b64a-84332cd2acfd,C.Kmet,TE,nfl-player-v1,0,0,6.515,0.763,0,0,0,0.005
2025,7,2025_07_NO_CHI,CHI,00-0040126,20e5eda2-e6a7-45e5-8ed5-958a5d49a8ae,C.Loveland,TE,nfl-player-v1,0,0,12.391,1.389,0,0,0.012,0.0121
2025,7,2025_07_NO_CHI,CHI,00-0039918,d3372f7c-27eb-47ac-9d90-facef898a40f,C.Williams,QB,nfl-player-v1,109.596,4.991,0,0,0.705,0.009,0,0.0088
2025,7,2025_07_NO_CHI,CHI,00-0034827,d366aedd-7ef1-47c6-a3bb-637a4559f332,D.Moore,WR,nfl-player-v1,0,0.228,14.827,1.639,0,0,0.014,0.0145
2025,7,2025_07_NO_CHI,CHI,00-0036275,49aefcdc-6cec-4beb-84e1-ba08880d15d6,D.Swift,RB,nfl-player-v1,0,33.505,2.839,0.465,0,0.606,0.016,0.4633
2025,7,2025_07_NO_CHI,CHI,00-0040236,08e87151-52f8-40cb-a625-42c1703b9eec,K.Monangai,RB,nfl-player-v1,0,28.73,4.972,0.786,0,0.222,0.012,0.2087
2025,7,2025_07_NO_CHI,CHI,00-0040735,7f3e9ce8-9c8d-4d38-b381-3e43b24bf041,L.Burden,WR,nfl-player-v1,0,0.215,8.06,0.93,0,0,0,0.005
2025,7,2025_07_NO_CHI,CHI,00-0035208,abb5a044-a3c2-46a1-9fac-b6d0ddf8475b,O.Zaccheaus,WR,nfl-player-v1,0,0.216,10.039,1.139,0,0,0.02,0.0202
2025,7,2025_07_NO_CHI,CHI,00-0039021,76bf4a32-0924-40a4-91b6-26b69c668fed,R.Johnson,RB,nfl-player-v1,0,7.918,2.52,0.42,0,0,0,0.005
2025,7,2025_07_NO_CHI,CHI,00-0039919,118470e6-4c10-41fd-9c53-8f079c8747aa,R.Odunze,WR,nfl-player-v1,0,0,16.027,1.768,0,0,0,0.005
2025,7,2025_07_PIT_CIN,CIN,00-0038619,7da25b9b-7510-4f92-98a5-2cb63cd6aa2d,A.Iosivas,WR,nfl-player-v1,0,0,10.582,1.215,0,0,0.012,0.0121
2025,7,2025_07_PIT_CIN,CIN,00-0038597,5b052584-0cb1-4079-abf3-1c8954958e62,C.Brown,RB,nfl-player-v1,0,42.764,5.127,0.821,0,0.505,0.019,0.4076
2025,7,2025_07_PIT_CIN,CIN,00-0036900,fa88fc04-ab72-4b44-b18f-196905155362,J.Chase,WR,nfl-player-v1,0,0,57.57,5.683,0,0,0.17,0.1567
2025,7,2025_07_PIT_CIN,CIN,00-0026158,371e6c01-3f61-411c-8675-13539221ddc9,J.Flacco,QB,nfl-player-v1,128.862,5.807,0,0,0.832,0.012,0,0.0116
2025,7,2025_07_PIT_CIN,CIN,00-0035644,332e37c2-22e4-4511-931e-c30035cb108d,N.Fant,TE,nfl-player-v1,0,0,10.974,1.257,0,0,0.013,0.0125
2025,7,2025_07_PIT_CIN,CIN,00-0033526,8b7e765c-715a-49e2-b062-5527b649c39c,S.Perine,RB,nfl-player-v1,0,28.774,2.471,0.412,0,0.087,0.002,0.0857
2025,7,2025_07_PIT_CIN,CIN,00-0036410,891d5ad8-ad2b-40a2-bd88-2f4c64d4009a,T.Higgins,WR,nfl-player-v1,0,0,21.623,2.369,0,0,0.047,0.0463
2025,7,2025_07_MIA_CLE,CLE,00-0038710,fd1c9066-b003-40c0-ac6f-6c8cab52d183,B.Whiteheart,TE,nfl-player-v1,0,0,7.183,0.836,0,0,0,0.005
2025,7,2025_07_MIA_CLE,CLE,00-0040704,7af9c46c-c099-4877-b651-9719ed598171,D.Gabriel,QB,nfl-player-v1,108.778,5.588,0,0,0.711,0.016,0,0.0157
2025,7,2025_07_MIA_CLE,CLE,00-0040162,b934c25d-e16b-4088-ade1-894632b8045f,D.Sampson,RB,nfl-player-v1,0,10.914,3.546,0.577,0,0.046,0.005,0.0497
2025,7,2025_07_MIA_CLE,CLE,00-0040259,87512936-b0d4-422f-87f4-f28fc56fe703,G.Larvadain,WR,nfl-player-v1,0,0,5.781,0.678,0,0,0,0.005
2025,7,2025_07_MIA_CLE,CLE,00-0040663,62719d0e-0efc-456e-8df8-828cc1cf4abe,H.Fannin,TE,nfl-player-v1,0,0,19.292,2.075,0,0,0,0.005
2025,7,2025_07_MIA_CLE,CLE,00-0037267,3a0091ff-06bf-492a-9528-03ae4f8f866d,J.Ford,RB,nfl-player-v1,0,7.846,4.697,0.746,0,0.033,0.006,0.0383
2025,7,2025_07_MIA_CLE,CLE,00-0036407,c669f87b-fdf2-458b-92b9-5fc841b4bec5,J.Jeudy,WR,nfl-player-v1,0,0,15.387,1.702,0,0,0.024,0.0235
2025,7,2025_07_MIA_CLE,CLE,00-0039379,41a0c66a-cf0b-4519-a28d-a12b879a5031,J.Thrash,WR,nfl-player-v1,0,0,9.424,1.081,0,0,0,0.005
2025,7,2025_07_MIA_CLE,CLE,00-0039920,f3dfcb32-2500-4f7d-8e4a-0b276a390d97,M.Corley,WR,nfl-player-v1,0,0,9.722,1.107,0,0,0,0.005
2025,7,2025_07_MIA_CLE,CLE,00-0040784,62023d1d-a5ea-44d8-bde5-fe8b08113b5a,Q.Judkins,RB,nfl-player-v1,0,47.116,2.496,0.416,0,0.96,0.017,0.6235
2025,7,2025_07_WAS_DAL,DAL,00-0036358,c65ab2ea-a913-4981-964e-e6b3c4c5854e,C.Lamb,WR,nfl-player-v1,0,0,21.719,2.348,0,0,0,0.005
2025,7,2025_07_WAS_DAL,DAL,00-0033077,6b202b45-4554-4645-8ff5-4ee830907717,D.Prescott,QB,nfl-player-v1,115.092,5.753,0,0,0.75,0.015,0,0.0147
2025,7,2025_07_WAS_DAL,DAL,00-0037247,35484e4c-03b7-453e-80fd-be2fa1ac62aa,G.Pickens,WR,nfl-player-v1,0,0,16.291,1.801,0,0,0,0.005
2025,7,2025_07_WAS_DAL,DAL,00-0038738,7d6dc53b-3a2a-4006-8120-947f79a43223,H.Luepke,RB,nfl-player-v1,0,6.188,3.226,0.53,0,0.024,0.004,0.0276
2025,7,2025_07_WAS_DAL,DAL,00-0040586,682f2bcc-ad9a-49fd-b648-fd767ab9c15d,J.Blue,RB,nfl-player-v1,0,20.042,3.226,0.53,0,0,0,0.005
2025,7,2025_07_WAS_DAL,DAL,00-0038041,631385df-a7e6-4eb7-8b2b-e19769a2551f,J.Ferguson,TE,nfl-player-v1,0,0,19.552,2.115,0,0,0.081,0.0776
2025,7,2025_07_WAS_DAL,DAL,00-0037666,68f4a835-6990-4ab8-a10f-db8aa110439f,J.Tolbert,WR,nfl-player-v1,0,0,7.966,0.926,0,0,0,0.005
2025,7,2025_07_WAS_DAL,DAL,00-0036997,75533a5b-1037-45da-a572-2ccf5f61abc0,J.Williams,RB,nfl-player-v1,0,45.853,5.677,0.892,0,0.846,0.032,0.5845
2025,7,2025_07_WAS_DAL,DAL,00-0037801,7bb83a46-749f-471f-9876-9b2893c636f8,K.Turpin,WR,nfl-player-v1,0,0,6.609,0.776,0,0,0,0.005
2025,7,2025_07_NYG_DEN,DEN,00-0036727,2e3ef41a-d0ea-473a-b249-559f5a424df1,A.Prentice,RB,nfl-player-v1,0,6.163,3.02,0.499,0,0.013,0.002,0.0152
2025,7,2025_07_NYG_DEN,DEN,00-0039732,40159058-8f61-4120-8323-ec81eaeff8ce,B.Nix,QB,nfl-player-v1,134.883,7.294,0,0,0.882,0.021,0,0.0204
2025,7,2025_07_NYG_DEN,DEN,00-0034348,017301c4-fe49-48a1-a533-db70f693a734,C.Sutton,WR,nfl-player-v1,0,0,20.79,2.286,0,0,0.048,0.0469
2025,7,2025_07_NYG_DEN,DEN,00-0033881,44ecc125-b690-4177-93f9-f03d50825239,E.Engram,TE,nfl-player-v1,0,0,15.672,1.757,0,0,0,0.005
2025,7,2025_07_NYG_DEN,DEN,00-0033538,43cc4877-ed92-4575-8383-41835f239ca0,G.Bolles,OL,nfl-player-v1,0,0,5.832,0.69,0,0,0.005,0.005
2025,7,2025_07_NYG_DEN,DEN,00-0036158,a5ce07ae-2e77-4060-bb79-b53064c0b349,J.Dobbins,RB,nfl-player-v1,0,49.318,3.035,0.501,0,0.206,0.004,0.1891
2025,7,2025_07_NYG_DEN,DEN,00-0038976,d99e2c6d-aef8-4250-9bec-3a167ae51085,M.Mims,WR,nfl-player-v1,0,0.347,14.758,1.652,0,0,0.012,0.0118
2025,7,2025_07_NYG_DEN,DEN,00-0038783,ce124a9f-0d72-4e5f-89b6-3817ee5f738e,N.Adkins,TE,nfl-player-v1,0,0,8.42,0.979,0,0,0,0.005
2025,7,2025_07_NYG_DEN,DEN,00-0040134,de70216e-21b4-4de8-a4e8-1c0e4ed7734b,P.Bryant,WR,nfl-player-v1,0,0,9.582,1.111,0,0,0.008,0.0077
2025,7,2025_07_NYG_DEN,DEN,00-0040730,f30905bf-54ce-4e54-8ae4-38b278499802,R.Harvey,RB,nfl-player-v1,0,18.273,3.601,0.59,0,0.078,0.005,0.0791
2025,7,2025_07_NYG_DEN,DEN,00-0037085,e91b7026-2866-4587-96e6-3eba8e3346af,T.Badie,RB,nfl-player-v1,0,6.338,3.701,0.606,0,0.014,0.002,0.0159
2025,7,2025_07_NYG_DEN,DEN,00-0039868,128fd135-fb3e-451e-8135-52d9465c4154,T.Franklin,WR,nfl-player-v1,0,0,19.952,2.21,0,0,0.077,0.0744
2025,7,2025_07_TB_DET,DET,00-0036963,01542f54-ce56-438f-a484-c6bc9b77aabd,A.St. Brown,WR,nfl-player-v1,0,0,28.151,2.96,0,0,0,0.005
2025,7,2025_07_TB_DET,DET,00-0036754,54bf441b-5cc8-4ffc-9951-89c03d555b42,B.Wright,TE,nfl-player-v1,0,0,10.485,1.194,0,0,0,0.005
2025,7,2025_07_TB_DET,DET,00-0035685,65151ce5-a920-4dc2-8bb0-ad8bdeea7a46,D.Montgomery,RB,nfl-player-v1,0,32.299,4.982,0.792,0,0,0,0.005
2025,7,2025_07_TB_DET,DET,00-0040669,4933a1b2-3cd6-4268-a60f-3b7b98622bbf,I.TeSlaa,WR,nfl-player-v1,0,0,6.287,0.741,0,0,0.035,0.034
2025,7,2025_07_TB_DET,DET,00-0039139,29347caa-e7e1-4745-a79a-e2a210fe4fda,J.Gibbs,RB,nfl-player-v1,0,41.638,5.143,0.818,0,0.567,0.022,0.4449
2025,7,2025_07_TB_DET,DET,00-0033106,a631bebf-08bd-40de-b474-1e57605a1574,J.Goff,QB,nfl-player-v1,113.32,5.004,0,0,0.709,0,0,0.005
2025,7,2025_07_TB_DET,DET,00-0037240,975d437e-c293-4704-8573-68420a22d271,J.Williams,WR,nfl-player-v1,0,0,7.969,0.929,0,0,0,0.005
2025,7,2025_07_TB_DET,DET,00-0032464,1525a1a7-7b4c-4fc8-82e3-d0e3d8049507,K.Raymond,WR,nfl-player-v1,0,0,10.579,1.205,0,0,0,0.005
2025,7,2025_07_TB_DET,DET,00-0039065,efba363a-c6ab-4be9-998e-072e065fc2b9,S.LaPorta,TE,nfl-player-v1,0,0,10.356,1.179,0,0,0,0.005
2025,7,2025_07_GB_ARI,GB,00-0038685,18850ce4-973b-4e21-a03e-aa04864658c8,C.Brooks,RB,nfl-player-v1,0,6.177,3.335,0.547,0,0.024,0.004,0.0277
2025,7,2025_07_GB_ARI,GB,00-0038393,c2ac0493-43d7-454b-9733-3e8161530921,D.Wicks,WR,nfl-player-v1,0,0,7.274,0.844,0,0,0.011,0.0107
2025,7,2025_07_GB_ARI,GB,00-0038797,6572040d-90dd-479c-8d99-faf7175127c3,E.Wilson,RB,nfl-player-v1,0,19.644,3.364,0.552,0,0.075,0.004,0.0763
2025,7,2025_07_GB_ARI,GB,00-0037306,5bedb1f9-714b-416c-9803-57d032ed5651,J.FitzPatrick,TE,nfl-player-v1,0,0,6.778,0.795,0,0,0,0.005
2025,7,2025_07_GB_ARI,GB,00-0035700,1d87d00a-50b3-494c-a764-c0ff40e2a701,J.Jacobs,RB,nfl-player-v1,0,30.558,2.863,0.47,0,0.575,0.017,0.4467
2025,7,2025_07_GB_ARI,GB,00-0036264,537f0d83-5256-42bf-bc75-f956be1f26c5,J.Love,QB,nfl-player-v1,118.42,6.3,0,0,0.741,0,0,0.005
2025,7,2025_07_GB_ARI,GB,00-0040667,21d63dde-da33-498d-8984-467c8fa08df0,M.Golden,WR,nfl-player-v1,0,0,14.078,1.578,0,0,0,0.005
2025,7,2025_07_GB_ARI,GB,00-0037816,a5673ce8-e626-4f8f-a1c0-7864036be6a3,R.Doubs,WR,nfl-player-v1,0,0,25.118,2.684,0,0,0,0.005
2025,7,2025_07_GB_ARI,GB,00-0038996,d561b61f-7998-40a8-82a4-875cc5706ed4,T.Kraft,TE,nfl-player-v1,0,0,30.466,3.209,0,0,0.082,0.0784
2025,7,2025_07_HOU_SEA,HOU,00-0034419,83893fcf-5f86-406b-b1c7-8f4f45987702,B.Berrios,WR,nfl-player-v1,0,0,8.642,1.006,0,0,0.013,0.0127
2025,7,2025_07_HOU_SEA,HOU,00-0039163,5580f3af-a69b-4d18-aa9e-f9f360bb7daf,C.Stroud,QB,nfl-player-v1,129.363,5.966,0,0,0.81,0,0,0.005
2025,7,2025_07_HOU_SEA,HOU,00-0033854,1469f8ef-106a-411b-8a88-2356c758380f,D.Ogunbowale,RB,nfl-player-v1,0,6.164,3.067,0.506,0,0,0,0.005
2025,7,2025_07_HOU_SEA,HOU,00-0034383,fe4c4fa7-73c1-43b7-8823-e75c27674ec2,D.Schultz,TE,nfl-player-v1,0,0,23.642,2.562,0,0,0.033,0.0321
2025,7,2025_07_HOU_SEA,HOU,00-0040130,321f2f7a-617b-4114-867a-7188cd496cff,J.Higgins,WR,nfl-player-v1,0,0,8.531,0.996,0,0,0.013,0.0126
2025,7,2025_07_HOU_SEA,HOU,00-0040138,e514b85a-324e-406e-880e-9c49fe37b12d,J.Noel,WR,nfl-player-v1,0,0,15.039,1.693,0,0,0.022,0.0213
2025,7,2025_07_HOU_SEA,HOU,00-0034791,489002b7-b67b-4d6a-80d9-6000e716b0ce,N.Chubb,RB,nfl-player-v1,0,25.471,4.331,0.701,0,0.098,0.005,0.0976
2025,7,2025_07_HOU_SEA,HOU,00-0036554,b8dae940-0938-432d-9b8c-3fc0ae4c8906,N.Collins,WR,nfl-player-v1,0,0,20.003,2.21,0,0,0,0.005
2025,7,2025_07_HOU_SEA,HOU,00-0040583,370bcf5e-ca00-4e72-b138-115538bdc569,W.Marks,RB,nfl-player-v1,0,46.038,5.749,0.914,0,0.689,0.027,0.5109
2025,7,2025_07_HOU_SEA,HOU,00-0038618,e432064c-a8c6-4b83-8119-a0bf2e30fa6f,X.Hutchinson,WR,nfl-player-v1,0,0,10.021,1.159,0,0,0.015,0.0146
2025,7,2025_07_IND_LAC,IND,00-0032104,39c8ad89-a95a-4486-8c3d-ef8312e6ac3f,A.Abdullah,RB,nfl-player-v1,0,11.313,3.3,0.543,0,0.037,0.003,0.0397
2025,7,2025_07_IND_LAC,IND,00-0039816,c96a014c-7133-478e-a6dd-12e7f16c195b,A.Gould,WR,nfl-player-v1,0,0,6.484,0.762,0,0,0,0.005
2025,7,2025_07_IND_LAC,IND,00-0039890,87520ab1-0a67-4521-b031-0a45fa108796,A.Mitchell,,nfl-player-v1,0,0,6.625,0.778,0,0,0,0.005
2025,7,2025_07_IND_LAC,IND,00-0037664,6b78568e-15e7-485d-ab78-b85134c79c82,A.Pierce,WR,nfl-player-v1,0,0,28.336,3.033,0,0,0,0.005
2025,7,2025_07_IND_LAC,IND,00-0035710,154df07d-189d-4473-894a-f65ed36181fc,D.Jones,QB,nfl-player-v1,119.66,5.733,0,0,0.749,0,0,0.005
2025,7,2025_07_IND_LAC,IND,00-0036223,d93096a9-946b-4b3c-a3b5-7a1498c91cae,J.Taylor,RB,nfl-player-v1,0,51.007,5.25,0.84,0,0.795,0.026,0.56
2025,7,2025_07_IND_LAC,IND,00-0033217,97978f02-25a5-40fd-972c-1321c2671005,M.Alie-Cox,TE,nfl-player-v1,0,0,8.275,0.964,0,0,0.01,0.0103
2025,7,2025_07_IND_LAC,IND,00-0036252,8b257ca3-4915-4a9f-9cc7-70bd81d7af59,M.Pittman,WR,nfl-player-v1,0,0,28.631,3.042,0,0,0.098,0.0936
2025,7,2025_07_IND_LAC,IND,00-0040128,e72096d9-8234-4879-b3b4-9fd4bf4aac4e,T.Warren,TE,nfl-player-v1,0,0,15.041,1.686,0,0,0.036,0.0357
2025,7,2025_07_LA_JAX,JAX,00-0039893,2dc8cd75-0a7b-413d-a5a0-3a21b2e1dbc9,B.Thomas,WR,nfl-player-v1,0,0,14.763,1.667,0,0,0,0.005
2025,7,2025_07_LA_JAX,JAX,00-0040719,9d78928b-8c2f-4c2e-84ff-879c358142a1,B.Tuten,RB,nfl-player-v1,0,24.246,2.471,0.412,0,0,0,0.005
2025,7,2025_07_LA_JAX,JAX,00-0036626,b51c7678-2594-4a59-98df-0fc272274fdf,D.Brown,WR,nfl-player-v1,0,0,10.399,1.2,0,0,0.021,0.0208
2025,7,2025_07_LA_JAX,JAX,00-0037004,6ab33105-7309-488f-a85a-1a4888c63122,H.Long,TE,nfl-player-v1,0,0,8.832,1.025,0,0,0,0.005
2025,7,2025_07_LA_JAX,JAX,00-0033246,0c3ec903-9025-436a-9ef3-d9eee09e93fb,J.Mundt,TE,nfl-player-v1,0,0,10.019,1.159,0,0,0,0.005
2025,7,2025_07_LA_JAX,JAX,00-0040238,1fbfbedc-81ed-40ea-8bac-2007ea616902,L.Allen,RB,nfl-player-v1,0,6.173,3.083,0.509,0,0.033,0.005,0.0376
2025,7,2025_07_LA_JAX,JAX,00-0038606,ba986501-71a5-4c41-8836-02933c11efda,P.Washington,WR,nfl-player-v1,0,1.307,20.576,2.238,0,0,0,0.005
2025,7,2025_07_LA_JAX,JAX,00-0036973,13c9b1da-11e5-44db-b6e2-2ce94a697d63,T.Etienne,RB,nfl-player-v1,0,36.022,4.367,0.707,0,0.188,0.007,0.1775
2025,7,2025_07_LA_JAX,JAX,00-0040718,841bfd08-c9e4-4bf4-8d65-e01b5aa326f4,T.Hunter,WR,nfl-player-v1,0,0.436,28.771,3.057,0,0.003,0.16,0.1504
2025,7,2025_07_LA_JAX,JAX,00-0036971,d0738d0d-7cc8-49b9-882e-a1fb536c47e7,T.Lawrence,QB,nfl-player-v1,128.716,5.664,0,0,0.851,0.02,0,0.0203
2025,7,2025_07_LA_JAX,JAX,00-0033375,0d4b90d7-5de5-47f3-a213-f10b8c403998,T.Patrick,WR,nfl-player-v1,0,0,6.133,0.723,0,0,0,0.005
2025,7,2025_07_LV_KC,KC,00-0040078,65158854-c056-46f0-a185-79af3db336de,B.Smith,RB,nfl-player-v1,0,34.616,6.169,0.964,0,0.551,0.03,0.4406
2025,7,2025_07_LV_KC,KC,00-0037197,f48b3351-0deb-4a52-9790-5631073f3d2c,I.Pacheco,RB,nfl-player-v1,0,34.743,3.74,0.607,0,0.161,0.005,0.1531
2025,7,2025_07_LV_KC,KC,00-0033857,934d9980-bd65-441a-8b3b-b51144ba8f5a,J.Smith-Schuster,WR,nfl-player-v1,0,0,9.363,1.074,0,0,0.008,0.0083
2025,7,2025_07_LV_KC,KC,00-0033923,0ab5a80d-1207-4385-8df5-2f776ac16816,K.Hunt,RB,nfl-player-v1,0,13.665,2.496,0.416,0,0,0,0.005
2025,7,2025_07_LV_KC,KC,00-0035662,48a61718-24ab-4c6a-946e-56764c8f0206,M.Brown,WR,nfl-player-v1,0,0,10.729,1.225,0,0,0.019,0.0189
2025,7,2025_07_LV_KC,KC,00-0036637,d6bb9e59-3e25-468e-9bb1-ea8b5eccfdff,N.Gray,TE,nfl-player-v1,0,0,6.195,0.728,0,0,0,0.005
2025,7,2025_07_LV_KC,KC,00-0033873,a9854c99-01a8-4aff-ade7-a3dbcff01a05,P.Mahomes,QB,nfl-player-v1,119.425,5.894,0,0,0.748,0,0,0.005
2025,7,2025_07_LV_KC,KC,00-0039067,eb2c647e-6138-4708-bd65-35422f29f75c,R.Rice,WR,nfl-player-v1,0,0,23.268,2.486,0,0,0.077,0.0744
2025,7,2025_07_LV_KC,KC,00-0030506,6e6da15e-254a-4ee3-b0c8-2eaf5875f22f,T.Kelce,TE,nfl-player-v1,0,0,9.219,1.057,0,0,0,0.005
2025,7,2025_07_LV_KC,KC,00-0038104,33cf9116-000e-4e42-a4bb-00524aa7e1c8,T.Thornton,WR,nfl-player-v1,0,0,7.413,0.864,0,0,0,0.005
2025,7,2025_07_LV_KC,KC,00-0039894,13377595-68fc-4870-b538-55539284b2d2,X.Worthy,WR,nfl-player-v1,0,0.226,11.148,1.264,0,0,0.01,0.01
2025,7,2025_07_LA_JAX,LA,00-0039738,e5a46115-0912-415a-b0ef-fc6459391e9c,B.Corum,RB,nfl-player-v1,0,34.194,3.335,0.548,0,0.285,0.009,0.2547
2025,7,2025_07_LA_JAX,LA,00-0036244,5bfdeab0-8d49-4746-a2be-60598dcbcf43,C.Parkinson,TE,nfl-player-v1,0,0,10.428,1.194,0,0,0.011,0.0111
2025,7,2025_07_LA_JAX,LA,00-0031381,6af876b7-d6ca-483e-bfab-51357985a24c,D.Adams,WR,nfl-player-v1,0,0,20.825,2.267,0,0,0.085,0.0812
2025,7,2025_07_LA_JAX,LA,00-0039074,577995aa-5a21-4ce7-a655-476aa3b7d151,D.Allen,TE,nfl-player-v1,0,0,6.452,0.758,0,0,0,0.005
2025,7,2025_07_LA_JAX,LA,00-0039751,dfecf1de-d300-4e69-93bc-20c4513f98c0,J.Whittington,WR,nfl-player-v1,0,0,11.544,1.315,0,0,0,0.005
2025,7,2025_07_LA_JAX,LA,00-0040590,802a6e31-ba99-42c3-b0dc-94b4eee5aab9,K.Mumpfield,WR,nfl-player-v1,0,0,6.452,0.758,0,0,0.007,0.0071
2025,7,2025_07_LA_JAX,LA,00-0037840,d499f341-a8ae-4bc2-a2d0-09cbdcbc82c8,K.Williams,RB,nfl-player-v1,0,33.625,4.841,0.775,0,0.278,0.012,0.2517
2025,7,2025_07_LA_JAX,LA,00-0026498,7fc98b95-d8a9-461b-895c-675c835c87a6,M.Stafford,QB,nfl-player-v1,113.951,4.839,0,0,0.713,0,0,0.005
2025,7,2025_07_LA_JAX,LA,00-0040737,4338c37a-86fe-4f3d-9b1e-af899ef9146b,T.Ferguson,TE,nfl-player-v1,0,0,9.597,1.108,0,0,0,0.005
2025,7,2025_07_LA_JAX,LA,00-0033110,a21c681d-1ae5-4cc3-9b3e-29b4909192bb,T.Higbee,TE,nfl-player-v1,0,0,15.97,1.782,0,0,0.017,0.0165
2025,7,2025_07_LA_JAX,LA,00-0038359,ff0a0568-448e-46fb-88fa-838eb9c13099,X.Smith,WR,nfl-player-v1,0,0,9.882,1.136,0,0,0.011,0.0105
2025,7,2025_07_IND_LAC,LAC,00-0037617,2a4f97df-adf9-4894-8746-653f8ca1aa76,H.Haskins,RB,nfl-player-v1,0,8.868,3.019,0.495,0,0,0,0.005
2025,7,2025_07_IND_LAC,LAC,00-0036355,86721778-e183-4522-8ddc-55e00f17fbe7,J.Herbert,QB,nfl-player-v1,138.89,9.212,0,0,0.915,0.032,0,0.0315
2025,7,2025_07_IND_LAC,LAC,00-0030279,60f4cd06-05df-4280-add3-4cecee3a82d3,K.Allen,WR,nfl-player-v1,0,0,26.692,2.865,0,0,0.047,0.0461
2025,7,2025_07_IND_LAC,LAC,00-0039391,533082ab-7fe9-4268-80bc-0139989251cf,K.Vidal,RB,nfl-player-v1,0,45.846,5.29,0.846,0,0.557,0.02,0.4381
2025,7,2025_07_IND_LAC,LAC,00-0039915,7f5bf6e3-b07c-4361-bc95-0311908c7bf8,L.McConkey,WR,nfl-player-v1,0,0,27.009,2.897,0,0,0.072,0.0691
2025,7,2025_07_IND_LAC,LAC,00-0040189,070528cf-a9c0-48c4-a759-be8a5cd3922f,O.Gadsden,TE,nfl-player-v1,0,0,17.148,1.908,0,0,0.031,0.0309
2025,7,2025_07_IND_LAC,LAC,00-0038544,eb41f78e-bfc6-47e4-8f04-1d8b1231218f,Q.Johnston,WR,nfl-player-v1,0,0,12.154,1.391,0,0,0.023,0.0227
2025,7,2025_07_IND_LAC,LAC,00-0040727,ff157432-dabf-43cf-96af-8ff8ebad77a9,T.Harris,WR,nfl-player-v1,0,0,7.197,0.843,0,0,0,0.005
2025,7,2025_07_IND_LAC,LAC,00-0034159,6a67a584-8cf6-417f-90b0-34a7577fc8da,W.Dissly,TE,nfl-player-v1,0,0,5.769,0.683,0,0,0,0.005
2025,7,2025_07_LV_KC,LV,00-0040122,959ec041-e728-44e5-862c-b08ffa61a3f4,A.Jeanty,RB,nfl-player-v1,0,31.435,4.068,0.661,0,0,0,0.005
2025,7,2025_07_LV_KC,LV,00-0040488,3226bb94-fe96-4493-a4ab-dde33ae3d73c,C.Runyon,TE,nfl-player-v1,0,0,8.181,0.95,0,0,0,0.005
2025,7,2025_07_LV_KC,LV,00-0039407,38a43d9a-c7be-4ac0-878f-a7eeced4cbc3,D.Laube,RB,nfl-player-v1,0,14.766,4.155,0.675,0,0,0,0.005
2025,7,2025_07_LV_KC,LV,00-0040581,5e310480-4f70-4fd6-9ede-56c1b6664853,D.Thornton,WR,nfl-player-v1,0,0,15.165,1.716,0,0,0,0.005
2025,7,2025_07_LV_KC,LV,00-0030565,47424b84-c636-49c2-8a25-9d3de0d3b504,G.Smith,QB,nfl-player-v1,116.094,6.621,0,0,0.727,0,0,0.005
2025,7,2025_07_LV_KC,LV,00-0040729,f49d31d5-7af7-4246-bd09-dd9bf49a5fea,J.Bech,WR,nfl-player-v1,0,0,12.247,1.388,0,0,0,0.005
2025,7,2025_07_LV_KC,LV,00-0038102,ebe0b8de-695b-4d82-984f-1000e7f01541,K.Pickett,QB,nfl-player-v1,101.881,5.411,0,0,0.638,0,0,0.005
2025,7,2025_07_LV_KC,LV,00-0039066,44db107c-a7ce-49ae-ba2b-dc3ae85181a0,M.Mayer,TE,nfl-player-v1,0,0,11.783,1.346,0,0,0,0.005
2025,7,2025_07_LV_KC,LV,00-0031687,e322f057-dca3-4242-83e0-4077db65cb28,R.Mostert,RB,nfl-player-v1,0,6.22,4.068,0.661,0,0,0,0.005
2025,7,2025_07_LV_KC,LV,00-0038563,b59c0df7-c6c7-412f-8abd-2bf54a74bfa2,T.Tucker,WR,nfl-player-v1,0,0,33.341,3.474,0,0,0,0.005
2025,7,2025_07_MIA_CLE,MIA,00-0039040,f169e606-4f09-4947-8eef-b701b27cf612,D.Achane,RB,nfl-player-v1,0,39.815,7.346,1.139,0,0.269,0.015,0.2473
2025,7,2025_07_MIA_CLE,MIA,00-0036620,25947c7c-202f-4109-b28b-481e2d6166b1,D.Eskridge,WR,nfl-player-v1,0,0,8.894,1.029,0,0,0,0.005
2025,7,2025_07_MIA_CLE,MIA,00-0038720,bf7b51db-74d4-4563-aeff-8dc9157a1c69,J.Hill,TE,nfl-player-v1,0,0,8.508,0.989,0,0,0,0.005
2025,7,2025_07_MIA_CLE,MIA,00-0036613,f6b9b938-482f-4332-96e6-e3e566d9efb2,J.Waddle,WR,nfl-player-v1,0,0,12.59,1.435,0,0,0,0.005
2025,7,2025_07_MIA_CLE,MIA,00-0039880,9f759ea4-6e4c-44b2-9eb1-44640e42493b,M.Washington,WR,nfl-player-v1,0,0,23.673,2.558,0,0,0.06,0.0579
2025,7,2025_07_MIA_CLE,MIA,00-0036182,723099fe-7e45-4cc2-9e19-be47b28fa150,N.Westbrook-Ikhine,WR,nfl-player-v1,0,0,13.174,1.489,0,0,0,0.005
2025,7,2025_07_MIA_CLE,MIA,00-0040198,6f1b239c-9e82-490d-abfd-2aa17a03f3a1,O.Gordon,RB,nfl-player-v1,0,18.508,4.254,0.688,0,0.13,0.009,0.13
2025,7,2025_07_MIA_CLE,MIA,00-0040234,657dda04-3090-4b51-a042-ed172ce632f2,Q.Ewers,QB,nfl-player-v1,100.504,4.595,0,0,0.629,0,0,0.005
2025,7,2025_07_MIA_CLE,MIA,00-0037348,ec44d32f-0e18-4e07-8eef-dd06b0ff518d,T.Conner,,nfl-player-v1,0,0,10.504,1.209,0,0,0,0.005
2025,7,2025_07_MIA_CLE,MIA,00-0036212,25cc976d-3f53-414e-8503-80d7e5d5a513,T.Tagovailoa,QB,nfl-player-v1,116.015,6.217,0,0,0.834,0.059,0,0.0568
2025,7,2025_07_PHI_MIN,MIN,00-0030035,f78e2b4f-796b-41c8-9af0-75caf042eb26,A.Thielen,,nfl-player-v1,0,0,7.712,0.901,0,0,0,0.005
2025,7,2025_07_PHI_MIN,MIN,00-0032918,32e836f7-f899-4536-bac2-b6584f55a528,C.Ham,RB,nfl-player-v1,0,6.309,3.243,0.534,0,0,0,0.005
2025,7,2025_07_PHI_MIN,MIN,00-0032950,c565508b-56fc-427f-bbad-c16a7809be60,C.Wentz,QB,nfl-player-v1,130.441,6.884,0,0,0.836,0.01,0,0.0102
2025,7,2025_07_PHI_MIN,MIN,00-0038994,5ce4d5c2-18c4-4c4d-b3a0-039eb4a3d989,J.Addison,WR,nfl-player-v1,0,0,29.733,3.155,0,0,0.093,0.0888
2025,7,2025_07_PHI_MIN,MIN,00-0036322,9bd851b9-cba5-4c2a-989a-792d495db187,J.Jefferson,WR,nfl-player-v1,0,0,23.4,2.549,0,0,0.038,0.0369
2025,7,2025_07_PHI_MIN,MIN,00-0037525,f3080ee8-3085-4c4a-8cb6-73cca736c41b,J.Mason,RB,nfl-player-v1,0,48.484,2.49,0.415,0,0.319,0.005,0.2768
2025,7,2025_07_PHI_MIN,MIN,00-0037291,3c26dce6-b5d7-4026-b212-1b22c6b4a9e7,J.Nailor,WR,nfl-player-v1,0,0,11.092,1.273,0,0,0.019,0.0186
2025,7,2025_07_PHI_MIN,MIN,00-0035249,92cb0b66-4a07-426a-87cb-4c104a63b111,J.Oliver,TE,nfl-player-v1,0,0,6.342,0.747,0,0,0.006,0.0055
2025,7,2025_07_PHI_MIN,MIN,00-0035229,0993b895-f0b7-4d94-9a83-cb2895cf9093,T.Hockenson,TE,nfl-player-v1,0,0,21.378,2.337,0,0,0.052,0.0504
2025,7,2025_07_PHI_MIN,MIN,00-0038440,4c74f14f-2193-41d1-b3b4-fb34cb116198,Z.Scott,RB,nfl-player-v1,0,17.129,3.176,0.523,0,0.077,0.004,0.078
2025,7,2025_07_NE_TEN,NE,00-0032392,da501cdf-983b-48c5-9918-7569b745567c,A.Hooper,TE,nfl-player-v1,0,0,8.557,0.984,0,0,0.014,0.0137
2025,7,2025_07_NE_TEN,NE,00-0038621,bc093a81-2f9d-44f8-85cc-cb7d3f539296,D.Douglas,WR,nfl-player-v1,0,0,10.89,1.232,0,0,0.017,0.0171
2025,7,2025_07_NE_TEN,NE,00-0039851,c18b2fe3-1746-464c-9604-91eca99e8c5c,D.Maye,QB,nfl-player-v1,117.64,7.637,0,0,0.769,0.022,0,0.0215
2025,7,2025_07_NE_TEN,NE,00-0033090,835b972d-7fc1-48d2-bfb6-4ad15a30a0a1,H.Henry,TE,nfl-player-v1,0,0,15.671,1.725,0,0,0,0.005
2025,7,2025_07_NE_TEN,NE,00-0033949,d1f89fac-509c-44c6-92ab-7c667d39aac0,J.Dobbs,QB,nfl-player-v1,100.923,4.319,0,0,0.632,0,0,0.005
2025,7,2025_07_NE_TEN,NE,00-0038608,353c0718-b585-42e4-9fdd-65abf246f4d1,K.Boutte,WR,nfl-player-v1,0,0,8.759,1.008,0,0,0,0.005
2025,7,2025_07_NE_TEN,NE,00-0040131,8490b4f2-0ce0-429e-93d9-e5bf60f69adf,K.Williams,WR,nfl-player-v1,0,0,6.36,0.748,0,0,0,0.005
2025,7,2025_07_NE_TEN,NE,00-0033555,927c45e7-007a-40b8-9592-815d97fbc701,M.Hollins,WR,nfl-player-v1,0,0.241,8.601,0.985,0,0,0,0.005
2025,7,2025_07_NE_TEN,NE,00-0036875,64641499-cd80-4cac-adcf-0272f37d57cc,R.Stevenson,RB,nfl-player-v1,0,39.006,4.225,0.679,0,0.799,0.027,0.5622
2025,7,2025_07_NE_TEN,NE,00-0031588,8ea2703a-b355-44a5-a0d5-3ade7964e460,S.Diggs,WR,nfl-player-v1,0,0,18.969,2.012,0,0,0.028,0.0278
2025,7,2025_07_NE_TEN,NE,00-0040734,8c7fdfc1-da82-46bd-8059-d38dfc782a85,T.Henderson,RB,nfl-player-v1,0,9.588,2.471,0.412,0,0,0,0.005
2025,7,2025_07_NE_TEN,NE,00-0039757,d056f4ac-cd4e-4ed9-ae55-2578d4598761,T.Jennings,RB,nfl-player-v1,0,14.807,2.471,0.412,0,0,0,0.005
2025,7,2025_07_NO_CHI,NO,00-0033906,c7b60e7b-fe31-4675-9e2b-66d4d9c7a2d4,A.Kamara,RB,nfl-player-v1,0,40.505,5.564,0.889,0,0.414,0.018,0.3507
2025,7,2025_07_NO_CHI,NO,00-0031236,16125e50-cd99-4225-a124-62507be3ffd8,B.Cooks,,nfl-player-v1,0,0,6.693,0.786,0,0,0,0.005
2025,7,2025_07_NO_CHI,NO,00-0037239,3d8e6090-ab45-4750-a145-b5bc16812bc8,C.Olave,WR,nfl-player-v1,0,0,22.321,2.438,0,0,0.085,0.0818
2025,7,2025_07_NO_CHI,NO,00-0040202,6355a7d7-5a4b-4c0f-9407-f8d0669ab8c5,D.Neal,RB,nfl-player-v1,0,9.002,2.471,0.412,0,0,0,0.005
2025,7,2025_07_NO_CHI,NO,00-0036040,e10fc805-9026-4fe2-8714-d074bd8ca1be,J.Johnson,TE,nfl-player-v1,0,0,22.149,2.419,0,0,0,0.005
2025,7,2025_07_NO_CHI,NO,00-0036741,9549fdf0-455b-4e22-98ae-4df76cb3cb2b,J.Stoll,TE,nfl-player-v1,0,0,6.563,0.774,0,0,0,0.005
2025,7,2025_07_NO_CHI,NO,00-0038551,7692e703-0c10-4245-bb50-a88585c6b0f4,K.Miller,RB,nfl-player-v1,0,9.181,2.52,0.42,0,0,0,0.005
2025,7,2025_07_NO_CHI,NO,00-0039623,f13f2ccc-61dd-4815-8417-4b6f780c7f3b,M.Tipton,WR,nfl-player-v1,0,0,6.563,0.774,0,0,0,0.005
2025,7,2025_07_NO_CHI,NO,00-0037545,0a931859-dbbe-4421-8bdc-ee6094237041,R.Shaheed,,nfl-player-v1,0,0,27.1,2.92,0,0,0.102,0.0971
2025,7,2025_07_NO_CHI,NO,00-0039376,daa42eb7-39f7-4855-9cfb-36e187d1948a,S.Rattler,QB,nfl-player-v1,122.043,5.958,0,0,0.764,0,0,0.005
2025,7,2025_07_NO_CHI,NO,00-0033357,5034d52d-1292-4d87-a545-ef53884ca7e1,T.Hill,QB,nfl-player-v1,109.971,5.821,0,0,0.689,0,0,0.005
2025,7,2025_07_NYG_DEN,NYG,00-0040432,04dda3a3-e83b-4eea-8501-cf828118da40,B.Collins,WR,nfl-player-v1,0,0,6.092,0.719,0,0,0,0.005
2025,7,2025_07_NYG_DEN,NYG,00-0040715,17b3f22e-f45e-4eca-b13a-668a4cd32a8f,C.Skattebo,RB,nfl-player-v1,0,41.976,7.188,1.109,0,0.426,0.022,0.3614
2025,7,2025_07_NYG_DEN,NYG,00-0038115,7902e063-be70-413b-92a0-7ed450db8b6b,D.Bellinger,TE,nfl-player-v1,0,0,11.429,1.3,0,0,0.023,0.0225
2025,7,2025_07_NYG_DEN,NYG,00-0035250,e7d55b0c-e17e-4747-9f12-d3c5933b5e3e,D.Singletary,RB,nfl-player-v1,0,10.26,2.471,0.412,0,0,0,0.005
2025,7,2025_07_NYG_DEN,NYG,00-0040691,df2c09c5-74cd-4fdf-907d-3b98983c4c2b,J.Dart,QB,nfl-player-v1,120.733,6.414,0,0,0.882,0.069,0,0.0669
2025,7,2025_07_NYG_DEN,NYG,00-0038938,0ca8c207-4857-4a05-9527-a19648578ed8,J.Hyatt,WR,nfl-player-v1,0,0,6.223,0.734,0,0,0,0.005
2025,7,2025_07_NYG_DEN,NYG,00-0035406,24fa8fd8-69ba-45e6-b4b2-b530f48b8c92,L.Humphrey,,nfl-player-v1,0,0,7.556,0.884,0,0,0,0.005
2025,7,2025_07_NYG_DEN,NYG,00-0039847,7b9ebaff-f7d3-45f1-a0b0-07501c467f39,T.Johnson,TE,nfl-player-v1,0,0,16.676,1.851,0,0,0,0.005
2025,7,2025_07_NYG_DEN,NYG,00-0039384,5f99ad3b-ac4f-409e-8699-ac3ba697ade3,T.Tracy,RB,nfl-player-v1,0,24.931,2.471,0.412,0,0,0,0.005
2025,7,2025_07_NYG_DEN,NYG,00-0038117,36776784-59f3-4a60-a1e7-609889d4b6cb,W.Robinson,WR,nfl-player-v1,0,0,31.422,3.29,0,0,0.058,0.056
2025,7,2025_07_CAR_NYJ,NYJ,00-0034521,4f55c8d1-727c-4720-b597-1b813dfc2e02,A.Lazard,WR,nfl-player-v1,0,0,10.952,1.257,0,0,0,0.005
2025,7,2025_07_CAR_NYJ,NYJ,00-0040582,fa3a3931-e2a2-4cd4-8c08-c75bfc1098c0,A.Smith,WR,nfl-player-v1,0,0,10.748,1.239,0,0,0,0.005
2025,7,2025_07_CAR_NYJ,NYJ,00-0038120,735192a9-d468-49d0-b370-970c18fabac5,B.Hall,RB,nfl-player-v1,0,38.521,5.403,0.863,0,0.793,0.035,0.5628
2025,7,2025_07_CAR_NYJ,NYJ,00-0039798,3a986b7a-a012-40ca-9f01-2aa8cd1484bd,I.Davis,RB,nfl-player-v1,0,11.966,6.377,1.004,0,0,0,0.005
2025,7,2025_07_CAR_NYJ,NYJ,00-0036945,d0778b59-dc20-4250-a23a-875e29d27acc,J.Fields,QB,nfl-player-v1,109.814,6.676,0,0,0.688,0,0,0.005
2025,7,2025_07_CAR_NYJ,NYJ,00-0033943,acc8f432-b907-4fdf-84cb-69390cf04c23,J.Reynolds,WR,nfl-player-v1,0,0,27.024,2.927,0,0,0,0.005
2025,7,2025_07_CAR_NYJ,NYJ,00-0037805,49ad0f0d-981d-4fc4-b589-2f6ecafc1b42,J.Ruckert,TE,nfl-player-v1,0,0,6.551,0.772,0,0,0,0.005
2025,7,2025_07_CAR_NYJ,NYJ,00-0040736,05d9b42e-040e-46c9-8a22-97abfe74c5ce,M.Taylor,TE,nfl-player-v1,0,0,15.978,1.793,0,0,0,0.005
2025,7,2025_07_CAR_NYJ,NYJ,00-0036427,7d05ed6f-f9df-44ae-b6d8-9fae7b2f7373,T.Johnson,WR,nfl-player-v1,0,0,11.291,1.29,0,0,0,0.005
2025,7,2025_07_CAR_NYJ,NYJ,00-0028118,74ed522b-fcc4-4269-90c8-7fca7384072a,T.Taylor,QB,nfl-player-v1,115.662,6.242,0,0,0.724,0,0,0.005
2025,7,2025_07_PHI_MIN,PHI,00-0035676,e97f648c-f826-40a0-a562-437d2714fd40,A.Brown,WR,nfl-player-v1,0,0,21.466,2.324,0,0,0,0.005
2025,7,2025_07_PHI_MIN,PHI,00-0034351,fa192789-c280-45f1-b92c-b3d6a2e97cb5,D.Goedert,TE,nfl-player-v1,0,0,12.132,1.368,0,0,0,0.005
2025,7,2025_07_PHI_MIN,PHI,00-0036912,d0e121df-25e6-4268-9e79-b99acb8e9160,D.Smith,WR,nfl-player-v1,0,0,43.82,4.377,0,0,0,0.005
2025,7,2025_07_PHI_MIN,PHI,00-0036389,c415d118-a039-407a-a350-3e89d8042e25,J.Hurts,QB,nfl-player-v1,114.794,6.201,0,0,0.799,0.044,0,0.0428
2025,7,2025_07_PHI_MIN,PHI,00-0034844,9a93ddfe-033a-4098-acc7-9be147087ec8,S.Barkley,RB,nfl-player-v1,0,46.522,3.506,0.573,0,0.946,0.023,0.6206
2025,7,2025_07_PHI_MIN,PHI,00-0038555,f6e1063b-4d79-4005-b44c-7621b0f82a81,T.Bigsby,RB,nfl-player-v1,0,8.329,3.498,0.572,0,0,0,0.005
2025,7,2025_07_PHI_MIN,PHI,00-0039746,53f7c2dd-3fec-4e55-9991-00e4d7c2fc74,W.Shipley,RB,nfl-player-v1,0,6.2,3.497,0.572,0,0,0,0.005
2025,7,2025_07_PIT_CIN,PIT,00-0023459,9cd40a7b-735b-4670-bf0e-4d357c5b3e10,A.Rodgers,QB,nfl-player-v1,120.907,5.194,0,0,0.757,0,0,0.005
2025,7,2025_07_PIT_CIN,PIT,00-0037304,c3cd242e-0ded-4370-b254-f6582de39903,Co.Heyward,TE,nfl-player-v1,0,0,6.349,0.749,0,0,0.009,0.0087
2025,7,2025_07_PIT_CIN,PIT,00-0035640,4aefe4b3-05d4-4513-8386-ceefefe04e87,D.Metcalf,WR,nfl-player-v1,0,0,14.868,1.672,0,0,0.02,0.0193
2025,7,2025_07_PIT_CIN,PIT,00-0038558,f011864a-8a7b-4638-b49f-d229e07bcfea,D.Washington,TE,nfl-player-v1,0,0,14.556,1.637,0,0,0.057,0.0557
2025,7,2025_07_PIT_CIN,PIT,00-0033858,8b8c7b1a-90f6-4931-b9d8-3c8cfb0c920b,J.Smith,TE,nfl-player-v1,0,0,16.838,1.878,0,0,0.044,0.0429
2025,7,2025_07_PIT_CIN,PIT,00-0037228,23de35af-3a1c-4ae7-9ea4-954a48d78d6a,J.Warren,RB,nfl-player-v1,0,50.547,7.167,1.118,0,0.338,0.015,0.2973
2025,7,2025_07_PIT_CIN,PIT,00-0036919,8a95e757-cf19-40cd-9cc1-77255bb487f1,K.Gainwell,RB,nfl-player-v1,0,13.848,4.158,0.674,0,0,0,0.005
2025,7,2025_07_PIT_CIN,PIT,00-0036894,07b45f1c-fb0a-40db-939b-4ee4836e9343,P.Freiermuth,TE,nfl-player-v1,0,0,17.545,1.942,0,0,0.045,0.0443
2025,7,2025_07_PIT_CIN,PIT,00-0039739,b440a63e-d001-42e8-90e2-054da5ac8f79,R.Wilson,WR,nfl-player-v1,0,0,8.391,0.973,0,0,0,0.005
2025,7,2025_07_PIT_CIN,PIT,00-0035298,0b36dce8-d96f-41bf-9a25-a9ebf8c29895,S.Miller,WR,nfl-player-v1,0,0,6.608,0.776,0,0,0,0.005
2025,7,2025_07_HOU_SEA,SEA,00-0039793,1359d114-9fb9-4783-8101-efdec545f961,A.Barner,TE,nfl-player-v1,0,0.264,9.983,1.144,0,0,0,0.005
2025,7,2025_07_HOU_SEA,SEA,00-0033908,42465aa3-53c4-4afb-bf91-0ac136659ba3,C.Kupp,WR,nfl-player-v1,0,0,6.419,0.752,0,0,0,0.005
2025,7,2025_07_HOU_SEA,SEA,00-0040739,6705ba1e-91f0-4d99-81fe-b1a147c65a6d,E.Arroyo,TE,nfl-player-v1,0,0,14.595,1.626,0,0,0.046,0.0445
2025,7,2025_07_HOU_SEA,SEA,00-0038752,b63fdf70-1305-4f5c-9a69-0521e037cafc,J.Bobo,WR,nfl-player-v1,0,0,6.408,0.752,0,0,0,0.005
2025,7,2025_07_HOU_SEA,SEA,00-0038543,8d9cebd3-3534-48a0-a4e9-2c0ebc5c1c94,J.Smith-Njigba,WR,nfl-player-v1,0,0,41.125,4.157,0,0,0.058,0.0565
2025,7,2025_07_HOU_SEA,SEA,00-0038134,593d9bcd-2ae1-41ca-bf16-2d3c62d5b196,K.Walker,RB,nfl-player-v1,0,40.766,2.471,0.412,0,0.34,0.007,0.2928
2025,7,2025_07_HOU_SEA,SEA,00-0034869,3a4bd5d6-8b01-4324-8449-d0f7c2059e36,S.Darnold,QB,nfl-player-v1,115.7,4.816,0,0,0.724,0,0,0.005
2025,7,2025_07_HOU_SEA,SEA,00-0040648,25a7a31f-fff0-4a52-96c3-f40f823c5343,T.Horton,WR,nfl-player-v1,0,0,9.691,1.12,0,0,0.016,0.0156
2025,7,2025_07_HOU_SEA,SEA,00-0039165,7bb1ecbd-ce2a-443f-881d-e3f993b6a1c0,Z.Charbonnet,RB,nfl-player-v1,0,30.749,4.098,0.662,0,0.383,0.016,0.3292
2025,7,2025_07_ATL_SF,SF,00-0037746,00b3cb74-e58d-4660-b1df-2376a82120b6,B.Robinson,RB,nfl-player-v1,0,21.078,2.471,0.412,0,0,0,0.005
2025,7,2025_07_ATL_SF,SF,00-0040245,74de3b3f-14d0-48e0-9213-2d443e3aa2b2,C.Colby,OL,nfl-player-v1,0,0,6.443,0.754,0,0,0,0.005
2025,7,2025_07_ATL_SF,SF,00-0033280,ae3498a3-f309-4ea2-a3c1-031f013cc394,C.McCaffrey,RB,nfl-player-v1,0,53.857,11.232,1.629,0,1.518,0.112,0.8041
2025,7,2025_07_ATL_SF,SF,00-0032775,03ab017e-f181-4486-9661-1c6485dedf19,D.Robinson,WR,nfl-player-v1,0,0,6.284,0.739,0,0,0,0.005
2025,7,2025_07_ATL_SF,SF,00-0033288,6ef21d58-07b4-49a0-9e4b-ab6e4f527023,G.Kittle,TE,nfl-player-v1,0,0,8.146,0.947,0,0,0,0.005
2025,7,2025_07_ATL_SF,SF,00-0036259,046bd3b8-161d-4c19-9816-df5ce3e96947,J.Jennings,WR,nfl-player-v1,0,0,20.29,2.186,0,0,0,0.005
2025,7,2025_07_ATL_SF,SF,00-0033307,77cbc405-dc41-40e4-b0bd-dd8a73396612,K.Bourne,WR,nfl-player-v1,0,0,8.391,0.965,0,0,0,0.005
2025,7,2025_07_ATL_SF,SF,00-0029892,86ed80c1-0dd7-4c07-a0b3-cea9fab60c0a,K.Juszczyk,RB,nfl-player-v1,0,7.843,3.271,0.535,0,0,0,0.005
2025,7,2025_07_ATL_SF,SF,00-0036887,d379e74d-8a48-4767-b405-a32b09db1b28,L.Farrell,TE,nfl-player-v1,0,0,6.588,0.771,0,0,0,0.005
2025,7,2025_07_ATL_SF,SF,00-0036972,074db5dc-6d97-4108-a542-20e6cb42f4a6,M.Jones,QB,nfl-player-v1,114.927,5.601,0,0,0.72,0,0,0.005
2025,7,2025_07_ATL_SF,SF,00-0038090,6e757178-0d20-49cf-a88a-c4b47817ff31,S.Moore,WR,nfl-player-v1,0,0,6.726,0.787,0,0,0,0.005
2025,7,2025_07_TB_DET,TB,00-0034855,56c2266e-4dc1-4c37-8f44-6323a36613de,B.Mayfield,QB,nfl-player-v1,123.71,4.324,0,0,0.775,0,0,0.005
2025,7,2025_07_TB_DET,TB,00-0038129,4f63ff11-fe96-4aa7-9831-9536b01dd6a9,C.Otton,TE,nfl-player-v1,0,0,19.511,2.15,0,0,0.038,0.0369
2025,7,2025_07_TB_DET,TB,00-0040129,bac91e1b-f24a-431e-a656-d23a3ef5e9f5,E.Egbuka,WR,nfl-player-v1,0,0,18.57,2.038,0,0,0.071,0.0688
2025,7,2025_07_TB_DET,TB,00-0039589,c6d8d2bd-0280-4607-8d52-54f84bf7437f,K.Johnson,WR,nfl-player-v1,0,0,5.832,0.69,0,0,0,0.005
2025,7,2025_07_TB_DET,TB,00-0031408,fd9494d8-4d0d-4075-8b31-59c31dbef36f,M.Evans,WR,nfl-player-v1,0,0,8.046,0.935,0,0,0,0.005
2025,7,2025_07_TB_DET,TB,00-0038824,bf490a90-cd1a-409d-850c-5d87185d3d3a,R.Miller,,nfl-player-v1,0,0,5.903,0.697,0,0,0,0.005
2025,7,2025_07_TB_DET,TB,00-0037256,af7855b9-7e3c-41da-a2b8-8c7f6cd88bee,R.White,RB,nfl-player-v1,0,63.205,6.133,0.97,0,0.32,0.01,0.2811
2025,7,2025_07_TB_DET,TB,00-0032385,2036bbd6-7375-422e-bdbc-7822b5bffdce,S.Shepard,WR,nfl-player-v1,0,0,14.538,1.63,0,0,0.057,0.0554
2025,7,2025_07_TB_DET,TB,00-0038951,0b1f5016-8cbc-4512-8a82-0d3f67416080,S.Tucker,RB,nfl-player-v1,0,11.524,3.035,0.501,0,0,0,0.005
2025,7,2025_07_TB_DET,TB,00-0040237,5c294442-eaea-4ed0-a4fd-c33a7509bf48,T.Johnson,WR,nfl-player-v1,0,0,17.171,1.917,0,0,0.034,0.033
2025,7,2025_07_NE_TEN,TEN,00-0040705,f3027194-2b41-4db7-b6e1-10cb47514b73,C.Dike,WR,nfl-player-v1,0,0.657,13.621,1.524,0,0,0,0.005
2025,7,2025_07_NE_TEN,TEN,00-0037809,64755288-83b6-45d3-9d82-11807c2f5994,C.Okonkwo,TE,nfl-player-v1,0,0,8.408,0.982,0,0,0,0.005
2025,7,2025_07_NE_TEN,TEN,00-0040676,f16bf5f1-4c50-449b-b1d4-ad4d66db60cb,C.Ward,QB,nfl-player-v1,119.259,4.358,0,0,0.747,0,0,0.005
2025,7,2025_07_NE_TEN,TEN,00-0040170,527aee16-44d6-4527-9ec1-b6d981e9e8c1,E.Ayomanor,WR,nfl-player-v1,0,0,15.251,1.719,0,0,0,0.005
2025,7,2025_07_NE_TEN,TEN,00-0040584,7e6d7376-3ff9-4d2b-8022-f47c0fbc308e,G.Helm,TE,nfl-player-v1,0,0,16.093,1.8,0,0,0,0.005
2025,7,2025_07_NE_TEN,TEN,00-0032211,766ec4f5-92c5-4b06-a338-38a14f175030,T.Lockett,,nfl-player-v1,0,0,8.925,1.034,0,0,0,0.005
2025,7,2025_07_NE_TEN,TEN,00-0035261,61edd687-3a13-4c2f-8e86-d493ced4295b,T.Pollard,RB,nfl-player-v1,0,30.959,8.714,1.339,0,0,0,0.005
2025,7,2025_07_NE_TEN,TEN,00-0039032,90e22076-0605-4b85-8d97-1a83167c5c35,T.Spears,RB,nfl-player-v1,0,26.217,6.338,1,0,0,0,0.005
2025,7,2025_07_NE_TEN,TEN,00-0036415,de90c83e-b445-439c-befe-655f3d2c50d7,V.Jefferson,WR,nfl-player-v1,0,0,13.942,1.573,0,0,0,0.005
2025,7,2025_07_WAS_DAL,WAS,00-0032398,22b4db5b-c301-4ba2-98d9-953136ef966f,C.Moore,WR,nfl-player-v1,0,0,13.971,1.575,0,0,0,0.005
2025,7,2025_07_WAS_DAL,WAS,00-0038611,910e0e65-f202-42a6-afa5-c4a2cebe4b2a,C.Rodriguez,RB,nfl-player-v1,0,12.93,2.538,0.423,0,0.062,0.004,0.0634
2025,7,2025_07_WAS_DAL,WAS,00-0036628,39aece1e-9831-497f-bfe7-f67b9499fc9c,J.Bates,TE,nfl-player-v1,0,0,8.28,0.963,0,0,0.015,0.0149
2025,7,2025_07_WAS_DAL,WAS,00-0040242,25d9ee1b-68c9-4de4-ad0f-25efe8210850,J.Croskey-Merritt,RB,nfl-player-v1,0,35.093,4.062,0.658,0,0.162,0.006,0.1544
2025,7,2025_07_WAS_DAL,WAS,00-0039910,3276bcc4-687a-4601-92a3-35feeb80ba89,J.Daniels,QB,nfl-player-v1,123.039,8.497,0,0,0.846,0.053,0,0.0519
2025,7,2025_07_WAS_DAL,WAS,00-0040164,8f6e73b4-1f9c-4db2-b36b-660751127569,J.Lane,WR,nfl-player-v1,0,0,16.438,1.829,0,0,0,0.005
2025,7,2025_07_WAS_DAL,WAS,00-0033955,01c9d65e-2883-4bde-a469-45abe5508fee,J.McNichols,RB,nfl-player-v1,0,10.719,4.981,0.795,0,0.05,0.007,0.0558
2025,7,2025_07_WAS_DAL,WAS,00-0039355,b7c200b0-4cfb-412c-921e-a780f8692b75,L.McCaffrey,WR,nfl-player-v1,0,0,7.943,0.928,0,0,0,0.005
2025,7,2025_07_WAS_DAL,WAS,00-0032268,48b54b83-0ee8-4633-88ca-470939b150e0,M.Mariota,QB,nfl-player-v1,102.357,4.915,0,0,0.672,0.017,0,0.0164
2025,7,2025_07_WAS_DAL,WAS,00-0032688,6dfad441-da4a-4c4d-b1b3-e0d84ae28f96,R.Chosen,WR,nfl-player-v1,0,0,12.468,1.406,0,0,0,0.005
2025,7,2025_07_WAS_DAL,WAS,00-0030061,f42aa3a3-06fe-490e-afb7-07a36d947c7c,Z.Ertz,TE,nfl-player-v1,0,0,15.844,1.747,0,0,0.027,0.0268
2025,8,2025_08_MIA_ATL,ATL,00-0038542,8f5e333b-8cac-493f-8be3-093a3f12c027,B.Robinson,RB,nfl-player-v1,0,33.649,5.569,0.888,0,0.276,0.014,0.2521
2025,8,2025_08_MIA_ATL,ATL,00-0039394,67eef9d2-1ef9-4cda-93fd-eacebfde1b22,C.Washington,WR,nfl-player-v1,0,0,6.898,0.809,0,0,0,0.005
2025,8,2025_08_MIA_ATL,ATL,00-0036309,e318bcf4-6f17-4a62-ba7b-9283a4aab86c,D.Mooney,WR,nfl-player-v1,0,0,13.512,1.539,0,0,0.043,0.0422
2025,8,2025_08_MIA_ATL,ATL,00-0035359,601ce504-9f08-487d-b968-f6e884c7fdfb,D.Sills,WR,nfl-player-v1,0,0,11.183,1.281,0,0,0,0.005
2025,8,2025_08_MIA_ATL,ATL,00-0029604,c3485017-7a48-4b69-8957-97f4e26303ea,K.Cousins,QB,nfl-player-v1,119.137,5.253,0,0,0.746,0,0,0.005
2025,8,2025_08_MIA_ATL,ATL,00-0034854,70c21b27-a370-48f6-8df7-7fe5c9c1801c,K.Hodge,WR,nfl-player-v1,0,0,25.011,2.721,0,0,0,0.005
2025,8,2025_08_MIA_ATL,ATL,00-0036970,40dfaab3-2886-438e-a325-a15f68d1f3c8,K.Pitts,TE,nfl-player-v1,0,0,30.388,3.197,0,0,0,0.005
2025,8,2025_08_MIA_ATL,ATL,00-0040547,45b3fbbc-f2fd-4c9e-9b3b-e5621bb073e9,N.Carter,RB,nfl-player-v1,0,11.868,2.471,0.412,0,0,0,0.005
2025,8,2025_08_MIA_ATL,ATL,00-0037263,3d48d76e-acf1-404a-ba84-79e0d1d0e3fc,T.Allgeier,RB,nfl-player-v1,0,15.422,3.813,0.617,0,0.259,0.02,0.2435
2025,8,2025_08_CHI_BAL,BAL,00-0038046,6f5a73e0-41fa-40ec-aa08-ce3f64fad723,C.Kolar,TE,nfl-player-v1,0,0,6.754,0.789,0,0,0.006,0.0061
2025,8,2025_08_CHI_BAL,BAL,00-0032764,31b668ff-08d5-4913-8678-4c5c2fb906ca,D.Henry,RB,nfl-player-v1,0,41.394,3.32,0.542,0,0.662,0.017,0.4927
2025,8,2025_08_CHI_BAL,BAL,00-0030564,1bd6ba6e-0334-4184-a6f8-4d5dcf7c276f,D.Hopkins,WR,nfl-player-v1,0,0,6.896,0.806,0,0,0,0.005
2025,8,2025_08_CHI_BAL,BAL,00-0037838,ae5846b3-e4d7-42a1-bd13-81760f0a83b2,I.Likely,TE,nfl-player-v1,0,0,8.725,1.001,0,0,0.008,0.0078
2025,8,2025_08_CHI_BAL,BAL,00-0034975,4bf90f48-14f6-42ab-aa72-7f4e7b87e638,J.Hill,RB,nfl-player-v1,0,7.737,2.471,0.412,0,0,0,0.005
2025,8,2025_08_CHI_BAL,BAL,00-0038454,4c8b2a02-d4ab-4896-af38-2a000c2591f3,K.Mitchell,RB,nfl-player-v1,0,12.547,2.471,0.412,0,0.03,0.002,0.0312
2025,8,2025_08_CHI_BAL,BAL,00-0034753,3c8c24b6-f2b3-4130-86e6-389a16aa6104,M.Andrews,TE,nfl-player-v1,0,0,11.396,1.284,0,0,0.01,0.0099
2025,8,2025_08_CHI_BAL,BAL,00-0036550,18c06a21-f854-4f11-89ad-f617293f9cea,R.Bateman,WR,nfl-player-v1,0,0,13.098,1.466,0,0,0.011,0.0113
2025,8,2025_08_CHI_BAL,BAL,00-0035993,52de0337-a7ef-4589-b345-4ae504e54970,T.Huntley,QB,nfl-player-v1,115.928,7.587,0,0,0.797,0.048,0,0.0465
2025,8,2025_08_CHI_BAL,BAL,00-0036630,adb9f484-c700-4ebd-bc00-daf4daed3f65,T.Wallace,WR,nfl-player-v1,0,0,6.603,0.772,0,0,0,0.005
2025,8,2025_08_CHI_BAL,BAL,00-0039064,a4c95f75-76ae-4729-b36b-053b14fb2a51,Z.Flowers,WR,nfl-player-v1,0,0.259,30.79,3.153,0,0,0.025,0.0244
2025,8,2025_08_BUF_CAR,BUF,00-0038933,8a6f4627-ab82-4cb4-92df-699336ac1690,D.Kincaid,TE,nfl-player-v1,0,0,8.7,0.993,0,0,0,0.005
2025,8,2025_08_BUF_CAR,BUF,00-0035689,83978a45-a7da-408d-a462-426f5444a908,D.Knox,TE,nfl-player-v1,0,0,6.667,0.78,0,0,0,0.005
2025,8,2025_08_BUF_CAR,BUF,00-0036980,b00bd3b2-8fb1-4c61-b575-87a93b457caf,E.Moore,,nfl-player-v1,0,0,12.265,1.384,0,0,0,0.005
2025,8,2025_08_BUF_CAR,BUF,00-0034857,32369b37-6bce-4910-acfa-f658676697d3,J.Allen,QB,nfl-player-v1,109.83,5.523,0,0,0.756,0.035,0,0.0341
2025,8,2025_08_BUF_CAR,BUF,00-0037248,61da158c-dacb-4567-8ec7-9521d0868e5f,J.Cook,RB,nfl-player-v1,0,39.047,2.536,0.423,0,0.36,0.008,0.3079
2025,8,2025_08_BUF_CAR,BUF,00-0040194,5a7670a6-35d4-43bb-a12b-9b1580498b35,J.Hawes,TE,nfl-player-v1,0,0,10.648,1.209,0,0,0.019,0.0186
2025,8,2025_08_BUF_CAR,BUF,00-0039901,15497e04-abce-413c-b84b-6928c1f96d77,K.Coleman,WR,nfl-player-v1,0,0,13.15,1.467,0,0,0,0.005
2025,8,2025_08_BUF_CAR,BUF,00-0037261,a182f320-892e-4344-8c39-d03ec8d397c4,K.Shakir,WR,nfl-player-v1,0,0,21.762,2.31,0,0,0.036,0.0353
2025,8,2025_08_BUF_CAR,BUF,00-0033869,e59787f5-27fb-4c44-8543-4c38c3e63ca5,M.Trubisky,QB,nfl-player-v1,99.365,4.235,0,0,0.622,0,0,0.005
2025,8,2025_08_BUF_CAR,BUF,00-0039875,51239dbe-c985-42a4-bdb6-e31bea991d12,R.Davis,RB,nfl-player-v1,0,21.068,3.27,0.535,0,0.197,0.01,0.1869
2025,8,2025_08_BUF_CAR,BUF,00-0035537,7927f661-8fb2-47a7-988d-d39a7c8038be,Ty.Johnson,RB,nfl-player-v1,0,12.654,2.471,0.412,0,0,0,0.005
2025,8,2025_08_BUF_CAR,CAR,00-0027973,ad824cf4-45aa-4678-90a2-b4de8ec1d14f,A.Dalton,QB,nfl-player-v1,110.57,4.973,0,0,0.692,0,0,0.005
2025,8,2025_08_BUF_CAR,CAR,00-0036555,e4fb467c-29b4-4025-8e7f-05d9ee9ca744,C.Hubbard,RB,nfl-player-v1,0,30.636,3.433,0.561,0,0.32,0.011,0.2818
2025,8,2025_08_BUF_CAR,CAR,00-0039491,0a50de21-d75b-4e1e-86c9-191b0dccffec,J.Coker,WR,nfl-player-v1,0,0,14.791,1.65,0,0,0,0.005
2025,8,2025_08_BUF_CAR,CAR,00-0039356,38d1f118-d4b1-4550-932e-ebfebfb25c98,J.Sanders,TE,nfl-player-v1,0,0,11.925,1.346,0,0,0.024,0.0233
2025,8,2025_08_BUF_CAR,CAR,00-0040218,77922ed5-6b51-4d23-8894-56a5ab1b2c1a,Ji.Horn,WR,nfl-player-v1,0,0.577,6.759,0.787,0,0,0,0.005
2025,8,2025_08_BUF_CAR,CAR,00-0036139,5247cf70-ccdc-4fee-abb5-56faa544291f,R.Dowdle,RB,nfl-player-v1,0,22.259,2.478,0.413,0,0.118,0.004,0.115
2025,8,2025_08_BUF_CAR,CAR,00-0040644,fb47152c-3c47-4517-aafd-6bb67424d19d,T.Etienne,RB,nfl-player-v1,0,14.095,2.471,0.412,0,0,0,0.005
2025,8,2025_08_BUF_CAR,CAR,00-0040124,fe874b96-e2c0-4f68-9815-af65b06e6738,T.McMillan,WR,nfl-player-v1,0,0,37.07,3.79,0,0,0.133,0.1242
2025,8,2025_08_BUF_CAR,CAR,00-0037005,2a5af105-ecb4-4ae4-89c6-d47b7b108737,T.Tremble,TE,nfl-player-v1,0,0,7.024,0.821,0,0,0,0.005
2025,8,2025_08_BUF_CAR,CAR,00-0039342,2f0f3999-0f08-41d7-83f3-7bf733899142,X.Legette,WR,nfl-player-v1,0,0,11.805,1.34,0,0,0.023,0.0232
2025,8,2025_08_CHI_BAL,CHI,00-0040126,20e5eda2-e6a7-45e5-8ed5-958a5d49a8ae,C.Loveland,TE,nfl-player-v1,0,0,14.036,1.584,0,0,0.017,0.0169
2025,8,2025_08_CHI_BAL,CHI,00-0039918,d3372f7c-27eb-47ac-9d90-facef898a40f,C.Williams,QB,nfl-player-v1,122.553,6.135,0,0,0.82,0.027,0,0.0263
2025,8,2025_08_CHI_BAL,CHI,00-0036331,da35f0f0-d8b2-44df-8247-fd33ae3941f6,D.Duvernay,WR,nfl-player-v1,0,0,9.748,1.127,0,0,0.012,0.0121
2025,8,2025_08_CHI_BAL,CHI,00-0034827,d366aedd-7ef1-47c6-a3bb-637a4559f332,D.Moore,WR,nfl-player-v1,0,0.728,18.809,2.061,0,0.001,0.022,0.0228
2025,8,2025_08_CHI_BAL,CHI,00-0036275,49aefcdc-6cec-4beb-84e1-ba08880d15d6,D.Swift,RB,nfl-player-v1,0,29.911,3.488,0.567,0,0.478,0.017,0.3906
2025,8,2025_08_CHI_BAL,CHI,00-0040236,08e87151-52f8-40cb-a625-42c1703b9eec,K.Monangai,RB,nfl-player-v1,0,23.939,2.471,0.412,0,0.078,0.003,0.0776
2025,8,2025_08_CHI_BAL,CHI,00-0040735,7f3e9ce8-9c8d-4d38-b381-3e43b24bf041,L.Burden,WR,nfl-player-v1,0,0,6.363,0.748,0,0,0,0.005
2025,8,2025_08_CHI_BAL,CHI,00-0035208,abb5a044-a3c2-46a1-9fac-b6d0ddf8475b,O.Zaccheaus,WR,nfl-player-v1,0,0,19.129,2.094,0,0,0,0.005
2025,8,2025_08_CHI_BAL,CHI,00-0039919,118470e6-4c10-41fd-9c53-8f079c8747aa,R.Odunze,WR,nfl-player-v1,0,0,26.895,2.876,0,0,0.031,0.0305
2025,8,2025_08_NYJ_CIN,CIN,00-0038619,7da25b9b-7510-4f92-98a5-2cb63cd6aa2d,A.Iosivas,WR,nfl-player-v1,0,0,9.693,1.123,0,0,0,0.005
2025,8,2025_08_NYJ_CIN,CIN,00-0038597,5b052584-0cb1-4079-abf3-1c8954958e62,C.Brown,RB,nfl-player-v1,0,36.507,5.076,0.813,0,0.577,0.025,0.4525
2025,8,2025_08_NYJ_CIN,CIN,00-0036900,fa88fc04-ab72-4b44-b18f-196905155362,J.Chase,WR,nfl-player-v1,0,0,60.199,5.862,0,0,0.189,0.1725
2025,8,2025_08_NYJ_CIN,CIN,00-0026158,371e6c01-3f61-411c-8675-13539221ddc9,J.Flacco,QB,nfl-player-v1,120.086,5.619,0,0,0.778,0.012,0,0.0121
2025,8,2025_08_NYJ_CIN,CIN,00-0035644,332e37c2-22e4-4511-931e-c30035cb108d,N.Fant,TE,nfl-player-v1,0,0,10.503,1.203,0,0,0,0.005
2025,8,2025_08_NYJ_CIN,CIN,00-0033526,8b7e765c-715a-49e2-b062-5527b649c39c,S.Perine,RB,nfl-player-v1,0,28.448,3.331,0.548,0,0.184,0.007,0.1734
2025,8,2025_08_NYJ_CIN,CIN,00-0036410,891d5ad8-ad2b-40a2-bd88-2f4c64d4009a,T.Higgins,WR,nfl-player-v1,0,0,8.105,0.944,0,0,0,0.005
2025,8,2025_08_NYJ_CIN,CIN,00-0034613,5a2238a1-78a9-452b-b3b5-2440c6cc7d92,T.Hudson,TE,nfl-player-v1,0,0,8.279,0.964,0,0,0.01,0.0103
2025,8,2025_08_CLE_NE,CLE,00-0040704,7af9c46c-c099-4877-b651-9719ed598171,D.Gabriel,QB,nfl-player-v1,120.648,5.242,0,0,0.755,0,0,0.005
2025,8,2025_08_CLE_NE,CLE,00-0033885,7803b6a3-2944-46a1-a2f7-8c64e92fc82d,D.Njoku,TE,nfl-player-v1,0,0,12.935,1.451,0,0,0.025,0.0251
2025,8,2025_08_CLE_NE,CLE,00-0040162,b934c25d-e16b-4088-ade1-894632b8045f,D.Sampson,RB,nfl-player-v1,0,15.93,8.219,1.268,0,0.165,0.025,0.173
2025,8,2025_08_CLE_NE,CLE,00-0040259,87512936-b0d4-422f-87f4-f28fc56fe703,G.Larvadain,WR,nfl-player-v1,0,0.49,4.721,0.558,0,0,0,0.005
2025,8,2025_08_CLE_NE,CLE,00-0040663,62719d0e-0efc-456e-8df8-828cc1cf4abe,H.Fannin,TE,nfl-player-v1,0,0.521,26.091,2.793,0,0.002,0.098,0.095
2025,8,2025_08_CLE_NE,CLE,00-0040782,3193f354-0b23-4321-b879-2e9fcd02ec84,I.Bond,WR,nfl-player-v1,0,0,11.992,1.378,0,0,0,0.005
2025,8,2025_08_CLE_NE,CLE,00-0037267,3a0091ff-06bf-492a-9528-03ae4f8f866d,J.Ford,RB,nfl-player-v1,0,6.21,4.175,0.678,0,0,0,0.005
2025,8,2025_08_CLE_NE,CLE,00-0036407,c669f87b-fdf2-458b-92b9-5fc841b4bec5,J.Jeudy,WR,nfl-player-v1,0,0,8.363,0.978,0,0,0.034,0.0337
2025,8,2025_08_CLE_NE,CLE,00-0039379,41a0c66a-cf0b-4519-a28d-a12b879a5031,J.Thrash,WR,nfl-player-v1,0,0,10.526,1.211,0,0,0,0.005
2025,8,2025_08_CLE_NE,CLE,00-0039920,f3dfcb32-2500-4f7d-8e4a-0b276a390d97,M.Corley,WR,nfl-player-v1,0,0.499,4.814,0.569,0,0,0,0.005
2025,8,2025_08_CLE_NE,CLE,00-0040784,62023d1d-a5ea-44d8-bde5-fe8b08113b5a,Q.Judkins,RB,nfl-player-v1,0,34.745,5.139,0.824,0,0,0,0.005
2025,8,2025_08_DAL_DEN,DAL,00-0039530,237d3676-845c-4673-a697-e3100108cb0b,B.Spann-Ford,TE,nfl-player-v1,0,0,6.294,0.74,0,0,0,0.005
2025,8,2025_08_DAL_DEN,DAL,00-0036358,c65ab2ea-a913-4981-964e-e6b3c4c5854e,C.Lamb,WR,nfl-player-v1,0,0.272,23.741,2.531,0,0.001,0.082,0.0794
2025,8,2025_08_DAL_DEN,DAL,00-0033077,6b202b45-4554-4645-8ff5-4ee830907717,D.Prescott,QB,nfl-player-v1,118.561,6.827,0,0,0.768,0.015,0,0.0152
2025,8,2025_08_DAL_DEN,DAL,00-0037247,35484e4c-03b7-453e-80fd-be2fa1ac62aa,G.Pickens,WR,nfl-player-v1,0,0,21.872,2.359,0,0,0.025,0.0251
2025,8,2025_08_DAL_DEN,DAL,00-0038738,7d6dc53b-3a2a-4006-8120-947f79a43223,H.Luepke,RB,nfl-player-v1,0,8.367,2.52,0.42,0,0,0,0.005
2025,8,2025_08_DAL_DEN,DAL,00-0040586,682f2bcc-ad9a-49fd-b648-fd767ab9c15d,J.Blue,RB,nfl-player-v1,0,22.849,2.471,0.412,0,0.075,0.003,0.0744
2025,8,2025_08_DAL_DEN,DAL,00-0038041,631385df-a7e6-4eb7-8b2b-e19769a2551f,J.Ferguson,TE,nfl-player-v1,0,0,6.055,0.715,0,0,0,0.005
2025,8,2025_08_DAL_DEN,DAL,00-0039398,b0dc48bd-d95c-4352-a9c5-5e3f113e8b79,J.Milton,QB,nfl-player-v1,100.586,4.278,0,0,0.63,0,0,0.005
2025,8,2025_08_DAL_DEN,DAL,00-0037666,68f4a835-6990-4ab8-a10f-db8aa110439f,J.Tolbert,WR,nfl-player-v1,0,0,7.928,0.921,0,0,0,0.005
2025,8,2025_08_DAL_DEN,DAL,00-0036997,75533a5b-1037-45da-a572-2ccf5f61abc0,J.Williams,RB,nfl-player-v1,0,34.334,3.884,0.631,0,0.55,0.019,0.4343
2025,8,2025_08_DAL_DEN,DAL,00-0037801,7bb83a46-749f-471f-9876-9b2893c636f8,K.Turpin,WR,nfl-player-v1,0,0,12.31,1.401,0,0,0,0.005
2025,8,2025_08_DAL_DEN,DAL,00-0038547,7df365f8-b808-4ecf-8454-fe5ccbc0e2f4,L.Schoonmaker,TE,nfl-player-v1,0,0,9.373,1.08,0,0,0.012,0.0116
2025,8,2025_08_DAL_DEN,DAL,00-0037563,8ff15410-a25d-420e-a8c8-f07173b07ff5,M.Davis,RB,nfl-player-v1,0,10.269,2.471,0.412,0,0,0,0.005
2025,8,2025_08_DAL_DEN,DAL,00-0039410,b9c5b95f-dcad-4853-bbe4-c3b2db8b2c1d,R.Flournoy,WR,nfl-player-v1,0,0,7.613,0.888,0,0,0,0.005
2025,8,2025_08_DAL_DEN,DEN,00-0039732,40159058-8f61-4120-8323-ec81eaeff8ce,B.Nix,QB,nfl-player-v1,112.892,4.35,0,0,0.707,0,0,0.005
2025,8,2025_08_DAL_DEN,DEN,00-0034348,017301c4-fe49-48a1-a533-db70f693a734,C.Sutton,WR,nfl-player-v1,0,0,17.826,1.96,0,0,0,0.005
2025,8,2025_08_DAL_DEN,DEN,00-0033881,44ecc125-b690-4177-93f9-f03d50825239,E.Engram,TE,nfl-player-v1,0,0,15.531,1.725,0,0,0.044,0.043
2025,8,2025_08_DAL_DEN,DEN,00-0036158,a5ce07ae-2e77-4060-bb79-b53064c0b349,J.Dobbins,RB,nfl-player-v1,0,38.596,4.268,0.689,0,0.432,0.015,0.3606
2025,8,2025_08_DAL_DEN,DEN,00-0038976,d99e2c6d-aef8-4250-9bec-3a167ae51085,M.Mims,WR,nfl-player-v1,0,0.93,6.468,0.75,0,0,0,0.005
2025,8,2025_08_DAL_DEN,DEN,00-0038783,ce124a9f-0d72-4e5f-89b6-3817ee5f738e,N.Adkins,TE,nfl-player-v1,0,0,6.369,0.75,0,0,0.01,0.0095
2025,8,2025_08_DAL_DEN,DEN,00-0040134,de70216e-21b4-4de8-a4e8-1c0e4ed7734b,P.Bryant,WR,nfl-player-v1,0,0,12.544,1.42,0,0,0,0.005
2025,8,2025_08_DAL_DEN,DEN,00-0040730,f30905bf-54ce-4e54-8ae4-38b278499802,R.Harvey,RB,nfl-player-v1,0,20.83,3.345,0.549,0,0.24,0.012,0.2224
2025,8,2025_08_DAL_DEN,DEN,00-0037085,e91b7026-2866-4587-96e6-3eba8e3346af,T.Badie,RB,nfl-player-v1,0,8.157,2.471,0.412,0,0,0,0.005
2025,8,2025_08_DAL_DEN,DEN,00-0039868,128fd135-fb3e-451e-8135-52d9465c4154,T.Franklin,WR,nfl-player-v1,0,0,23.912,2.557,0,0,0.033,0.032
2025,8,2025_08_GB_PIT,GB,00-0038124,12c85e25-4ab3-432a-8046-7f8b9f971f0e,C.Watson,WR,nfl-player-v1,0,0,10.222,1.16,0,0,0,0.005
2025,8,2025_08_GB_PIT,GB,00-0038797,6572040d-90dd-479c-8d99-faf7175127c3,E.Wilson,RB,nfl-player-v1,0,33.718,5.618,0.891,0,0.397,0.02,0.3413
2025,8,2025_08_GB_PIT,GB,00-0037306,5bedb1f9-714b-416c-9803-57d032ed5651,J.FitzPatrick,TE,nfl-player-v1,0,0,6.257,0.736,0,0,0,0.005
2025,8,2025_08_GB_PIT,GB,00-0035700,1d87d00a-50b3-494c-a764-c0ff40e2a701,J.Jacobs,RB,nfl-player-v1,0,39.495,4.912,0.789,0,0.465,0.018,0.383
2025,8,2025_08_GB_PIT,GB,00-0036264,537f0d83-5256-42bf-bc75-f956be1f26c5,J.Love,QB,nfl-player-v1,117.437,4.354,0,0,0.735,0,0,0.005
2025,8,2025_08_GB_PIT,GB,00-0039144,bb8a3825-74f1-4c85-880a-a3108c33b36b,L.Musgrave,TE,nfl-player-v1,0,0,6.257,0.736,0,0,0,0.005
2025,8,2025_08_GB_PIT,GB,00-0040667,21d63dde-da33-498d-8984-467c8fa08df0,M.Golden,WR,nfl-player-v1,0,0,8.262,0.949,0,0,0,0.005
2025,8,2025_08_GB_PIT,GB,00-0038465,44b551ee-73bc-4992-b195-a15879dfb8fc,M.Heath,,nfl-player-v1,0,0,9.987,1.147,0,0,0,0.005
2025,8,2025_08_GB_PIT,GB,00-0037816,a5673ce8-e626-4f8f-a1c0-7864036be6a3,R.Doubs,WR,nfl-player-v1,0,0,17.294,1.924,0,0,0.019,0.0191
2025,8,2025_08_GB_PIT,GB,00-0040009,8d74f600-50f8-4f4b-a268-1bc959cc4edd,S.Williams,WR,nfl-player-v1,0,0.321,6.288,0.736,0,0,0.007,0.0077
2025,8,2025_08_GB_PIT,GB,00-0038996,d561b61f-7998-40a8-82a4-875cc5706ed4,T.Kraft,TE,nfl-player-v1,0,0,22.807,2.464,0,0,0.074,0.0713
2025,8,2025_08_SF_HOU,HOU,00-0034419,83893fcf-5f86-406b-b1c7-8f4f45987702,B.Berrios,WR,nfl-player-v1,0,0,12.432,1.4,0,0,0.02,0.0194
2025,8,2025_08_SF_HOU,HOU,00-0039163,5580f3af-a69b-4d18-aa9e-f9f360bb7daf,C.Stroud,QB,nfl-player-v1,123.233,6.793,0,0,0.772,0,0,0.005
2025,8,2025_08_SF_HOU,HOU,00-0033854,1469f8ef-106a-411b-8a88-2356c758380f,D.Ogunbowale,RB,nfl-player-v1,0,8.179,3.079,0.507,0,0.035,0.004,0.0384
2025,8,2025_08_SF_HOU,HOU,00-0034383,fe4c4fa7-73c1-43b7-8823-e75c27674ec2,D.Schultz,TE,nfl-player-v1,0,0,9.052,1.045,0,0,0,0.005
2025,8,2025_08_SF_HOU,HOU,00-0036232,da359930-7530-4fbe-95b3-a65e46558c10,H.Bryant,TE,nfl-player-v1,0,0,5.911,0.698,0,0,0,0.005
2025,8,2025_08_SF_HOU,HOU,00-0040130,321f2f7a-617b-4114-867a-7188cd496cff,J.Higgins,WR,nfl-player-v1,0,0,17.038,1.883,0,0,0.053,0.0514
2025,8,2025_08_SF_HOU,HOU,00-0040138,e514b85a-324e-406e-880e-9c49fe37b12d,J.Noel,WR,nfl-player-v1,0,0,13.983,1.563,0,0,0,0.005
2025,8,2025_08_SF_HOU,HOU,00-0038728,9683fdca-7cc1-4f81-9702-5f4ff823e095,J.Wayne,WR,nfl-player-v1,0,0,7.414,0.863,0,0,0,0.005
2025,8,2025_08_SF_HOU,HOU,00-0034791,489002b7-b67b-4d6a-80d9-6000e716b0ce,N.Chubb,RB,nfl-player-v1,0,42.193,3.783,0.616,0,0.175,0.005,0.1645
2025,8,2025_08_SF_HOU,HOU,00-0040583,370bcf5e-ca00-4e72-b138-115538bdc569,W.Marks,RB,nfl-player-v1,0,29.211,5.098,0.811,0,0.363,0.019,0.318
2025,8,2025_08_SF_HOU,HOU,00-0038618,e432064c-a8c6-4b83-8119-a0bf2e30fa6f,X.Hutchinson,WR,nfl-player-v1,0,0,13.983,1.563,0,0,0.022,0.0216
2025,8,2025_08_TEN_IND,IND,00-0032104,39c8ad89-a95a-4486-8c3d-ef8312e6ac3f,A.Abdullah,RB,nfl-player-v1,0,11.561,3.472,0.57,0,0,0,0.005
2025,8,2025_08_TEN_IND,IND,00-0035021,1a3a78db-f384-4fdd-b93c-ba5c57d9c84a,A.Dulin,WR,nfl-player-v1,0,0,7.006,0.821,0,0,0.019,0.019
2025,8,2025_08_TEN_IND,IND,00-0039890,87520ab1-0a67-4521-b031-0a45fa108796,A.Mitchell,,nfl-player-v1,0,0,6.712,0.791,0,0,0,0.005
2025,8,2025_08_TEN_IND,IND,00-0037292,892369e3-2735-4812-9d7d-e02a4a4d5298,A.Ogletree,TE,nfl-player-v1,0,0,6.712,0.791,0,0,0,0.005
2025,8,2025_08_TEN_IND,IND,00-0037664,6b78568e-15e7-485d-ab78-b85134c79c82,A.Pierce,WR,nfl-player-v1,0,0,16.66,1.866,0,0,0,0.005
2025,8,2025_08_TEN_IND,IND,00-0035710,154df07d-189d-4473-894a-f65ed36181fc,D.Jones,QB,nfl-player-v1,115.87,5.013,0,0,0.725,0,0,0.005
2025,8,2025_08_TEN_IND,IND,00-0038997,5da8b083-96f7-43b0-8b97-365397bd59e6,J.Downs,WR,nfl-player-v1,0,0,12.382,1.409,0,0,0.033,0.0323
2025,8,2025_08_TEN_IND,IND,00-0036223,d93096a9-946b-4b3c-a3b5-7a1498c91cae,J.Taylor,RB,nfl-player-v1,0,40.325,4.605,0.744,0,0.827,0.03,0.5754
2025,8,2025_08_TEN_IND,IND,00-0036252,8b257ca3-4915-4a9f-9cc7-70bd81d7af59,M.Pittman,WR,nfl-player-v1,0,0,32.353,3.396,0,0,0,0.005
2025,8,2025_08_TEN_IND,IND,00-0040206,84183f30-4aea-4c0e-a5ee-3e0d078d504e,R.Leonard,QB,nfl-player-v1,100.525,4.978,0,0,0.629,0,0,0.005
2025,8,2025_08_TEN_IND,IND,00-0037120,3d12ca35-8ab0-41ad-b980-b7fc82d41bab,T.Goodson,RB,nfl-player-v1,0,11.722,2.524,0.421,0,0,0,0.005
2025,8,2025_08_TEN_IND,IND,00-0040128,e72096d9-8234-4879-b3b4-9fd4bf4aac4e,T.Warren,TE,nfl-player-v1,0,0,17.491,1.942,0,0,0,0.005
2025,8,2025_08_WAS_KC,KC,00-0040078,65158854-c056-46f0-a185-79af3db336de,B.Smith,RB,nfl-player-v1,0,12.836,2.524,0.421,0,0.042,0.003,0.044
2025,8,2025_08_WAS_KC,KC,00-0037197,f48b3351-0deb-4a52-9790-5631073f3d2c,I.Pacheco,RB,nfl-player-v1,0,32.344,2.471,0.412,0,0.21,0.005,0.1931
2025,8,2025_08_WAS_KC,KC,00-0033857,934d9980-bd65-441a-8b3b-b51144ba8f5a,J.Smith-Schuster,WR,nfl-player-v1,0,0,8.327,0.965,0,0,0,0.005
2025,8,2025_08_WAS_KC,KC,00-0033923,0ab5a80d-1207-4385-8df5-2f776ac16816,K.Hunt,RB,nfl-player-v1,0,26.856,3.362,0.552,0,0.261,0.01,0.2375
2025,8,2025_08_WAS_KC,KC,00-0035662,48a61718-24ab-4c6a-946e-56764c8f0206,M.Brown,WR,nfl-player-v1,0,0,6.224,0.734,0,0,0,0.005
2025,8,2025_08_WAS_KC,KC,00-0036637,d6bb9e59-3e25-468e-9bb1-ea8b5eccfdff,N.Gray,TE,nfl-player-v1,0,0,11.749,1.338,0,0,0.014,0.0143
2025,8,2025_08_WAS_KC,KC,00-0033873,a9854c99-01a8-4aff-ade7-a3dbcff01a05,P.Mahomes,QB,nfl-player-v1,120.192,5.775,0,0,0.753,0,0,0.005
2025,8,2025_08_WAS_KC,KC,00-0039067,eb2c647e-6138-4708-bd65-35422f29f75c,R.Rice,WR,nfl-player-v1,0,0.6,25.703,2.707,0,0.002,0.087,0.0857
2025,8,2025_08_WAS_KC,KC,00-0030506,6e6da15e-254a-4ee3-b0c8-2eaf5875f22f,T.Kelce,TE,nfl-player-v1,0,0,21.526,2.332,0,0,0.025,0.0248
2025,8,2025_08_WAS_KC,KC,00-0039894,13377595-68fc-4870-b538-55539284b2d2,X.Worthy,WR,nfl-player-v1,0,0,19.083,2.093,0,0,0.023,0.0223
2025,8,2025_08_MIN_LAC,LAC,00-0036355,86721778-e183-4522-8ddc-55e00f17fbe7,J.Herbert,QB,nfl-player-v1,112.23,6.282,0,0,0.788,0.051,0,0.0501
2025,8,2025_08_MIN_LAC,LAC,00-0036755,a58328de-728b-4d76-84ca-804686864dfc,J.Patterson,RB,nfl-player-v1,0,23.453,2.476,0.413,0,0,0,0.005
2025,8,2025_08_MIN_LAC,LAC,00-0030279,60f4cd06-05df-4280-add3-4cecee3a82d3,K.Allen,WR,nfl-player-v1,0,0,15.316,1.687,0,0,0,0.005
2025,8,2025_08_MIN_LAC,LAC,00-0039391,533082ab-7fe9-4268-80bc-0139989251cf,K.Vidal,RB,nfl-player-v1,0,44.427,4.164,0.669,0,0.827,0.024,0.5731
2025,8,2025_08_MIN_LAC,LAC,00-0039915,7f5bf6e3-b07c-4361-bc95-0311908c7bf8,L.McConkey,WR,nfl-player-v1,0,0,29.254,3.027,0,0,0,0.005
2025,8,2025_08_MIN_LAC,LAC,00-0034367,aeb8f095-f979-46c0-822e-8993c9372a34,N.Miller-Hines,,nfl-player-v1,0,0.378,4.722,0.558,0,0,0,0.005
2025,8,2025_08_MIN_LAC,LAC,00-0040189,070528cf-a9c0-48c4-a759-be8a5cd3922f,O.Gadsden,TE,nfl-player-v1,0,0,15.801,1.731,0,0,0.022,0.0218
2025,8,2025_08_MIN_LAC,LAC,00-0040727,ff157432-dabf-43cf-96af-8ff8ebad77a9,T.Harris,WR,nfl-player-v1,0,0,8.388,0.965,0,0,0.012,0.0122
2025,8,2025_08_MIA_ATL,MIA,00-0035125,12e216b4-a162-43d0-ba51-c53c2821df6e,A.Ingold,RB,nfl-player-v1,0,6.192,3.185,0.522,0,0,0,0.005
2025,8,2025_08_MIA_ATL,MIA,00-0034418,30d562b8-8bd4-40b9-ae00-49cf338a8734,C.Wilson,WR,nfl-player-v1,0,0,6.253,0.733,0,0,0.006,0.0057
2025,8,2025_08_MIA_ATL,MIA,00-0039040,f169e606-4f09-4947-8eef-b701b27cf612,D.Achane,RB,nfl-player-v1,0,39.812,8.549,1.276,0,0.706,0.045,0.5281
2025,8,2025_08_MIA_ATL,MIA,00-0036613,f6b9b938-482f-4332-96e6-e3e566d9efb2,J.Waddle,WR,nfl-player-v1,0,0,16.754,1.832,0,0,0.014,0.0141
2025,8,2025_08_MIA_ATL,MIA,00-0039874,53edb104-26c4-438b-8ac5-edf35458e1c6,J.Wright,RB,nfl-player-v1,0,21.461,3.185,0.522,0,0,0,0.005
2025,8,2025_08_MIA_ATL,MIA,00-0039880,9f759ea4-6e4c-44b2-9eb1-44640e42493b,M.Washington,WR,nfl-player-v1,0,0,14.015,1.554,0,0,0.012,0.012
2025,8,2025_08_MIA_ATL,MIA,00-0036182,723099fe-7e45-4cc2-9e19-be47b28fa150,N.Westbrook-Ikhine,WR,nfl-player-v1,0,0,9.396,1.079,0,0,0.017,0.0166
2025,8,2025_08_MIA_ATL,MIA,00-0040198,6f1b239c-9e82-490d-abfd-2aa17a03f3a1,O.Gordon,RB,nfl-player-v1,0,23.676,3.252,0.533,0,0.166,0.007,0.159
2025,8,2025_08_MIA_ATL,MIA,00-0037348,ec44d32f-0e18-4e07-8eef-dd06b0ff518d,T.Conner,,nfl-player-v1,0,0,7.969,0.92,0,0,0.007,0.0071
2025,8,2025_08_MIA_ATL,MIA,00-0036212,25cc976d-3f53-414e-8503-80d7e5d5a513,T.Tagovailoa,QB,nfl-player-v1,111.6,4.411,0,0,0.699,0,0,0.005
2025,8,2025_08_MIA_ATL,MIA,00-0037013,c45ec253-eb3c-4927-840a-b4719f423791,Z.Wilson,QB,nfl-player-v1,98.959,4.235,0,0,0.62,0,0,0.005
2025,8,2025_08_MIN_LAC,MIN,00-0033293,35923ea3-b4c5-42ac-b0eb-c748169e8cdf,A.Jones,RB,nfl-player-v1,0,23.232,5.554,0.873,0,0.48,0.035,0.4022
2025,8,2025_08_MIN_LAC,MIN,00-0030035,f78e2b4f-796b-41c8-9af0-75caf042eb26,A.Thielen,,nfl-player-v1,0,0,8.66,1.01,0,0,0,0.005
2025,8,2025_08_MIN_LAC,MIN,00-0040509,83acf780-5664-449a-b59b-85014a46c210,B.Yurosek,TE,nfl-player-v1,0,0,8.835,1.026,0,0,0,0.005
2025,8,2025_08_MIN_LAC,MIN,00-0032950,c565508b-56fc-427f-bbad-c16a7809be60,C.Wentz,QB,nfl-player-v1,115.396,4.243,0,0,0.722,0,0,0.005
2025,8,2025_08_MIN_LAC,MIN,00-0038994,5ce4d5c2-18c4-4c4d-b3a0-039eb4a3d989,J.Addison,WR,nfl-player-v1,0,0,14.065,1.588,0,0,0.056,0.0541
2025,8,2025_08_MIN_LAC,MIN,00-0036322,9bd851b9-cba5-4c2a-989a-792d495db187,J.Jefferson,WR,nfl-player-v1,0,0,36.577,3.809,0,0,0,0.005
2025,8,2025_08_MIN_LAC,MIN,00-0037525,f3080ee8-3085-4c4a-8cb6-73cca736c41b,J.Mason,RB,nfl-player-v1,0,22.691,3.428,0.563,0,0,0,0.005
2025,8,2025_08_MIN_LAC,MIN,00-0037291,3c26dce6-b5d7-4026-b212-1b22c6b4a9e7,J.Nailor,WR,nfl-player-v1,0,0,6.626,0.781,0,0,0,0.005
2025,8,2025_08_MIN_LAC,MIN,00-0040494,5de9bd7e-1e94-4286-a652-760935b7f982,M.Brosmer,QB,nfl-player-v1,99.922,4.235,0,0,0.626,0,0,0.005
2025,8,2025_08_MIN_LAC,MIN,00-0035229,0993b895-f0b7-4d94-9a83-cb2895cf9093,T.Hockenson,TE,nfl-player-v1,0,0,11.363,1.301,0,0,0,0.005
2025,8,2025_08_MIN_LAC,MIN,00-0038440,4c74f14f-2193-41d1-b3b4-fb34cb116198,Z.Scott,RB,nfl-player-v1,0,12.337,3.788,0.613,0,0,0,0.005
2025,8,2025_08_CLE_NE,NE,00-0032392,da501cdf-983b-48c5-9918-7569b745567c,A.Hooper,TE,nfl-player-v1,0,0,9.195,1.056,0,0,0,0.005
2025,8,2025_08_CLE_NE,NE,00-0038621,bc093a81-2f9d-44f8-85cc-cb7d3f539296,D.Douglas,WR,nfl-player-v1,0,0.514,6.863,0.795,0,0.001,0.009,0.0092
2025,8,2025_08_CLE_NE,NE,00-0039851,c18b2fe3-1746-464c-9604-91eca99e8c5c,D.Maye,QB,nfl-player-v1,114.113,5.865,0,0,0.714,0,0,0.005
2025,8,2025_08_CLE_NE,NE,00-0033090,835b972d-7fc1-48d2-bfb6-4ad15a30a0a1,H.Henry,TE,nfl-player-v1,0,0,6.869,0.803,0,0,0.009,0.0086
2025,8,2025_08_CLE_NE,NE,00-0038608,353c0718-b585-42e4-9fdd-65abf246f4d1,K.Boutte,WR,nfl-player-v1,0,0,16.562,1.827,0,0,0,0.005
2025,8,2025_08_CLE_NE,NE,00-0033555,927c45e7-007a-40b8-9592-815d97fbc701,M.Hollins,WR,nfl-player-v1,0,0,24.493,2.587,0,0,0.028,0.0275
2025,8,2025_08_CLE_NE,NE,00-0036875,64641499-cd80-4cac-adcf-0272f37d57cc,R.Stevenson,RB,nfl-player-v1,0,33.122,4.386,0.704,0,0.316,0.013,0.2803
2025,8,2025_08_CLE_NE,NE,00-0031588,8ea2703a-b355-44a5-a0d5-3ade7964e460,S.Diggs,WR,nfl-player-v1,0,0,16.912,1.866,0,0,0.06,0.0585
2025,8,2025_08_CLE_NE,NE,00-0040734,8c7fdfc1-da82-46bd-8059-d38dfc782a85,T.Henderson,RB,nfl-player-v1,0,24.829,2.482,0.414,0,0.242,0.008,0.2212
2025,8,2025_08_CLE_NE,NE,00-0039757,d056f4ac-cd4e-4ed9-ae55-2578d4598761,T.Jennings,RB,nfl-player-v1,0,9.796,2.471,0.412,0,0,0,0.005
2025,8,2025_08_TB_NO,NO,00-0033906,c7b60e7b-fe31-4675-9e2b-66d4d9c7a2d4,A.Kamara,RB,nfl-player-v1,0,33.302,3.76,0.615,0,0,0,0.005
2025,8,2025_08_TB_NO,NO,00-0031236,16125e50-cd99-4225-a124-62507be3ffd8,B.Cooks,,nfl-player-v1,0,0,9.95,1.147,0,0,0,0.005
2025,8,2025_08_TB_NO,NO,00-0037239,3d8e6090-ab45-4750-a145-b5bc16812bc8,C.Olave,WR,nfl-player-v1,0,0.55,23.787,2.566,0,0,0,0.005
2025,8,2025_08_TB_NO,NO,00-0040202,6355a7d7-5a4b-4c0f-9407-f8d0669ab8c5,D.Neal,RB,nfl-player-v1,0,6.225,4.259,0.691,0,0,0,0.005
2025,8,2025_08_TB_NO,NO,00-0039424,c5ddc36c-396d-4108-9137-e78b64ae84a8,D.Vele,WR,nfl-player-v1,0,0,11.013,1.268,0,0,0,0.005
2025,8,2025_08_TB_NO,NO,00-0034981,2e81bc65-e42c-4ef5-a59e-e22633ad1100,F.Moreau,TE,nfl-player-v1,0,0,5.855,0.693,0,0,0,0.005
2025,8,2025_08_TB_NO,NO,00-0036040,e10fc805-9026-4fe2-8714-d074bd8ca1be,J.Johnson,TE,nfl-player-v1,0,0,16.538,1.851,0,0,0,0.005
2025,8,2025_08_TB_NO,NO,00-0036741,9549fdf0-455b-4e22-98ae-4df76cb3cb2b,J.Stoll,TE,nfl-player-v1,0,0,5.855,0.693,0,0,0,0.005
2025,8,2025_08_TB_NO,NO,00-0039623,f13f2ccc-61dd-4815-8417-4b6f780c7f3b,M.Tipton,WR,nfl-player-v1,0,0,5.855,0.693,0,0,0.048,0.0473
2025,8,2025_08_TB_NO,NO,00-0037545,0a931859-dbbe-4421-8bdc-ee6094237041,R.Shaheed,,nfl-player-v1,0,0,23.742,2.571,0,0,0,0.005
2025,8,2025_08_TB_NO,NO,00-0039376,daa42eb7-39f7-4855-9cfb-36e187d1948a,S.Rattler,QB,nfl-player-v1,115.425,6.917,0,0,0.723,0,0,0.005
2025,8,2025_08_TB_NO,NO,00-0033357,5034d52d-1292-4d87-a545-ef53884ca7e1,T.Hill,QB,nfl-player-v1,106.946,6.061,0,0,0.67,0,0,0.005
2025,8,2025_08_TB_NO,NO,00-0040743,c6b16d75-657b-44a5-9bf9-033769fc3460,T.Shough,QB,nfl-player-v1,120.936,7.008,0,0,0.757,0,0,0.005
2025,8,2025_08_NYG_PHI,NYG,00-0040432,04dda3a3-e83b-4eea-8501-cf828118da40,B.Collins,WR,nfl-player-v1,0,0,9.808,1.131,0,0,0.026,0.026
2025,8,2025_08_NYG_PHI,NYG,00-0040715,17b3f22e-f45e-4eca-b13a-668a4cd32a8f,C.Skattebo,RB,nfl-player-v1,0,13.352,4.846,0.776,0,0.094,0.01,0.099
2025,8,2025_08_NYG_PHI,NYG,00-0038115,7902e063-be70-413b-92a0-7ed450db8b6b,D.Bellinger,TE,nfl-player-v1,0,0,7.541,0.881,0,0,0,0.005
2025,8,2025_08_NYG_PHI,NYG,00-0035250,e7d55b0c-e17e-4747-9f12-d3c5933b5e3e,D.Singletary,RB,nfl-player-v1,0,10.892,3.638,0.594,0,0,0,0.005
2025,8,2025_08_NYG_PHI,NYG,00-0035535,2e5cbb33-2ffd-4dc1-af97-8edb43d325e6,D.Slayton,WR,nfl-player-v1,0,0,19.47,2.151,0,0,0,0.005
2025,8,2025_08_NYG_PHI,NYG,00-0040691,df2c09c5-74cd-4fdf-907d-3b98983c4c2b,J.Dart,QB,nfl-player-v1,123.192,7.87,0,0,0.886,0.075,0,0.0725
2025,8,2025_08_NYG_PHI,NYG,00-0039847,7b9ebaff-f7d3-45f1-a0b0-07501c467f39,T.Johnson,TE,nfl-player-v1,0,0,16.333,1.816,0,0,0,0.005
2025,8,2025_08_NYG_PHI,NYG,00-0039384,5f99ad3b-ac4f-409e-8699-ac3ba697ade3,T.Tracy,RB,nfl-player-v1,0,31.21,6.289,0.988,0,0.213,0.013,0.2023
2025,8,2025_08_NYG_PHI,NYG,00-0038117,36776784-59f3-4a60-a1e7-609889d4b6cb,W.Robinson,WR,nfl-player-v1,0,0,16.333,1.816,0,0,0,0.005
2025,8,2025_08_NYJ_CIN,NYJ,00-0034959,954d5b41-02ea-4047-8385-515c5118690c,A.Beck,RB,nfl-player-v1,0,6.321,3.213,0.528,0,0,0,0.005
2025,8,2025_08_NYJ_CIN,NYJ,00-0034521,4f55c8d1-727c-4720-b597-1b813dfc2e02,A.Lazard,WR,nfl-player-v1,0,0,7.605,0.885,0,0,0.006,0.0056
2025,8,2025_08_NYJ_CIN,NYJ,00-0040582,fa3a3931-e2a2-4cd4-8c08-c75bfc1098c0,A.Smith,WR,nfl-player-v1,0,0,6.292,0.739,0,0,0,0.005
2025,8,2025_08_NYJ_CIN,NYJ,00-0038120,735192a9-d468-49d0-b370-970c18fabac5,B.Hall,RB,nfl-player-v1,0,35.015,4,0.639,0,0.392,0.014,0.3337
2025,8,2025_08_NYJ_CIN,NYJ,00-0039798,3a986b7a-a012-40ca-9f01-2aa8cd1484bd,I.Davis,RB,nfl-player-v1,0,19.864,7.179,1.1,0,0.149,0.016,0.1517
2025,8,2025_08_NYJ_CIN,NYJ,00-0039451,80869be9-a016-466d-8e55-fbd21a0b51ec,I.Williams,WR,nfl-player-v1,0,0.228,11.394,1.286,0,0,0,0.005
2025,8,2025_08_NYJ_CIN,NYJ,00-0036945,d0778b59-dc20-4250-a23a-875e29d27acc,J.Fields,QB,nfl-player-v1,123.302,8.578,0,0,0.834,0.044,0,0.0431
2025,8,2025_08_NYJ_CIN,NYJ,00-0037805,49ad0f0d-981d-4fc4-b589-2f6ecafc1b42,J.Ruckert,TE,nfl-player-v1,0,0,6.292,0.739,0,0,0,0.005
2025,8,2025_08_NYJ_CIN,NYJ,00-0040736,05d9b42e-040e-46c9-8a22-97abfe74c5ce,M.Taylor,TE,nfl-player-v1,0,0,16.494,1.79,0,0,0.057,0.0554
2025,8,2025_08_NYJ_CIN,NYJ,00-0036427,7d05ed6f-f9df-44ae-b6d8-9fae7b2f7373,T.Johnson,WR,nfl-player-v1,0,0,12.945,1.454,0,0,0.009,0.0092
2025,8,2025_08_NYG_PHI,PHI,00-0034351,fa192789-c280-45f1-b92c-b3d6a2e97cb5,D.Goedert,TE,nfl-player-v1,0,0,12.621,1.415,0,0,0.036,0.0354
2025,8,2025_08_NYG_PHI,PHI,00-0036912,d0e121df-25e6-4268-9e79-b99acb8e9160,D.Smith,WR,nfl-player-v1,0,0,33.191,3.387,0,0,0.043,0.0422
2025,8,2025_08_NYG_PHI,PHI,00-0037741,6d4cdf27-b583-4056-b59d-95182c15301b,J.Dotson,WR,nfl-player-v1,0,0,9.063,1.043,0,0,0,0.005
2025,8,2025_08_NYG_PHI,PHI,00-0036389,c415d118-a039-407a-a350-3e89d8042e25,J.Hurts,QB,nfl-player-v1,112.71,6.164,0,0,0.763,0.032,0,0.0317
2025,8,2025_08_NYG_PHI,PHI,00-0034844,9a93ddfe-033a-4098-acc7-9be147087ec8,S.Barkley,RB,nfl-player-v1,0,32.983,8.441,1.266,0,0.479,0.037,0.4033
2025,8,2025_08_NYG_PHI,PHI,00-0038555,f6e1063b-4d79-4005-b44c-7621b0f82a81,T.Bigsby,RB,nfl-player-v1,0,22.05,2.515,0.419,0,0.085,0.003,0.0841
2025,8,2025_08_NYG_PHI,PHI,00-0039746,53f7c2dd-3fec-4e55-9991-00e4d7c2fc74,W.Shipley,RB,nfl-player-v1,0,11.245,2.471,0.412,0,0,0,0.005
2025,8,2025_08_NYG_PHI,PHI,00-0038496,ecb77812-97e6-496e-8996-54691e841001,X.Gipson,,nfl-player-v1,0,0,6.861,0.8,0,0,0,0.005
2025,8,2025_08_GB_PIT,PIT,00-0023459,9cd40a7b-735b-4670-bf0e-4d357c5b3e10,A.Rodgers,QB,nfl-player-v1,119.548,4.326,0,0,0.748,0,0,0.005
2025,8,2025_08_GB_PIT,PIT,00-0036862,c11cc7b3-6b0b-4a40-b6df-d3148f8c2825,B.Skowronek,WR,nfl-player-v1,0,0,6.713,0.789,0,0,0,0.005
2025,8,2025_08_GB_PIT,PIT,00-0037837,bb6900c7-cf17-450b-b596-4a3542add3ef,C.Austin,WR,nfl-player-v1,0,0,18.232,2.026,0,0,0,0.005
2025,8,2025_08_GB_PIT,PIT,00-0035640,4aefe4b3-05d4-4513-8386-ceefefe04e87,D.Metcalf,WR,nfl-player-v1,0,0,21.182,2.325,0,0,0.13,0.1221
2025,8,2025_08_GB_PIT,PIT,00-0033858,8b8c7b1a-90f6-4931-b9d8-3c8cfb0c920b,J.Smith,TE,nfl-player-v1,0,0,12.658,1.443,0,0,0.04,0.0396
2025,8,2025_08_GB_PIT,PIT,00-0037228,23de35af-3a1c-4ae7-9ea4-954a48d78d6a,J.Warren,RB,nfl-player-v1,0,47.279,5.236,0.838,0,0.386,0.013,0.3295
2025,8,2025_08_GB_PIT,PIT,00-0036919,8a95e757-cf19-40cd-9cc1-77255bb487f1,K.Gainwell,RB,nfl-player-v1,0,21.396,4.259,0.691,0,0,0,0.005
2025,8,2025_08_GB_PIT,PIT,00-0036894,07b45f1c-fb0a-40db-939b-4ee4836e9343,P.Freiermuth,TE,nfl-player-v1,0,0,12.88,1.462,0,0,0,0.005
2025,8,2025_08_GB_PIT,PIT,00-0039739,b440a63e-d001-42e8-90e2-054da5ac8f79,R.Wilson,WR,nfl-player-v1,0,0,15.542,1.742,0,0,0,0.005
2025,8,2025_08_GB_PIT,PIT,00-0038645,44f65d6b-bdcb-44b2-9a5e-523f3db5a5f0,S.Anderson,OL,nfl-player-v1,0,0,6.57,0.772,0,0,0,0.005
2025,8,2025_08_SF_HOU,SF,00-0033280,ae3498a3-f309-4ea2-a3c1-031f013cc394,C.McCaffrey,RB,nfl-player-v1,0,45.623,8.741,1.343,0,0.525,0.031,0.4262
2025,8,2025_08_SF_HOU,SF,00-0032775,03ab017e-f181-4486-9661-1c6485dedf19,D.Robinson,WR,nfl-player-v1,0,0,13.036,1.482,0,0,0.03,0.0292
2025,8,2025_08_SF_HOU,SF,00-0033288,6ef21d58-07b4-49a0-9e4b-ab6e4f527023,G.Kittle,TE,nfl-player-v1,0,0,15.961,1.784,0,0,0.036,0.035
2025,8,2025_08_SF_HOU,SF,00-0036259,046bd3b8-161d-4c19-9816-df5ce3e96947,J.Jennings,WR,nfl-player-v1,0,0,21.349,2.343,0,0,0.047,0.0458
2025,8,2025_08_SF_HOU,SF,00-0037112,a83d87f5-9208-48ee-a81c-bba3090ea426,J.Tonges,TE,nfl-player-v1,0,0,6.777,0.796,0,0,0.016,0.0158
2025,8,2025_08_SF_HOU,SF,00-0040172,30df6512-b05d-4c82-b607-addaf578f91b,J.Watkins,WR,nfl-player-v1,0,0,8.57,0.997,0,0,0,0.005
2025,8,2025_08_SF_HOU,SF,00-0033307,77cbc405-dc41-40e4-b0bd-dd8a73396612,K.Bourne,WR,nfl-player-v1,0,0,13.271,1.503,0,0,0,0.005
2025,8,2025_08_SF_HOU,SF,00-0029892,86ed80c1-0dd7-4c07-a0b3-cea9fab60c0a,K.Juszczyk,RB,nfl-player-v1,0,6.215,4.283,0.694,0,0,0,0.005
2025,8,2025_08_SF_HOU,SF,00-0036972,074db5dc-6d97-4108-a542-20e6cb42f4a6,M.Jones,QB,nfl-player-v1,125.73,7.143,0,0,0.787,0,0,0.005
2025,8,2025_08_SF_HOU,SF,00-0038090,6e757178-0d20-49cf-a88a-c4b47817ff31,S.Moore,WR,nfl-player-v1,0,0,6.506,0.767,0,0,0,0.005
2025,8,2025_08_TB_NO,TB,00-0034855,56c2266e-4dc1-4c37-8f44-6323a36613de,B.Mayfield,QB,nfl-player-v1,112.24,4.396,0,0,0.703,0,0,0.005
2025,8,2025_08_TB_NO,TB,00-0038129,4f63ff11-fe96-4aa7-9831-9536b01dd6a9,C.Otton,TE,nfl-player-v1,0,0,16.335,1.797,0,0,0,0.005
2025,8,2025_08_TB_NO,TB,00-0040129,bac91e1b-f24a-431e-a656-d23a3ef5e9f5,E.Egbuka,WR,nfl-player-v1,0,0,27.258,2.885,0,0,0.04,0.0396
2025,8,2025_08_TB_NO,TB,00-0040429,59628400-7fa2-4f39-9dd8-8042b758dd04,J.Williams,RB,nfl-player-v1,0,13.733,2.524,0.421,0,0,0,0.005
2025,8,2025_08_TB_NO,TB,00-0037256,af7855b9-7e3c-41da-a2b8-8c7f6cd88bee,R.White,RB,nfl-player-v1,0,31.561,4.402,0.707,0,0.39,0.017,0.3346
2025,8,2025_08_TB_NO,TB,00-0032385,2036bbd6-7375-422e-bdbc-7822b5bffdce,S.Shepard,WR,nfl-player-v1,0,0,8.575,0.991,0,0,0.014,0.0138
2025,8,2025_08_TB_NO,TB,00-0038951,0b1f5016-8cbc-4512-8a82-0d3f67416080,S.Tucker,RB,nfl-player-v1,0,28.459,2.471,0.412,0,0.478,0.013,0.3883
2025,8,2025_08_TB_NO,TB,00-0040237,5c294442-eaea-4ed0-a4fd-c33a7509bf48,T.Johnson,WR,nfl-player-v1,0,0,19.293,2.088,0,0,0,0.005
2025,8,2025_08_TEN_IND,TEN,00-0040705,f3027194-2b41-4db7-b6e1-10cb47514b73,C.Dike,WR,nfl-player-v1,0,0.332,20.366,2.212,0,0,0.028,0.0282
2025,8,2025_08_TEN_IND,TEN,00-0037809,64755288-83b6-45d3-9d82-11807c2f5994,C.Okonkwo,TE,nfl-player-v1,0,0,13.579,1.532,0,0,0,0.005
2025,8,2025_08_TEN_IND,TEN,00-0040676,f16bf5f1-4c50-449b-b1d4-ad4d66db60cb,C.Ward,QB,nfl-player-v1,122.051,5.456,0,0,0.764,0,0,0.005
2025,8,2025_08_TEN_IND,TEN,00-0040170,527aee16-44d6-4527-9ec1-b6d981e9e8c1,E.Ayomanor,WR,nfl-player-v1,0,0,19.392,2.138,0,0,0.027,0.0268
2025,8,2025_08_TEN_IND,TEN,00-0040584,7e6d7376-3ff9-4d2b-8022-f47c0fbc308e,G.Helm,TE,nfl-player-v1,0,0,9.66,1.115,0,0,0.028,0.028
2025,8,2025_08_TEN_IND,TEN,00-0037594,08786b66-962c-43b2-b93f-257484f8c7fb,J.Chestnut,RB,nfl-player-v1,0,11.073,2.471,0.412,0,0,0,0.005
2025,8,2025_08_TEN_IND,TEN,00-0035261,61edd687-3a13-4c2f-8e86-d493ced4295b,T.Pollard,RB,nfl-player-v1,0,35.068,4.032,0.656,0,0.133,0.005,0.1287
2025,8,2025_08_TEN_IND,TEN,00-0039032,90e22076-0605-4b85-8d97-1a83167c5c35,T.Spears,RB,nfl-player-v1,0,29.53,4.804,0.772,0,0.447,0.022,0.3746
2025,8,2025_08_TEN_IND,TEN,00-0036415,de90c83e-b445-439c-befe-655f3d2c50d7,V.Jefferson,WR,nfl-player-v1,0,0,18.37,2.046,0,0,0.026,0.0257
2025,8,2025_08_WAS_KC,WAS,00-0039912,d51d0bd1-4241-43c7-a184-bd961c56c283,B.Sinnott,TE,nfl-player-v1,0,0,6.752,0.792,0,0,0,0.005
2025,8,2025_08_WAS_KC,WAS,00-0038611,910e0e65-f202-42a6-afa5-c4a2cebe4b2a,C.Rodriguez,RB,nfl-player-v1,0,8.548,2.471,0.412,0,0,0,0.005
2025,8,2025_08_WAS_KC,WAS,00-0035719,7bb0990e-39c4-4d54-9fd7-b1d9bc9d8288,D.Samuel,WR,nfl-player-v1,0,0.414,18.21,2.007,0,0.003,0.112,0.1086
2025,8,2025_08_WAS_KC,WAS,00-0036628,39aece1e-9831-497f-bfe7-f67b9499fc9c,J.Bates,TE,nfl-player-v1,0,0,6.752,0.792,0,0,0,0.005
2025,8,2025_08_WAS_KC,WAS,00-0040242,25d9ee1b-68c9-4de4-ad0f-25efe8210850,J.Croskey-Merritt,RB,nfl-player-v1,0,28.428,3.328,0.546,0,0,0,0.005
2025,8,2025_08_WAS_KC,WAS,00-0040164,8f6e73b4-1f9c-4db2-b36b-660751127569,J.Lane,WR,nfl-player-v1,0,0,8.518,0.99,0,0,0,0.005
2025,8,2025_08_WAS_KC,WAS,00-0033955,01c9d65e-2883-4bde-a469-45abe5508fee,J.McNichols,RB,nfl-player-v1,0,9.161,8.773,1.341,0,0,0,0.005
2025,8,2025_08_WAS_KC,WAS,00-0039355,b7c200b0-4cfb-412c-921e-a780f8692b75,L.McCaffrey,WR,nfl-player-v1,0,0,11.067,1.262,0,0,0,0.005
2025,8,2025_08_WAS_KC,WAS,00-0032268,48b54b83-0ee8-4633-88ca-470939b150e0,M.Mariota,QB,nfl-player-v1,126.422,9.88,0,0,0.862,0.056,0,0.0543
2025,8,2025_08_WAS_KC,WAS,00-0035659,72729e1e-0b13-4aad-91ac-3d76f92c4685,T.McLaurin,WR,nfl-player-v1,0,0,13.636,1.541,0,0,0.043,0.0422
2025,8,2025_08_WAS_KC,WAS,00-0030061,f42aa3a3-06fe-490e-afb7-07a36d947c7c,Z.Ertz,TE,nfl-player-v1,0,0,18.437,2.036,0,0,0,0.005
2025,9,2025_09_ARI_DAL,ARI,00-0038705,de81a074-52e4-452a-a923-496eddc6a5d0,E.Demercado,RB,nfl-player-v1,0,38.693,3.398,0.558,0,0.247,0.007,0.2244
2025,9,2025_09_ARI_DAL,ARI,00-0039041,1b207068-6c7e-480f-9923-06f2128115d6,E.Higgins,TE,nfl-player-v1,0,0,11.046,1.259,0,0,0,0.005
2025,9,2025_09_ARI_DAL,ARI,00-0035500,8d89d9ff-87bf-47c7-bdb7-6387fd2063b9,G.Dortch,WR,nfl-player-v1,0,0.303,4.804,0.569,0,0,0.006,0.0065
2025,9,2025_09_ARI_DAL,ARI,00-0033119,237a8679-0c0a-480b-870d-514d0c50523f,J.Brissett,QB,nfl-player-v1,115.359,5.503,0,0,0.747,0.013,0,0.0127
2025,9,2025_09_ARI_DAL,ARI,00-0039849,4c27a10c-963d-444e-b235-b46f4b652866,M.Harrison,WR,nfl-player-v1,0,0,30.479,3.201,0,0,0.069,0.0666
2025,9,2025_09_ARI_DAL,ARI,00-0038559,befb93dc-de67-4344-9d23-a1fa6a9d682f,Mi.Wilson,WR,nfl-player-v1,0,0,12.939,1.461,0,0,0,0.005
2025,9,2025_09_ARI_DAL,ARI,00-0037744,87b536c6-701f-4a71-b52e-0d8f7d4ec694,T.McBride,TE,nfl-player-v1,0,0,26.189,2.799,0,0,0.09,0.0865
2025,9,2025_09_ARI_DAL,ARI,00-0037157,efbc865a-57b4-4ae3-ab3d-27d27dffa258,Z.Knight,RB,nfl-player-v1,0,26.951,4.304,0.696,0,0.26,0.013,0.2385
2025,9,2025_09_ATL_NE,ATL,00-0038542,8f5e333b-8cac-493f-8be3-093a3f12c027,B.Robinson,RB,nfl-player-v1,0,48.403,13.219,1.944,0,0.407,0.033,0.3565
2025,9,2025_09_ATL_NE,ATL,00-0037238,892d7782-1ecc-4137-aeb0-9e80c69e4034,D.London,WR,nfl-player-v1,0,0,43.612,4.47,0,0,0.268,0.2353
2025,9,2025_09_ATL_NE,ATL,00-0036309,e318bcf4-6f17-4a62-ba7b-9283a4aab86c,D.Mooney,WR,nfl-player-v1,0,0,8.519,0.992,0,0,0,0.005
2025,9,2025_09_ATL_NE,ATL,00-0035359,601ce504-9f08-487d-b968-f6e884c7fdfb,D.Sills,WR,nfl-player-v1,0,0,6.399,0.755,0,0,0,0.005
2025,9,2025_09_ATL_NE,ATL,00-0036970,40dfaab3-2886-438e-a325-a15f68d1f3c8,K.Pitts,TE,nfl-player-v1,0,0,20.039,2.211,0,0,0.044,0.0433
2025,9,2025_09_ATL_NE,ATL,00-0039917,ab213147-61d9-49a3-a662-0e2a31cc80f2,M.Penix,QB,nfl-player-v1,124.871,6.187,0,0,0.807,0.012,0,0.0124
2025,9,2025_09_ATL_NE,ATL,00-0037263,3d48d76e-acf1-404a-ba84-79e0d1d0e3fc,T.Allgeier,RB,nfl-player-v1,0,12.595,2.524,0.421,0,0.039,0.002,0.0402
2025,9,2025_09_BAL_MIA,BAL,00-0038046,6f5a73e0-41fa-40ec-aa08-ce3f64fad723,C.Kolar,TE,nfl-player-v1,0,0,9.036,1.038,0,0,0.013,0.0131
2025,9,2025_09_BAL_MIA,BAL,00-0032764,31b668ff-08d5-4913-8678-4c5c2fb906ca,D.Henry,RB,nfl-player-v1,0,41.374,3.381,0.553,0,0.308,0.008,0.271
2025,9,2025_09_BAL_MIA,BAL,00-0030564,1bd6ba6e-0334-4184-a6f8-4d5dcf7c276f,D.Hopkins,WR,nfl-player-v1,0,0,6.473,0.761,0,0,0,0.005
2025,9,2025_09_BAL_MIA,BAL,00-0037838,ae5846b3-e4d7-42a1-bd13-81760f0a83b2,I.Likely,TE,nfl-player-v1,0,0,13.739,1.532,0,0,0.02,0.0193
2025,9,2025_09_BAL_MIA,BAL,00-0034975,4bf90f48-14f6-42ab-aa72-7f4e7b87e638,J.Hill,RB,nfl-player-v1,0,8.033,4.321,0.693,0,0,0,0.005
2025,9,2025_09_BAL_MIA,BAL,00-0038454,4c8b2a02-d4ab-4896-af38-2a000c2591f3,K.Mitchell,RB,nfl-player-v1,0,13.421,3.393,0.555,0,0.052,0.004,0.0543
2025,9,2025_09_BAL_MIA,BAL,00-0034796,4c6e84b3-2283-4d86-8f7b-019a185c6764,L.Jackson,QB,nfl-player-v1,114.262,5.883,0,0,0.715,0,0,0.005
2025,9,2025_09_BAL_MIA,BAL,00-0034753,3c8c24b6-f2b3-4130-86e6-389a16aa6104,M.Andrews,TE,nfl-player-v1,0,0.578,11.278,1.267,0,0.002,0.048,0.0496
2025,9,2025_09_BAL_MIA,BAL,00-0036550,18c06a21-f854-4f11-89ad-f617293f9cea,R.Bateman,WR,nfl-player-v1,0,0,13.125,1.472,0,0,0.019,0.0186
2025,9,2025_09_BAL_MIA,BAL,00-0039064,a4c95f75-76ae-4729-b36b-053b14fb2a51,Z.Flowers,WR,nfl-player-v1,0,0,17.042,1.858,0,0,0.024,0.0234
2025,9,2025_09_KC_BUF,BUF,00-0033282,8fb77061-caa4-4ab3-93ac-3f435b1dad39,C.Samuel,WR,nfl-player-v1,0,0,6.621,0.775,0,0,0,0.005
2025,9,2025_09_KC_BUF,BUF,00-0038933,8a6f4627-ab82-4cb4-92df-699336ac1690,D.Kincaid,TE,nfl-player-v1,0,0,18.678,2.02,0,0,0,0.005
2025,9,2025_09_KC_BUF,BUF,00-0035689,83978a45-a7da-408d-a462-426f5444a908,D.Knox,TE,nfl-player-v1,0,0,6.621,0.775,0,0,0,0.005
2025,9,2025_09_KC_BUF,BUF,00-0036980,b00bd3b2-8fb1-4c61-b575-87a93b457caf,E.Moore,,nfl-player-v1,0,0,6.621,0.775,0,0,0,0.005
2025,9,2025_09_KC_BUF,BUF,00-0034857,32369b37-6bce-4910-acfa-f658676697d3,J.Allen,QB,nfl-player-v1,117.496,6.497,0,0,0.817,0.046,0,0.0448
2025,9,2025_09_KC_BUF,BUF,00-0037248,61da158c-dacb-4567-8ec7-9521d0868e5f,J.Cook,RB,nfl-player-v1,0,58.013,3.389,0.555,0,0.883,0.017,0.5931
2025,9,2025_09_KC_BUF,BUF,00-0040194,5a7670a6-35d4-43bb-a12b-9b1580498b35,J.Hawes,TE,nfl-player-v1,0,0,8.26,0.956,0,0,0,0.005
2025,9,2025_09_KC_BUF,BUF,00-0039901,15497e04-abce-413c-b84b-6928c1f96d77,K.Coleman,WR,nfl-player-v1,0,0,8.654,0.997,0,0,0,0.005
2025,9,2025_09_KC_BUF,BUF,00-0037261,a182f320-892e-4344-8c39-d03ec8d397c4,K.Shakir,WR,nfl-player-v1,0,0,24.183,2.55,0,0,0,0.005
2025,9,2025_09_KC_BUF,BUF,00-0038679,0007cf4b-7ab2-42a0-a8b5-54ac02754320,T.Shavers,WR,nfl-player-v1,0,0,6.621,0.775,0,0,0,0.005
2025,9,2025_09_KC_BUF,BUF,00-0035537,7927f661-8fb2-47a7-988d-d39a7c8038be,Ty.Johnson,RB,nfl-player-v1,0,9.953,4.226,0.68,0,0.105,0.014,0.1122
2025,9,2025_09_CAR_GB,CAR,00-0038840,fd80a968-a921-45e8-a684-5bea39ff69b1,B.Tremayne,WR,nfl-player-v1,0,0,7.069,0.824,0,0,0.008,0.0082
2025,9,2025_09_CAR_GB,CAR,00-0039150,c28c1088-1b0f-497f-bfdb-1a7a9cde1e89,B.Young,QB,nfl-player-v1,112.525,5.329,0,0,0.705,0,0,0.005
2025,9,2025_09_CAR_GB,CAR,00-0036555,e4fb467c-29b4-4025-8e7f-05d9ee9ca744,C.Hubbard,RB,nfl-player-v1,0,14.03,3.436,0.56,0,0.17,0.013,0.1672
2025,9,2025_09_CAR_GB,CAR,00-0039491,0a50de21-d75b-4e1e-86c9-191b0dccffec,J.Coker,WR,nfl-player-v1,0,0,7.069,0.824,0,0,0,0.005
2025,9,2025_09_CAR_GB,CAR,00-0039356,38d1f118-d4b1-4550-932e-ebfebfb25c98,J.Sanders,TE,nfl-player-v1,0,0,7.069,0.824,0,0,0.008,0.0082
2025,9,2025_09_CAR_GB,CAR,00-0040218,77922ed5-6b51-4d23-8894-56a5ab1b2c1a,Ji.Horn,WR,nfl-player-v1,0,0.254,9.412,1.076,0,0,0.011,0.011
2025,9,2025_09_CAR_GB,CAR,00-0036139,5247cf70-ccdc-4fee-abb5-56faa544291f,R.Dowdle,RB,nfl-player-v1,0,49.987,5.917,0.922,0,0.568,0.021,0.4452
2025,9,2025_09_CAR_GB,CAR,00-0040124,fe874b96-e2c0-4f68-9815-af65b06e6738,T.McMillan,WR,nfl-player-v1,0,0,21.659,2.31,0,0,0.023,0.0228
2025,9,2025_09_CAR_GB,CAR,00-0037005,2a5af105-ecb4-4ae4-89c6-d47b7b108737,T.Tremble,TE,nfl-player-v1,0,0,6.697,0.786,0,0,0,0.005
2025,9,2025_09_CAR_GB,CAR,00-0039342,2f0f3999-0f08-41d7-83f3-7bf733899142,X.Legette,WR,nfl-player-v1,0,0,11.748,1.331,0,0,0.013,0.0132
2025,9,2025_09_CHI_CIN,CHI,00-0037329,50a47f49-5490-491b-a098-3f366fbaaac3,B.Brown,RB,nfl-player-v1,0,16.084,3.1,0.51,0,0,0,0.005
2025,9,2025_09_CHI_CIN,CHI,00-0036290,e20adbbe-669d-4d26-b64a-84332cd2acfd,C.Kmet,TE,nfl-player-v1,0,0,7.661,0.892,0,0,0,0.005
2025,9,2025_09_CHI_CIN,CHI,00-0040126,20e5eda2-e6a7-45e5-8ed5-958a5d49a8ae,C.Loveland,TE,nfl-player-v1,0,0,18.776,2.05,0,0,0.032,0.0314
2025,9,2025_09_CHI_CIN,CHI,00-0039918,d3372f7c-27eb-47ac-9d90-facef898a40f,C.Williams,QB,nfl-player-v1,131.241,6.341,0,0,0.862,0.02,0,0.0197
2025,9,2025_09_CHI_CIN,CHI,00-0034827,d366aedd-7ef1-47c6-a3bb-637a4559f332,D.Moore,WR,nfl-player-v1,0,0.235,15.084,1.677,0,0,0.013,0.0132
2025,9,2025_09_CHI_CIN,CHI,00-0040236,08e87151-52f8-40cb-a625-42c1703b9eec,K.Monangai,RB,nfl-player-v1,0,62.504,6.13,0.96,0,1.258,0.038,0.7265
2025,9,2025_09_CHI_CIN,CHI,00-0035208,abb5a044-a3c2-46a1-9fac-b6d0ddf8475b,O.Zaccheaus,WR,nfl-player-v1,0,0,19.171,2.093,0,0,0.033,0.032
2025,9,2025_09_CHI_CIN,CHI,00-0039919,118470e6-4c10-41fd-9c53-8f079c8747aa,R.Odunze,WR,nfl-player-v1,0,0,8.97,1.042,0,0,0.008,0.0081
2025,9,2025_09_CHI_CIN,CHI,00-0038416,532505a8-4f22-499b-9012-6111242828dc,T.Bagent,QB,nfl-player-v1,91.024,3.607,0,0,0.57,0,0,0.005
2025,9,2025_09_CHI_CIN,CIN,00-0038619,7da25b9b-7510-4f92-98a5-2cb63cd6aa2d,A.Iosivas,WR,nfl-player-v1,0,0.566,15.499,1.725,0,0.002,0.048,0.0488
2025,9,2025_09_CHI_CIN,CIN,00-0038597,5b052584-0cb1-4079-abf3-1c8954958e62,C.Brown,RB,nfl-player-v1,0,58.396,13.516,1.978,0,0.69,0.047,0.5218
2025,9,2025_09_CHI_CIN,CIN,00-0036900,fa88fc04-ab72-4b44-b18f-196905155362,J.Chase,WR,nfl-player-v1,0,0,17.674,1.963,0,0,0.055,0.0535
2025,9,2025_09_CHI_CIN,CIN,00-0026158,371e6c01-3f61-411c-8675-13539221ddc9,J.Flacco,QB,nfl-player-v1,106.073,3.734,0,0,0.664,0,0,0.005
2025,9,2025_09_CHI_CIN,CIN,00-0038839,8fa39fd1-f924-44b5-b327-9191f3569c02,M.Tinsley,WR,nfl-player-v1,0,0,7.363,0.862,0,0,0,0.005
2025,9,2025_09_CHI_CIN,CIN,00-0035644,332e37c2-22e4-4511-931e-c30035cb108d,N.Fant,TE,nfl-player-v1,0,0,8.931,1.036,0,0,0,0.005
2025,9,2025_09_CHI_CIN,CIN,00-0033526,8b7e765c-715a-49e2-b062-5527b649c39c,S.Perine,RB,nfl-player-v1,0,10.546,2.52,0.42,0,0,0,0.005
2025,9,2025_09_CHI_CIN,CIN,00-0040208,34145909-5062-44b5-ba0b-f1ae6844bcde,T.Brooks,RB,nfl-player-v1,0,10.343,2.471,0.412,0,0,0,0.005
2025,9,2025_09_CHI_CIN,CIN,00-0036410,891d5ad8-ad2b-40a2-bd88-2f4c64d4009a,T.Higgins,WR,nfl-player-v1,0,0,21.651,2.368,0,0,0.066,0.0642
2025,9,2025_09_CHI_CIN,CIN,00-0034613,5a2238a1-78a9-452b-b3b5-2440c6cc7d92,T.Hudson,TE,nfl-player-v1,0,0,7.633,0.891,0,0,0,0.005
2025,9,2025_09_ARI_DAL,DAL,00-0036358,c65ab2ea-a913-4981-964e-e6b3c4c5854e,C.Lamb,WR,nfl-player-v1,0,0,32.63,3.447,0,0,0.044,0.0429
2025,9,2025_09_ARI_DAL,DAL,00-0033077,6b202b45-4554-4645-8ff5-4ee830907717,D.Prescott,QB,nfl-player-v1,128.892,6.943,0,0,0.807,0,0,0.005
2025,9,2025_09_ARI_DAL,DAL,00-0037247,35484e4c-03b7-453e-80fd-be2fa1ac62aa,G.Pickens,WR,nfl-player-v1,0,0,24.288,2.634,0,0,0,0.005
2025,9,2025_09_ARI_DAL,DAL,00-0038041,631385df-a7e6-4eb7-8b2b-e19769a2551f,J.Ferguson,TE,nfl-player-v1,0,0,18.907,2.089,0,0,0.08,0.0767
2025,9,2025_09_ARI_DAL,DAL,00-0036997,75533a5b-1037-45da-a572-2ccf5f61abc0,J.Williams,RB,nfl-player-v1,0,50.32,3.269,0.538,0,0.755,0.016,0.5375
2025,9,2025_09_ARI_DAL,DAL,00-0037801,7bb83a46-749f-471f-9876-9b2893c636f8,K.Turpin,WR,nfl-player-v1,0,0.382,10.121,1.16,0,0.001,0.015,0.0152
2025,9,2025_09_ARI_DAL,DAL,00-0038547,7df365f8-b808-4ecf-8454-fe5ccbc0e2f4,L.Schoonmaker,TE,nfl-player-v1,0,0,8.126,0.948,0,0,0,0.005
2025,9,2025_09_ARI_DAL,DAL,00-0037563,8ff15410-a25d-420e-a8c8-f07173b07ff5,M.Davis,RB,nfl-player-v1,0,8.963,2.471,0.412,0,0,0,0.005
2025,9,2025_09_ARI_DAL,DAL,00-0039410,b9c5b95f-dcad-4853-bbe4-c3b2db8b2c1d,R.Flournoy,WR,nfl-player-v1,0,0,8.458,0.983,0,0,0.013,0.0124
2025,9,2025_09_DEN_HOU,DEN,00-0036727,2e3ef41a-d0ea-473a-b249-559f5a424df1,A.Prentice,RB,nfl-player-v1,0,8.648,2.471,0.412,0,0,0,0.005
2025,9,2025_09_DEN_HOU,DEN,00-0036422,b141ab2c-c6c5-49b2-94f4-781604cbeb98,A.Trautman,TE,nfl-player-v1,0,0,8.163,0.948,0,0,0,0.005
2025,9,2025_09_DEN_HOU,DEN,00-0039732,40159058-8f61-4120-8323-ec81eaeff8ce,B.Nix,QB,nfl-player-v1,123.063,6.161,0,0,0.77,0,0,0.005
2025,9,2025_09_DEN_HOU,DEN,00-0034348,017301c4-fe49-48a1-a533-db70f693a734,C.Sutton,WR,nfl-player-v1,0,0,15.344,1.731,0,0,0,0.005
2025,9,2025_09_DEN_HOU,DEN,00-0033881,44ecc125-b690-4177-93f9-f03d50825239,E.Engram,TE,nfl-player-v1,0,0,9.583,1.112,0,0,0,0.005
2025,9,2025_09_DEN_HOU,DEN,00-0036158,a5ce07ae-2e77-4060-bb79-b53064c0b349,J.Dobbins,RB,nfl-player-v1,0,45.321,3.245,0.534,0,0,0,0.005
2025,9,2025_09_DEN_HOU,DEN,00-0036959,a9459192-652d-45dc-88f6-5c3d5d23f12e,M.Bandy,WR,nfl-player-v1,0,0,6.5,0.764,0,0,0,0.005
2025,9,2025_09_DEN_HOU,DEN,00-0040134,de70216e-21b4-4de8-a4e8-1c0e4ed7734b,P.Bryant,WR,nfl-player-v1,0,0,10.023,1.154,0,0,0,0.005
2025,9,2025_09_DEN_HOU,DEN,00-0040730,f30905bf-54ce-4e54-8ae4-38b278499802,R.Harvey,RB,nfl-player-v1,0,11.501,6.74,1.055,0,0,0,0.005
2025,9,2025_09_DEN_HOU,DEN,00-0037085,e91b7026-2866-4587-96e6-3eba8e3346af,T.Badie,RB,nfl-player-v1,0,6.245,4.877,0.782,0,0,0,0.005
2025,9,2025_09_DEN_HOU,DEN,00-0039868,128fd135-fb3e-451e-8135-52d9465c4154,T.Franklin,WR,nfl-player-v1,0,0.733,28.171,2.992,0,0.006,0.209,0.1935
2025,9,2025_09_MIN_DET,DET,00-0036963,01542f54-ce56-438f-a484-c6bc9b77aabd,A.St. Brown,WR,nfl-player-v1,0,0,36.458,3.797,0,0,0.118,0.1114
2025,9,2025_09_MIN_DET,DET,00-0036754,54bf441b-5cc8-4ffc-9951-89c03d555b42,B.Wright,TE,nfl-player-v1,0,0,6.55,0.77,0,0,0,0.005
2025,9,2025_09_MIN_DET,DET,00-0035685,65151ce5-a920-4dc2-8bb0-ad8bdeea7a46,D.Montgomery,RB,nfl-player-v1,0,39.447,5.854,0.929,0,0.541,0.025,0.4319
2025,9,2025_09_MIN_DET,DET,00-0039139,29347caa-e7e1-4745-a79a-e2a210fe4fda,J.Gibbs,RB,nfl-player-v1,0,33.039,4.985,0.801,0,0.304,0.014,0.2727
2025,9,2025_09_MIN_DET,DET,00-0033106,a631bebf-08bd-40de-b474-1e57605a1574,J.Goff,QB,nfl-player-v1,117.168,4.138,0,0,0.734,0,0,0.005
2025,9,2025_09_MIN_DET,DET,00-0037240,975d437e-c293-4704-8573-68420a22d271,J.Williams,WR,nfl-player-v1,0,0,16.592,1.854,0,0,0.029,0.0284
2025,9,2025_09_MIN_DET,DET,00-0032464,1525a1a7-7b4c-4fc8-82e3-d0e3d8049507,K.Raymond,WR,nfl-player-v1,0,0,6.304,0.744,0,0,0,0.005
2025,9,2025_09_MIN_DET,DET,00-0039065,efba363a-c6ab-4be9-998e-072e065fc2b9,S.LaPorta,TE,nfl-player-v1,0,0,21.897,2.392,0,0,0,0.005
2025,9,2025_09_CAR_GB,GB,00-0038685,18850ce4-973b-4e21-a03e-aa04864658c8,C.Brooks,RB,nfl-player-v1,0,6.37,4.095,0.665,0,0,0,0.005
2025,9,2025_09_CAR_GB,GB,00-0038124,12c85e25-4ab3-432a-8046-7f8b9f971f0e,C.Watson,WR,nfl-player-v1,0,0,11.784,1.346,0,0,0,0.005
2025,9,2025_09_CAR_GB,GB,00-0038797,6572040d-90dd-479c-8d99-faf7175127c3,E.Wilson,RB,nfl-player-v1,0,20.608,3.97,0.645,0,0.232,0.014,0.2178
2025,9,2025_09_CAR_GB,GB,00-0035700,1d87d00a-50b3-494c-a764-c0ff40e2a701,J.Jacobs,RB,nfl-player-v1,0,50.915,6.801,1.065,0,0.548,0.023,0.4351
2025,9,2025_09_CAR_GB,GB,00-0036264,537f0d83-5256-42bf-bc75-f956be1f26c5,J.Love,QB,nfl-player-v1,117.167,4.837,0,0,0.734,0,0,0.005
2025,9,2025_09_CAR_GB,GB,00-0039144,bb8a3825-74f1-4c85-880a-a3108c33b36b,L.Musgrave,TE,nfl-player-v1,0,0,9.99,1.146,0,0,0,0.005
2025,9,2025_09_CAR_GB,GB,00-0040667,21d63dde-da33-498d-8984-467c8fa08df0,M.Golden,WR,nfl-player-v1,0,0,9.718,1.119,0,0,0,0.005
2025,9,2025_09_CAR_GB,GB,00-0038465,44b551ee-73bc-4992-b195-a15879dfb8fc,M.Heath,,nfl-player-v1,0,0,6.438,0.757,0,0,0,0.005
2025,9,2025_09_CAR_GB,GB,00-0037816,a5673ce8-e626-4f8f-a1c0-7864036be6a3,R.Doubs,WR,nfl-player-v1,0,0,25.817,2.761,0,0,0.077,0.0744
2025,9,2025_09_CAR_GB,GB,00-0040009,8d74f600-50f8-4f4b-a268-1bc959cc4edd,S.Williams,WR,nfl-player-v1,0,0.323,8.082,0.934,0,0.001,0.017,0.018
2025,9,2025_09_CAR_GB,GB,00-0038996,d561b61f-7998-40a8-82a4-875cc5706ed4,T.Kraft,TE,nfl-player-v1,0,0,9.825,1.132,0,0,0.011,0.0105
2025,9,2025_09_DEN_HOU,HOU,00-0039603,f59ff878-e80a-449e-abe1-afd3a7d89010,B.Brooks,RB,nfl-player-v1,0,10.961,2.471,0.412,0,0.079,0.005,0.0807
2025,9,2025_09_DEN_HOU,HOU,00-0034775,f9dd5323-f4d9-447e-8f5d-3e07ccece524,C.Kirk,WR,nfl-player-v1,0,0,18.681,2.068,0,0,0,0.005
2025,9,2025_09_DEN_HOU,HOU,00-0039163,5580f3af-a69b-4d18-aa9e-f9f360bb7daf,C.Stroud,QB,nfl-player-v1,104.286,5.058,0,0,0.677,0.012,0,0.0122
2025,9,2025_09_DEN_HOU,HOU,00-0036898,e4e1a50c-ec36-4d34-aa3f-d930cb755ef1,D.Mills,QB,nfl-player-v1,116.421,5.278,0,0,0.756,0.012,0,0.0123
2025,9,2025_09_DEN_HOU,HOU,00-0033854,1469f8ef-106a-411b-8a88-2356c758380f,D.Ogunbowale,RB,nfl-player-v1,0,6.178,3.148,0.519,0,0,0,0.005
2025,9,2025_09_DEN_HOU,HOU,00-0034383,fe4c4fa7-73c1-43b7-8823-e75c27674ec2,D.Schultz,TE,nfl-player-v1,0,0,15.998,1.759,0,0,0,0.005
2025,9,2025_09_DEN_HOU,HOU,00-0036232,da359930-7530-4fbe-95b3-a65e46558c10,H.Bryant,TE,nfl-player-v1,0,0,7.593,0.887,0,0,0,0.005
2025,9,2025_09_DEN_HOU,HOU,00-0040130,321f2f7a-617b-4114-867a-7188cd496cff,J.Higgins,WR,nfl-player-v1,0,0,6.152,0.724,0,0,0,0.005
2025,9,2025_09_DEN_HOU,HOU,00-0040138,e514b85a-324e-406e-880e-9c49fe37b12d,J.Noel,WR,nfl-player-v1,0,0.287,4.711,0.558,0,0,0.007,0.0069
2025,9,2025_09_DEN_HOU,HOU,00-0034791,489002b7-b67b-4d6a-80d9-6000e716b0ce,N.Chubb,RB,nfl-player-v1,0,33.153,2.471,0.412,0,0.467,0.011,0.3797
2025,9,2025_09_DEN_HOU,HOU,00-0036554,b8dae940-0938-432d-9b8c-3fc0ae4c8906,N.Collins,WR,nfl-player-v1,0,0,26.027,2.794,0,0,0.033,0.0321
2025,9,2025_09_DEN_HOU,HOU,00-0040583,370bcf5e-ca00-4e72-b138-115538bdc569,W.Marks,RB,nfl-player-v1,0,31.649,4.605,0.742,0,0.11,0.005,0.1089
2025,9,2025_09_DEN_HOU,HOU,00-0038618,e432064c-a8c6-4b83-8119-a0bf2e30fa6f,X.Hutchinson,WR,nfl-player-v1,0,0,12.755,1.448,0,0,0,0.005
2025,9,2025_09_IND_PIT,IND,00-0032104,39c8ad89-a95a-4486-8c3d-ef8312e6ac3f,A.Abdullah,RB,nfl-player-v1,0,9.72,3.07,0.507,0,0,0,0.005
2025,9,2025_09_IND_PIT,IND,00-0039890,87520ab1-0a67-4521-b031-0a45fa108796,A.Mitchell,,nfl-player-v1,0,0,5.979,0.705,0,0,0,0.005
2025,9,2025_09_IND_PIT,IND,00-0037664,6b78568e-15e7-485d-ab78-b85134c79c82,A.Pierce,WR,nfl-player-v1,0,0,25.75,2.785,0,0,0,0.005
2025,9,2025_09_IND_PIT,IND,00-0035710,154df07d-189d-4473-894a-f65ed36181fc,D.Jones,QB,nfl-player-v1,132.649,6.569,0,0,0.864,0.017,0,0.0167
2025,9,2025_09_IND_PIT,IND,00-0038997,5da8b083-96f7-43b0-8b97-365397bd59e6,J.Downs,WR,nfl-player-v1,0,0,19.064,2.111,0,0,0.054,0.0523
2025,9,2025_09_IND_PIT,IND,00-0036223,d93096a9-946b-4b3c-a3b5-7a1498c91cae,J.Taylor,RB,nfl-player-v1,0,58.554,3.734,0.611,0,0.439,0.009,0.361
2025,9,2025_09_IND_PIT,IND,00-0033217,97978f02-25a5-40fd-972c-1321c2671005,M.Alie-Cox,TE,nfl-player-v1,0,0,5.903,0.698,0,0,0.009,0.0088
2025,9,2025_09_IND_PIT,IND,00-0036252,8b257ca3-4915-4a9f-9cc7-70bd81d7af59,M.Pittman,WR,nfl-player-v1,0,0,24.903,2.688,0,0,0,0.005
2025,9,2025_09_IND_PIT,IND,00-0037323,a79707d2-2448-4350-ace2-f5fb0c48cdfe,R.Thomas,DB,nfl-player-v1,0,0.424,4.807,0.569,0,0,0,0.005
2025,9,2025_09_IND_PIT,IND,00-0037120,3d12ca35-8ab0-41ad-b980-b7fc82d41bab,T.Goodson,RB,nfl-player-v1,0,6.192,3.673,0.601,0,0.024,0.004,0.0281
2025,9,2025_09_IND_PIT,IND,00-0040128,e72096d9-8234-4879-b3b4-9fd4bf4aac4e,T.Warren,TE,nfl-player-v1,0,0,14.967,1.682,0,0,0.064,0.0622
2025,9,2025_09_JAX_LV,JAX,00-0036841,33dd338f-5de8-4760-8d4d-007f071cad8c,A.Trammell,WR,nfl-player-v1,0,0,5.898,0.696,0,0,0,0.005
2025,9,2025_09_JAX_LV,JAX,00-0039893,2dc8cd75-0a7b-413d-a5a0-3a21b2e1dbc9,B.Thomas,WR,nfl-player-v1,0,0,12.292,1.385,0,0,0,0.005
2025,9,2025_09_JAX_LV,JAX,00-0040719,9d78928b-8c2f-4c2e-84ff-879c358142a1,B.Tuten,RB,nfl-player-v1,0,21.886,3.075,0.506,0,0.214,0.009,0.1999
2025,9,2025_09_JAX_LV,JAX,00-0036626,b51c7678-2594-4a59-98df-0fc272274fdf,D.Brown,WR,nfl-player-v1,0,0.206,15.739,1.739,0,0,0.028,0.0281
2025,9,2025_09_JAX_LV,JAX,00-0037004,6ab33105-7309-488f-a85a-1a4888c63122,H.Long,TE,nfl-player-v1,0,0,8.633,0.997,0,0,0.005,0.0054
2025,9,2025_09_JAX_LV,JAX,00-0040238,1fbfbedc-81ed-40ea-8bac-2007ea616902,L.Allen,RB,nfl-player-v1,0,7.905,3.075,0.506,0,0,0,0.005
2025,9,2025_09_JAX_LV,JAX,00-0038606,ba986501-71a5-4c41-8836-02933c11efda,P.Washington,WR,nfl-player-v1,0,0,20.504,2.194,0,0,0.024,0.0234
2025,9,2025_09_JAX_LV,JAX,00-0036973,13c9b1da-11e5-44db-b6e2-2ce94a697d63,T.Etienne,RB,nfl-player-v1,0,47.55,5.946,0.927,0,0.592,0.023,0.459
2025,9,2025_09_JAX_LV,JAX,00-0036497,debfc6ae-9544-4137-9f3c-41bc2d7a63e2,T.Jones,WR,nfl-player-v1,0,0,6.138,0.721,0,0,0,0.005
2025,9,2025_09_JAX_LV,JAX,00-0036971,d0738d0d-7cc8-49b9-882e-a1fb536c47e7,T.Lawrence,QB,nfl-player-v1,120.323,7.37,0,0,0.818,0.04,0,0.0392
2025,9,2025_09_KC_BUF,KC,00-0040078,65158854-c056-46f0-a185-79af3db336de,B.Smith,RB,nfl-player-v1,0,14.601,3.452,0.567,0,0.052,0.004,0.0542
2025,9,2025_09_KC_BUF,KC,00-0036360,8ae3f84a-64da-421f-8ead-67fc9db6b553,C.Edwards-Helaire,RB,nfl-player-v1,0,11.516,2.471,0.412,0,0,0,0.005
2025,9,2025_09_KC_BUF,KC,00-0033857,934d9980-bd65-441a-8b3b-b51144ba8f5a,J.Smith-Schuster,WR,nfl-player-v1,0,0,6.716,0.788,0,0,0,0.005
2025,9,2025_09_KC_BUF,KC,00-0033923,0ab5a80d-1207-4385-8df5-2f776ac16816,K.Hunt,RB,nfl-player-v1,0,38.115,4.509,0.73,0,0.789,0.029,0.5588
2025,9,2025_09_KC_BUF,KC,00-0035662,48a61718-24ab-4c6a-946e-56764c8f0206,M.Brown,WR,nfl-player-v1,0,0,13.715,1.557,0,0,0,0.005
2025,9,2025_09_KC_BUF,KC,00-0036637,d6bb9e59-3e25-468e-9bb1-ea8b5eccfdff,N.Gray,TE,nfl-player-v1,0,0,6.581,0.776,0,0,0,0.005
2025,9,2025_09_KC_BUF,KC,00-0033873,a9854c99-01a8-4aff-ade7-a3dbcff01a05,P.Mahomes,QB,nfl-player-v1,115.058,4.605,0,0,0.747,0.012,0,0.0119
2025,9,2025_09_KC_BUF,KC,00-0039067,eb2c647e-6138-4708-bd65-35422f29f75c,R.Rice,WR,nfl-player-v1,0,0.842,22.394,2.425,0,0.001,0.028,0.029
2025,9,2025_09_KC_BUF,KC,00-0030506,6e6da15e-254a-4ee3-b0c8-2eaf5875f22f,T.Kelce,TE,nfl-player-v1,0,0,19.369,2.14,0,0,0.05,0.0487
2025,9,2025_09_KC_BUF,KC,00-0038104,33cf9116-000e-4e42-a4bb-00524aa7e1c8,T.Thornton,WR,nfl-player-v1,0,0,6.581,0.776,0,0,0,0.005
2025,9,2025_09_KC_BUF,KC,00-0039894,13377595-68fc-4870-b538-55539284b2d2,X.Worthy,WR,nfl-player-v1,0,0.415,21.64,2.366,0,0,0,0.005
2025,9,2025_09_NO_LA,LA,00-0039738,e5a46115-0912-415a-b0ef-fc6459391e9c,B.Corum,RB,nfl-player-v1,0,29.617,2.471,0.412,0,0.066,0.002,0.0653
2025,9,2025_09_NO_LA,LA,00-0036244,5bfdeab0-8d49-4746-a2be-60598dcbcf43,C.Parkinson,TE,nfl-player-v1,0,0,7.712,0.894,0,0,0.007,0.0066
2025,9,2025_09_NO_LA,LA,00-0031381,6af876b7-d6ca-483e-bfab-51357985a24c,D.Adams,WR,nfl-player-v1,0,0,17.217,1.885,0,0,0.042,0.0408
2025,9,2025_09_NO_LA,LA,00-0039074,577995aa-5a21-4ce7-a655-476aa3b7d151,D.Allen,TE,nfl-player-v1,0,0,11.075,1.255,0,0,0.018,0.0183
2025,9,2025_09_NO_LA,LA,00-0037840,d499f341-a8ae-4bc2-a2d0-09cbdcbc82c8,K.Williams,RB,nfl-player-v1,0,53.106,2.512,0.419,0,0.693,0.011,0.5053
2025,9,2025_09_NO_LA,LA,00-0026498,7fc98b95-d8a9-461b-895c-675c835c87a6,M.Stafford,QB,nfl-player-v1,113.19,4.343,0,0,0.709,0,0,0.005
2025,9,2025_09_NO_LA,LA,00-0039075,cc8ed8e0-fd25-4c8f-bc2e-7c8b1975f241,P.Nacua,WR,nfl-player-v1,0,0.228,20.618,2.213,0,0.001,0.049,0.0483
2025,9,2025_09_NO_LA,LA,00-0040737,4338c37a-86fe-4f3d-9b1e-af899ef9146b,T.Ferguson,TE,nfl-player-v1,0,0,9.333,1.072,0,0,0,0.005
2025,9,2025_09_NO_LA,LA,00-0033110,a21c681d-1ae5-4cc3-9b3e-29b4909192bb,T.Higbee,TE,nfl-player-v1,0,0,11.443,1.297,0,0,0.019,0.0189
2025,9,2025_09_NO_LA,LA,00-0038359,ff0a0568-448e-46fb-88fa-838eb9c13099,X.Smith,WR,nfl-player-v1,0,0,9.333,1.072,0,0,0,0.005
2025,9,2025_09_LAC_TEN,LAC,00-0036355,86721778-e183-4522-8ddc-55e00f17fbe7,J.Herbert,QB,nfl-player-v1,123.047,7.89,0,0,0.864,0.064,0,0.0623
2025,9,2025_09_LAC_TEN,LAC,00-0036755,a58328de-728b-4d76-84ca-804686864dfc,J.Patterson,RB,nfl-player-v1,0,25.222,2.484,0.414,0,0.097,0.003,0.0953
2025,9,2025_09_LAC_TEN,LAC,00-0030279,60f4cd06-05df-4280-add3-4cecee3a82d3,K.Allen,WR,nfl-player-v1,0,0,14.826,1.663,0,0,0,0.005
2025,9,2025_09_LAC_TEN,LAC,00-0040184,e89ed330-2fe2-43ee-be6c-0fe8db74e4bf,K.Lambert-Smith,WR,nfl-player-v1,0,0,6.4,0.754,0,0,0,0.005
2025,9,2025_09_LAC_TEN,LAC,00-0039391,533082ab-7fe9-4268-80bc-0139989251cf,K.Vidal,RB,nfl-player-v1,0,31.729,3.293,0.54,0,0.242,0.008,0.2207
2025,9,2025_09_LAC_TEN,LAC,00-0039915,7f5bf6e3-b07c-4361-bc95-0311908c7bf8,L.McConkey,WR,nfl-player-v1,0,0,18.426,2.028,0,0,0,0.005
2025,9,2025_09_LAC_TEN,LAC,00-0040189,070528cf-a9c0-48c4-a759-be8a5cd3922f,O.Gadsden,TE,nfl-player-v1,0,0,16.167,1.789,0,0,0.023,0.0225
2025,9,2025_09_LAC_TEN,LAC,00-0038544,eb41f78e-bfc6-47e4-8f04-1d8b1231218f,Q.Johnston,WR,nfl-player-v1,0,0,18.046,1.986,0,0,0.051,0.0493
2025,9,2025_09_LAC_TEN,LAC,00-0038614,8f098248-9e51-459e-9143-391d54b5fa5e,S.Matlock,RB,nfl-player-v1,0,6.327,3.396,0.557,0,0.025,0.004,0.0283
2025,9,2025_09_LAC_TEN,LAC,00-0037654,0d83d213-d939-46f6-b48d-cbfa7e63c806,T.Fisk,TE,nfl-player-v1,0,0,6.684,0.784,0,0,0,0.005
2025,9,2025_09_LAC_TEN,LAC,00-0040727,ff157432-dabf-43cf-96af-8ff8ebad77a9,T.Harris,WR,nfl-player-v1,0,0,8.771,1.013,0,0,0,0.005
2025,9,2025_09_JAX_LV,LV,00-0040122,959ec041-e728-44e5-862c-b08ffa61a3f4,A.Jeanty,RB,nfl-player-v1,0,47.986,6.616,1.042,0,0.599,0.026,0.4645
2025,9,2025_09_JAX_LV,LV,00-0039338,3e1facee-6951-4b77-b51f-1f7a04250828,B.Bowers,TE,nfl-player-v1,0,0.464,36.245,3.752,0,0.003,0.202,0.1851
2025,9,2025_09_JAX_LV,LV,00-0030565,47424b84-c636-49c2-8a25-9d3de0d3b504,G.Smith,QB,nfl-player-v1,129.76,8.008,0,0,0.812,0,0,0.005
2025,9,2025_09_JAX_LV,LV,00-0034365,6c06b009-f350-4555-95e1-60112d9b6c1d,I.Thomas,TE,nfl-player-v1,0,0,6.414,0.755,0,0,0,0.005
2025,9,2025_09_JAX_LV,LV,00-0034960,55480340-bb90-4518-9695-e85dd3d36015,J.Meyers,,nfl-player-v1,0,0,16.012,1.796,0,0,0,0.005
2025,9,2025_09_JAX_LV,LV,00-0039066,44db107c-a7ce-49ae-ba2b-dc3ae85181a0,M.Mayer,TE,nfl-player-v1,0,0,17.264,1.929,0,0,0.021,0.0206
2025,9,2025_09_JAX_LV,LV,00-0031687,e322f057-dca3-4242-83e0-4077db65cb28,R.Mostert,RB,nfl-player-v1,0,6.311,3.277,0.54,0,0,0,0.005
2025,9,2025_09_JAX_LV,LV,00-0032211,766ec4f5-92c5-4b06-a338-38a14f175030,T.Lockett,WR,nfl-player-v1,0,0,7.733,0.906,0,0,0.02,0.0193
2025,9,2025_09_JAX_LV,LV,00-0038563,b59c0df7-c6c7-412f-8abd-2bf54a74bfa2,T.Tucker,WR,nfl-player-v1,0,0,11.714,1.338,0,0,0,0.005
2025,9,2025_09_BAL_MIA,MIA,00-0034418,30d562b8-8bd4-40b9-ae00-49cf338a8734,C.Wilson,WR,nfl-player-v1,0,0,6.502,0.765,0,0,0,0.005
2025,9,2025_09_BAL_MIA,MIA,00-0039040,f169e606-4f09-4947-8eef-b701b27cf612,D.Achane,RB,nfl-player-v1,0,50.295,11.954,1.774,0,0.854,0.061,0.5996
2025,9,2025_09_BAL_MIA,MIA,00-0036620,25947c7c-202f-4109-b28b-481e2d6166b1,D.Eskridge,WR,nfl-player-v1,0,0,5.318,0.628,0,0,0,0.005
2025,9,2025_09_BAL_MIA,MIA,00-0037252,cb3d52be-8be1-4f0f-9853-bb42f129ee5f,G.Dulcich,TE,nfl-player-v1,0,0,14.715,1.653,0,0,0,0.005
2025,9,2025_09_BAL_MIA,MIA,00-0036613,f6b9b938-482f-4332-96e6-e3e566d9efb2,J.Waddle,WR,nfl-player-v1,0,0,23.662,2.57,0,0,0.051,0.0501
2025,9,2025_09_BAL_MIA,MIA,00-0039880,9f759ea4-6e4c-44b2-9eb1-44640e42493b,M.Washington,WR,nfl-player-v1,0,1.248,10.599,1.198,0,0.003,0.024,0.0264
2025,9,2025_09_BAL_MIA,MIA,00-0036182,723099fe-7e45-4cc2-9e19-be47b28fa150,N.Westbrook-Ikhine,WR,nfl-player-v1,0,0,11.798,1.35,0,0,0,0.005
2025,9,2025_09_BAL_MIA,MIA,00-0040198,6f1b239c-9e82-490d-abfd-2aa17a03f3a1,O.Gordon,RB,nfl-player-v1,0,11.858,3.248,0.535,0,0.072,0.006,0.0755
2025,9,2025_09_BAL_MIA,MIA,00-0037348,ec44d32f-0e18-4e07-8eef-dd06b0ff518d,T.Conner,,nfl-player-v1,0,0,6.261,0.739,0,0,0,0.005
2025,9,2025_09_BAL_MIA,MIA,00-0036212,25cc976d-3f53-414e-8503-80d7e5d5a513,T.Tagovailoa,QB,nfl-player-v1,122.943,5.081,0,0,0.77,0,0,0.005
2025,9,2025_09_BAL_MIA,MIA,00-0039884,9f759ea4-6e4c-44b2-9eb1-44640e42493b,T.Washington,WR,nfl-player-v1,0,0,8.029,0.937,0,0,0,0.005
2025,9,2025_09_MIN_DET,MIN,00-0033293,35923ea3-b4c5-42ac-b0eb-c748169e8cdf,A.Jones,RB,nfl-player-v1,0,26.143,4.74,0.76,0,0,0,0.005
2025,9,2025_09_MIN_DET,MIN,00-0038994,5ce4d5c2-18c4-4c4d-b3a0-039eb4a3d989,J.Addison,WR,nfl-player-v1,0,0.334,14.875,1.66,0,0,0,0.005
2025,9,2025_09_MIN_DET,MIN,00-0036322,9bd851b9-cba5-4c2a-989a-792d495db187,J.Jefferson,WR,nfl-player-v1,0,0,33.058,3.43,0,0,0.096,0.0916
2025,9,2025_09_MIN_DET,MIN,00-0037525,f3080ee8-3085-4c4a-8cb6-73cca736c41b,J.Mason,RB,nfl-player-v1,0,27.4,3.504,0.573,0,0.572,0.023,0.4484
2025,9,2025_09_MIN_DET,MIN,00-0039923,6ccddb5c-777e-4767-8920-d6b85d950d14,J.McCarthy,QB,nfl-player-v1,117.713,6.846,0,0,0.77,0.021,0,0.0204
2025,9,2025_09_MIN_DET,MIN,00-0037291,3c26dce6-b5d7-4026-b212-1b22c6b4a9e7,J.Nailor,WR,nfl-player-v1,0,0,14.119,1.592,0,0,0,0.005
2025,9,2025_09_MIN_DET,MIN,00-0035229,0993b895-f0b7-4d94-9a83-cb2895cf9093,T.Hockenson,TE,nfl-player-v1,0,0,12.051,1.368,0,0,0.019,0.019
2025,9,2025_09_ATL_NE,NE,00-0032392,da501cdf-983b-48c5-9918-7569b745567c,A.Hooper,TE,nfl-player-v1,0,0,6.659,0.781,0,0,0,0.005
2025,9,2025_09_ATL_NE,NE,00-0038621,bc093a81-2f9d-44f8-85cc-cb7d3f539296,D.Douglas,WR,nfl-player-v1,0,0,17.859,1.966,0,0,0.025,0.0247
2025,9,2025_09_ATL_NE,NE,00-0039851,c18b2fe3-1746-464c-9604-91eca99e8c5c,D.Maye,QB,nfl-player-v1,120.153,6.58,0,0,0.783,0.017,0,0.017
2025,9,2025_09_ATL_NE,NE,00-0033090,835b972d-7fc1-48d2-bfb6-4ad15a30a0a1,H.Henry,TE,nfl-player-v1,0,0,17.859,1.966,0,0,0,0.005
2025,9,2025_09_ATL_NE,NE,00-0038608,353c0718-b585-42e4-9fdd-65abf246f4d1,K.Boutte,WR,nfl-player-v1,0,0,6.376,0.751,0,0,0,0.005
2025,9,2025_09_ATL_NE,NE,00-0040131,8490b4f2-0ce0-429e-93d9-e5bf60f69adf,K.Williams,WR,nfl-player-v1,0,0,6.376,0.751,0,0,0,0.005
2025,9,2025_09_ATL_NE,NE,00-0033555,927c45e7-007a-40b8-9592-815d97fbc701,M.Hollins,WR,nfl-player-v1,0,0,8.516,0.984,0,0,0.013,0.0124
2025,9,2025_09_ATL_NE,NE,00-0031588,8ea2703a-b355-44a5-a0d5-3ade7964e460,S.Diggs,WR,nfl-player-v1,0,0,13.246,1.494,0,0,0.019,0.0188
2025,9,2025_09_ATL_NE,NE,00-0040734,8c7fdfc1-da82-46bd-8059-d38dfc782a85,T.Henderson,RB,nfl-player-v1,0,37.554,8.356,1.27,0,0.414,0.028,0.3567
2025,9,2025_09_ATL_NE,NE,00-0039757,d056f4ac-cd4e-4ed9-ae55-2578d4598761,T.Jennings,RB,nfl-player-v1,0,29.664,3.363,0.552,0,0.339,0.012,0.296
2025,9,2025_09_NO_LA,NO,00-0033906,c7b60e7b-fe31-4675-9e2b-66d4d9c7a2d4,A.Kamara,RB,nfl-player-v1,0,22.49,5.132,0.81,0,0,0,0.005
2025,9,2025_09_NO_LA,NO,00-0031236,16125e50-cd99-4225-a124-62507be3ffd8,B.Cooks,,nfl-player-v1,0,0,12.842,1.458,0,0,0,0.005
2025,9,2025_09_NO_LA,NO,00-0037239,3d8e6090-ab45-4750-a145-b5bc16812bc8,C.Olave,WR,nfl-player-v1,0,0,16.591,1.851,0,0,0,0.005
2025,9,2025_09_NO_LA,NO,00-0040202,6355a7d7-5a4b-4c0f-9407-f8d0669ab8c5,D.Neal,RB,nfl-player-v1,0,16.411,3.695,0.605,0,0.199,0.014,0.1913
2025,9,2025_09_NO_LA,NO,00-0036040,e10fc805-9026-4fe2-8714-d074bd8ca1be,J.Johnson,TE,nfl-player-v1,0,0,16.591,1.851,0,0,0.037,0.0363
2025,9,2025_09_NO_LA,NO,00-0037545,0a931859-dbbe-4421-8bdc-ee6094237041,R.Shaheed,,nfl-player-v1,0,0,29.948,3.125,0,0,0.063,0.0606
2025,9,2025_09_NO_LA,NO,00-0033357,5034d52d-1292-4d87-a545-ef53884ca7e1,T.Hill,QB,nfl-player-v1,106.157,7.999,0,0,0.749,0.065,0,0.0625
2025,9,2025_09_NO_LA,NO,00-0040743,c6b16d75-657b-44a5-9bf9-033769fc3460,T.Shough,QB,nfl-player-v1,114.88,5.241,0,0,0.719,0,0,0.005
2025,9,2025_09_SF_NYG,NYG,00-0035250,e7d55b0c-e17e-4747-9f12-d3c5933b5e3e,D.Singletary,RB,nfl-player-v1,0,26.839,4.233,0.686,0,0.32,0.016,0.2851
2025,9,2025_09_SF_NYG,NYG,00-0035535,2e5cbb33-2ffd-4dc1-af97-8edb43d325e6,D.Slayton,WR,nfl-player-v1,0,0,20.305,2.224,0,0,0.044,0.0435
2025,9,2025_09_SF_NYG,NYG,00-0035645,2d7eb92c-9618-4cf0-ae6f-cd4e3f9bfcbc,G.Olszewski,WR,nfl-player-v1,0,0,6.653,0.781,0,0,0,0.005
2025,9,2025_09_SF_NYG,NYG,00-0040691,df2c09c5-74cd-4fdf-907d-3b98983c4c2b,J.Dart,QB,nfl-player-v1,129.653,9.717,0,0,0.915,0.078,0,0.0754
2025,9,2025_09_SF_NYG,NYG,00-0034407,407ae3e7-477f-4c39-9982-fa181de093ed,R.McCloud,WR,nfl-player-v1,0,0,6.653,0.781,0,0,0,0.005
2025,9,2025_09_SF_NYG,NYG,00-0039847,7b9ebaff-f7d3-45f1-a0b0-07501c467f39,T.Johnson,TE,nfl-player-v1,0,0,17.048,1.898,0,0,0.038,0.0373
2025,9,2025_09_SF_NYG,NYG,00-0039384,5f99ad3b-ac4f-409e-8699-ac3ba697ade3,T.Tracy,RB,nfl-player-v1,0,19.244,6.126,0.966,0,0,0,0.005
2025,9,2025_09_SF_NYG,NYG,00-0038117,36776784-59f3-4a60-a1e7-609889d4b6cb,W.Robinson,WR,nfl-player-v1,0,0,33.079,3.45,0,0,0,0.005
2025,9,2025_09_IND_PIT,PIT,00-0023459,9cd40a7b-735b-4670-bf0e-4d357c5b3e10,A.Rodgers,QB,nfl-player-v1,117.937,4.913,0,0,0.757,0.008,0,0.0077
2025,9,2025_09_IND_PIT,PIT,00-0037837,bb6900c7-cf17-450b-b596-4a3542add3ef,C.Austin,WR,nfl-player-v1,0,0,16.747,1.861,0,0,0.014,0.0144
2025,9,2025_09_IND_PIT,PIT,00-0037304,c3cd242e-0ded-4370-b254-f6582de39903,Co.Heyward,TE,nfl-player-v1,0,0.369,4.807,0.569,0,0,0.004,0.005
2025,9,2025_09_IND_PIT,PIT,00-0035640,4aefe4b3-05d4-4513-8386-ceefefe04e87,D.Metcalf,WR,nfl-player-v1,0,0,12.036,1.375,0,0,0.021,0.0212
2025,9,2025_09_IND_PIT,PIT,00-0038558,f011864a-8a7b-4638-b49f-d229e07bcfea,D.Washington,TE,nfl-player-v1,0,0,16.485,1.839,0,0,0.043,0.042
2025,9,2025_09_IND_PIT,PIT,00-0033858,8b8c7b1a-90f6-4931-b9d8-3c8cfb0c920b,J.Smith,TE,nfl-player-v1,0,0,14.397,1.625,0,0,0.013,0.0126
2025,9,2025_09_IND_PIT,PIT,00-0037228,23de35af-3a1c-4ae7-9ea4-954a48d78d6a,J.Warren,RB,nfl-player-v1,0,48.796,4.068,0.661,0,0.555,0.015,0.4344
2025,9,2025_09_IND_PIT,PIT,00-0036919,8a95e757-cf19-40cd-9cc1-77255bb487f1,K.Gainwell,RB,nfl-player-v1,0,14.337,6.805,1.065,0,0.033,0.005,0.0372
2025,9,2025_09_IND_PIT,PIT,00-0040142,d4eda4a8-fe86-4f99-a138-c013a635acf3,K.Johnson,RB,nfl-player-v1,0,8.726,3.25,0.535,0,0,0,0.005
2025,9,2025_09_IND_PIT,PIT,00-0036894,07b45f1c-fb0a-40db-939b-4ee4836e9343,P.Freiermuth,TE,nfl-player-v1,0,0,12.447,1.416,0,0,0.022,0.0218
2025,9,2025_09_IND_PIT,PIT,00-0039739,b440a63e-d001-42e8-90e2-054da5ac8f79,R.Wilson,WR,nfl-player-v1,0,0,8.043,0.938,0,0,0,0.005
2025,9,2025_09_SEA_WAS,SEA,00-0039793,1359d114-9fb9-4783-8101-efdec545f961,A.Barner,TE,nfl-player-v1,0,0.35,14.103,1.567,0,0.002,0.063,0.0622
2025,9,2025_09_SEA_WAS,SEA,00-0035891,f733b01b-0016-4033-847c-4bfee3b0d450,C.White,WR,nfl-player-v1,0,0,8.708,1.006,0,0,0,0.005
2025,9,2025_09_SEA_WAS,SEA,00-0040739,6705ba1e-91f0-4d99-81fe-b1a147c65a6d,E.Arroyo,TE,nfl-player-v1,0,0,8.921,1.025,0,0,0,0.005
2025,9,2025_09_SEA_WAS,SEA,00-0039299,da36047b-a068-4cc0-8119-0179cef16707,G.Holani,RB,nfl-player-v1,0,11.997,2.471,0.412,0,0,0,0.005
2025,9,2025_09_SEA_WAS,SEA,00-0038543,8d9cebd3-3534-48a0-a4e9-2c0ebc5c1c94,J.Smith-Njigba,WR,nfl-player-v1,0,0.367,31.684,3.25,0,0,0,0.005
2025,9,2025_09_SEA_WAS,SEA,00-0038134,593d9bcd-2ae1-41ca-bf16-2d3c62d5b196,K.Walker,RB,nfl-player-v1,0,28.931,4.426,0.711,0,0.511,0.024,0.4148
2025,9,2025_09_SEA_WAS,SEA,00-0034869,3a4bd5d6-8b01-4324-8449-d0f7c2059e36,S.Darnold,QB,nfl-player-v1,113.244,4.472,0,0,0.709,0,0,0.005
2025,9,2025_09_SEA_WAS,SEA,00-0040648,25a7a31f-fff0-4a52-96c3-f40f823c5343,T.Horton,WR,nfl-player-v1,0,0,14.416,1.602,0,0,0.032,0.0315
2025,9,2025_09_SEA_WAS,SEA,00-0039165,7bb1ecbd-ce2a-443f-881d-e3f993b6a1c0,Z.Charbonnet,RB,nfl-player-v1,0,22.516,3.442,0.563,0,0,0,0.005
2025,9,2025_09_SF_NYG,SF,00-0037746,00b3cb74-e58d-4660-b1df-2376a82120b6,B.Robinson,RB,nfl-player-v1,0,14.582,2.529,0.421,0,0.042,0.002,0.0429
2025,9,2025_09_SF_NYG,SF,00-0033280,ae3498a3-f309-4ea2-a3c1-031f013cc394,C.McCaffrey,RB,nfl-player-v1,0,59.685,8.873,1.324,0,0.932,0.042,0.6226
2025,9,2025_09_SF_NYG,SF,00-0032775,03ab017e-f181-4486-9661-1c6485dedf19,D.Robinson,WR,nfl-player-v1,0,0,6.352,0.747,0,0,0.007,0.0069
2025,9,2025_09_SF_NYG,SF,00-0033288,6ef21d58-07b4-49a0-9e4b-ab6e4f527023,G.Kittle,TE,nfl-player-v1,0,0.23,13.571,1.501,0,0,0.028,0.0281
2025,9,2025_09_SF_NYG,SF,00-0036259,046bd3b8-161d-4c19-9816-df5ce3e96947,J.Jennings,WR,nfl-player-v1,0,0,15.908,1.746,0,0,0.049,0.0477
2025,9,2025_09_SF_NYG,SF,00-0040172,30df6512-b05d-4c82-b607-addaf578f91b,J.Watkins,WR,nfl-player-v1,0,0,6.667,0.78,0,0,0,0.005
2025,9,2025_09_SF_NYG,SF,00-0033307,77cbc405-dc41-40e4-b0bd-dd8a73396612,K.Bourne,WR,nfl-player-v1,0,0,8.764,1.007,0,0,0,0.005
2025,9,2025_09_SF_NYG,SF,00-0029892,86ed80c1-0dd7-4c07-a0b3-cea9fab60c0a,K.Juszczyk,RB,nfl-player-v1,0,6.252,4.168,0.669,0,0,0,0.005
2025,9,2025_09_SF_NYG,SF,00-0036887,d379e74d-8a48-4767-b405-a32b09db1b28,L.Farrell,TE,nfl-player-v1,0,0,6.667,0.78,0,0,0,0.005
2025,9,2025_09_SF_NYG,SF,00-0036972,074db5dc-6d97-4108-a542-20e6cb42f4a6,M.Jones,QB,nfl-player-v1,113.774,5.56,0,0,0.733,0.01,0,0.0104
2025,9,2025_09_SF_NYG,SF,00-0038090,6e757178-0d20-49cf-a88a-c4b47817ff31,S.Moore,WR,nfl-player-v1,0,0,6.667,0.78,0,0,0,0.005
2025,9,2025_09_LAC_TEN,TEN,00-0040705,f3027194-2b41-4db7-b6e1-10cb47514b73,C.Dike,WR,nfl-player-v1,0,0,12.591,1.431,0,0,0.029,0.0282
2025,9,2025_09_LAC_TEN,TEN,00-0037809,64755288-83b6-45d3-9d82-11807c2f5994,C.Okonkwo,TE,nfl-player-v1,0,0,10.362,1.186,0,0,0,0.005
2025,9,2025_09_LAC_TEN,TEN,00-0040676,f16bf5f1-4c50-449b-b1d4-ad4d66db60cb,C.Ward,QB,nfl-player-v1,113.402,5.645,0,0,0.71,0,0,0.005
2025,9,2025_09_LAC_TEN,TEN,00-0040170,527aee16-44d6-4527-9ec1-b6d981e9e8c1,E.Ayomanor,WR,nfl-player-v1,0,0,23.491,2.538,0,0,0.051,0.0495
2025,9,2025_09_LAC_TEN,TEN,00-0040584,7e6d7376-3ff9-4d2b-8022-f47c0fbc308e,G.Helm,TE,nfl-player-v1,0,0,7.417,0.865,0,0,0,0.005
2025,9,2025_09_LAC_TEN,TEN,00-0035261,61edd687-3a13-4c2f-8e86-d493ced4295b,T.Pollard,RB,nfl-player-v1,0,32.717,5.025,0.803,0,0.577,0.028,0.4538
2025,9,2025_09_LAC_TEN,TEN,00-0039032,90e22076-0605-4b85-8d97-1a83167c5c35,T.Spears,RB,nfl-player-v1,0,24.497,6.375,0.999,0,0.144,0.011,0.1437
2025,9,2025_09_LAC_TEN,TEN,00-0036415,de90c83e-b445-439c-befe-655f3d2c50d7,V.Jefferson,WR,nfl-player-v1,0,0,15.519,1.74,0,0,0,0.005
2025,9,2025_09_SEA_WAS,WAS,00-0038611,910e0e65-f202-42a6-afa5-c4a2cebe4b2a,C.Rodriguez,RB,nfl-player-v1,0,26.571,2.516,0.419,0,0.373,0.011,0.3193
2025,9,2025_09_SEA_WAS,WAS,00-0035719,7bb0990e-39c4-4d54-9fd7-b1d9bc9d8288,D.Samuel,WR,nfl-player-v1,0,0.236,20.103,2.145,0,0,0.033,0.0332
2025,9,2025_09_SEA_WAS,WAS,00-0036628,39aece1e-9831-497f-bfe7-f67b9499fc9c,J.Bates,TE,nfl-player-v1,0,0,11.523,1.287,0,0,0,0.005
2025,9,2025_09_SEA_WAS,WAS,00-0040242,25d9ee1b-68c9-4de4-ad0f-25efe8210850,J.Croskey-Merritt,RB,nfl-player-v1,0,26.818,3.445,0.562,0,0.124,0.005,0.1215
2025,9,2025_09_SEA_WAS,WAS,00-0039910,3276bcc4-687a-4601-92a3-35feeb80ba89,J.Daniels,QB,nfl-player-v1,120.379,8.373,0,0,0.828,0.053,0,0.0516
2025,9,2025_09_SEA_WAS,WAS,00-0040164,8f6e73b4-1f9c-4db2-b36b-660751127569,J.Lane,WR,nfl-player-v1,0,0,16.548,1.815,0,0,0.028,0.0278
2025,9,2025_09_SEA_WAS,WAS,00-0033955,01c9d65e-2883-4bde-a469-45abe5508fee,J.McNichols,RB,nfl-player-v1,0,7.772,2.471,0.412,0,0,0,0.005
2025,9,2025_09_SEA_WAS,WAS,00-0037742,4c813722-0f2e-4c3b-ae06-bf0e4b32e2f0,T.Burks,WR,nfl-player-v1,0,0,6.848,0.799,0,0,0,0.005
2025,9,2025_09_SEA_WAS,WAS,00-0030061,f42aa3a3-06fe-490e-afb7-07a36d947c7c,Z.Ertz,TE,nfl-player-v1,0,0,14.554,1.606,0,0,0,0.005
2025,10,2025_10_ARI_SEA,ARI,00-0038705,de81a074-52e4-452a-a923-496eddc6a5d0,E.Demercado,RB,nfl-player-v1,0,18.486,5.154,0.826,0,0.093,0.008,0.0963
2025,10,2025_10_ARI_SEA,ARI,00-0039041,1b207068-6c7e-480f-9923-06f2128115d6,E.Higgins,TE,nfl-player-v1,0,0,9.025,1.047,0,0,0.006,0.0058
2025,10,2025_10_ARI_SEA,ARI,00-0035500,8d89d9ff-87bf-47c7-bdb7-6387fd2063b9,G.Dortch,WR,nfl-player-v1,0,0.694,4.735,0.558,0,0,0.003,0.005
2025,10,2025_10_ARI_SEA,ARI,00-0033119,237a8679-0c0a-480b-870d-514d0c50523f,J.Brissett,QB,nfl-player-v1,132.184,6.777,0,0,0.842,0.008,0,0.0077
2025,10,2025_10_ARI_SEA,ARI,00-0039577,d744f827-583d-4523-b6b0-a4357ca13013,K.Slovis,QB,nfl-player-v1,99.712,4.235,0,0,0.624,0,0,0.005
2025,10,2025_10_ARI_SEA,ARI,00-0036924,324eed4d-0d36-4dcf-818b-f956af29d709,M.Carter,RB,nfl-player-v1,0,15.138,2.471,0.412,0,0.026,0.001,0.0269
2025,10,2025_10_ARI_SEA,ARI,00-0039849,4c27a10c-963d-444e-b235-b46f4b652866,M.Harrison,WR,nfl-player-v1,0,0,26.33,2.857,0,0,0.08,0.0769
2025,10,2025_10_ARI_SEA,ARI,00-0038559,befb93dc-de67-4344-9d23-a1fa6a9d682f,Mi.Wilson,WR,nfl-player-v1,0,0,15.553,1.747,0,0,0.029,0.0289
2025,10,2025_10_ARI_SEA,ARI,00-0037744,87b536c6-701f-4a71-b52e-0d8f7d4ec694,T.McBride,TE,nfl-player-v1,0,0,28.764,3.07,0,0,0.052,0.0503
2025,10,2025_10_ARI_SEA,ARI,00-0033891,06642612-e554-4a8b-8a58-cdde619ee247,Z.Jones,WR,nfl-player-v1,0,0,6.112,0.723,0,0,0.004,0.005
2025,10,2025_10_ARI_SEA,ARI,00-0037157,efbc865a-57b4-4ae3-ab3d-27d27dffa258,Z.Knight,RB,nfl-player-v1,0,37.221,5.106,0.818,0,0.31,0.013,0.2759
2025,10,2025_10_ATL_IND,ATL,00-0038542,8f5e333b-8cac-493f-8be3-093a3f12c027,B.Robinson,RB,nfl-player-v1,0,42.813,4.387,0.707,0,0.195,0.006,0.182
2025,10,2025_10_ATL_IND,ATL,00-0036429,2891bcba-4ef0-4ad7-b6b8-01af901d5d25,C.Woerner,TE,nfl-player-v1,0,0,6.789,0.795,0,0,0,0.005
2025,10,2025_10_ATL_IND,ATL,00-0037238,892d7782-1ecc-4137-aeb0-9e80c69e4034,D.London,WR,nfl-player-v1,0,0,28.831,3.034,0,0,0.094,0.0901
2025,10,2025_10_ATL_IND,ATL,00-0036309,e318bcf4-6f17-4a62-ba7b-9283a4aab86c,D.Mooney,WR,nfl-player-v1,0,0,22.553,2.454,0,0,0,0.005
2025,10,2025_10_ATL_IND,ATL,00-0035359,601ce504-9f08-487d-b968-f6e884c7fdfb,D.Sills,WR,nfl-player-v1,0,0,6.489,0.764,0,0,0,0.005
2025,10,2025_10_ATL_IND,ATL,00-0036970,40dfaab3-2886-438e-a325-a15f68d1f3c8,K.Pitts,TE,nfl-player-v1,0,0,15.468,1.728,0,0,0,0.005
2025,10,2025_10_ATL_IND,ATL,00-0039917,ab213147-61d9-49a3-a662-0e2a31cc80f2,M.Penix,QB,nfl-player-v1,113.196,4.309,0,0,0.709,0,0,0.005
2025,10,2025_10_ATL_IND,ATL,00-0037263,3d48d76e-acf1-404a-ba84-79e0d1d0e3fc,T.Allgeier,RB,nfl-player-v1,0,29.192,2.51,0.418,0,0.683,0.019,0.5043
2025,10,2025_10_BAL_MIN,BAL,00-0038046,6f5a73e0-41fa-40ec-aa08-ce3f64fad723,C.Kolar,TE,nfl-player-v1,0,0,7.805,0.907,0,0,0,0.005
2025,10,2025_10_BAL_MIN,BAL,00-0032764,31b668ff-08d5-4913-8678-4c5c2fb906ca,D.Henry,RB,nfl-player-v1,0,44.479,4.813,0.766,0,0.34,0.011,0.296
2025,10,2025_10_BAL_MIN,BAL,00-0030564,1bd6ba6e-0334-4184-a6f8-4d5dcf7c276f,D.Hopkins,WR,nfl-player-v1,0,0,11.398,1.293,0,0,0.011,0.0112
2025,10,2025_10_BAL_MIN,BAL,00-0037838,ae5846b3-e4d7-42a1-bd13-81760f0a83b2,I.Likely,TE,nfl-player-v1,0,0,11.315,1.284,0,0,0,0.005
2025,10,2025_10_BAL_MIN,BAL,00-0034975,4bf90f48-14f6-42ab-aa72-7f4e7b87e638,J.Hill,RB,nfl-player-v1,0,8.128,3.971,0.642,0,0.022,0.003,0.0246
2025,10,2025_10_BAL_MIN,BAL,00-0038454,4c8b2a02-d4ab-4896-af38-2a000c2591f3,K.Mitchell,RB,nfl-player-v1,0,13.293,2.471,0.412,0,0.071,0.004,0.0726
2025,10,2025_10_BAL_MIN,BAL,00-0034796,4c6e84b3-2283-4d86-8f7b-019a185c6764,L.Jackson,QB,nfl-player-v1,120.101,7.602,0,0,0.815,0.04,0,0.0394
2025,10,2025_10_BAL_MIN,BAL,00-0034753,3c8c24b6-f2b3-4130-86e6-389a16aa6104,M.Andrews,TE,nfl-player-v1,0,0,13.438,1.503,0,0,0.013,0.0131
2025,10,2025_10_BAL_MIN,BAL,00-0033376,7ba157fe-8377-41a1-a198-69fa83069f58,P.Ricard,RB,nfl-player-v1,0,8.081,2.52,0.42,0,0,0,0.005
2025,10,2025_10_BAL_MIN,BAL,00-0036550,18c06a21-f854-4f11-89ad-f617293f9cea,R.Bateman,WR,nfl-player-v1,0,0,9.522,1.096,0,0,0.029,0.0283
2025,10,2025_10_BAL_MIN,BAL,00-0039064,a4c95f75-76ae-4729-b36b-053b14fb2a51,Z.Flowers,WR,nfl-player-v1,0,0.238,15.713,1.727,0,0,0.015,0.0152
2025,10,2025_10_BUF_MIA,BUF,00-0033282,8fb77061-caa4-4ab3-93ac-3f435b1dad39,C.Samuel,WR,nfl-player-v1,0,0,6.363,0.749,0,0,0,0.005
2025,10,2025_10_BUF_MIA,BUF,00-0038933,8a6f4627-ab82-4cb4-92df-699336ac1690,D.Kincaid,TE,nfl-player-v1,0,0,9.569,1.106,0,0,0,0.005
2025,10,2025_10_BUF_MIA,BUF,00-0035689,83978a45-a7da-408d-a462-426f5444a908,D.Knox,TE,nfl-player-v1,0,0,11.48,1.313,0,0,0.026,0.0259
2025,10,2025_10_BUF_MIA,BUF,00-0036980,b00bd3b2-8fb1-4c61-b575-87a93b457caf,E.Moore,,nfl-player-v1,0,0.364,7.913,0.917,0,0,0,0.005
2025,10,2025_10_BUF_MIA,BUF,00-0034857,32369b37-6bce-4910-acfa-f658676697d3,J.Allen,QB,nfl-player-v1,129.403,6.928,0,0,0.862,0.028,0,0.0276
2025,10,2025_10_BUF_MIA,BUF,00-0037248,61da158c-dacb-4567-8ec7-9521d0868e5f,J.Cook,RB,nfl-player-v1,0,46.239,6.612,1.043,0,0.538,0.024,0.4301
2025,10,2025_10_BUF_MIA,BUF,00-0040194,5a7670a6-35d4-43bb-a12b-9b1580498b35,J.Hawes,TE,nfl-player-v1,0,0,7.754,0.906,0,0,0,0.005
2025,10,2025_10_BUF_MIA,BUF,00-0039901,15497e04-abce-413c-b84b-6928c1f96d77,K.Coleman,WR,nfl-player-v1,0,0,18.749,2.084,0,0,0,0.005
2025,10,2025_10_BUF_MIA,BUF,00-0037261,a182f320-892e-4344-8c39-d03ec8d397c4,K.Shakir,WR,nfl-player-v1,0,0,24.192,2.618,0,0,0.052,0.051
2025,10,2025_10_BUF_MIA,BUF,00-0033869,e59787f5-27fb-4c44-8543-4c38c3e63ca5,M.Trubisky,QB,nfl-player-v1,99.645,4.849,0,0,0.624,0,0,0.005
2025,10,2025_10_BUF_MIA,BUF,00-0039875,51239dbe-c985-42a4-bdb6-e31bea991d12,R.Davis,RB,nfl-player-v1,0,11.822,3.907,0.637,0,0.072,0.007,0.0762
2025,10,2025_10_BUF_MIA,BUF,00-0038679,0007cf4b-7ab2-42a0-a8b5-54ac02754320,T.Shavers,WR,nfl-player-v1,0,0,6.363,0.749,0,0,0,0.005
2025,10,2025_10_BUF_MIA,BUF,00-0035537,7927f661-8fb2-47a7-988d-d39a7c8038be,Ty.Johnson,RB,nfl-player-v1,0,9.019,3.932,0.641,0,0,0,0.005
2025,10,2025_10_NO_CAR,CAR,00-0039150,c28c1088-1b0f-497f-bfdb-1a7a9cde1e89,B.Young,QB,nfl-player-v1,113.92,5.537,0,0,0.777,0.031,0,0.0308
2025,10,2025_10_NO_CAR,CAR,00-0036555,e4fb467c-29b4-4025-8e7f-05d9ee9ca744,C.Hubbard,RB,nfl-player-v1,0,12.36,3.495,0.571,0,0,0,0.005
2025,10,2025_10_NO_CAR,CAR,00-0039491,0a50de21-d75b-4e1e-86c9-191b0dccffec,J.Coker,WR,nfl-player-v1,0,0,15.059,1.679,0,0,0,0.005
2025,10,2025_10_NO_CAR,CAR,00-0039356,38d1f118-d4b1-4550-932e-ebfebfb25c98,J.Sanders,TE,nfl-player-v1,0,0,18.487,2.015,0,0,0,0.005
2025,10,2025_10_NO_CAR,CAR,00-0040187,4c908559-bee0-4e03-892b-acb185733f1c,M.Evans,TE,nfl-player-v1,0,0,6.745,0.793,0,0,0,0.005
2025,10,2025_10_NO_CAR,CAR,00-0036139,5247cf70-ccdc-4fee-abb5-56faa544291f,R.Dowdle,RB,nfl-player-v1,0,47.191,5.991,0.944,0,1.135,0.045,0.6928
2025,10,2025_10_NO_CAR,CAR,00-0040124,fe874b96-e2c0-4f68-9815-af65b06e6738,T.McMillan,WR,nfl-player-v1,0,0,24.528,2.584,0,0,0,0.005
2025,10,2025_10_NO_CAR,CAR,00-0039342,2f0f3999-0f08-41d7-83f3-7bf733899142,X.Legette,WR,nfl-player-v1,0,0,6.745,0.793,0,0,0,0.005
2025,10,2025_10_NYG_CHI,CHI,00-0036290,e20adbbe-669d-4d26-b64a-84332cd2acfd,C.Kmet,TE,nfl-player-v1,0,0,7.869,0.918,0,0,0.016,0.0159
2025,10,2025_10_NYG_CHI,CHI,00-0040126,20e5eda2-e6a7-45e5-8ed5-958a5d49a8ae,C.Loveland,TE,nfl-player-v1,0,0,11.603,1.317,0,0,0,0.005
2025,10,2025_10_NYG_CHI,CHI,00-0039918,d3372f7c-27eb-47ac-9d90-facef898a40f,C.Williams,QB,nfl-player-v1,124.303,7.625,0,0,0.821,0.027,0,0.0266
2025,10,2025_10_NYG_CHI,CHI,00-0034827,d366aedd-7ef1-47c6-a3bb-637a4559f332,D.Moore,WR,nfl-player-v1,0,0,10.922,1.258,0,0,0,0.005
2025,10,2025_10_NYG_CHI,CHI,00-0036275,49aefcdc-6cec-4beb-84e1-ba08880d15d6,D.Swift,RB,nfl-player-v1,0,32.438,7.723,1.169,0,0.327,0.023,0.2954
2025,10,2025_10_NYG_CHI,CHI,00-0040236,08e87151-52f8-40cb-a625-42c1703b9eec,K.Monangai,RB,nfl-player-v1,0,22.505,3.217,0.529,0,0.119,0.005,0.117
2025,10,2025_10_NYG_CHI,CHI,00-0040735,7f3e9ce8-9c8d-4d38-b381-3e43b24bf041,L.Burden,WR,nfl-player-v1,0,0,10.022,1.151,0,0,0,0.005
2025,10,2025_10_NYG_CHI,CHI,00-0035208,abb5a044-a3c2-46a1-9fac-b6d0ddf8475b,O.Zaccheaus,WR,nfl-player-v1,0,0,10.868,1.247,0,0,0,0.005
2025,10,2025_10_NYG_CHI,CHI,00-0039919,118470e6-4c10-41fd-9c53-8f079c8747aa,R.Odunze,WR,nfl-player-v1,0,0,24.671,2.654,0,0,0.093,0.0887
2025,10,2025_10_CLE_NYJ,CLE,00-0038979,4621b9ce-6bc7-4652-9414-16ff576216df,C.Tillman,WR,nfl-player-v1,0,0,11.718,1.335,0,0,0.031,0.0307
2025,10,2025_10_CLE_NYJ,CLE,00-0040704,7af9c46c-c099-4877-b651-9719ed598171,D.Gabriel,QB,nfl-player-v1,121.889,6.489,0,0,0.82,0.031,0,0.0303
2025,10,2025_10_CLE_NYJ,CLE,00-0033885,7803b6a3-2944-46a1-a2f7-8c64e92fc82d,D.Njoku,TE,nfl-player-v1,0,0,8.037,0.932,0,0,0.022,0.0215
2025,10,2025_10_CLE_NYJ,CLE,00-0040162,b934c25d-e16b-4088-ade1-894632b8045f,D.Sampson,RB,nfl-player-v1,0,10.327,3.211,0.528,0,0,0,0.005
2025,10,2025_10_CLE_NYJ,CLE,00-0040663,62719d0e-0efc-456e-8df8-828cc1cf4abe,H.Fannin,TE,nfl-player-v1,0,0,15.292,1.684,0,0,0,0.005
2025,10,2025_10_CLE_NYJ,CLE,00-0037267,3a0091ff-06bf-492a-9528-03ae4f8f866d,J.Ford,RB,nfl-player-v1,0,8.235,3.187,0.524,0,0.059,0.007,0.0638
2025,10,2025_10_CLE_NYJ,CLE,00-0036407,c669f87b-fdf2-458b-92b9-5fc841b4bec5,J.Jeudy,WR,nfl-player-v1,0,0,30.798,3.23,0,0,0,0.005
2025,10,2025_10_CLE_NYJ,CLE,00-0039379,41a0c66a-cf0b-4519-a28d-a12b879a5031,J.Thrash,WR,nfl-player-v1,0,0,6.178,0.729,0,0,0,0.005
2025,10,2025_10_CLE_NYJ,CLE,00-0039920,f3dfcb32-2500-4f7d-8e4a-0b276a390d97,M.Corley,WR,nfl-player-v1,0,0.506,6.231,0.729,0,0,0,0.005
2025,10,2025_10_CLE_NYJ,CLE,00-0040784,62023d1d-a5ea-44d8-bde5-fe8b08113b5a,Q.Judkins,RB,nfl-player-v1,0,54.872,4.839,0.774,0,0.372,0.01,0.3176
2025,10,2025_10_LV_DEN,DEN,00-0036727,2e3ef41a-d0ea-473a-b249-559f5a424df1,A.Prentice,RB,nfl-player-v1,0,6.33,3.426,0.562,0,0,0,0.005
2025,10,2025_10_LV_DEN,DEN,00-0036422,b141ab2c-c6c5-49b2-94f4-781604cbeb98,A.Trautman,TE,nfl-player-v1,0,0,6.606,0.774,0,0,0,0.005
2025,10,2025_10_LV_DEN,DEN,00-0039732,40159058-8f61-4120-8323-ec81eaeff8ce,B.Nix,QB,nfl-player-v1,115.139,5.965,0,0,0.767,0.024,0,0.0238
2025,10,2025_10_LV_DEN,DEN,00-0034348,017301c4-fe49-48a1-a533-db70f693a734,C.Sutton,WR,nfl-player-v1,0,0,13.185,1.48,0,0,0,0.005
2025,10,2025_10_LV_DEN,DEN,00-0033881,44ecc125-b690-4177-93f9-f03d50825239,E.Engram,TE,nfl-player-v1,0,0,15.245,1.705,0,0,0.034,0.0335
2025,10,2025_10_LV_DEN,DEN,00-0036158,a5ce07ae-2e77-4060-bb79-b53064c0b349,J.Dobbins,RB,nfl-player-v1,0,46.336,3.447,0.565,0,0.271,0.006,0.2425
2025,10,2025_10_LV_DEN,DEN,00-0040134,de70216e-21b4-4de8-a4e8-1c0e4ed7734b,P.Bryant,WR,nfl-player-v1,0,0,8.529,0.989,0,0,0,0.005
2025,10,2025_10_LV_DEN,DEN,00-0040730,f30905bf-54ce-4e54-8ae4-38b278499802,R.Harvey,RB,nfl-player-v1,0,14.715,5.238,0.831,0,0.088,0.01,0.093
2025,10,2025_10_LV_DEN,DEN,00-0037085,e91b7026-2866-4587-96e6-3eba8e3346af,T.Badie,RB,nfl-player-v1,0,6.177,3.321,0.544,0,0,0,0.005
2025,10,2025_10_LV_DEN,DEN,00-0039868,128fd135-fb3e-451e-8135-52d9465c4154,T.Franklin,WR,nfl-player-v1,0,0,26.992,2.862,0,0,0.114,0.1082
2025,10,2025_10_DET_WAS,DET,00-0036963,01542f54-ce56-438f-a484-c6bc9b77aabd,A.St. Brown,WR,nfl-player-v1,0,0,20.04,2.179,0,0,0.065,0.0633
2025,10,2025_10_DET_WAS,DET,00-0036754,54bf441b-5cc8-4ffc-9951-89c03d555b42,B.Wright,TE,nfl-player-v1,0,0,6.127,0.723,0,0,0,0.005
2025,10,2025_10_DET_WAS,DET,00-0035685,65151ce5-a920-4dc2-8bb0-ad8bdeea7a46,D.Montgomery,RB,nfl-player-v1,0,36.738,3.186,0.524,0,0.219,0.006,0.2011
2025,10,2025_10_DET_WAS,DET,00-0040669,4933a1b2-3cd6-4268-a60f-3b7b98622bbf,I.TeSlaa,WR,nfl-player-v1,0,0,6.38,0.749,0,0,0,0.005
2025,10,2025_10_DET_WAS,DET,00-0039139,29347caa-e7e1-4745-a79a-e2a210fe4fda,J.Gibbs,RB,nfl-player-v1,0,38.395,5.681,0.896,0,0.562,0.026,0.4441
2025,10,2025_10_DET_WAS,DET,00-0033106,a631bebf-08bd-40de-b474-1e57605a1574,J.Goff,QB,nfl-player-v1,114.291,4.361,0,0,0.716,0,0,0.005
2025,10,2025_10_DET_WAS,DET,00-0037240,975d437e-c293-4704-8573-68420a22d271,J.Williams,WR,nfl-player-v1,0,0,18.487,2.019,0,0,0.02,0.02
2025,10,2025_10_DET_WAS,DET,00-0034577,ed4bbe3b-6b63-4451-a5f2-c6fdeb807037,K.Allen,QB,nfl-player-v1,99.202,4.235,0,0,0.621,0,0,0.005
2025,10,2025_10_DET_WAS,DET,00-0032464,1525a1a7-7b4c-4fc8-82e3-d0e3d8049507,K.Raymond,WR,nfl-player-v1,0,0.264,12.057,1.357,0,0,0.014,0.0138
2025,10,2025_10_DET_WAS,DET,00-0034073,4ecefbab-7ea8-4703-9753-7fa0adc53c43,R.Dwelley,,nfl-player-v1,0,0,6.127,0.723,0,0,0,0.005
2025,10,2025_10_DET_WAS,DET,00-0039065,efba363a-c6ab-4be9-998e-072e065fc2b9,S.LaPorta,TE,nfl-player-v1,0,0,14.154,1.579,0,0,0.016,0.0157
2025,10,2025_10_DET_WAS,DET,00-0039364,0dfeace1-56b3-4ada-a16d-60734cb9be80,S.Vaki,RB,nfl-player-v1,0,8.114,2.471,0.412,0,0,0,0.005
2025,10,2025_10_PHI_GB,GB,00-0037091,e71f068d-ac9d-4f78-8099-e1eea965dc74,B.Melton,DB,nfl-player-v1,0,0,13.657,1.544,0,0,0,0.005
2025,10,2025_10_PHI_GB,GB,00-0038124,12c85e25-4ab3-432a-8046-7f8b9f971f0e,C.Watson,WR,nfl-player-v1,0,0,12.033,1.372,0,0,0,0.005
2025,10,2025_10_PHI_GB,GB,00-0038393,c2ac0493-43d7-454b-9733-3e8161530921,D.Wicks,WR,nfl-player-v1,0,0,17.663,1.932,0,0,0,0.005
2025,10,2025_10_PHI_GB,GB,00-0038797,6572040d-90dd-479c-8d99-faf7175127c3,E.Wilson,RB,nfl-player-v1,0,8.447,3.239,0.532,0,0,0,0.005
2025,10,2025_10_PHI_GB,GB,00-0035700,1d87d00a-50b3-494c-a764-c0ff40e2a701,J.Jacobs,RB,nfl-player-v1,0,60.332,8.033,1.237,0,1.481,0.066,0.7872
2025,10,2025_10_PHI_GB,GB,00-0036264,537f0d83-5256-42bf-bc75-f956be1f26c5,J.Love,QB,nfl-player-v1,122.775,6.816,0,0,0.769,0,0,0.005
2025,10,2025_10_PHI_GB,GB,00-0039144,bb8a3825-74f1-4c85-880a-a3108c33b36b,L.Musgrave,TE,nfl-player-v1,0,0,10.066,1.153,0,0,0,0.005
2025,10,2025_10_PHI_GB,GB,00-0037816,a5673ce8-e626-4f8f-a1c0-7864036be6a3,R.Doubs,WR,nfl-player-v1,0,0,11.505,1.317,0,0,0,0.005
2025,10,2025_10_PHI_GB,GB,00-0040009,8d74f600-50f8-4f4b-a268-1bc959cc4edd,S.Williams,WR,nfl-player-v1,0,0,6.918,0.802,0,0,0,0.005
2025,10,2025_10_JAX_HOU,HOU,00-0034775,f9dd5323-f4d9-447e-8f5d-3e07ccece524,C.Kirk,WR,nfl-player-v1,0,0,8.73,1.016,0,0,0.007,0.0067
2025,10,2025_10_JAX_HOU,HOU,00-0036898,e4e1a50c-ec36-4d34-aa3f-d930cb755ef1,D.Mills,QB,nfl-player-v1,130.074,6.737,0,0,0.849,0.018,0,0.018
2025,10,2025_10_JAX_HOU,HOU,00-0034383,fe4c4fa7-73c1-43b7-8823-e75c27674ec2,D.Schultz,TE,nfl-player-v1,0,0,23.783,2.587,0,0,0.017,0.0171
2025,10,2025_10_JAX_HOU,HOU,00-0040130,321f2f7a-617b-4114-867a-7188cd496cff,J.Higgins,WR,nfl-player-v1,0,0,17.243,1.921,0,0,0.038,0.0377
2025,10,2025_10_JAX_HOU,HOU,00-0040138,e514b85a-324e-406e-880e-9c49fe37b12d,J.Noel,WR,nfl-player-v1,0,0,10.701,1.227,0,0,0.008,0.0081
2025,10,2025_10_JAX_HOU,HOU,00-0034791,489002b7-b67b-4d6a-80d9-6000e716b0ce,N.Chubb,RB,nfl-player-v1,0,21.855,3.238,0.534,0,0,0,0.005
2025,10,2025_10_JAX_HOU,HOU,00-0036554,b8dae940-0938-432d-9b8c-3fc0ae4c8906,N.Collins,WR,nfl-player-v1,0,0,33.589,3.546,0,0,0.165,0.1525
2025,10,2025_10_JAX_HOU,HOU,00-0040583,370bcf5e-ca00-4e72-b138-115538bdc569,W.Marks,RB,nfl-player-v1,0,49.373,4.459,0.722,0,0.485,0.014,0.3929
2025,10,2025_10_ATL_IND,IND,00-0032104,39c8ad89-a95a-4486-8c3d-ef8312e6ac3f,A.Abdullah,RB,nfl-player-v1,0,6.328,3.289,0.539,0,0,0,0.005
2025,10,2025_10_ATL_IND,IND,00-0035021,1a3a78db-f384-4fdd-b93c-ba5c57d9c84a,A.Dulin,WR,nfl-player-v1,0,0.202,4.804,0.569,0,0,0,0.005
2025,10,2025_10_ATL_IND,IND,00-0037664,6b78568e-15e7-485d-ab78-b85134c79c82,A.Pierce,WR,nfl-player-v1,0,0,18.615,2.027,0,0,0,0.005
2025,10,2025_10_ATL_IND,IND,00-0035710,154df07d-189d-4473-894a-f65ed36181fc,D.Jones,QB,nfl-player-v1,118.078,6.583,0,0,0.81,0.041,0,0.0403
2025,10,2025_10_ATL_IND,IND,00-0038997,5da8b083-96f7-43b0-8b97-365397bd59e6,J.Downs,WR,nfl-player-v1,0,0,7.926,0.92,0,0,0,0.005
2025,10,2025_10_ATL_IND,IND,00-0036223,d93096a9-946b-4b3c-a3b5-7a1498c91cae,J.Taylor,RB,nfl-player-v1,0,68.411,5.885,0.92,0,1.458,0.047,0.7781
2025,10,2025_10_ATL_IND,IND,00-0033217,97978f02-25a5-40fd-972c-1321c2671005,M.Alie-Cox,TE,nfl-player-v1,0,0,6.181,0.728,0,0,0,0.005
2025,10,2025_10_ATL_IND,IND,00-0036252,8b257ca3-4915-4a9f-9cc7-70bd81d7af59,M.Pittman,WR,nfl-player-v1,0,0,8.478,0.979,0,0,0,0.005
2025,10,2025_10_ATL_IND,IND,00-0037120,3d12ca35-8ab0-41ad-b980-b7fc82d41bab,T.Goodson,RB,nfl-player-v1,0,7.878,2.471,0.412,0,0,0,0.005
2025,10,2025_10_ATL_IND,IND,00-0040128,e72096d9-8234-4879-b3b4-9fd4bf4aac4e,T.Warren,TE,nfl-player-v1,0,0,28.2,2.932,0,0,0.029,0.0289
2025,10,2025_10_JAX_HOU,JAX,00-0036841,33dd338f-5de8-4760-8d4d-007f071cad8c,A.Trammell,WR,nfl-player-v1,0,0,11.403,1.296,0,0,0,0.005
2025,10,2025_10_JAX_HOU,JAX,00-0040719,9d78928b-8c2f-4c2e-84ff-879c358142a1,B.Tuten,RB,nfl-player-v1,0,14.338,4.438,0.713,0,0.081,0.008,0.0845
2025,10,2025_10_JAX_HOU,JAX,00-0036626,b51c7678-2594-4a59-98df-0fc272274fdf,D.Brown,WR,nfl-player-v1,0,0,6.726,0.791,0,0,0,0.005
2025,10,2025_10_JAX_HOU,JAX,00-0034960,55480340-bb90-4518-9695-e85dd3d36015,J.Meyers,WR,nfl-player-v1,0,0,11.854,1.34,0,0,0,0.005
2025,10,2025_10_JAX_HOU,JAX,00-0033246,0c3ec903-9025-436a-9ef3-d9eee09e93fb,J.Mundt,TE,nfl-player-v1,0,0,8.83,1.021,0,0,0,0.005
2025,10,2025_10_JAX_HOU,JAX,00-0040238,1fbfbedc-81ed-40ea-8bac-2007ea616902,L.Allen,RB,nfl-player-v1,0,6.197,3.416,0.559,0,0,0,0.005
2025,10,2025_10_JAX_HOU,JAX,00-0038606,ba986501-71a5-4c41-8836-02933c11efda,P.Washington,WR,nfl-player-v1,0,0.623,25.249,2.676,0,0.003,0.125,0.1202
2025,10,2025_10_JAX_HOU,JAX,00-0036973,13c9b1da-11e5-44db-b6e2-2ce94a697d63,T.Etienne,RB,nfl-player-v1,0,40.056,6.642,1.03,0,0.756,0.038,0.5481
2025,10,2025_10_JAX_HOU,JAX,00-0036971,d0738d0d-7cc8-49b9-882e-a1fb536c47e7,T.Lawrence,QB,nfl-player-v1,117.605,6.912,0,0,0.736,0,0,0.005
2025,10,2025_10_LA_SF,LA,00-0039738,e5a46115-0912-415a-b0ef-fc6459391e9c,B.Corum,RB,nfl-player-v1,0,36.123,2.498,0.416,0,0.253,0.006,0.2275
2025,10,2025_10_LA_SF,LA,00-0036244,5bfdeab0-8d49-4746-a2be-60598dcbcf43,C.Parkinson,TE,nfl-player-v1,0,0,13.987,1.571,0,0,0.055,0.0535
2025,10,2025_10_LA_SF,LA,00-0031381,6af876b7-d6ca-483e-bfab-51357985a24c,D.Adams,WR,nfl-player-v1,0,0,20.904,2.274,0,0,0.053,0.0517
2025,10,2025_10_LA_SF,LA,00-0039074,577995aa-5a21-4ce7-a655-476aa3b7d151,D.Allen,TE,nfl-player-v1,0,0,8.202,0.952,0,0,0.011,0.011
2025,10,2025_10_LA_SF,LA,00-0040590,802a6e31-ba99-42c3-b0dc-94b4eee5aab9,K.Mumpfield,WR,nfl-player-v1,0,0,7.73,0.904,0,0,0,0.005
2025,10,2025_10_LA_SF,LA,00-0037840,d499f341-a8ae-4bc2-a2d0-09cbdcbc82c8,K.Williams,RB,nfl-player-v1,0,39.466,4.86,0.779,0,0.406,0.016,0.3443
2025,10,2025_10_LA_SF,LA,00-0026498,7fc98b95-d8a9-461b-895c-675c835c87a6,M.Stafford,QB,nfl-player-v1,116.426,4.328,0,0,0.729,0,0,0.005
2025,10,2025_10_LA_SF,LA,00-0039075,cc8ed8e0-fd25-4c8f-bc2e-7c8b1975f241,P.Nacua,WR,nfl-player-v1,0,0,16.636,1.846,0,0,0,0.005
2025,10,2025_10_LA_SF,LA,00-0040737,4338c37a-86fe-4f3d-9b1e-af899ef9146b,T.Ferguson,TE,nfl-player-v1,0,0,11.226,1.286,0,0,0,0.005
2025,10,2025_10_LA_SF,LA,00-0033110,a21c681d-1ae5-4cc3-9b3e-29b4909192bb,T.Higbee,TE,nfl-player-v1,0,0,10.324,1.184,0,0,0,0.005
2025,10,2025_10_LA_SF,LA,00-0038359,ff0a0568-448e-46fb-88fa-838eb9c13099,X.Smith,WR,nfl-player-v1,0,0,6.424,0.755,0,0,0,0.005
2025,10,2025_10_PIT_LAC,LAC,00-0038573,1812ee0d-0029-49bc-8676-626a59248831,D.Davis,WR,nfl-player-v1,0,0,6.288,0.739,0,0,0,0.005
2025,10,2025_10_PIT_LAC,LAC,00-0036355,86721778-e183-4522-8ddc-55e00f17fbe7,J.Herbert,QB,nfl-player-v1,119.085,6.003,0,0,0.746,0,0,0.005
2025,10,2025_10_PIT_LAC,LAC,00-0036755,a58328de-728b-4d76-84ca-804686864dfc,J.Patterson,RB,nfl-player-v1,0,8.271,2.471,0.412,0,0,0,0.005
2025,10,2025_10_PIT_LAC,LAC,00-0030279,60f4cd06-05df-4280-add3-4cecee3a82d3,K.Allen,WR,nfl-player-v1,0,0,13.576,1.535,0,0,0.021,0.0213
2025,10,2025_10_PIT_LAC,LAC,00-0039391,533082ab-7fe9-4268-80bc-0139989251cf,K.Vidal,RB,nfl-player-v1,0,64.074,3.295,0.542,0,0.783,0.013,0.5491
2025,10,2025_10_PIT_LAC,LAC,00-0039915,7f5bf6e3-b07c-4361-bc95-0311908c7bf8,L.McConkey,WR,nfl-player-v1,0,0,15.943,1.774,0,0,0.05,0.0484
2025,10,2025_10_PIT_LAC,LAC,00-0040189,070528cf-a9c0-48c4-a759-be8a5cd3922f,O.Gadsden,TE,nfl-player-v1,0,0,15.435,1.724,0,0,0.072,0.0698
2025,10,2025_10_PIT_LAC,LAC,00-0038544,eb41f78e-bfc6-47e4-8f04-1d8b1231218f,Q.Johnston,WR,nfl-player-v1,0,0,24.968,2.678,0,0,0,0.005
2025,10,2025_10_PIT_LAC,LAC,00-0034270,5aff7be5-7bfe-4ff3-b286-81c0f9f0cd16,T.Conklin,TE,nfl-player-v1,0,0,6.288,0.739,0,0,0,0.005
2025,10,2025_10_PIT_LAC,LAC,00-0037654,0d83d213-d939-46f6-b48d-cbfa7e63c806,T.Fisk,TE,nfl-player-v1,0,0,6.288,0.739,0,0,0,0.005
2025,10,2025_10_PIT_LAC,LAC,00-0040727,ff157432-dabf-43cf-96af-8ff8ebad77a9,T.Harris,WR,nfl-player-v1,0,0,8.015,0.93,0,0,0,0.005
2025,10,2025_10_LV_DEN,LV,00-0040122,959ec041-e728-44e5-862c-b08ffa61a3f4,A.Jeanty,RB,nfl-player-v1,0,52.1,8.162,1.248,0,1.038,0.05,0.6629
2025,10,2025_10_LV_DEN,LV,00-0039338,3e1facee-6951-4b77-b51f-1f7a04250828,B.Bowers,TE,nfl-player-v1,0,0.331,11.557,1.316,0,0,0,0.005
2025,10,2025_10_LV_DEN,LV,00-0040581,5e310480-4f70-4fd6-9ede-56c1b6664853,D.Thornton,WR,nfl-player-v1,0,0,8.987,1.04,0,0,0,0.005
2025,10,2025_10_LV_DEN,LV,00-0030565,47424b84-c636-49c2-8a25-9d3de0d3b504,G.Smith,QB,nfl-player-v1,115.32,5.751,0,0,0.722,0,0,0.005
2025,10,2025_10_LV_DEN,LV,00-0040729,f49d31d5-7af7-4246-bd09-dd9bf49a5fea,J.Bech,WR,nfl-player-v1,0,0,6.675,0.786,0,0,0,0.005
2025,10,2025_10_LV_DEN,LV,00-0038102,ebe0b8de-695b-4d82-984f-1000e7f01541,K.Pickett,QB,nfl-player-v1,99.133,4.235,0,0,0.621,0,0,0.005
2025,10,2025_10_LV_DEN,LV,00-0039066,44db107c-a7ce-49ae-ba2b-dc3ae85181a0,M.Mayer,TE,nfl-player-v1,0,0,14.267,1.599,0,0,0.056,0.0544
2025,10,2025_10_LV_DEN,LV,00-0031687,e322f057-dca3-4242-83e0-4077db65cb28,R.Mostert,RB,nfl-player-v1,0,8.377,3.459,0.566,0,0,0,0.005
2025,10,2025_10_LV_DEN,LV,00-0032211,766ec4f5-92c5-4b06-a338-38a14f175030,T.Lockett,WR,nfl-player-v1,0,0,20.957,2.276,0,0,0,0.005
2025,10,2025_10_LV_DEN,LV,00-0038563,b59c0df7-c6c7-412f-8abd-2bf54a74bfa2,T.Tucker,WR,nfl-player-v1,0,0.329,11.742,1.33,0,0,0,0.005
2025,10,2025_10_BUF_MIA,MIA,00-0035125,12e216b4-a162-43d0-ba51-c53c2821df6e,A.Ingold,RB,nfl-player-v1,0,8.065,2.574,0.429,0,0,0,0.005
2025,10,2025_10_BUF_MIA,MIA,00-0039040,f169e606-4f09-4947-8eef-b701b27cf612,D.Achane,RB,nfl-player-v1,0,47.373,9.463,1.399,0,0.736,0.045,0.542
2025,10,2025_10_BUF_MIA,MIA,00-0037252,cb3d52be-8be1-4f0f-9853-bb42f129ee5f,G.Dulcich,TE,nfl-player-v1,0,0,13.062,1.466,0,0,0,0.005
2025,10,2025_10_BUF_MIA,MIA,00-0036613,f6b9b938-482f-4332-96e6-e3e566d9efb2,J.Waddle,WR,nfl-player-v1,0,0,23.818,2.516,0,0,0,0.005
2025,10,2025_10_BUF_MIA,MIA,00-0039874,53edb104-26c4-438b-8ac5-edf35458e1c6,J.Wright,RB,nfl-player-v1,0,14.218,2.471,0.412,0,0.121,0.007,0.1202
2025,10,2025_10_BUF_MIA,MIA,00-0039880,9f759ea4-6e4c-44b2-9eb1-44640e42493b,M.Washington,WR,nfl-player-v1,0,0.273,11.159,1.255,0,0.001,0.035,0.0354
2025,10,2025_10_BUF_MIA,MIA,00-0036182,723099fe-7e45-4cc2-9e19-be47b28fa150,N.Westbrook-Ikhine,WR,nfl-player-v1,0,0,6.851,0.8,0,0,0,0.005
2025,10,2025_10_BUF_MIA,MIA,00-0040198,6f1b239c-9e82-490d-abfd-2aa17a03f3a1,O.Gordon,RB,nfl-player-v1,0,6.577,2.099,0.35,0,0,0,0.005
2025,10,2025_10_BUF_MIA,MIA,00-0036212,25cc976d-3f53-414e-8503-80d7e5d5a513,T.Tagovailoa,QB,nfl-player-v1,106.798,4.304,0,0,0.669,0,0,0.005
2025,10,2025_10_BAL_MIN,MIN,00-0033293,35923ea3-b4c5-42ac-b0eb-c748169e8cdf,A.Jones,RB,nfl-player-v1,0,31.054,5.927,0.927,0,0.116,0.007,0.1154
2025,10,2025_10_BAL_MIN,MIN,00-0030035,f78e2b4f-796b-41c8-9af0-75caf042eb26,A.Thielen,,nfl-player-v1,0,0,9.355,1.083,0,0,0,0.005
2025,10,2025_10_BAL_MIN,MIN,00-0038994,5ce4d5c2-18c4-4c4d-b3a0-039eb4a3d989,J.Addison,WR,nfl-player-v1,0,0,23.949,2.614,0,0,0.067,0.0644
2025,10,2025_10_BAL_MIN,MIN,00-0036322,9bd851b9-cba5-4c2a-989a-792d495db187,J.Jefferson,WR,nfl-player-v1,0,0,28.562,3.067,0,0,0.117,0.1105
2025,10,2025_10_BAL_MIN,MIN,00-0037525,f3080ee8-3085-4c4a-8cb6-73cca736c41b,J.Mason,RB,nfl-player-v1,0,19.235,3.194,0.527,0,0.074,0.004,0.0752
2025,10,2025_10_BAL_MIN,MIN,00-0039923,6ccddb5c-777e-4767-8920-d6b85d950d14,J.McCarthy,QB,nfl-player-v1,125.272,7.709,0,0,0.816,0.021,0,0.0206
2025,10,2025_10_BAL_MIN,MIN,00-0037291,3c26dce6-b5d7-4026-b212-1b22c6b4a9e7,J.Nailor,WR,nfl-player-v1,0,0,15.116,1.697,0,0,0.043,0.0423
2025,10,2025_10_BAL_MIN,MIN,00-0035229,0993b895-f0b7-4d94-9a83-cb2895cf9093,T.Hockenson,TE,nfl-player-v1,0,0,7.733,0.902,0,0,0,0.005
2025,10,2025_10_NE_TB,NE,00-0032392,da501cdf-983b-48c5-9918-7569b745567c,A.Hooper,TE,nfl-player-v1,0,0,6.356,0.749,0,0,0,0.005
2025,10,2025_10_NE_TB,NE,00-0038621,bc093a81-2f9d-44f8-85cc-cb7d3f539296,D.Douglas,WR,nfl-player-v1,0,0.312,8.51,0.979,0,0,0,0.005
2025,10,2025_10_NE_TB,NE,00-0035628,f608ee90-c986-469d-b0d7-f7af91010dc5,D.Johnson,RB,nfl-player-v1,0,8.228,2.471,0.412,0,0.035,0.003,0.038
2025,10,2025_10_NE_TB,NE,00-0039851,c18b2fe3-1746-464c-9604-91eca99e8c5c,D.Maye,QB,nfl-player-v1,119.775,7.461,0,0,0.817,0.042,0,0.0416
2025,10,2025_10_NE_TB,NE,00-0033090,835b972d-7fc1-48d2-bfb6-4ad15a30a0a1,H.Henry,TE,nfl-player-v1,0,0,12.112,1.379,0,0,0.019,0.0191
2025,10,2025_10_NE_TB,NE,00-0039305,bfdba9dd-9ada-42df-a194-faabb73703c4,J.Westover,RB,nfl-player-v1,0,6.175,3.272,0.537,0,0,0,0.005
2025,10,2025_10_NE_TB,NE,00-0040131,8490b4f2-0ce0-429e-93d9-e5bf60f69adf,K.Williams,WR,nfl-player-v1,0,0,8.29,0.963,0,0,0,0.005
2025,10,2025_10_NE_TB,NE,00-0033555,927c45e7-007a-40b8-9592-815d97fbc701,M.Hollins,WR,nfl-player-v1,0,0,29.071,3.063,0,0,0.043,0.042
2025,10,2025_10_NE_TB,NE,00-0031588,8ea2703a-b355-44a5-a0d5-3ade7964e460,S.Diggs,WR,nfl-player-v1,0,0,23.031,2.482,0,0,0.035,0.0342
2025,10,2025_10_NE_TB,NE,00-0040734,8c7fdfc1-da82-46bd-8059-d38dfc782a85,T.Henderson,RB,nfl-player-v1,0,36.506,3.3,0.542,0,0.454,0.013,0.3733
2025,10,2025_10_NE_TB,NE,00-0039757,d056f4ac-cd4e-4ed9-ae55-2578d4598761,T.Jennings,RB,nfl-player-v1,0,14.54,2.471,0.412,0,0,0,0.005
2025,10,2025_10_NO_CAR,NO,00-0033906,c7b60e7b-fe31-4675-9e2b-66d4d9c7a2d4,A.Kamara,RB,nfl-player-v1,0,41.485,4.351,0.689,0,0.372,0.012,0.3194
2025,10,2025_10_NO_CAR,NO,00-0037239,3d8e6090-ab45-4750-a145-b5bc16812bc8,C.Olave,WR,nfl-player-v1,0,0,22.642,2.419,0,0,0.038,0.0369
2025,10,2025_10_NO_CAR,NO,00-0040202,6355a7d7-5a4b-4c0f-9407-f8d0669ab8c5,D.Neal,RB,nfl-player-v1,0,13.653,5.049,0.8,0,0,0,0.005
2025,10,2025_10_NO_CAR,NO,00-0039424,c5ddc36c-396d-4108-9137-e78b64ae84a8,D.Vele,WR,nfl-player-v1,0,0,9.971,1.143,0,0,0,0.005
2025,10,2025_10_NO_CAR,NO,00-0034981,2e81bc65-e42c-4ef5-a59e-e22633ad1100,F.Moreau,TE,nfl-player-v1,0,0,10.327,1.178,0,0,0.018,0.0182
2025,10,2025_10_NO_CAR,NO,00-0036040,e10fc805-9026-4fe2-8714-d074bd8ca1be,J.Johnson,TE,nfl-player-v1,0,0,12.923,1.445,0,0,0.022,0.0222
2025,10,2025_10_NO_CAR,NO,00-0033357,5034d52d-1292-4d87-a545-ef53884ca7e1,T.Hill,QB,nfl-player-v1,98.957,6.023,0,0,0.711,0.068,0,0.0656
2025,10,2025_10_NO_CAR,NO,00-0040743,c6b16d75-657b-44a5-9bf9-033769fc3460,T.Shough,QB,nfl-player-v1,110.474,4.673,0,0,0.692,0,0,0.005
2025,10,2025_10_NO_CAR,NO,00-0037340,77e7e669-8692-4170-bf99-1bdbcce99455,Z.Mitchell-Paden,TE,nfl-player-v1,0,0,6.577,0.771,0,0,0,0.005
2025,10,2025_10_NYG_CHI,NYG,00-0038115,7902e063-be70-413b-92a0-7ed450db8b6b,D.Bellinger,TE,nfl-player-v1,0,0,8.214,0.956,0,0,0.022,0.0221
2025,10,2025_10_NYG_CHI,NYG,00-0035250,e7d55b0c-e17e-4747-9f12-d3c5933b5e3e,D.Singletary,RB,nfl-player-v1,0,24.539,4.963,0.793,0,0.256,0.016,0.2379
2025,10,2025_10_NYG_CHI,NYG,00-0035535,2e5cbb33-2ffd-4dc1-af97-8edb43d325e6,D.Slayton,WR,nfl-player-v1,0,0,12.441,1.406,0,0,0,0.005
2025,10,2025_10_NYG_CHI,NYG,00-0035645,2d7eb92c-9618-4cf0-ae6f-cd4e3f9bfcbc,G.Olszewski,WR,nfl-player-v1,0,0,7.885,0.922,0,0,0.022,0.0213
2025,10,2025_10_NYG_CHI,NYG,00-0040691,df2c09c5-74cd-4fdf-907d-3b98983c4c2b,J.Dart,QB,nfl-player-v1,121.942,7.14,0,0,0.792,0.017,0,0.0167
2025,10,2025_10_NYG_CHI,NYG,00-0029263,2f65777c-88df-48e8-84f5-50d5b599b335,R.Wilson,QB,nfl-player-v1,96.972,4.552,0,0,0.63,0.012,0,0.012
2025,10,2025_10_NYG_CHI,NYG,00-0039847,7b9ebaff-f7d3-45f1-a0b0-07501c467f39,T.Johnson,TE,nfl-player-v1,0,0,22.499,2.429,0,0,0.028,0.0279
2025,10,2025_10_NYG_CHI,NYG,00-0039384,5f99ad3b-ac4f-409e-8699-ac3ba697ade3,T.Tracy,RB,nfl-player-v1,0,38.009,4.034,0.654,0,0.132,0.004,0.1271
2025,10,2025_10_NYG_CHI,NYG,00-0038117,36776784-59f3-4a60-a1e7-609889d4b6cb,W.Robinson,WR,nfl-player-v1,0,0,29.338,3.102,0,0,0,0.005
2025,10,2025_10_CLE_NYJ,NYJ,00-0040582,fa3a3931-e2a2-4cd4-8c08-c75bfc1098c0,A.Smith,WR,nfl-player-v1,0,0.265,4.81,0.569,0,0,0,0.005
2025,10,2025_10_CLE_NYJ,NYJ,00-0038120,735192a9-d468-49d0-b370-970c18fabac5,B.Hall,RB,nfl-player-v1,0,41.888,4.353,0.698,0,1.011,0.034,0.6481
2025,10,2025_10_CLE_NYJ,NYJ,00-0037740,74cc7436-fd66-4ec7-8ce4-61c742ca2f5a,G.Wilson,WR,nfl-player-v1,0,0,13.761,1.53,0,0,0,0.005
2025,10,2025_10_CLE_NYJ,NYJ,00-0039798,3a986b7a-a012-40ca-9f01-2aa8cd1484bd,I.Davis,RB,nfl-player-v1,0,10.909,4.201,0.674,0,0,0,0.005
2025,10,2025_10_CLE_NYJ,NYJ,00-0039451,80869be9-a016-466d-8e55-fbd21a0b51ec,I.Williams,WR,nfl-player-v1,0,0,8.532,0.981,0,0,0,0.005
2025,10,2025_10_CLE_NYJ,NYJ,00-0036945,d0778b59-dc20-4250-a23a-875e29d27acc,J.Fields,QB,nfl-player-v1,99.102,5.532,0,0,0.676,0.037,0,0.036
2025,10,2025_10_CLE_NYJ,NYJ,00-0037614,48a86180-2857-4c87-a70a-b3b156f158dc,J.Metchie,WR,nfl-player-v1,0,0.263,8.579,0.981,0,0,0,0.005
2025,10,2025_10_CLE_NYJ,NYJ,00-0037805,49ad0f0d-981d-4fc4-b589-2f6ecafc1b42,J.Ruckert,TE,nfl-player-v1,0,0,8.532,0.981,0,0,0,0.005
2025,10,2025_10_CLE_NYJ,NYJ,00-0040736,05d9b42e-040e-46c9-8a22-97abfe74c5ce,M.Taylor,TE,nfl-player-v1,0,0,12.812,1.44,0,0,0,0.005
2025,10,2025_10_CLE_NYJ,NYJ,00-0036427,7d05ed6f-f9df-44ae-b6d8-9fae7b2f7373,T.Johnson,WR,nfl-player-v1,0,0,8.112,0.943,0,0,0,0.005
2025,10,2025_10_PHI_GB,PHI,00-0035676,e97f648c-f826-40a0-a562-437d2714fd40,A.Brown,WR,nfl-player-v1,0,0,10.927,1.24,0,0,0,0.005
2025,10,2025_10_PHI_GB,PHI,00-0034351,fa192789-c280-45f1-b92c-b3d6a2e97cb5,D.Goedert,TE,nfl-player-v1,0,0,18.401,1.996,0,0,0,0.005
2025,10,2025_10_PHI_GB,PHI,00-0036912,d0e121df-25e6-4268-9e79-b99acb8e9160,D.Smith,WR,nfl-player-v1,0,0,20.835,2.235,0,0,0,0.005
2025,10,2025_10_PHI_GB,PHI,00-0037086,8735f01e-d001-4390-9408-f3de8989eca3,G.Calcaterra,TE,nfl-player-v1,0,0,6.368,0.749,0,0,0,0.005
2025,10,2025_10_PHI_GB,PHI,00-0037741,6d4cdf27-b583-4056-b59d-95182c15301b,J.Dotson,WR,nfl-player-v1,0,0,6.368,0.749,0,0,0,0.005
2025,10,2025_10_PHI_GB,PHI,00-0036389,c415d118-a039-407a-a350-3e89d8042e25,J.Hurts,QB,nfl-player-v1,113.279,6.373,0,0,0.709,0,0,0.005
2025,10,2025_10_PHI_GB,PHI,00-0034844,9a93ddfe-033a-4098-acc7-9be147087ec8,S.Barkley,RB,nfl-player-v1,0,47.226,5.378,0.847,0,0,0,0.005
2025,10,2025_10_PHI_GB,PHI,00-0038555,f6e1063b-4d79-4005-b44c-7621b0f82a81,T.Bigsby,RB,nfl-player-v1,0,11.155,2.471,0.412,0,0.24,0.016,0.2259
2025,10,2025_10_PHI_GB,PHI,00-0039746,53f7c2dd-3fec-4e55-9991-00e4d7c2fc74,W.Shipley,RB,nfl-player-v1,0,13.07,4.218,0.677,0,0,0,0.005
2025,10,2025_10_PIT_LAC,PIT,00-0023459,9cd40a7b-735b-4670-bf0e-4d357c5b3e10,A.Rodgers,QB,nfl-player-v1,116.708,4.325,0,0,0.731,0,0,0.005
2025,10,2025_10_PIT_LAC,PIT,00-0037837,bb6900c7-cf17-450b-b596-4a3542add3ef,C.Austin,WR,nfl-player-v1,0,0,22.619,2.483,0,0,0,0.005
2025,10,2025_10_PIT_LAC,PIT,00-0035640,4aefe4b3-05d4-4513-8386-ceefefe04e87,D.Metcalf,WR,nfl-player-v1,0,0,23.214,2.537,0,0,0.089,0.085
2025,10,2025_10_PIT_LAC,PIT,00-0038558,f011864a-8a7b-4638-b49f-d229e07bcfea,D.Washington,TE,nfl-player-v1,0,0,7.212,0.845,0,0,0,0.005
2025,10,2025_10_PIT_LAC,PIT,00-0033858,8b8c7b1a-90f6-4931-b9d8-3c8cfb0c920b,J.Smith,TE,nfl-player-v1,0,0,9.351,1.085,0,0,0,0.005
2025,10,2025_10_PIT_LAC,PIT,00-0037228,23de35af-3a1c-4ae7-9ea4-954a48d78d6a,J.Warren,RB,nfl-player-v1,0,49.32,4.649,0.751,0,0.501,0.015,0.4029
2025,10,2025_10_PIT_LAC,PIT,00-0036919,8a95e757-cf19-40cd-9cc1-77255bb487f1,K.Gainwell,RB,nfl-player-v1,0,6.269,5.694,0.905,0,0.066,0.018,0.0811
2025,10,2025_10_PIT_LAC,PIT,00-0040142,d4eda4a8-fe86-4f99-a138-c013a635acf3,K.Johnson,RB,nfl-player-v1,0,11.877,2.471,0.412,0,0,0,0.005
2025,10,2025_10_PIT_LAC,PIT,00-0036894,07b45f1c-fb0a-40db-939b-4ee4836e9343,P.Freiermuth,TE,nfl-player-v1,0,0,12.303,1.4,0,0,0,0.005
2025,10,2025_10_PIT_LAC,PIT,00-0039739,b440a63e-d001-42e8-90e2-054da5ac8f79,R.Wilson,WR,nfl-player-v1,0,0,11.718,1.339,0,0,0,0.005
2025,10,2025_10_ARI_SEA,SEA,00-0039793,1359d114-9fb9-4783-8101-efdec545f961,A.Barner,TE,nfl-player-v1,0,0.345,4.118,0.486,0,0,0,0.005
2025,10,2025_10_ARI_SEA,SEA,00-0033908,42465aa3-53c4-4afb-bf91-0ac136659ba3,C.Kupp,WR,nfl-player-v1,0,0,10.906,1.219,0,0,0,0.005
2025,10,2025_10_ARI_SEA,SEA,00-0035704,9ec9efb2-44ce-4711-a31b-28d1fa715294,D.Lock,QB,nfl-player-v1,98.79,4.571,0,0,0.619,0,0,0.005
2025,10,2025_10_ARI_SEA,SEA,00-0040739,6705ba1e-91f0-4d99-81fe-b1a147c65a6d,E.Arroyo,TE,nfl-player-v1,0,0,8.592,0.991,0,0,0,0.005
2025,10,2025_10_ARI_SEA,SEA,00-0039299,da36047b-a068-4cc0-8119-0179cef16707,G.Holani,RB,nfl-player-v1,0,15.116,2.488,0.415,0,0.138,0.007,0.135
2025,10,2025_10_ARI_SEA,SEA,00-0038543,8d9cebd3-3534-48a0-a4e9-2c0ebc5c1c94,J.Smith-Njigba,WR,nfl-player-v1,0,0,36.846,3.705,0,0,0,0.005
2025,10,2025_10_ARI_SEA,SEA,00-0038134,593d9bcd-2ae1-41ca-bf16-2d3c62d5b196,K.Walker,RB,nfl-player-v1,0,24.625,4.075,0.656,0,0.291,0.015,0.2633
2025,10,2025_10_ARI_SEA,SEA,00-0040058,e80a6410-8da7-42e6-a410-a9eec7de37ca,N.Kallerup,TE,nfl-player-v1,0,0,7.832,0.913,0,0,0.009,0.0091
2025,10,2025_10_ARI_SEA,SEA,00-0037545,0a931859-dbbe-4421-8bdc-ee6094237041,R.Shaheed,WR,nfl-player-v1,0,0.402,8.312,0.95,0,0,0.01,0.0099
2025,10,2025_10_ARI_SEA,SEA,00-0034869,3a4bd5d6-8b01-4324-8449-d0f7c2059e36,S.Darnold,QB,nfl-player-v1,104.033,4.581,0,0,0.651,0,0,0.005
2025,10,2025_10_ARI_SEA,SEA,00-0039165,7bb1ecbd-ce2a-443f-881d-e3f993b6a1c0,Z.Charbonnet,RB,nfl-player-v1,0,24.43,2.499,0.417,0,0.293,0.01,0.2608
2025,10,2025_10_LA_SF,SF,00-0037746,00b3cb74-e58d-4660-b1df-2376a82120b6,B.Robinson,RB,nfl-player-v1,0,28.196,3.175,0.523,0,0.25,0.009,0.2279
2025,10,2025_10_LA_SF,SF,00-0033280,ae3498a3-f309-4ea2-a3c1-031f013cc394,C.McCaffrey,RB,nfl-player-v1,0,43.163,11.356,1.699,0,0.453,0.036,0.3867
2025,10,2025_10_LA_SF,SF,00-0032775,03ab017e-f181-4486-9661-1c6485dedf19,D.Robinson,WR,nfl-player-v1,0,0,11.385,1.302,0,0,0,0.005
2025,10,2025_10_LA_SF,SF,00-0033288,6ef21d58-07b4-49a0-9e4b-ab6e4f527023,G.Kittle,TE,nfl-player-v1,0,0,22.596,2.446,0,0,0.072,0.0695
2025,10,2025_10_LA_SF,SF,00-0036259,046bd3b8-161d-4c19-9816-df5ce3e96947,J.Jennings,WR,nfl-player-v1,0,0,24.22,2.628,0,0,0.039,0.038
2025,10,2025_10_LA_SF,SF,00-0033307,77cbc405-dc41-40e4-b0bd-dd8a73396612,K.Bourne,WR,nfl-player-v1,0,0,6.34,0.747,0,0,0,0.005
2025,10,2025_10_LA_SF,SF,00-0029892,86ed80c1-0dd7-4c07-a0b3-cea9fab60c0a,K.Juszczyk,RB,nfl-player-v1,0,6.358,4.002,0.652,0,0.014,0.003,0.0169
2025,10,2025_10_LA_SF,SF,00-0036887,d379e74d-8a48-4767-b405-a32b09db1b28,L.Farrell,TE,nfl-player-v1,0,0,8.011,0.933,0,0,0.007,0.0069
2025,10,2025_10_LA_SF,SF,00-0036972,074db5dc-6d97-4108-a542-20e6cb42f4a6,M.Jones,QB,nfl-player-v1,124.517,5.181,0,0,0.798,0.008,0,0.0077
2025,10,2025_10_LA_SF,SF,00-0038090,6e757178-0d20-49cf-a88a-c4b47817ff31,S.Moore,WR,nfl-player-v1,0,0,6.34,0.747,0,0,0,0.005
2025,10,2025_10_NE_TB,TB,00-0034855,56c2266e-4dc1-4c37-8f44-6323a36613de,B.Mayfield,QB,nfl-player-v1,123.94,4.431,0,0,0.776,0,0,0.005
2025,10,2025_10_NE_TB,TB,00-0038129,4f63ff11-fe96-4aa7-9831-9536b01dd6a9,C.Otton,TE,nfl-player-v1,0,0,27.791,2.969,0,0,0,0.005
2025,10,2025_10_NE_TB,TB,00-0040129,bac91e1b-f24a-431e-a656-d23a3ef5e9f5,E.Egbuka,WR,nfl-player-v1,0,0.379,28.697,3.058,0,0.002,0.161,0.1502
2025,10,2025_10_NE_TB,TB,00-0039589,c6d8d2bd-0280-4607-8d52-54f84bf7437f,K.Johnson,WR,nfl-player-v1,0,0.362,6.075,0.714,0,0,0,0.005
2025,10,2025_10_NE_TB,TB,00-0039050,81d627df-5832-4cbb-aba3-726d68c6fc3d,P.Durham,TE,nfl-player-v1,0,0,6.043,0.714,0,0,0,0.005
2025,10,2025_10_NE_TB,TB,00-0037256,af7855b9-7e3c-41da-a2b8-8c7f6cd88bee,R.White,RB,nfl-player-v1,0,36.247,6.162,0.975,0,0.186,0.01,0.1781
2025,10,2025_10_NE_TB,TB,00-0032385,2036bbd6-7375-422e-bdbc-7822b5bffdce,S.Shepard,WR,nfl-player-v1,0,0.372,11.073,1.263,0,0,0,0.005
2025,10,2025_10_NE_TB,TB,00-0038951,0b1f5016-8cbc-4512-8a82-0d3f67416080,S.Tucker,RB,nfl-player-v1,0,33.014,3.896,0.636,0,0,0,0.005
2025,10,2025_10_NE_TB,TB,00-0040237,5c294442-eaea-4ed0-a4fd-c33a7509bf48,T.Johnson,WR,nfl-player-v1,0,0,12.872,1.462,0,0,0.077,0.0739
2025,10,2025_10_DET_WAS,WAS,00-0039912,d51d0bd1-4241-43c7-a184-bd961c56c283,B.Sinnott,TE,nfl-player-v1,0,0,6.861,0.802,0,0,0.008,0.008
2025,10,2025_10_DET_WAS,WAS,00-0038611,910e0e65-f202-42a6-afa5-c4a2cebe4b2a,C.Rodriguez,RB,nfl-player-v1,0,17.129,2.474,0.412,0,0.052,0.002,0.053
2025,10,2025_10_DET_WAS,WAS,00-0035719,7bb0990e-39c4-4d54-9fd7-b1d9bc9d8288,D.Samuel,WR,nfl-player-v1,0,0,19.599,2.124,0,0,0.085,0.0814
2025,10,2025_10_DET_WAS,WAS,00-0036628,39aece1e-9831-497f-bfe7-f67b9499fc9c,J.Bates,TE,nfl-player-v1,0,0,8.743,1.01,0,0,0,0.005
2025,10,2025_10_DET_WAS,WAS,00-0040242,25d9ee1b-68c9-4de4-ad0f-25efe8210850,J.Croskey-Merritt,RB,nfl-player-v1,0,29.013,2.524,0.421,0,0.261,0.007,0.235
2025,10,2025_10_DET_WAS,WAS,00-0040164,8f6e73b4-1f9c-4db2-b36b-660751127569,J.Lane,WR,nfl-player-v1,0,0,6.861,0.802,0,0,0,0.005
2025,10,2025_10_DET_WAS,WAS,00-0033955,01c9d65e-2883-4bde-a469-45abe5508fee,J.McNichols,RB,nfl-player-v1,0,15.391,3.394,0.555,0,0.093,0.006,0.0946
2025,10,2025_10_DET_WAS,WAS,00-0032268,48b54b83-0ee8-4633-88ca-470939b150e0,M.Mariota,QB,nfl-player-v1,112.877,6.327,0,0,0.729,0.013,0,0.0128
2025,10,2025_10_DET_WAS,WAS,00-0032688,6dfad441-da4a-4c4d-b1b3-e0d84ae28f96,R.Chosen,WR,nfl-player-v1,0,0,13.096,1.476,0,0,0,0.005
2025,10,2025_10_DET_WAS,WAS,00-0037742,4c813722-0f2e-4c3b-ae06-bf0e4b32e2f0,T.Burks,WR,nfl-player-v1,0,0,11.735,1.324,0,0,0,0.005
2025,10,2025_10_DET_WAS,WAS,00-0030061,f42aa3a3-06fe-490e-afb7-07a36d947c7c,Z.Ertz,TE,nfl-player-v1,0,0,17.266,1.893,0,0,0.019,0.0187
2025,11,2025_11_SF_ARI,ARI,00-0035876,41013c19-aa50-416f-aa97-1357e9ebdbd8,A.Baccellia,WR,nfl-player-v1,0,0,5.775,0.682,0,0,0.006,0.0056
2025,11,2025_11_SF_ARI,ARI,00-0038705,de81a074-52e4-452a-a923-496eddc6a5d0,E.Demercado,RB,nfl-player-v1,0,28.808,4.016,0.654,0,0,0,0.005
2025,11,2025_11_SF_ARI,ARI,00-0039041,1b207068-6c7e-480f-9923-06f2128115d6,E.Higgins,TE,nfl-player-v1,0,0,8.014,0.934,0,0,0.008,0.0077
2025,11,2025_11_SF_ARI,ARI,00-0035500,8d89d9ff-87bf-47c7-bdb7-6387fd2063b9,G.Dortch,WR,nfl-player-v1,0,0,12.23,1.39,0,0,0.023,0.0226
2025,11,2025_11_SF_ARI,ARI,00-0033119,237a8679-0c0a-480b-870d-514d0c50523f,J.Brissett,QB,nfl-player-v1,130.888,6.184,0,0,0.862,0.021,0,0.0203
2025,11,2025_11_SF_ARI,ARI,00-0036924,324eed4d-0d36-4dcf-818b-f956af29d709,M.Carter,RB,nfl-player-v1,0,15.661,6.41,1.011,0,0.116,0.014,0.122
2025,11,2025_11_SF_ARI,ARI,00-0038559,befb93dc-de67-4344-9d23-a1fa6a9d682f,Mi.Wilson,WR,nfl-player-v1,0,0,32.74,3.431,0,0,0,0.005
2025,11,2025_11_SF_ARI,ARI,00-0037744,87b536c6-701f-4a71-b52e-0d8f7d4ec694,T.McBride,TE,nfl-player-v1,0,0,21.208,2.315,0,0,0.057,0.0556
2025,11,2025_11_SF_ARI,ARI,00-0039521,12f8c048-b279-4f65-b939-fdbe8ede05c4,X.Weaver,WR,nfl-player-v1,0,0,8.187,0.954,0,0,0.008,0.0078
2025,11,2025_11_SF_ARI,ARI,00-0037157,efbc865a-57b4-4ae3-ab3d-27d27dffa258,Z.Knight,RB,nfl-player-v1,0,28.519,3.895,0.629,0,0.21,0.009,0.1967
2025,11,2025_11_CAR_ATL,ATL,00-0038542,8f5e333b-8cac-493f-8be3-093a3f12c027,B.Robinson,RB,nfl-player-v1,0,56.671,7.038,1.088,0,1.46,0.058,0.7809
2025,11,2025_11_CAR_ATL,ATL,00-0037238,892d7782-1ecc-4137-aeb0-9e80c69e4034,D.London,WR,nfl-player-v1,0,0,21.891,2.318,0,0,0,0.005
2025,11,2025_11_CAR_ATL,ATL,00-0036309,e318bcf4-6f17-4a62-ba7b-9283a4aab86c,D.Mooney,WR,nfl-player-v1,0,0,18.537,2.034,0,0,0,0.005
2025,11,2025_11_CAR_ATL,ATL,00-0035359,601ce504-9f08-487d-b968-f6e884c7fdfb,D.Sills,WR,nfl-player-v1,0,0,8.087,0.939,0,0,0,0.005
2025,11,2025_11_CAR_ATL,ATL,00-0029604,c3485017-7a48-4b69-8957-97f4e26303ea,K.Cousins,QB,nfl-player-v1,106.146,4.801,0,0,0.665,0,0,0.005
2025,11,2025_11_CAR_ATL,ATL,00-0034854,70c21b27-a370-48f6-8df7-7fe5c9c1801c,K.Hodge,WR,nfl-player-v1,0,0,6.26,0.738,0,0,0,0.005
2025,11,2025_11_CAR_ATL,ATL,00-0036970,40dfaab3-2886-438e-a325-a15f68d1f3c8,K.Pitts,TE,nfl-player-v1,0,0,10.164,1.164,0,0,0,0.005
2025,11,2025_11_CAR_ATL,ATL,00-0039917,ab213147-61d9-49a3-a662-0e2a31cc80f2,M.Penix,QB,nfl-player-v1,108.09,4.853,0,0,0.677,0,0,0.005
2025,11,2025_11_CAR_ATL,ATL,00-0037263,3d48d76e-acf1-404a-ba84-79e0d1d0e3fc,T.Allgeier,RB,nfl-player-v1,0,12.357,4.147,0.67,0,0.087,0.009,0.0916
2025,11,2025_11_BAL_CLE,BAL,00-0038046,6f5a73e0-41fa-40ec-aa08-ce3f64fad723,C.Kolar,TE,nfl-player-v1,0,0,6.508,0.766,0,0,0.008,0.0082
2025,11,2025_11_BAL_CLE,BAL,00-0032764,31b668ff-08d5-4913-8678-4c5c2fb906ca,D.Henry,RB,nfl-player-v1,0,44.433,4.473,0.72,0,0.697,0.022,0.5128
2025,11,2025_11_BAL_CLE,BAL,00-0030564,1bd6ba6e-0334-4184-a6f8-4d5dcf7c276f,D.Hopkins,WR,nfl-player-v1,0,0,12.894,1.46,0,0,0,0.005
2025,11,2025_11_BAL_CLE,BAL,00-0037838,ae5846b3-e4d7-42a1-bd13-81760f0a83b2,I.Likely,TE,nfl-player-v1,0,0,11.193,1.275,0,0,0.014,0.0136
2025,11,2025_11_BAL_CLE,BAL,00-0038454,4c8b2a02-d4ab-4896-af38-2a000c2591f3,K.Mitchell,RB,nfl-player-v1,0,18.914,5.503,0.87,0,0.121,0.011,0.1237
2025,11,2025_11_BAL_CLE,BAL,00-0034796,4c6e84b3-2283-4d86-8f7b-019a185c6764,L.Jackson,QB,nfl-player-v1,114.944,5.277,0,0,0.744,0.012,0,0.0117
2025,11,2025_11_BAL_CLE,BAL,00-0034753,3c8c24b6-f2b3-4130-86e6-389a16aa6104,M.Andrews,TE,nfl-player-v1,0,0.302,16.391,1.809,0,0.001,0.039,0.0389
2025,11,2025_11_BAL_CLE,BAL,00-0039796,4e18e3ca-b72d-4c47-ba00-865ad3e61750,R.Ali,RB,nfl-player-v1,0,6.334,3.453,0.565,0,0,0,0.005
2025,11,2025_11_BAL_CLE,BAL,00-0036630,adb9f484-c700-4ebd-bc00-daf4daed3f65,T.Wallace,WR,nfl-player-v1,0,0,6.508,0.766,0,0,0,0.005
2025,11,2025_11_BAL_CLE,BAL,00-0039064,a4c95f75-76ae-4729-b36b-053b14fb2a51,Z.Flowers,WR,nfl-player-v1,0,0.302,16.391,1.809,0,0,0,0.005
2025,11,2025_11_TB_BUF,BUF,00-0033282,8fb77061-caa4-4ab3-93ac-3f435b1dad39,C.Samuel,WR,nfl-player-v1,0,0,10.286,1.18,0,0,0,0.005
2025,11,2025_11_TB_BUF,BUF,00-0035689,83978a45-a7da-408d-a462-426f5444a908,D.Knox,TE,nfl-player-v1,0,0,9.973,1.149,0,0,0,0.005
2025,11,2025_11_TB_BUF,BUF,00-0036196,8ab795f5-aeff-4a6a-99bd-51e581210daa,G.Davis,WR,nfl-player-v1,0,0,12.543,1.42,0,0,0.02,0.0197
2025,11,2025_11_TB_BUF,BUF,00-0034857,32369b37-6bce-4910-acfa-f658676697d3,J.Allen,QB,nfl-player-v1,121.618,8.011,0,0,0.897,0.09,0,0.0865
2025,11,2025_11_TB_BUF,BUF,00-0037248,61da158c-dacb-4567-8ec7-9521d0868e5f,J.Cook,RB,nfl-player-v1,0,44.45,5.149,0.822,0,0.361,0.013,0.3123
2025,11,2025_11_TB_BUF,BUF,00-0036988,df43fb4f-7e20-4384-83d0-fc24bbea7428,J.Palmer,WR,nfl-player-v1,0,0,14.393,1.621,0,0,0,0.005
2025,11,2025_11_TB_BUF,BUF,00-0040363,cbf4e427-44ca-43bc-bcb0-76966109ee25,K.Latu,TE,nfl-player-v1,0,0,6.434,0.755,0,0,0,0.005
2025,11,2025_11_TB_BUF,BUF,00-0037261,a182f320-892e-4344-8c39-d03ec8d397c4,K.Shakir,WR,nfl-player-v1,0,0,10.188,1.174,0,0,0,0.005
2025,11,2025_11_TB_BUF,BUF,00-0035140,6d4ad627-0c8f-4380-9545-0d937be0ca6c,M.Hardman,WR,nfl-player-v1,0,0,6.309,0.744,0,0,0,0.005
2025,11,2025_11_TB_BUF,BUF,00-0036187,04f69e0b-561d-4acd-a4da-f4ed2e8ef151,R.Gilliam,RB,nfl-player-v1,0,6.174,3.249,0.534,0,0.027,0.004,0.0304
2025,11,2025_11_TB_BUF,BUF,00-0038679,0007cf4b-7ab2-42a0-a8b5-54ac02754320,T.Shavers,WR,nfl-player-v1,0,0,14.823,1.655,0,0,0,0.005
2025,11,2025_11_TB_BUF,BUF,00-0035537,7927f661-8fb2-47a7-988d-d39a7c8038be,Ty.Johnson,RB,nfl-player-v1,0,8.659,4.23,0.685,0,0.037,0.005,0.0414
2025,11,2025_11_CAR_ATL,CAR,00-0038840,fd80a968-a921-45e8-a684-5bea39ff69b1,B.Tremayne,WR,nfl-player-v1,0,0,7.858,0.917,0,0,0,0.005
2025,11,2025_11_CAR_ATL,CAR,00-0039150,c28c1088-1b0f-497f-bfdb-1a7a9cde1e89,B.Young,QB,nfl-player-v1,124.841,4.302,0,0,0.782,0,0,0.005
2025,11,2025_11_CAR_ATL,CAR,00-0036555,e4fb467c-29b4-4025-8e7f-05d9ee9ca744,C.Hubbard,RB,nfl-player-v1,0,18.193,4.416,0.714,0,0.073,0.005,0.0758
2025,11,2025_11_CAR_ATL,CAR,00-0039491,0a50de21-d75b-4e1e-86c9-191b0dccffec,J.Coker,WR,nfl-player-v1,0,0,12.581,1.432,0,0,0.01,0.0095
2025,11,2025_11_CAR_ATL,CAR,00-0039356,38d1f118-d4b1-4550-932e-ebfebfb25c98,J.Sanders,TE,nfl-player-v1,0,0,10.677,1.223,0,0,0.008,0.0081
2025,11,2025_11_CAR_ATL,CAR,00-0040187,4c908559-bee0-4e03-892b-acb185733f1c,M.Evans,TE,nfl-player-v1,0,0,7.522,0.878,0,0,0,0.005
2025,11,2025_11_CAR_ATL,CAR,00-0036139,5247cf70-ccdc-4fee-abb5-56faa544291f,R.Dowdle,RB,nfl-player-v1,0,68.573,7.67,1.194,0,1.312,0.045,0.7428
2025,11,2025_11_CAR_ATL,CAR,00-0040644,fb47152c-3c47-4517-aafd-6bb67424d19d,T.Etienne,RB,nfl-player-v1,0,9.086,2.471,0.412,0,0,0,0.005
2025,11,2025_11_CAR_ATL,CAR,00-0040124,fe874b96-e2c0-4f68-9815-af65b06e6738,T.McMillan,WR,nfl-player-v1,0,0,26.161,2.817,0,0,0.075,0.0724
2025,11,2025_11_CAR_ATL,CAR,00-0037005,2a5af105-ecb4-4ae4-89c6-d47b7b108737,T.Tremble,TE,nfl-player-v1,0,0,7.421,0.869,0,0,0.006,0.0058
2025,11,2025_11_CAR_ATL,CAR,00-0039342,2f0f3999-0f08-41d7-83f3-7bf733899142,X.Legette,WR,nfl-player-v1,0,0,17.34,1.936,0,0,0.013,0.0128
2025,11,2025_11_CHI_MIN,CHI,00-0036290,e20adbbe-669d-4d26-b64a-84332cd2acfd,C.Kmet,TE,nfl-player-v1,0,0,14.831,1.642,0,0,0,0.005
2025,11,2025_11_CHI_MIN,CHI,00-0040126,20e5eda2-e6a7-45e5-8ed5-958a5d49a8ae,C.Loveland,TE,nfl-player-v1,0,0,11.975,1.351,0,0,0.021,0.0208
2025,11,2025_11_CHI_MIN,CHI,00-0039918,d3372f7c-27eb-47ac-9d90-facef898a40f,C.Williams,QB,nfl-player-v1,117.438,5.799,0,0,0.772,0.018,0,0.018
2025,11,2025_11_CHI_MIN,CHI,00-0034827,d366aedd-7ef1-47c6-a3bb-637a4559f332,D.Moore,WR,nfl-player-v1,0,0.217,9.91,1.135,0,0,0,0.005
2025,11,2025_11_CHI_MIN,CHI,00-0034798,9242a171-f0ef-4b07-a145-63e7b6f3999d,D.Smythe,TE,nfl-player-v1,0,0,9.544,1.097,0,0,0,0.005
2025,11,2025_11_CHI_MIN,CHI,00-0036275,49aefcdc-6cec-4beb-84e1-ba08880d15d6,D.Swift,RB,nfl-player-v1,0,45.927,3.258,0.534,0,0.634,0.014,0.4771
2025,11,2025_11_CHI_MIN,CHI,00-0040236,08e87151-52f8-40cb-a625-42c1703b9eec,K.Monangai,RB,nfl-player-v1,0,27.978,3.209,0.526,0,0.261,0.009,0.237
2025,11,2025_11_CHI_MIN,CHI,00-0040735,7f3e9ce8-9c8d-4d38-b381-3e43b24bf041,L.Burden,WR,nfl-player-v1,0,0,13.713,1.532,0,0,0,0.005
2025,11,2025_11_CHI_MIN,CHI,00-0039919,118470e6-4c10-41fd-9c53-8f079c8747aa,R.Odunze,WR,nfl-player-v1,0,0,15.718,1.747,0,0,0.027,0.0268
2025,11,2025_11_CHI_MIN,CHI,00-0035594,2f438cff-7f2a-46e7-b3b1-0ab1d0fe8aa4,T.Homer,RB,nfl-player-v1,0,7.916,2.471,0.412,0,0,0,0.005
2025,11,2025_11_CIN_PIT,CIN,00-0038619,7da25b9b-7510-4f92-98a5-2cb63cd6aa2d,A.Iosivas,WR,nfl-player-v1,0,0,11.387,1.301,0,0,0,0.005
2025,11,2025_11_CIN_PIT,CIN,00-0038597,5b052584-0cb1-4079-abf3-1c8954958e62,C.Brown,RB,nfl-player-v1,0,62.359,9.212,1.404,0,0.494,0.022,0.4035
2025,11,2025_11_CIN_PIT,CIN,00-0036900,fa88fc04-ab72-4b44-b18f-196905155362,J.Chase,WR,nfl-player-v1,0,0,22.865,2.5,0,0,0.14,0.1307
2025,11,2025_11_CIN_PIT,CIN,00-0026158,371e6c01-3f61-411c-8675-13539221ddc9,J.Flacco,QB,nfl-player-v1,120.826,4.398,0,0,0.756,0,0,0.005
2025,11,2025_11_CIN_PIT,CIN,00-0039266,2ca07564-5314-4c69-a4c4-cd30a9e5d104,K.Milton,RB,nfl-player-v1,0,11.465,2.471,0.412,0,0,0,0.005
2025,11,2025_11_CIN_PIT,CIN,00-0035644,332e37c2-22e4-4511-931e-c30035cb108d,N.Fant,TE,nfl-player-v1,0,0,15.356,1.717,0,0,0,0.005
2025,11,2025_11_CIN_PIT,CIN,00-0040208,34145909-5062-44b5-ba0b-f1ae6844bcde,T.Brooks,RB,nfl-player-v1,0,8.971,2.52,0.42,0,0,0,0.005
2025,11,2025_11_CIN_PIT,CIN,00-0036410,891d5ad8-ad2b-40a2-bd88-2f4c64d4009a,T.Higgins,WR,nfl-player-v1,0,0,18.857,2.092,0,0,0.059,0.0569
2025,11,2025_11_CIN_PIT,CIN,00-0034613,5a2238a1-78a9-452b-b3b5-2440c6cc7d92,T.Hudson,TE,nfl-player-v1,0,0,9.741,1.122,0,0,0,0.005
2025,11,2025_11_BAL_CLE,CLE,00-0038979,4621b9ce-6bc7-4652-9414-16ff576216df,C.Tillman,WR,nfl-player-v1,0,0,14.377,1.611,0,0,0,0.005
2025,11,2025_11_BAL_CLE,CLE,00-0040704,7af9c46c-c099-4877-b651-9719ed598171,D.Gabriel,QB,nfl-player-v1,104.695,5.321,0,0,0.655,0,0,0.005
2025,11,2025_11_BAL_CLE,CLE,00-0033885,7803b6a3-2944-46a1-a2f7-8c64e92fc82d,D.Njoku,TE,nfl-player-v1,0,0,8.98,1.039,0,0,0,0.005
2025,11,2025_11_BAL_CLE,CLE,00-0040162,b934c25d-e16b-4088-ade1-894632b8045f,D.Sampson,RB,nfl-player-v1,0,8.207,3.375,0.553,0,0,0,0.005
2025,11,2025_11_BAL_CLE,CLE,00-0040259,87512936-b0d4-422f-87f4-f28fc56fe703,G.Larvadain,WR,nfl-player-v1,0,0,6.572,0.773,0,0,0,0.005
2025,11,2025_11_BAL_CLE,CLE,00-0040663,62719d0e-0efc-456e-8df8-828cc1cf4abe,H.Fannin,TE,nfl-player-v1,0,0,16.258,1.811,0,0,0.036,0.0356
2025,11,2025_11_BAL_CLE,CLE,00-0040782,3193f354-0b23-4321-b879-2e9fcd02ec84,I.Bond,WR,nfl-player-v1,0,0.328,6.75,0.79,0,0,0,0.005
2025,11,2025_11_BAL_CLE,CLE,00-0037267,3a0091ff-06bf-492a-9528-03ae4f8f866d,J.Ford,RB,nfl-player-v1,0,8.161,2.471,0.412,0,0,0,0.005
2025,11,2025_11_BAL_CLE,CLE,00-0036407,c669f87b-fdf2-458b-92b9-5fc841b4bec5,J.Jeudy,WR,nfl-player-v1,0,0,21.798,2.364,0,0,0.047,0.0462
2025,11,2025_11_BAL_CLE,CLE,00-0039920,f3dfcb32-2500-4f7d-8e4a-0b276a390d97,M.Corley,WR,nfl-player-v1,0,0,8.977,1.033,0,0,0,0.005
2025,11,2025_11_BAL_CLE,CLE,00-0040784,62023d1d-a5ea-44d8-bde5-fe8b08113b5a,Q.Judkins,RB,nfl-player-v1,0,42.394,4.335,0.697,0,0.991,0.032,0.6406
2025,11,2025_11_BAL_CLE,CLE,00-0040668,9dd18fe8-369d-4368-9e6e-337bb9bd4bc2,S.Sanders,QB,nfl-player-v1,101.512,5.192,0,0,0.636,0,0,0.005
2025,11,2025_11_DAL_LV,DAL,00-0039530,237d3676-845c-4673-a697-e3100108cb0b,B.Spann-Ford,TE,nfl-player-v1,0,0,6.473,0.76,0,0,0.006,0.0062
2025,11,2025_11_DAL_LV,DAL,00-0036358,c65ab2ea-a913-4981-964e-e6b3c4c5854e,C.Lamb,WR,nfl-player-v1,0,0,18.878,2.069,0,0,0.051,0.0498
2025,11,2025_11_DAL_LV,DAL,00-0033077,6b202b45-4554-4645-8ff5-4ee830907717,D.Prescott,QB,nfl-player-v1,115.02,4.356,0,0,0.72,0,0,0.005
2025,11,2025_11_DAL_LV,DAL,00-0037247,35484e4c-03b7-453e-80fd-be2fa1ac62aa,G.Pickens,WR,nfl-player-v1,0,0,30.738,3.209,0,0,0.053,0.0515
2025,11,2025_11_DAL_LV,DAL,00-0038738,7d6dc53b-3a2a-4006-8120-947f79a43223,H.Luepke,RB,nfl-player-v1,0,8.657,5.009,0.801,0,0.022,0.004,0.025
2025,11,2025_11_DAL_LV,DAL,00-0038041,631385df-a7e6-4eb7-8b2b-e19769a2551f,J.Ferguson,TE,nfl-player-v1,0,0,14.065,1.574,0,0,0.026,0.0256
2025,11,2025_11_DAL_LV,DAL,00-0037666,68f4a835-6990-4ab8-a10f-db8aa110439f,J.Tolbert,WR,nfl-player-v1,0,0,6.216,0.733,0,0,0,0.005
2025,11,2025_11_DAL_LV,DAL,00-0036997,75533a5b-1037-45da-a572-2ccf5f61abc0,J.Williams,RB,nfl-player-v1,0,55.372,3.236,0.532,0,0.665,0.013,0.492
2025,11,2025_11_DAL_LV,DAL,00-0037801,7bb83a46-749f-471f-9876-9b2893c636f8,K.Turpin,WR,nfl-player-v1,0,0,7.962,0.927,0,0,0,0.005
2025,11,2025_11_DAL_LV,DAL,00-0037563,8ff15410-a25d-420e-a8c8-f07173b07ff5,M.Davis,RB,nfl-player-v1,0,14.803,2.497,0.416,0,0.037,0.002,0.0385
2025,11,2025_11_DAL_LV,DAL,00-0039410,b9c5b95f-dcad-4853-bbe4-c3b2db8b2c1d,R.Flournoy,WR,nfl-player-v1,0,0,6.473,0.76,0,0,0.006,0.0062
2025,11,2025_11_KC_DEN,DEN,00-0036727,2e3ef41a-d0ea-473a-b249-559f5a424df1,A.Prentice,RB,nfl-player-v1,0,6.209,4.071,0.662,0,0,0,0.005
2025,11,2025_11_KC_DEN,DEN,00-0036422,b141ab2c-c6c5-49b2-94f4-781604cbeb98,A.Trautman,TE,nfl-player-v1,0,0,6.541,0.769,0,0,0,0.005
2025,11,2025_11_KC_DEN,DEN,00-0039732,40159058-8f61-4120-8323-ec81eaeff8ce,B.Nix,QB,nfl-player-v1,125.059,5.703,0,0,0.81,0.012,0,0.0123
2025,11,2025_11_KC_DEN,DEN,00-0034348,017301c4-fe49-48a1-a533-db70f693a734,C.Sutton,WR,nfl-player-v1,0,0,21.038,2.314,0,0,0.05,0.0486
2025,11,2025_11_KC_DEN,DEN,00-0033881,44ecc125-b690-4177-93f9-f03d50825239,E.Engram,TE,nfl-player-v1,0,0,14.333,1.614,0,0,0.017,0.0172
2025,11,2025_11_KC_DEN,DEN,00-0038794,5c36d9ad-e706-41e2-901b-a2619071857f,J.McLaughlin,RB,nfl-player-v1,0,23.131,3.265,0.537,0,0.15,0.007,0.1453
2025,11,2025_11_KC_DEN,DEN,00-0038976,d99e2c6d-aef8-4250-9bec-3a167ae51085,M.Mims,WR,nfl-player-v1,0,0.405,4.817,0.57,0,0,0,0.005
2025,11,2025_11_KC_DEN,DEN,00-0040134,de70216e-21b4-4de8-a4e8-1c0e4ed7734b,P.Bryant,WR,nfl-player-v1,0,0,17.046,1.897,0,0,0.02,0.0202
2025,11,2025_11_KC_DEN,DEN,00-0040730,f30905bf-54ce-4e54-8ae4-38b278499802,R.Harvey,RB,nfl-player-v1,0,38.292,4.988,0.801,0,0.485,0.02,0.3963
2025,11,2025_11_KC_DEN,DEN,00-0037085,e91b7026-2866-4587-96e6-3eba8e3346af,T.Badie,RB,nfl-player-v1,0,6.181,3.265,0.537,0,0.02,0.003,0.0235
2025,11,2025_11_KC_DEN,DEN,00-0039868,128fd135-fb3e-451e-8135-52d9465c4154,T.Franklin,WR,nfl-player-v1,0,0,21.038,2.314,0,0,0,0.005
2025,11,2025_11_DET_PHI,DET,00-0036963,01542f54-ce56-438f-a484-c6bc9b77aabd,A.St. Brown,WR,nfl-player-v1,0,0,29.579,3.176,0,0,0.074,0.0714
2025,11,2025_11_DET_PHI,DET,00-0036754,54bf441b-5cc8-4ffc-9951-89c03d555b42,B.Wright,TE,nfl-player-v1,0,0,15.141,1.69,0,0,0,0.005
2025,11,2025_11_DET_PHI,DET,00-0035685,65151ce5-a920-4dc2-8bb0-ad8bdeea7a46,D.Montgomery,RB,nfl-player-v1,0,23.273,3.319,0.546,0,0,0,0.005
2025,11,2025_11_DET_PHI,DET,00-0036672,4937c4af-62f6-4d19-81c0-5bb7eb7d7176,G.Stuard,LB,nfl-player-v1,0,0.396,4.715,0.558,0,0,0,0.005
2025,11,2025_11_DET_PHI,DET,00-0040669,4933a1b2-3cd6-4268-a60f-3b7b98622bbf,I.TeSlaa,WR,nfl-player-v1,0,0,5.335,0.63,0,0,0,0.005
2025,11,2025_11_DET_PHI,DET,00-0039139,29347caa-e7e1-4745-a79a-e2a210fe4fda,J.Gibbs,RB,nfl-player-v1,0,42.415,9.934,1.504,0,0.852,0.06,0.5982
2025,11,2025_11_DET_PHI,DET,00-0033106,a631bebf-08bd-40de-b474-1e57605a1574,J.Goff,QB,nfl-player-v1,117.514,4.29,0,0,0.736,0,0,0.005
2025,11,2025_11_DET_PHI,DET,00-0037240,975d437e-c293-4704-8573-68420a22d271,J.Williams,WR,nfl-player-v1,0,0.415,18.939,2.087,0,0.001,0.049,0.0486
2025,11,2025_11_GB_NYG,GB,00-0037091,e71f068d-ac9d-4f78-8099-e1eea965dc74,B.Melton,DB,nfl-player-v1,0,0.354,4.809,0.569,0,0,0,0.005
2025,11,2025_11_GB_NYG,GB,00-0038685,18850ce4-973b-4e21-a03e-aa04864658c8,C.Brooks,RB,nfl-player-v1,0,8.413,2.52,0.42,0,0,0,0.005
2025,11,2025_11_GB_NYG,GB,00-0038124,12c85e25-4ab3-432a-8046-7f8b9f971f0e,C.Watson,WR,nfl-player-v1,0,0,17.287,1.91,0,0,0.049,0.0475
2025,11,2025_11_GB_NYG,GB,00-0038393,c2ac0493-43d7-454b-9733-3e8161530921,D.Wicks,WR,nfl-player-v1,0,0,8.953,1.037,0,0,0,0.005
2025,11,2025_11_GB_NYG,GB,00-0038797,6572040d-90dd-479c-8d99-faf7175127c3,E.Wilson,RB,nfl-player-v1,0,30.776,4.424,0.713,0,0.347,0.016,0.3044
2025,11,2025_11_GB_NYG,GB,00-0037306,5bedb1f9-714b-416c-9803-57d032ed5651,J.FitzPatrick,TE,nfl-player-v1,0,0,6.87,0.805,0,0,0.01,0.0102
2025,11,2025_11_GB_NYG,GB,00-0035700,1d87d00a-50b3-494c-a764-c0ff40e2a701,J.Jacobs,RB,nfl-player-v1,0,21.274,3.379,0.554,0,0.245,0.012,0.2265
2025,11,2025_11_GB_NYG,GB,00-0036264,537f0d83-5256-42bf-bc75-f956be1f26c5,J.Love,QB,nfl-player-v1,109.882,5.246,0,0,0.688,0,0,0.005
2025,11,2025_11_GB_NYG,GB,00-0038589,347e102e-5af8-471f-a451-d916b09ab96c,J.Whyle,TE,nfl-player-v1,0,0,6.87,0.805,0,0,0.01,0.0102
2025,11,2025_11_GB_NYG,GB,00-0039144,bb8a3825-74f1-4c85-880a-a3108c33b36b,L.Musgrave,TE,nfl-player-v1,0,0,8.746,1.013,0,0,0,0.005
2025,11,2025_11_GB_NYG,GB,00-0040667,21d63dde-da33-498d-8984-467c8fa08df0,M.Golden,WR,nfl-player-v1,0,0,9.24,1.059,0,0,0,0.005
2025,11,2025_11_GB_NYG,GB,00-0038128,c85912e0-7ec0-44a3-99c5-3ebb79d217a8,M.Willis,QB,nfl-player-v1,96.976,4.523,0,0,0.607,0,0,0.005
2025,11,2025_11_GB_NYG,GB,00-0037816,a5673ce8-e626-4f8f-a1c0-7864036be6a3,R.Doubs,WR,nfl-player-v1,0,0,25.788,2.763,0,0,0,0.005
2025,11,2025_11_GB_NYG,GB,00-0040009,8d74f600-50f8-4f4b-a268-1bc959cc4edd,S.Williams,WR,nfl-player-v1,0,0,5.857,0.686,0,0,0,0.005
2025,11,2025_11_HOU_TEN,HOU,00-0034775,f9dd5323-f4d9-447e-8f5d-3e07ccece524,C.Kirk,WR,nfl-player-v1,0,0,10.924,1.258,0,0,0.044,0.0431
2025,11,2025_11_HOU_TEN,HOU,00-0036898,e4e1a50c-ec36-4d34-aa3f-d930cb755ef1,D.Mills,QB,nfl-player-v1,126.741,5.615,0,0,0.794,0,0,0.005
2025,11,2025_11_HOU_TEN,HOU,00-0033854,1469f8ef-106a-411b-8a88-2356c758380f,D.Ogunbowale,RB,nfl-player-v1,0,6.178,3.181,0.524,0,0,0,0.005
2025,11,2025_11_HOU_TEN,HOU,00-0034383,fe4c4fa7-73c1-43b7-8823-e75c27674ec2,D.Schultz,TE,nfl-player-v1,0,0,22.175,2.425,0,0,0.042,0.0415
2025,11,2025_11_HOU_TEN,HOU,00-0040130,321f2f7a-617b-4114-867a-7188cd496cff,J.Higgins,WR,nfl-player-v1,0,0,17.085,1.907,0,0,0,0.005
2025,11,2025_11_HOU_TEN,HOU,00-0040138,e514b85a-324e-406e-880e-9c49fe37b12d,J.Noel,WR,nfl-player-v1,0,0,6.22,0.732,0,0,0,0.005
2025,11,2025_11_HOU_TEN,HOU,00-0034791,489002b7-b67b-4d6a-80d9-6000e716b0ce,N.Chubb,RB,nfl-player-v1,0,14.521,3.874,0.631,0,0,0,0.005
2025,11,2025_11_HOU_TEN,HOU,00-0036554,b8dae940-0938-432d-9b8c-3fc0ae4c8906,N.Collins,WR,nfl-player-v1,0,0,25.151,2.706,0,0,0.047,0.0463
2025,11,2025_11_HOU_TEN,HOU,00-0040583,370bcf5e-ca00-4e72-b138-115538bdc569,W.Marks,RB,nfl-player-v1,0,58.828,3.23,0.532,0,0.908,0.016,0.6029
2025,11,2025_11_HOU_TEN,HOU,00-0038618,e432064c-a8c6-4b83-8119-a0bf2e30fa6f,X.Hutchinson,WR,nfl-player-v1,0,0,13.125,1.491,0,0,0,0.005
2025,11,2025_11_LAC_JAX,JAX,00-0036841,33dd338f-5de8-4760-8d4d-007f071cad8c,A.Trammell,WR,nfl-player-v1,0,0,6.752,0.789,0,0,0,0.005
2025,11,2025_11_LAC_JAX,JAX,00-0040719,9d78928b-8c2f-4c2e-84ff-879c358142a1,B.Tuten,RB,nfl-player-v1,0,27.817,2.494,0.416,0,0.223,0.006,0.2051
2025,11,2025_11_LAC_JAX,JAX,00-0036626,b51c7678-2594-4a59-98df-0fc272274fdf,D.Brown,WR,nfl-player-v1,0,0,6.426,0.755,0,0,0,0.005
2025,11,2025_11_LAC_JAX,JAX,00-0034960,55480340-bb90-4518-9695-e85dd3d36015,J.Meyers,WR,nfl-player-v1,0,0,19.587,2.108,0,0,0.014,0.014
2025,11,2025_11_LAC_JAX,JAX,00-0033246,0c3ec903-9025-436a-9ef3-d9eee09e93fb,J.Mundt,TE,nfl-player-v1,0,0,10.932,1.239,0,0,0.008,0.0082
2025,11,2025_11_LAC_JAX,JAX,00-0040238,1fbfbedc-81ed-40ea-8bac-2007ea616902,L.Allen,RB,nfl-player-v1,0,17.429,2.471,0.412,0,0.071,0.003,0.0713
2025,11,2025_11_LAC_JAX,JAX,00-0038606,ba986501-71a5-4c41-8836-02933c11efda,P.Washington,WR,nfl-player-v1,0,0,9.139,1.049,0,0,0,0.005
2025,11,2025_11_LAC_JAX,JAX,00-0036590,c9bc4d48-8b89-4565-af15-b88ab15f3a3f,Q.Morris,TE,nfl-player-v1,0,0,10.505,1.198,0,0,0,0.005
2025,11,2025_11_LAC_JAX,JAX,00-0036973,13c9b1da-11e5-44db-b6e2-2ce94a697d63,T.Etienne,RB,nfl-player-v1,0,34.058,4.215,0.675,0,0.604,0.023,0.4656
2025,11,2025_11_LAC_JAX,JAX,00-0036971,d0738d0d-7cc8-49b9-882e-a1fb536c47e7,T.Lawrence,QB,nfl-player-v1,112.259,5.839,0,0,0.718,0.008,0,0.0078
2025,11,2025_11_LAC_JAX,JAX,00-0033375,0d4b90d7-5de5-47f3-a213-f10b8c403998,T.Patrick,WR,nfl-player-v1,0,0,13.568,1.511,0,0,0.02,0.0199
2025,11,2025_11_KC_DEN,KC,00-0040078,65158854-c056-46f0-a185-79af3db336de,B.Smith,RB,nfl-player-v1,0,6.228,4.535,0.733,0,0.066,0.015,0.0779
2025,11,2025_11_KC_DEN,KC,00-0036567,2b0252f9-f656-4c41-9f2d-1a9e06808a4f,E.Mitchell,,nfl-player-v1,0,0,6.043,0.714,0,0,0,0.005
2025,11,2025_11_KC_DEN,KC,00-0033923,0ab5a80d-1207-4385-8df5-2f776ac16816,K.Hunt,RB,nfl-player-v1,0,60.977,3.814,0.622,0,0.624,0.012,0.4709
2025,11,2025_11_KC_DEN,KC,00-0035662,48a61718-24ab-4c6a-946e-56764c8f0206,M.Brown,WR,nfl-player-v1,0,0,11.163,1.276,0,0,0,0.005
2025,11,2025_11_KC_DEN,KC,00-0036637,d6bb9e59-3e25-468e-9bb1-ea8b5eccfdff,N.Gray,TE,nfl-player-v1,0,0,9.242,1.07,0,0,0,0.005
2025,11,2025_11_KC_DEN,KC,00-0033873,a9854c99-01a8-4aff-ade7-a3dbcff01a05,P.Mahomes,QB,nfl-player-v1,123.321,5.261,0,0,0.772,0,0,0.005
2025,11,2025_11_KC_DEN,KC,00-0039067,eb2c647e-6138-4708-bd65-35422f29f75c,R.Rice,WR,nfl-player-v1,0,0,20.318,2.232,0,0,0.117,0.1106
2025,11,2025_11_KC_DEN,KC,00-0033757,451354cb-0431-4f14-85ae-b71e7cd011a1,R.Tonyan,TE,nfl-player-v1,0,0,6.131,0.722,0,0,0,0.005
2025,11,2025_11_KC_DEN,KC,00-0030506,6e6da15e-254a-4ee3-b0c8-2eaf5875f22f,T.Kelce,TE,nfl-player-v1,0,0,30.055,3.188,0,0,0,0.005
2025,11,2025_11_KC_DEN,KC,00-0038104,33cf9116-000e-4e42-a4bb-00524aa7e1c8,T.Thornton,WR,nfl-player-v1,0,0,7.554,0.884,0,0,0,0.005
2025,11,2025_11_KC_DEN,KC,00-0039894,13377595-68fc-4870-b538-55539284b2d2,X.Worthy,WR,nfl-player-v1,0,0,12.739,1.45,0,0,0,0.005
2025,11,2025_11_SEA_LA,LA,00-0039738,e5a46115-0912-415a-b0ef-fc6459391e9c,B.Corum,RB,nfl-player-v1,0,23.675,4.294,0.693,0,0.212,0.012,0.2003
2025,11,2025_11_SEA_LA,LA,00-0036244,5bfdeab0-8d49-4746-a2be-60598dcbcf43,C.Parkinson,TE,nfl-player-v1,0,0,9.021,1.041,0,0,0.01,0.0104
2025,11,2025_11_SEA_LA,LA,00-0031381,6af876b7-d6ca-483e-bfab-51357985a24c,D.Adams,WR,nfl-player-v1,0,0,19.229,2.094,0,0,0.042,0.041
2025,11,2025_11_SEA_LA,LA,00-0039751,dfecf1de-d300-4e69-93bc-20c4513f98c0,J.Whittington,WR,nfl-player-v1,0,0,6.943,0.814,0,0,0,0.005
2025,11,2025_11_SEA_LA,LA,00-0037840,d499f341-a8ae-4bc2-a2d0-09cbdcbc82c8,K.Williams,RB,nfl-player-v1,0,32.692,4.294,0.693,0,0.578,0.024,0.4522
2025,11,2025_11_SEA_LA,LA,00-0026498,7fc98b95-d8a9-461b-895c-675c835c87a6,M.Stafford,QB,nfl-player-v1,111.449,4.317,0,0,0.698,0,0,0.005
2025,11,2025_11_SEA_LA,LA,00-0039075,cc8ed8e0-fd25-4c8f-bc2e-7c8b1975f241,P.Nacua,WR,nfl-player-v1,0,0.776,26.317,2.76,0,0,0,0.005
2025,11,2025_11_SEA_LA,LA,00-0033110,a21c681d-1ae5-4cc3-9b3e-29b4909192bb,T.Higbee,TE,nfl-player-v1,0,0,8.809,1.021,0,0,0.01,0.0102
2025,11,2025_11_SEA_LA,LA,00-0038359,ff0a0568-448e-46fb-88fa-838eb9c13099,X.Smith,WR,nfl-player-v1,0,0,8.624,1,0,0,0,0.005
2025,11,2025_11_LAC_JAX,LAC,00-0040039,e479718c-de23-41e9-8178-d38ead666e13,A.Johnson,RB,nfl-player-v1,0,11.941,3.586,0.587,0,0,0,0.005
2025,11,2025_11_LAC_JAX,LAC,00-0038573,1812ee0d-0029-49bc-8676-626a59248831,D.Davis,WR,nfl-player-v1,0,0,7.014,0.825,0,0,0,0.005
2025,11,2025_11_LAC_JAX,LAC,00-0036355,86721778-e183-4522-8ddc-55e00f17fbe7,J.Herbert,QB,nfl-player-v1,115.638,6.823,0,0,0.724,0,0,0.005
2025,11,2025_11_LAC_JAX,LAC,00-0030279,60f4cd06-05df-4280-add3-4cecee3a82d3,K.Allen,WR,nfl-player-v1,0,0,23.681,2.571,0,0,0,0.005
2025,11,2025_11_LAC_JAX,LAC,00-0039391,533082ab-7fe9-4268-80bc-0139989251cf,K.Vidal,RB,nfl-player-v1,0,20.969,4.859,0.781,0,0,0,0.005
2025,11,2025_11_LAC_JAX,LAC,00-0039915,7f5bf6e3-b07c-4361-bc95-0311908c7bf8,L.McConkey,WR,nfl-player-v1,0,0,16.274,1.817,0,0,0,0.005
2025,11,2025_11_LAC_JAX,LAC,00-0040189,070528cf-a9c0-48c4-a759-be8a5cd3922f,O.Gadsden,TE,nfl-player-v1,0,0,19.18,2.128,0,0,0,0.005
2025,11,2025_11_LAC_JAX,LAC,00-0038544,eb41f78e-bfc6-47e4-8f04-1d8b1231218f,Q.Johnston,WR,nfl-player-v1,0,0,10.272,1.179,0,0,0.083,0.0792
2025,11,2025_11_LAC_JAX,LAC,00-0040727,ff157432-dabf-43cf-96af-8ff8ebad77a9,T.Harris,WR,nfl-player-v1,0,0,7.354,0.86,0,0,0,0.005
2025,11,2025_11_LAC_JAX,LAC,00-0037012,c8b87222-de0c-47cd-8789-283ea158b788,T.Lance,QB,nfl-player-v1,107.77,6.726,0,0,0.675,0,0,0.005
2025,11,2025_11_LAC_JAX,LAC,00-0035291,f15f44a2-3b1c-41c9-b759-ff8598684e1c,T.Williams,,nfl-player-v1,0,1.484,7.352,0.841,0,0,0,0.005
2025,11,2025_11_DAL_LV,LV,00-0040122,959ec041-e728-44e5-862c-b08ffa61a3f4,A.Jeanty,RB,nfl-player-v1,0,36.233,9.352,1.426,0,0.326,0.025,0.2963
2025,11,2025_11_DAL_LV,LV,00-0039338,3e1facee-6951-4b77-b51f-1f7a04250828,B.Bowers,TE,nfl-player-v1,0,0,29.992,3.189,0,0,0.099,0.0945
2025,11,2025_11_DAL_LV,LV,00-0030565,47424b84-c636-49c2-8a25-9d3de0d3b504,G.Smith,QB,nfl-player-v1,128.388,7.859,0,0,0.883,0.05,0,0.0492
2025,11,2025_11_DAL_LV,LV,00-0034365,6c06b009-f350-4555-95e1-60112d9b6c1d,I.Thomas,TE,nfl-player-v1,0,0,6.414,0.755,0,0,0,0.005
2025,11,2025_11_DAL_LV,LV,00-0040729,f49d31d5-7af7-4246-bd09-dd9bf49a5fea,J.Bech,WR,nfl-player-v1,0,0,6.414,0.755,0,0,0,0.005
2025,11,2025_11_DAL_LV,LV,00-0039066,44db107c-a7ce-49ae-ba2b-dc3ae85181a0,M.Mayer,TE,nfl-player-v1,0,0,11.582,1.323,0,0,0,0.005
2025,11,2025_11_DAL_LV,LV,00-0031687,e322f057-dca3-4242-83e0-4077db65cb28,R.Mostert,RB,nfl-player-v1,0,15.572,3.979,0.648,0,0,0,0.005
2025,11,2025_11_DAL_LV,LV,00-0032211,766ec4f5-92c5-4b06-a338-38a14f175030,T.Lockett,WR,nfl-player-v1,0,0,10.249,1.18,0,0,0,0.005
2025,11,2025_11_DAL_LV,LV,00-0038563,b59c0df7-c6c7-412f-8abd-2bf54a74bfa2,T.Tucker,WR,nfl-player-v1,0,0,19.56,2.161,0,0,0.067,0.065
2025,11,2025_11_WAS_MIA,MIA,00-0039040,f169e606-4f09-4947-8eef-b701b27cf612,D.Achane,RB,nfl-player-v1,0,45.935,8.404,1.261,0,0.854,0.048,0.5943
2025,11,2025_11_WAS_MIA,MIA,00-0037252,cb3d52be-8be1-4f0f-9853-bb42f129ee5f,G.Dulcich,TE,nfl-player-v1,0,0,14.055,1.564,0,0,0.023,0.0228
2025,11,2025_11_WAS_MIA,MIA,00-0038720,bf7b51db-74d4-4563-aeff-8dc9157a1c69,J.Hill,TE,nfl-player-v1,0,0,7.1,0.828,0,0,0,0.005
2025,11,2025_11_WAS_MIA,MIA,00-0036613,f6b9b938-482f-4332-96e6-e3e566d9efb2,J.Waddle,WR,nfl-player-v1,0,0,23.144,2.463,0,0,0.018,0.018
2025,11,2025_11_WAS_MIA,MIA,00-0039874,53edb104-26c4-438b-8ac5-edf35458e1c6,J.Wright,RB,nfl-player-v1,0,7.939,2.521,0.42,0,0,0,0.005
2025,11,2025_11_WAS_MIA,MIA,00-0039880,9f759ea4-6e4c-44b2-9eb1-44640e42493b,M.Washington,WR,nfl-player-v1,0,0,12.137,1.36,0,0,0,0.005
2025,11,2025_11_WAS_MIA,MIA,00-0040198,6f1b239c-9e82-490d-abfd-2aa17a03f3a1,O.Gordon,RB,nfl-player-v1,0,21.896,2.555,0.426,0,0.293,0.011,0.2617
2025,11,2025_11_WAS_MIA,MIA,00-0036212,25cc976d-3f53-414e-8503-80d7e5d5a513,T.Tagovailoa,QB,nfl-player-v1,108.108,4.319,0,0,0.677,0,0,0.005
2025,11,2025_11_CHI_MIN,MIN,00-0033293,35923ea3-b4c5-42ac-b0eb-c748169e8cdf,A.Jones,RB,nfl-player-v1,0,47.303,8.091,1.243,0,0.948,0.05,0.6313
2025,11,2025_11_CHI_MIN,MIN,00-0030035,f78e2b4f-796b-41c8-9af0-75caf042eb26,A.Thielen,,nfl-player-v1,0,0,8.16,0.949,0,0,0,0.005
2025,11,2025_11_CHI_MIN,MIN,00-0038994,5ce4d5c2-18c4-4c4d-b3a0-039eb4a3d989,J.Addison,WR,nfl-player-v1,0,0,18.357,2.034,0,0,0.047,0.0463
2025,11,2025_11_CHI_MIN,MIN,00-0036322,9bd851b9-cba5-4c2a-989a-792d495db187,J.Jefferson,WR,nfl-player-v1,0,0,24.43,2.629,0,0,0,0.005
2025,11,2025_11_CHI_MIN,MIN,00-0037525,f3080ee8-3085-4c4a-8cb6-73cca736c41b,J.Mason,RB,nfl-player-v1,0,20.171,2.492,0.415,0,0.143,0.006,0.138
2025,11,2025_11_CHI_MIN,MIN,00-0039923,6ccddb5c-777e-4767-8920-d6b85d950d14,J.McCarthy,QB,nfl-player-v1,115.59,4.4,0,0,0.724,0,0,0.005
2025,11,2025_11_CHI_MIN,MIN,00-0037291,3c26dce6-b5d7-4026-b212-1b22c6b4a9e7,J.Nailor,WR,nfl-player-v1,0,0,6.568,0.771,0,0,0,0.005
2025,11,2025_11_CHI_MIN,MIN,00-0035249,92cb0b66-4a07-426a-87cb-4c104a63b111,J.Oliver,TE,nfl-player-v1,0,0,6.565,0.771,0,0,0,0.005
2025,11,2025_11_CHI_MIN,MIN,00-0035229,0993b895-f0b7-4d94-9a83-cb2895cf9093,T.Hockenson,TE,nfl-player-v1,0,0,16.596,1.848,0,0,0,0.005
2025,11,2025_11_NYJ_NE,NE,00-0038621,bc093a81-2f9d-44f8-85cc-cb7d3f539296,D.Douglas,WR,nfl-player-v1,0,0.324,10.109,1.152,0,0,0,0.005
2025,11,2025_11_NYJ_NE,NE,00-0035628,f608ee90-c986-469d-b0d7-f7af91010dc5,D.Johnson,RB,nfl-player-v1,0,12.889,2.471,0.412,0,0,0,0.005
2025,11,2025_11_NYJ_NE,NE,00-0039851,c18b2fe3-1746-464c-9604-91eca99e8c5c,D.Maye,QB,nfl-player-v1,118.301,5.465,0,0,0.741,0,0,0.005
2025,11,2025_11_NYJ_NE,NE,00-0033090,835b972d-7fc1-48d2-bfb6-4ad15a30a0a1,H.Henry,TE,nfl-player-v1,0,0,16.277,1.809,0,0,0.025,0.025
2025,11,2025_11_NYJ_NE,NE,00-0040131,8490b4f2-0ce0-429e-93d9-e5bf60f69adf,K.Williams,WR,nfl-player-v1,0,0,9.536,1.105,0,0,0,0.005
2025,11,2025_11_NYJ_NE,NE,00-0033555,927c45e7-007a-40b8-9592-815d97fbc701,M.Hollins,WR,nfl-player-v1,0,0,14.388,1.613,0,0,0,0.005
2025,11,2025_11_NYJ_NE,NE,00-0031588,8ea2703a-b355-44a5-a0d5-3ade7964e460,S.Diggs,WR,nfl-player-v1,0,0,30.525,3.196,0,0,0,0.005
2025,11,2025_11_NYJ_NE,NE,00-0040734,8c7fdfc1-da82-46bd-8059-d38dfc782a85,T.Henderson,RB,nfl-player-v1,0,54.712,7.056,1.1,0,1.482,0.07,0.7883
2025,11,2025_11_GB_NYG,NYG,00-0038115,7902e063-be70-413b-92a0-7ed450db8b6b,D.Bellinger,TE,nfl-player-v1,0,0,6.218,0.733,0,0,0,0.005
2025,11,2025_11_GB_NYG,NYG,00-0035250,e7d55b0c-e17e-4747-9f12-d3c5933b5e3e,D.Singletary,RB,nfl-player-v1,0,34.926,3.17,0.52,0,0.97,0.028,0.6312
2025,11,2025_11_GB_NYG,NYG,00-0036165,dce9cd84-7353-418c-969b-4a3ada196987,I.Hodgins,WR,nfl-player-v1,0,0,16.005,1.759,0,0,0,0.005
2025,11,2025_11_GB_NYG,NYG,00-0038938,0ca8c207-4857-4a05-9527-a19648578ed8,J.Hyatt,WR,nfl-player-v1,0,0,11.14,1.264,0,0,0.012,0.0117
2025,11,2025_11_GB_NYG,NYG,00-0031503,179d32c2-fa31-4842-ae82-364d6bdb889a,J.Winston,QB,nfl-player-v1,114.268,5.136,0,0,0.737,0.01,0,0.0096
2025,11,2025_11_GB_NYG,NYG,00-0039847,7b9ebaff-f7d3-45f1-a0b0-07501c467f39,T.Johnson,TE,nfl-player-v1,0,0,11.576,1.308,0,0,0,0.005
2025,11,2025_11_GB_NYG,NYG,00-0039384,5f99ad3b-ac4f-409e-8699-ac3ba697ade3,T.Tracy,RB,nfl-player-v1,0,42.519,5.677,0.891,0,0.115,0.005,0.1129
2025,11,2025_11_GB_NYG,NYG,00-0038117,36776784-59f3-4a60-a1e7-609889d4b6cb,W.Robinson,WR,nfl-player-v1,0,0,21.58,2.318,0,0,0.022,0.0214
2025,11,2025_11_NYJ_NE,NYJ,00-0039890,87520ab1-0a67-4521-b031-0a45fa108796,A.Mitchell,WR,nfl-player-v1,0,0,16.863,1.872,0,0,0.037,0.0368
2025,11,2025_11_NYJ_NE,NYJ,00-0038120,735192a9-d468-49d0-b370-970c18fabac5,B.Hall,RB,nfl-player-v1,0,34.763,4.316,0.695,0,0.204,0.008,0.1914
2025,11,2025_11_NYJ_NE,NYJ,00-0039798,3a986b7a-a012-40ca-9f01-2aa8cd1484bd,I.Davis,RB,nfl-player-v1,0,10.022,3.299,0.54,0,0.061,0.006,0.0652
2025,11,2025_11_NYJ_NE,NYJ,00-0039451,80869be9-a016-466d-8e55-fbd21a0b51ec,I.Williams,WR,nfl-player-v1,0,0.292,12.521,1.41,0,0,0,0.005
2025,11,2025_11_NYJ_NE,NYJ,00-0036945,d0778b59-dc20-4250-a23a-875e29d27acc,J.Fields,QB,nfl-player-v1,125.018,9.659,0,0,0.882,0.08,0,0.0764
2025,11,2025_11_NYJ_NE,NYJ,00-0037614,48a86180-2857-4c87-a70a-b3b156f158dc,J.Metchie,WR,nfl-player-v1,0,0,11.161,1.267,0,0,0,0.005
2025,11,2025_11_NYJ_NE,NYJ,00-0037805,49ad0f0d-981d-4fc4-b589-2f6ecafc1b42,J.Ruckert,TE,nfl-player-v1,0,0,15.668,1.732,0,0,0.035,0.0341
2025,11,2025_11_NYJ_NE,NYJ,00-0040736,05d9b42e-040e-46c9-8a22-97abfe74c5ce,M.Taylor,TE,nfl-player-v1,0,0,13.538,1.513,0,0,0,0.005
2025,11,2025_11_DET_PHI,PHI,00-0035676,e97f648c-f826-40a0-a562-437d2714fd40,A.Brown,WR,nfl-player-v1,0,0,28.747,2.971,0,0,0.156,0.1444
2025,11,2025_11_DET_PHI,PHI,00-0034351,fa192789-c280-45f1-b92c-b3d6a2e97cb5,D.Goedert,TE,nfl-player-v1,0,0,13.172,1.475,0,0,0,0.005
2025,11,2025_11_DET_PHI,PHI,00-0036912,d0e121df-25e6-4268-9e79-b99acb8e9160,D.Smith,WR,nfl-player-v1,0,0,12.82,1.442,0,0,0,0.005
2025,11,2025_11_DET_PHI,PHI,00-0037741,6d4cdf27-b583-4056-b59d-95182c15301b,J.Dotson,WR,nfl-player-v1,0,0,8.145,0.94,0,0,0,0.005
2025,11,2025_11_DET_PHI,PHI,00-0036389,c415d118-a039-407a-a350-3e89d8042e25,J.Hurts,QB,nfl-player-v1,117.157,7.544,0,0,0.774,0.027,0,0.0263
2025,11,2025_11_DET_PHI,PHI,00-0036876,ba7a8faf-a5e9-49dd-afa4-377d5fca40b1,K.Granson,TE,nfl-player-v1,0,0,7.786,0.903,0,0,0,0.005
2025,11,2025_11_DET_PHI,PHI,00-0034844,9a93ddfe-033a-4098-acc7-9be147087ec8,S.Barkley,RB,nfl-player-v1,0,52.021,3.934,0.634,0,0.794,0.019,0.5565
2025,11,2025_11_DET_PHI,PHI,00-0038555,f6e1063b-4d79-4005-b44c-7621b0f82a81,T.Bigsby,RB,nfl-player-v1,0,12.771,2.471,0.412,0,0,0,0.005
2025,11,2025_11_CIN_PIT,PIT,00-0023459,9cd40a7b-735b-4670-bf0e-4d357c5b3e10,A.Rodgers,QB,nfl-player-v1,107.403,4.812,0,0,0.672,0,0,0.005
2025,11,2025_11_CIN_PIT,PIT,00-0037837,bb6900c7-cf17-450b-b596-4a3542add3ef,C.Austin,WR,nfl-player-v1,0,0,6.464,0.758,0,0,0,0.005
2025,11,2025_11_CIN_PIT,PIT,00-0037304,c3cd242e-0ded-4370-b254-f6582de39903,Co.Heyward,TE,nfl-player-v1,0,0.607,4.832,0.57,0,0,0,0.005
2025,11,2025_11_CIN_PIT,PIT,00-0035640,4aefe4b3-05d4-4513-8386-ceefefe04e87,D.Metcalf,WR,nfl-player-v1,0,0,23.223,2.503,0,0,0,0.005
2025,11,2025_11_CIN_PIT,PIT,00-0038558,f011864a-8a7b-4638-b49f-d229e07bcfea,D.Washington,TE,nfl-player-v1,0,0,14.932,1.662,0,0,0,0.005
2025,11,2025_11_CIN_PIT,PIT,00-0033858,8b8c7b1a-90f6-4931-b9d8-3c8cfb0c920b,J.Smith,TE,nfl-player-v1,0,0,8.229,0.96,0,0,0,0.005
2025,11,2025_11_CIN_PIT,PIT,00-0037228,23de35af-3a1c-4ae7-9ea4-954a48d78d6a,J.Warren,RB,nfl-player-v1,0,27.547,4.174,0.675,0,0,0,0.005
2025,11,2025_11_CIN_PIT,PIT,00-0036919,8a95e757-cf19-40cd-9cc1-77255bb487f1,K.Gainwell,RB,nfl-player-v1,0,27.024,10.666,1.581,0,0.651,0.076,0.5165
2025,11,2025_11_CIN_PIT,PIT,00-0040142,d4eda4a8-fe86-4f99-a138-c013a635acf3,K.Johnson,RB,nfl-player-v1,0,16.459,2.471,0.412,0,0.141,0.007,0.1369
2025,11,2025_11_CIN_PIT,PIT,00-0034771,51bc9571-a821-4045-a21b-20447caa002a,M.Rudolph,QB,nfl-player-v1,106.027,4.298,0,0,0.664,0,0,0.005
2025,11,2025_11_CIN_PIT,PIT,00-0036894,07b45f1c-fb0a-40db-939b-4ee4836e9343,P.Freiermuth,TE,nfl-player-v1,0,0,6.606,0.775,0,0,0,0.005
2025,11,2025_11_CIN_PIT,PIT,00-0039739,b440a63e-d001-42e8-90e2-054da5ac8f79,R.Wilson,WR,nfl-player-v1,0,0,8.234,0.956,0,0,0.013,0.0133
2025,11,2025_11_SEA_LA,SEA,00-0039793,1359d114-9fb9-4783-8101-efdec545f961,A.Barner,TE,nfl-player-v1,0,0.5,23.747,2.527,0,0.001,0.059,0.0585
2025,11,2025_11_SEA_LA,SEA,00-0033908,42465aa3-53c4-4afb-bf91-0ac136659ba3,C.Kupp,WR,nfl-player-v1,0,0,14.714,1.653,0,0,0.019,0.0191
2025,11,2025_11_SEA_LA,SEA,00-0040739,6705ba1e-91f0-4d99-81fe-b1a147c65a6d,E.Arroyo,TE,nfl-player-v1,0,0,7.061,0.829,0,0,0,0.005
2025,11,2025_11_SEA_LA,SEA,00-0039299,da36047b-a068-4cc0-8119-0179cef16707,G.Holani,RB,nfl-player-v1,0,10.348,2.471,0.412,0,0.074,0.005,0.0767
2025,11,2025_11_SEA_LA,SEA,00-0038543,8d9cebd3-3534-48a0-a4e9-2c0ebc5c1c94,J.Smith-Njigba,WR,nfl-player-v1,0,0.254,25.628,2.727,0,0.001,0.064,0.0623
2025,11,2025_11_SEA_LA,SEA,00-0038134,593d9bcd-2ae1-41ca-bf16-2d3c62d5b196,K.Walker,RB,nfl-player-v1,0,41.702,4.326,0.698,0,0.144,0.005,0.138
2025,11,2025_11_SEA_LA,SEA,00-0037545,0a931859-dbbe-4421-8bdc-ee6094237041,R.Shaheed,WR,nfl-player-v1,0,0.234,11.285,1.284,0,0,0,0.005
2025,11,2025_11_SEA_LA,SEA,00-0034869,3a4bd5d6-8b01-4324-8449-d0f7c2059e36,S.Darnold,QB,nfl-player-v1,122.209,5.202,0,0,0.765,0,0,0.005
2025,11,2025_11_SEA_LA,SEA,00-0039165,7bb1ecbd-ce2a-443f-881d-e3f993b6a1c0,Z.Charbonnet,RB,nfl-player-v1,0,30.037,3.663,0.598,0,0.315,0.012,0.2789
2025,11,2025_11_SF_ARI,SF,00-0037834,fb4669d0-c27f-4ea4-bd37-8d3bad299f07,B.Purdy,QB,nfl-player-v1,114.786,5.023,0,0,0.719,0,0,0.005
2025,11,2025_11_SF_ARI,SF,00-0037746,00b3cb74-e58d-4660-b1df-2376a82120b6,B.Robinson,RB,nfl-player-v1,0,23.511,3.411,0.558,0,0.099,0.004,0.0981
2025,11,2025_11_SF_ARI,SF,00-0033280,ae3498a3-f309-4ea2-a3c1-031f013cc394,C.McCaffrey,RB,nfl-player-v1,0,38.147,9.797,1.474,0,0.76,0.059,0.559
2025,11,2025_11_SF_ARI,SF,00-0032775,03ab017e-f181-4486-9661-1c6485dedf19,D.Robinson,WR,nfl-player-v1,0,0,8.951,1.036,0,0,0,0.005
2025,11,2025_11_SF_ARI,SF,00-0033288,6ef21d58-07b4-49a0-9e4b-ab6e4f527023,G.Kittle,TE,nfl-player-v1,0,0,21.523,2.323,0,0,0.065,0.063
2025,11,2025_11_SF_ARI,SF,00-0036259,046bd3b8-161d-4c19-9816-df5ce3e96947,J.Jennings,WR,nfl-player-v1,0,0,20.333,2.217,0,0,0.031,0.0306
2025,11,2025_11_SF_ARI,SF,00-0029892,86ed80c1-0dd7-4c07-a0b3-cea9fab60c0a,K.Juszczyk,RB,nfl-player-v1,0,6.41,4.603,0.741,0,0,0,0.005
2025,11,2025_11_SF_ARI,SF,00-0039916,da658afc-9594-4977-9a7c-3939c1bb4aee,R.Pearsall,WR,nfl-player-v1,0,0,9.122,1.055,0,0,0,0.005
2025,11,2025_11_TB_BUF,TB,00-0034855,56c2266e-4dc1-4c37-8f44-6323a36613de,B.Mayfield,QB,nfl-player-v1,116.439,6.213,0,0,0.794,0.035,0,0.0345
2025,11,2025_11_TB_BUF,TB,00-0038129,4f63ff11-fe96-4aa7-9831-9536b01dd6a9,C.Otton,TE,nfl-player-v1,0,0,13.096,1.469,0,0,0.014,0.0136
2025,11,2025_11_TB_BUF,TB,00-0040129,bac91e1b-f24a-431e-a656-d23a3ef5e9f5,E.Egbuka,WR,nfl-player-v1,0,0,22.85,2.436,0,0,0.023,0.0225
2025,11,2025_11_TB_BUF,TB,00-0037256,af7855b9-7e3c-41da-a2b8-8c7f6cd88bee,R.White,RB,nfl-player-v1,0,24.233,4.746,0.755,0,0.134,0.008,0.1328
2025,11,2025_11_TB_BUF,TB,00-0032385,2036bbd6-7375-422e-bdbc-7822b5bffdce,S.Shepard,WR,nfl-player-v1,0,0.224,16.029,1.759,0,0,0.016,0.0165
2025,11,2025_11_TB_BUF,TB,00-0038951,0b1f5016-8cbc-4512-8a82-0d3f67416080,S.Tucker,RB,nfl-player-v1,0,41.399,4.042,0.653,0,0.454,0.014,0.3738
2025,11,2025_11_TB_BUF,TB,00-0040237,5c294442-eaea-4ed0-a4fd-c33a7509bf48,T.Johnson,WR,nfl-player-v1,0,0.648,9.499,1.08,0,0.001,0.02,0.0213
2025,11,2025_11_HOU_TEN,TEN,00-0040705,f3027194-2b41-4db7-b6e1-10cb47514b73,C.Dike,WR,nfl-player-v1,0,0,10.069,1.16,0,0,0,0.005
2025,11,2025_11_HOU_TEN,TEN,00-0037809,64755288-83b6-45d3-9d82-11807c2f5994,C.Okonkwo,TE,nfl-player-v1,0,0,10.567,1.213,0,0,0,0.005
2025,11,2025_11_HOU_TEN,TEN,00-0034837,20728b4d-f625-4cd5-a2a6-9c6c76360516,C.Ridley,WR,nfl-player-v1,0,0,5.585,0.657,0,0,0,0.005
2025,11,2025_11_HOU_TEN,TEN,00-0040676,f16bf5f1-4c50-449b-b1d4-ad4d66db60cb,C.Ward,QB,nfl-player-v1,126.512,6.85,0,0,0.909,0.064,0,0.0624
2025,11,2025_11_HOU_TEN,TEN,00-0040170,527aee16-44d6-4527-9ec1-b6d981e9e8c1,E.Ayomanor,WR,nfl-player-v1,0,0,15.921,1.791,0,0,0,0.005
2025,11,2025_11_HOU_TEN,TEN,00-0040584,7e6d7376-3ff9-4d2b-8022-f47c0fbc308e,G.Helm,TE,nfl-player-v1,0,0,14.531,1.636,0,0,0,0.005
2025,11,2025_11_HOU_TEN,TEN,00-0036176,8f7e57b0-b2c2-4d96-8104-2d9103591819,M.Kinsey,WR,nfl-player-v1,0,0,9.905,1.146,0,0,0,0.005
2025,11,2025_11_HOU_TEN,TEN,00-0035261,61edd687-3a13-4c2f-8e86-d493ced4295b,T.Pollard,RB,nfl-player-v1,0,38.405,4.986,0.801,0,0,0,0.005
2025,11,2025_11_HOU_TEN,TEN,00-0039032,90e22076-0605-4b85-8d97-1a83167c5c35,T.Spears,RB,nfl-player-v1,0,19.132,6.879,1.078,0,0,0,0.005
2025,11,2025_11_HOU_TEN,TEN,00-0036415,de90c83e-b445-439c-befe-655f3d2c50d7,V.Jefferson,WR,nfl-player-v1,0,0,18.483,2.055,0,0,0.096,0.0915
2025,11,2025_11_WAS_MIA,WAS,00-0032398,22b4db5b-c301-4ba2-98d9-953136ef966f,C.Moore,WR,nfl-player-v1,0,0,13.55,1.522,0,0,0.015,0.0151
2025,11,2025_11_WAS_MIA,WAS,00-0038611,910e0e65-f202-42a6-afa5-c4a2cebe4b2a,C.Rodriguez,RB,nfl-player-v1,0,36.096,3.352,0.55,0,0.429,0.013,0.3571
2025,11,2025_11_WAS_MIA,WAS,00-0039686,5e766c57-ffa4-4526-84a6-a1a1f1c172e8,C.Yankoff,TE,nfl-player-v1,0,0,6.436,0.755,0,0,0,0.005
2025,11,2025_11_WAS_MIA,WAS,00-0035719,7bb0990e-39c4-4d54-9fd7-b1d9bc9d8288,D.Samuel,WR,nfl-player-v1,0,0.263,22.094,2.354,0,0.001,0.047,0.0465
2025,11,2025_11_WAS_MIA,WAS,00-0040242,25d9ee1b-68c9-4de4-ad0f-25efe8210850,J.Croskey-Merritt,RB,nfl-player-v1,0,23.25,3.244,0.532,0,0.21,0.009,0.1967
2025,11,2025_11_WAS_MIA,WAS,00-0040164,8f6e73b4-1f9c-4db2-b36b-660751127569,J.Lane,WR,nfl-player-v1,0,0,6.436,0.755,0,0,0,0.005
2025,11,2025_11_WAS_MIA,WAS,00-0033955,01c9d65e-2883-4bde-a469-45abe5508fee,J.McNichols,RB,nfl-player-v1,0,13.823,4.032,0.652,0,0.042,0.004,0.0444
2025,11,2025_11_WAS_MIA,WAS,00-0040317,9f1f3b9a-a763-4065-b10e-531b14d8f223,Ja.Jones,WR,nfl-player-v1,0,0,6.436,0.755,0,0,0,0.005
2025,11,2025_11_WAS_MIA,WAS,00-0032268,48b54b83-0ee8-4633-88ca-470939b150e0,M.Mariota,QB,nfl-player-v1,116.259,6.052,0,0,0.751,0.012,0,0.0121
2025,11,2025_11_WAS_MIA,WAS,00-0032688,6dfad441-da4a-4c4d-b1b3-e0d84ae28f96,R.Chosen,WR,nfl-player-v1,0,0,6.167,0.727,0,0,0,0.005
2025,11,2025_11_WAS_MIA,WAS,00-0030061,f42aa3a3-06fe-490e-afb7-07a36d947c7c,Z.Ertz,TE,nfl-player-v1,0,0,20.801,2.253,0,0,0.023,0.0223
2025,12,2025_12_JAX_ARI,ARI,00-0035500,8d89d9ff-87bf-47c7-bdb7-6387fd2063b9,G.Dortch,WR,nfl-player-v1,0,0.813,19.166,2.096,0,0,0,0.005
2025,12,2025_12_JAX_ARI,ARI,00-0033119,237a8679-0c0a-480b-870d-514d0c50523f,J.Brissett,QB,nfl-player-v1,130.457,6.194,0,0,0.817,0,0,0.005
2025,12,2025_12_JAX_ARI,ARI,00-0036332,d68e6bf1-9c1c-492b-a5f1-0fb28d095b89,J.Deguara,TE,nfl-player-v1,0,0,6.162,0.727,0,0,0,0.005
2025,12,2025_12_JAX_ARI,ARI,00-0039577,d744f827-583d-4523-b6b0-a4357ca13013,K.Slovis,QB,nfl-player-v1,99.759,4.235,0,0,0.625,0,0,0.005
2025,12,2025_12_JAX_ARI,ARI,00-0036924,324eed4d-0d36-4dcf-818b-f956af29d709,M.Carter,RB,nfl-player-v1,0,24.544,4.488,0.726,0,0.344,0.019,0.3049
2025,12,2025_12_JAX_ARI,ARI,00-0038559,befb93dc-de67-4344-9d23-a1fa6a9d682f,Mi.Wilson,WR,nfl-player-v1,0,0,32.675,3.445,0,0,0.107,0.1016
2025,12,2025_12_JAX_ARI,ARI,00-0037744,87b536c6-701f-4a71-b52e-0d8f7d4ec694,T.McBride,TE,nfl-player-v1,0,0,22.122,2.409,0,0,0,0.005
2025,12,2025_12_JAX_ARI,ARI,00-0039521,12f8c048-b279-4f65-b939-fdbe8ede05c4,X.Weaver,WR,nfl-player-v1,0,0,8.729,1.016,0,0,0.016,0.0157
2025,12,2025_12_JAX_ARI,ARI,00-0037157,efbc865a-57b4-4ae3-ab3d-27d27dffa258,Z.Knight,RB,nfl-player-v1,0,43.918,5.951,0.945,0,0.402,0.017,0.3423
2025,12,2025_12_ATL_NO,ATL,00-0038542,8f5e333b-8cac-493f-8be3-093a3f12c027,B.Robinson,RB,nfl-player-v1,0,34.943,4.746,0.757,0,0.714,0.03,0.525
2025,12,2025_12_ATL_NO,ATL,00-0036429,2891bcba-4ef0-4ad7-b6b8-01af901d5d25,C.Woerner,TE,nfl-player-v1,0,0,12.247,1.373,0,0,0,0.005
2025,12,2025_12_ATL_NO,ATL,00-0038953,1c005470-9111-4f2c-9f20-256299b1dbce,D.Drummond,WR,nfl-player-v1,0,0,12.44,1.394,0,0,0,0.005
2025,12,2025_12_ATL_NO,ATL,00-0036309,e318bcf4-6f17-4a62-ba7b-9283a4aab86c,D.Mooney,WR,nfl-player-v1,0,0,12.634,1.416,0,0,0,0.005
2025,12,2025_12_ATL_NO,ATL,00-0035359,601ce504-9f08-487d-b968-f6e884c7fdfb,D.Sills,WR,nfl-player-v1,0,0,12.104,1.365,0,0,0.048,0.0467
2025,12,2025_12_ATL_NO,ATL,00-0036825,30c6da1b-b804-40b1-b3fe-df3955e57eff,F.Franks,TE,nfl-player-v1,0,0.283,4.806,0.569,0,0,0,0.005
2025,12,2025_12_ATL_NO,ATL,00-0029604,c3485017-7a48-4b69-8957-97f4e26303ea,K.Cousins,QB,nfl-player-v1,111.789,4.858,0,0,0.7,0,0,0.005
2025,12,2025_12_ATL_NO,ATL,00-0036970,40dfaab3-2886-438e-a325-a15f68d1f3c8,K.Pitts,TE,nfl-player-v1,0,0,17.342,1.905,0,0,0,0.005
2025,12,2025_12_ATL_NO,ATL,00-0037263,3d48d76e-acf1-404a-ba84-79e0d1d0e3fc,T.Allgeier,RB,nfl-player-v1,0,27.965,3.496,0.57,0,0,0,0.005
2025,12,2025_12_NYJ_BAL,BAL,00-0032764,31b668ff-08d5-4913-8678-4c5c2fb906ca,D.Henry,RB,nfl-player-v1,0,43.907,4.545,0.725,0,0.986,0.032,0.6389
2025,12,2025_12_NYJ_BAL,BAL,00-0030564,1bd6ba6e-0334-4184-a6f8-4d5dcf7c276f,D.Hopkins,WR,nfl-player-v1,0,0,11.447,1.291,0,0,0.01,0.01
2025,12,2025_12_NYJ_BAL,BAL,00-0039792,74d11e7b-f3ab-49eb-8b7f-27ca20789099,D.Walker,WR,nfl-player-v1,0,0,6.953,0.811,0,0,0,0.005
2025,12,2025_12_NYJ_BAL,BAL,00-0037838,ae5846b3-e4d7-42a1-bd13-81760f0a83b2,I.Likely,TE,nfl-player-v1,0,0,11.372,1.291,0,0,0,0.005
2025,12,2025_12_NYJ_BAL,BAL,00-0038454,4c8b2a02-d4ab-4896-af38-2a000c2591f3,K.Mitchell,RB,nfl-player-v1,0,9.669,3.475,0.567,0,0.023,0.003,0.0251
2025,12,2025_12_NYJ_BAL,BAL,00-0034796,4c6e84b3-2283-4d86-8f7b-019a185c6764,L.Jackson,QB,nfl-player-v1,114.934,6.631,0,0,0.773,0.031,0,0.0307
2025,12,2025_12_NYJ_BAL,BAL,00-0034753,3c8c24b6-f2b3-4130-86e6-389a16aa6104,M.Andrews,TE,nfl-player-v1,0,0.516,11.3,1.271,0,0,0.01,0.0103
2025,12,2025_12_NYJ_BAL,BAL,00-0036630,adb9f484-c700-4ebd-bc00-daf4daed3f65,T.Wallace,WR,nfl-player-v1,0,0,6.598,0.775,0,0,0,0.005
2025,12,2025_12_NYJ_BAL,BAL,00-0039064,a4c95f75-76ae-4729-b36b-053b14fb2a51,Z.Flowers,WR,nfl-player-v1,0,0.537,21.451,2.266,0,0,0.018,0.0179
2025,12,2025_12_BUF_HOU,BUF,00-0035689,83978a45-a7da-408d-a462-426f5444a908,D.Knox,TE,nfl-player-v1,0,0,13.103,1.486,0,0,0,0.005
2025,12,2025_12_BUF_HOU,BUF,00-0036980,b00bd3b2-8fb1-4c61-b575-87a93b457caf,E.Moore,,nfl-player-v1,0,0,10.381,1.198,0,0,0,0.005
2025,12,2025_12_BUF_HOU,BUF,00-0036196,8ab795f5-aeff-4a6a-99bd-51e581210daa,G.Davis,WR,nfl-player-v1,0,0,8.438,0.982,0,0,0,0.005
2025,12,2025_12_BUF_HOU,BUF,00-0034857,32369b37-6bce-4910-acfa-f658676697d3,J.Allen,QB,nfl-player-v1,124.533,6.473,0,0,0.78,0,0,0.005
2025,12,2025_12_BUF_HOU,BUF,00-0037248,61da158c-dacb-4567-8ec7-9521d0868e5f,J.Cook,RB,nfl-player-v1,0,54.097,5.267,0.842,0,0,0,0.005
2025,12,2025_12_BUF_HOU,BUF,00-0040194,5a7670a6-35d4-43bb-a12b-9b1580498b35,J.Hawes,TE,nfl-player-v1,0,0,8.8,1.02,0,0,0,0.005
2025,12,2025_12_BUF_HOU,BUF,00-0036988,df43fb4f-7e20-4384-83d0-fc24bbea7428,J.Palmer,WR,nfl-player-v1,0,0,12.994,1.48,0,0,0,0.005
2025,12,2025_12_BUF_HOU,BUF,00-0037261,a182f320-892e-4344-8c39-d03ec8d397c4,K.Shakir,WR,nfl-player-v1,0,0,30.685,3.244,0,0,0.151,0.1405
2025,12,2025_12_BUF_HOU,BUF,00-0036187,04f69e0b-561d-4acd-a4da-f4ed2e8ef151,R.Gilliam,RB,nfl-player-v1,0,6.185,3.338,0.549,0,0,0,0.005
2025,12,2025_12_BUF_HOU,BUF,00-0035537,7927f661-8fb2-47a7-988d-d39a7c8038be,Ty.Johnson,RB,nfl-player-v1,0,11.826,5.306,0.848,0,0.166,0.023,0.1722
2025,12,2025_12_CAR_SF,CAR,00-0039150,c28c1088-1b0f-497f-bfdb-1a7a9cde1e89,B.Young,QB,nfl-player-v1,128.428,8.696,0,0,0.911,0.074,0,0.071
2025,12,2025_12_CAR_SF,CAR,00-0036555,e4fb467c-29b4-4025-8e7f-05d9ee9ca744,C.Hubbard,RB,nfl-player-v1,0,17.224,7.007,1.097,0,0.071,0.009,0.077
2025,12,2025_12_CAR_SF,CAR,00-0039491,0a50de21-d75b-4e1e-86c9-191b0dccffec,J.Coker,WR,nfl-player-v1,0,0,17.478,1.947,0,0,0.055,0.0531
2025,12,2025_12_CAR_SF,CAR,00-0039356,38d1f118-d4b1-4550-932e-ebfebfb25c98,J.Sanders,TE,nfl-player-v1,0,0,6.91,0.81,0,0,0,0.005
2025,12,2025_12_CAR_SF,CAR,00-0040218,77922ed5-6b51-4d23-8894-56a5ab1b2c1a,Ji.Horn,WR,nfl-player-v1,0,0,7.065,0.828,0,0,0,0.005
2025,12,2025_12_CAR_SF,CAR,00-0040187,4c908559-bee0-4e03-892b-acb185733f1c,M.Evans,TE,nfl-player-v1,0,0,6.763,0.796,0,0,0.011,0.0111
2025,12,2025_12_CAR_SF,CAR,00-0036139,5247cf70-ccdc-4fee-abb5-56faa544291f,R.Dowdle,RB,nfl-player-v1,0,28.595,7.07,1.107,0,0.234,0.018,0.2227
2025,12,2025_12_CAR_SF,CAR,00-0040124,fe874b96-e2c0-4f68-9815-af65b06e6738,T.McMillan,WR,nfl-player-v1,0,0,23.141,2.538,0,0,0,0.005
2025,12,2025_12_CAR_SF,CAR,00-0039342,2f0f3999-0f08-41d7-83f3-7bf733899142,X.Legette,WR,nfl-player-v1,0,0,17.685,1.97,0,0,0,0.005
2025,12,2025_12_PIT_CHI,CHI,00-0036290,e20adbbe-669d-4d26-b64a-84332cd2acfd,C.Kmet,TE,nfl-player-v1,0,0,6.545,0.768,0,0,0,0.005
2025,12,2025_12_PIT_CHI,CHI,00-0040126,20e5eda2-e6a7-45e5-8ed5-958a5d49a8ae,C.Loveland,TE,nfl-player-v1,0,0,15.365,1.714,0,0,0.024,0.0237
2025,12,2025_12_PIT_CHI,CHI,00-0039918,d3372f7c-27eb-47ac-9d90-facef898a40f,C.Williams,QB,nfl-player-v1,120.682,6.102,0,0,0.756,0,0,0.005
2025,12,2025_12_PIT_CHI,CHI,00-0034827,d366aedd-7ef1-47c6-a3bb-637a4559f332,D.Moore,WR,nfl-player-v1,0,0,20.622,2.249,0,0,0.063,0.061
2025,12,2025_12_PIT_CHI,CHI,00-0034798,9242a171-f0ef-4b07-a145-63e7b6f3999d,D.Smythe,TE,nfl-player-v1,0,0,6.545,0.768,0,0,0,0.005
2025,12,2025_12_PIT_CHI,CHI,00-0036275,49aefcdc-6cec-4beb-84e1-ba08880d15d6,D.Swift,RB,nfl-player-v1,0,25.689,3.425,0.562,0,0.108,0.004,0.1065
2025,12,2025_12_PIT_CHI,CHI,00-0040236,08e87151-52f8-40cb-a625-42c1703b9eec,K.Monangai,RB,nfl-player-v1,0,34.71,2.495,0.416,0,0.728,0.017,0.5249
2025,12,2025_12_PIT_CHI,CHI,00-0040735,7f3e9ce8-9c8d-4d38-b381-3e43b24bf041,L.Burden,WR,nfl-player-v1,0,0.348,15.46,1.723,0,0,0,0.005
2025,12,2025_12_PIT_CHI,CHI,00-0035208,abb5a044-a3c2-46a1-9fac-b6d0ddf8475b,O.Zaccheaus,WR,nfl-player-v1,0,0,6.688,0.785,0,0,0,0.005
2025,12,2025_12_PIT_CHI,CHI,00-0039919,118470e6-4c10-41fd-9c53-8f079c8747aa,R.Odunze,WR,nfl-player-v1,0,0,25.026,2.703,0,0,0,0.005
2025,12,2025_12_NE_CIN,CIN,00-0038619,7da25b9b-7510-4f92-98a5-2cb63cd6aa2d,A.Iosivas,WR,nfl-player-v1,0,0.357,18.719,2.057,0,0,0,0.005
2025,12,2025_12_NE_CIN,CIN,00-0038597,5b052584-0cb1-4079-abf3-1c8954958e62,C.Brown,RB,nfl-player-v1,0,57.29,5.904,0.934,0,0,0,0.005
2025,12,2025_12_NE_CIN,CIN,00-0038576,4743942f-ce55-45d2-94a2-2a80877bbf90,C.Jones,WR,nfl-player-v1,0,0,6.284,0.742,0,0,0,0.005
2025,12,2025_12_NE_CIN,CIN,00-0035631,9505074b-e13e-401f-a269-a589537be748,D.Sample,TE,nfl-player-v1,0,0,6.397,0.752,0,0,0,0.005
2025,12,2025_12_NE_CIN,CIN,00-0035100,1d4cec7f-feb8-41e0-8087-6a8bb22061a5,J.Browning,QB,nfl-player-v1,101.269,4.319,0,0,0.634,0,0,0.005
2025,12,2025_12_NE_CIN,CIN,00-0026158,371e6c01-3f61-411c-8675-13539221ddc9,J.Flacco,QB,nfl-player-v1,122.403,5.094,0,0,0.766,0,0,0.005
2025,12,2025_12_NE_CIN,CIN,00-0034829,75916bc5-a3af-4067-9720-00cca5c17ac9,M.Gesicki,TE,nfl-player-v1,0,0,16.922,1.885,0,0,0,0.005
2025,12,2025_12_NE_CIN,CIN,00-0038839,8fa39fd1-f924-44b5-b327-9191f3569c02,M.Tinsley,WR,nfl-player-v1,0,0,15.909,1.785,0,0,0.125,0.1175
2025,12,2025_12_NE_CIN,CIN,00-0035644,332e37c2-22e4-4511-931e-c30035cb108d,N.Fant,TE,nfl-player-v1,0,0,6.536,0.768,0,0,0,0.005
2025,12,2025_12_NE_CIN,CIN,00-0040208,34145909-5062-44b5-ba0b-f1ae6844bcde,T.Brooks,RB,nfl-player-v1,0,11.131,3.237,0.532,0,0,0,0.005
2025,12,2025_12_NE_CIN,CIN,00-0036410,891d5ad8-ad2b-40a2-bd88-2f4c64d4009a,T.Higgins,WR,nfl-player-v1,0,0,16.839,1.868,0,0,0,0.005
2025,12,2025_12_NE_CIN,CIN,00-0034613,5a2238a1-78a9-452b-b3b5-2440c6cc7d92,T.Hudson,TE,nfl-player-v1,0,0,6.536,0.768,0,0,0,0.005
2025,12,2025_12_CLE_LV,CLE,00-0038979,4621b9ce-6bc7-4652-9414-16ff576216df,C.Tillman,WR,nfl-player-v1,0,0,12.175,1.375,0,0,0,0.005
2025,12,2025_12_CLE_LV,CLE,00-0040162,b934c25d-e16b-4088-ade1-894632b8045f,D.Sampson,RB,nfl-player-v1,0,19.745,6.091,0.946,0,0.163,0.015,0.1629
2025,12,2025_12_CLE_LV,CLE,00-0040663,62719d0e-0efc-456e-8df8-828cc1cf4abe,H.Fannin,TE,nfl-player-v1,0,0.323,23.317,2.459,0,0,0,0.005
2025,12,2025_12_CLE_LV,CLE,00-0040782,3193f354-0b23-4321-b879-2e9fcd02ec84,I.Bond,WR,nfl-player-v1,0,0,9.905,1.127,0,0,0,0.005
2025,12,2025_12_CLE_LV,CLE,00-0037267,3a0091ff-06bf-492a-9528-03ae4f8f866d,J.Ford,RB,nfl-player-v1,0,7.942,2.471,0.412,0,0,0,0.005
2025,12,2025_12_CLE_LV,CLE,00-0036407,c669f87b-fdf2-458b-92b9-5fc841b4bec5,J.Jeudy,WR,nfl-player-v1,0,0,12.175,1.375,0,0,0,0.005
2025,12,2025_12_CLE_LV,CLE,00-0039920,f3dfcb32-2500-4f7d-8e4a-0b276a390d97,M.Corley,WR,nfl-player-v1,0,0.31,7.156,0.828,0,0,0,0.005
2025,12,2025_12_CLE_LV,CLE,00-0040784,62023d1d-a5ea-44d8-bde5-fe8b08113b5a,Q.Judkins,RB,nfl-player-v1,0,36.395,2.491,0.415,0,0.904,0.02,0.6029
2025,12,2025_12_CLE_LV,CLE,00-0040668,9dd18fe8-369d-4368-9e6e-337bb9bd4bc2,S.Sanders,QB,nfl-player-v1,104.813,4.138,0,0,0.656,0,0,0.005
2025,12,2025_12_PHI_DAL,DAL,00-0039530,237d3676-845c-4673-a697-e3100108cb0b,B.Spann-Ford,TE,nfl-player-v1,0,0,6.318,0.743,0,0,0.007,0.0069
2025,12,2025_12_PHI_DAL,DAL,00-0036358,c65ab2ea-a913-4981-964e-e6b3c4c5854e,C.Lamb,WR,nfl-player-v1,0,0,25.14,2.697,0,0,0.05,0.0491
2025,12,2025_12_PHI_DAL,DAL,00-0033077,6b202b45-4554-4645-8ff5-4ee830907717,D.Prescott,QB,nfl-player-v1,120.864,5.89,0,0,0.802,0.022,0,0.0219
2025,12,2025_12_PHI_DAL,DAL,00-0037247,35484e4c-03b7-453e-80fd-be2fa1ac62aa,G.Pickens,WR,nfl-player-v1,0,0,23.175,2.481,0,0,0.023,0.0229
2025,12,2025_12_PHI_DAL,DAL,00-0038738,7d6dc53b-3a2a-4006-8120-947f79a43223,H.Luepke,RB,nfl-player-v1,0,6.182,3.161,0.52,0,0,0,0.005
2025,12,2025_12_PHI_DAL,DAL,00-0038041,631385df-a7e6-4eb7-8b2b-e19769a2551f,J.Ferguson,TE,nfl-player-v1,0,0.285,15.212,1.684,0,0.001,0.047,0.0469
2025,12,2025_12_PHI_DAL,DAL,00-0036997,75533a5b-1037-45da-a572-2ccf5f61abc0,J.Williams,RB,nfl-player-v1,0,51.207,4.661,0.748,0,0.696,0.02,0.5111
2025,12,2025_12_PHI_DAL,DAL,00-0037801,7bb83a46-749f-471f-9876-9b2893c636f8,K.Turpin,WR,nfl-player-v1,0,0.559,7.727,0.893,0,0,0,0.005
2025,12,2025_12_PHI_DAL,DAL,00-0038547,7df365f8-b808-4ecf-8454-fe5ccbc0e2f4,L.Schoonmaker,TE,nfl-player-v1,0,0,6.078,0.717,0,0,0,0.005
2025,12,2025_12_PHI_DAL,DAL,00-0037563,8ff15410-a25d-420e-a8c8-f07173b07ff5,M.Davis,RB,nfl-player-v1,0,12.469,2.471,0.412,0,0,0,0.005
2025,12,2025_12_PHI_DAL,DAL,00-0039410,b9c5b95f-dcad-4853-bbe4-c3b2db8b2c1d,R.Flournoy,WR,nfl-player-v1,0,0,6.078,0.717,0,0,0,0.005
2025,12,2025_12_NYG_DET,DET,00-0036963,01542f54-ce56-438f-a484-c6bc9b77aabd,A.St. Brown,WR,nfl-player-v1,0,0,34.651,3.631,0,0,0.203,0.184
2025,12,2025_12_NYG_DET,DET,00-0036754,54bf441b-5cc8-4ffc-9951-89c03d555b42,B.Wright,TE,nfl-player-v1,0,0,12.025,1.373,0,0,0,0.005
2025,12,2025_12_NYG_DET,DET,00-0035685,65151ce5-a920-4dc2-8bb0-ad8bdeea7a46,D.Montgomery,RB,nfl-player-v1,0,21.356,4.886,0.786,0,0.179,0.013,0.1744
2025,12,2025_12_NYG_DET,DET,00-0040669,4933a1b2-3cd6-4268-a60f-3b7b98622bbf,I.TeSlaa,WR,nfl-player-v1,0,0,5.283,0.624,0,0,0,0.005
2025,12,2025_12_NYG_DET,DET,00-0039139,29347caa-e7e1-4745-a79a-e2a210fe4fda,J.Gibbs,RB,nfl-player-v1,0,56.77,14.475,2.11,0,0.443,0.034,0.3791
2025,12,2025_12_NYG_DET,DET,00-0033106,a631bebf-08bd-40de-b474-1e57605a1574,J.Goff,QB,nfl-player-v1,120.951,4.34,0,0,0.757,0,0,0.005
2025,12,2025_12_NYG_DET,DET,00-0037240,975d437e-c293-4704-8573-68420a22d271,J.Williams,WR,nfl-player-v1,0,0,9.467,1.101,0,0,0,0.005
2025,12,2025_12_NYG_DET,DET,00-0032464,1525a1a7-7b4c-4fc8-82e3-d0e3d8049507,K.Raymond,WR,nfl-player-v1,0,0,8.431,0.981,0,0,0,0.005
2025,12,2025_12_MIN_GB,GB,00-0038685,18850ce4-973b-4e21-a03e-aa04864658c8,C.Brooks,RB,nfl-player-v1,0,18.632,3.426,0.559,0,0.157,0.009,0.153
2025,12,2025_12_MIN_GB,GB,00-0038124,12c85e25-4ab3-432a-8046-7f8b9f971f0e,C.Watson,WR,nfl-player-v1,0,0,23.901,2.53,0,0,0,0.005
2025,12,2025_12_MIN_GB,GB,00-0038393,c2ac0493-43d7-454b-9733-3e8161530921,D.Wicks,WR,nfl-player-v1,0,0,11.521,1.287,0,0,0.018,0.0179
2025,12,2025_12_MIN_GB,GB,00-0038797,6572040d-90dd-479c-8d99-faf7175127c3,E.Wilson,RB,nfl-player-v1,0,53.02,4.542,0.726,0,1.066,0.029,0.6656
2025,12,2025_12_MIN_GB,GB,00-0037306,5bedb1f9-714b-416c-9803-57d032ed5651,J.FitzPatrick,TE,nfl-player-v1,0,0,6.847,0.799,0,0,0,0.005
2025,12,2025_12_MIN_GB,GB,00-0036264,537f0d83-5256-42bf-bc75-f956be1f26c5,J.Love,QB,nfl-player-v1,109.927,4.99,0,0,0.688,0,0,0.005
2025,12,2025_12_MIN_GB,GB,00-0038589,347e102e-5af8-471f-a451-d916b09ab96c,J.Whyle,TE,nfl-player-v1,0,0,6.694,0.782,0,0,0,0.005
2025,12,2025_12_MIN_GB,GB,00-0039144,bb8a3825-74f1-4c85-880a-a3108c33b36b,L.Musgrave,TE,nfl-player-v1,0,0,8.713,1.004,0,0,0,0.005
2025,12,2025_12_MIN_GB,GB,00-0038128,c85912e0-7ec0-44a3-99c5-3ebb79d217a8,M.Willis,QB,nfl-player-v1,101.173,4.674,0,0,0.633,0,0,0.005
2025,12,2025_12_MIN_GB,GB,00-0037816,a5673ce8-e626-4f8f-a1c0-7864036be6a3,R.Doubs,WR,nfl-player-v1,0,0,11.333,1.282,0,0,0.018,0.0178
2025,12,2025_12_MIN_GB,GB,00-0040009,8d74f600-50f8-4f4b-a268-1bc959cc4edd,S.Williams,WR,nfl-player-v1,0,0.172,4.001,0.474,0,0,0,0.005
2025,12,2025_12_BUF_HOU,HOU,00-0034775,f9dd5323-f4d9-447e-8f5d-3e07ccece524,C.Kirk,WR,nfl-player-v1,0,0,18.106,1.982,0,0,0.049,0.0478
2025,12,2025_12_BUF_HOU,HOU,00-0039359,1af5fe9f-0b86-407e-9071-b814a07c9834,C.Stover,TE,nfl-player-v1,0,0,8.373,0.976,0,0,0,0.005
2025,12,2025_12_BUF_HOU,HOU,00-0036898,e4e1a50c-ec36-4d34-aa3f-d930cb755ef1,D.Mills,QB,nfl-player-v1,116.991,5.027,0,0,0.732,0,0,0.005
2025,12,2025_12_BUF_HOU,HOU,00-0034383,fe4c4fa7-73c1-43b7-8823-e75c27674ec2,D.Schultz,TE,nfl-player-v1,0,0,12.584,1.431,0,0,0.024,0.0233
2025,12,2025_12_BUF_HOU,HOU,00-0040130,321f2f7a-617b-4114-867a-7188cd496cff,J.Higgins,WR,nfl-player-v1,0,0,25.66,2.742,0,0,0.045,0.0442
2025,12,2025_12_BUF_HOU,HOU,00-0040138,e514b85a-324e-406e-880e-9c49fe37b12d,J.Noel,WR,nfl-player-v1,0,0.323,8.438,0.974,0,0,0.008,0.0083
2025,12,2025_12_BUF_HOU,HOU,00-0034791,489002b7-b67b-4d6a-80d9-6000e716b0ce,N.Chubb,RB,nfl-player-v1,0,18.756,3.32,0.545,0,0.047,0.003,0.048
2025,12,2025_12_BUF_HOU,HOU,00-0036554,b8dae940-0938-432d-9b8c-3fc0ae4c8906,N.Collins,WR,nfl-player-v1,0,0,11.268,1.282,0,0,0,0.005
2025,12,2025_12_BUF_HOU,HOU,00-0040583,370bcf5e-ca00-4e72-b138-115538bdc569,W.Marks,RB,nfl-player-v1,0,40.661,3.329,0.546,0,0.591,0.015,0.4549
2025,12,2025_12_BUF_HOU,HOU,00-0038618,e432064c-a8c6-4b83-8119-a0bf2e30fa6f,X.Hutchinson,WR,nfl-player-v1,0,0.326,4.806,0.569,0,0,0.005,0.005
2025,12,2025_12_IND_KC,IND,00-0032104,39c8ad89-a95a-4486-8c3d-ef8312e6ac3f,A.Abdullah,RB,nfl-player-v1,0,6.174,3.322,0.546,0,0,0,0.005
2025,12,2025_12_IND_KC,IND,00-0035021,1a3a78db-f384-4fdd-b93c-ba5c57d9c84a,A.Dulin,WR,nfl-player-v1,0,0,6.736,0.791,0,0,0,0.005
2025,12,2025_12_IND_KC,IND,00-0037292,892369e3-2735-4812-9d7d-e02a4a4d5298,A.Ogletree,TE,nfl-player-v1,0,0,8.661,1.003,0,0,0.013,0.0127
2025,12,2025_12_IND_KC,IND,00-0037664,6b78568e-15e7-485d-ab78-b85134c79c82,A.Pierce,WR,nfl-player-v1,0,0,8.498,0.988,0,0,0.013,0.0125
2025,12,2025_12_IND_KC,IND,00-0035710,154df07d-189d-4473-894a-f65ed36181fc,D.Jones,QB,nfl-player-v1,120.188,5.977,0,0,0.752,0,0,0.005
2025,12,2025_12_IND_KC,IND,00-0038997,5da8b083-96f7-43b0-8b97-365397bd59e6,J.Downs,WR,nfl-player-v1,0,0,17.266,1.925,0,0,0.025,0.0242
2025,12,2025_12_IND_KC,IND,00-0036223,d93096a9-946b-4b3c-a3b5-7a1498c91cae,J.Taylor,RB,nfl-player-v1,0,50.51,5.289,0.844,0,0.556,0.018,0.4371
2025,12,2025_12_IND_KC,IND,00-0033217,97978f02-25a5-40fd-972c-1321c2671005,M.Alie-Cox,TE,nfl-player-v1,0,0,6.736,0.791,0,0,0,0.005
2025,12,2025_12_IND_KC,IND,00-0036252,8b257ca3-4915-4a9f-9cc7-70bd81d7af59,M.Pittman,WR,nfl-player-v1,0,0,23.622,2.556,0,0,0.098,0.093
2025,12,2025_12_IND_KC,IND,00-0040128,e72096d9-8234-4879-b3b4-9fd4bf4aac4e,T.Warren,TE,nfl-player-v1,0,0,20.838,2.275,0,0,0.029,0.0285
2025,12,2025_12_JAX_ARI,JAX,00-0036841,33dd338f-5de8-4760-8d4d-007f071cad8c,A.Trammell,WR,nfl-player-v1,0,0,6.297,0.742,0,0,0,0.005
2025,12,2025_12_JAX_ARI,JAX,00-0038935,80a87ed4-7f37-41e3-80a9-7f6581431750,B.Strange,TE,nfl-player-v1,0,0,13.117,1.457,0,0,0.017,0.0169
2025,12,2025_12_JAX_ARI,JAX,00-0040719,9d78928b-8c2f-4c2e-84ff-879c358142a1,B.Tuten,RB,nfl-player-v1,0,21.446,3.313,0.544,0,0.151,0.007,0.1466
2025,12,2025_12_JAX_ARI,JAX,00-0034960,55480340-bb90-4518-9695-e85dd3d36015,J.Meyers,WR,nfl-player-v1,0,0,17.091,1.889,0,0,0.044,0.0431
2025,12,2025_12_JAX_ARI,JAX,00-0033246,0c3ec903-9025-436a-9ef3-d9eee09e93fb,J.Mundt,TE,nfl-player-v1,0,0,8.155,0.948,0,0,0,0.005
2025,12,2025_12_JAX_ARI,JAX,00-0040238,1fbfbedc-81ed-40ea-8bac-2007ea616902,L.Allen,RB,nfl-player-v1,0,8.222,2.471,0.412,0,0,0,0.005
2025,12,2025_12_JAX_ARI,JAX,00-0038606,ba986501-71a5-4c41-8836-02933c11efda,P.Washington,WR,nfl-player-v1,0,0,19.828,2.163,0,0,0.05,0.0492
2025,12,2025_12_JAX_ARI,JAX,00-0036973,13c9b1da-11e5-44db-b6e2-2ce94a697d63,T.Etienne,RB,nfl-player-v1,0,40.824,6.131,0.964,0,0.416,0.019,0.3526
2025,12,2025_12_JAX_ARI,JAX,00-0036971,d0738d0d-7cc8-49b9-882e-a1fb536c47e7,T.Lawrence,QB,nfl-player-v1,119.32,6.428,0,0,0.747,0,0,0.005
2025,12,2025_12_JAX_ARI,JAX,00-0033375,0d4b90d7-5de5-47f3-a213-f10b8c403998,T.Patrick,WR,nfl-player-v1,0,0,11.599,1.329,0,0,0.015,0.0154
2025,12,2025_12_IND_KC,KC,00-0040078,65158854-c056-46f0-a185-79af3db336de,B.Smith,RB,nfl-player-v1,0,8.082,4.776,0.764,0,0.018,0.003,0.021
2025,12,2025_12_IND_KC,KC,00-0036360,8ae3f84a-64da-421f-8ead-67fc9db6b553,C.Edwards-Helaire,RB,nfl-player-v1,0,15.44,3.616,0.59,0,0,0,0.005
2025,12,2025_12_IND_KC,KC,00-0033857,934d9980-bd65-441a-8b3b-b51144ba8f5a,J.Smith-Schuster,WR,nfl-player-v1,0,0,7.038,0.824,0,0,0.006,0.0061
2025,12,2025_12_IND_KC,KC,00-0033923,0ab5a80d-1207-4385-8df5-2f776ac16816,K.Hunt,RB,nfl-player-v1,0,64.74,4.271,0.69,0,0.97,0.02,0.6287
2025,12,2025_12_IND_KC,KC,00-0035662,48a61718-24ab-4c6a-946e-56764c8f0206,M.Brown,WR,nfl-player-v1,0,0,6.001,0.707,0,0,0,0.005
2025,12,2025_12_IND_KC,KC,00-0036637,d6bb9e59-3e25-468e-9bb1-ea8b5eccfdff,N.Gray,TE,nfl-player-v1,0,0,9.73,1.118,0,0,0,0.005
2025,12,2025_12_IND_KC,KC,00-0033873,a9854c99-01a8-4aff-ade7-a3dbcff01a05,P.Mahomes,QB,nfl-player-v1,123.799,5.753,0,0,0.793,0.009,0,0.0085
2025,12,2025_12_IND_KC,KC,00-0039067,eb2c647e-6138-4708-bd65-35422f29f75c,R.Rice,WR,nfl-player-v1,0,0,24.949,2.67,0,0,0.098,0.0937
2025,12,2025_12_IND_KC,KC,00-0030506,6e6da15e-254a-4ee3-b0c8-2eaf5875f22f,T.Kelce,TE,nfl-player-v1,0,0.201,12.586,1.419,0,0,0.021,0.021
2025,12,2025_12_IND_KC,KC,00-0038104,33cf9116-000e-4e42-a4bb-00524aa7e1c8,T.Thornton,WR,nfl-player-v1,0,0,5.795,0.685,0,0,0,0.005
2025,12,2025_12_IND_KC,KC,00-0039894,13377595-68fc-4870-b538-55539284b2d2,X.Worthy,WR,nfl-player-v1,0,0,13.249,1.479,0,0,0.011,0.0108
2025,12,2025_12_TB_LA,LA,00-0039738,e5a46115-0912-415a-b0ef-fc6459391e9c,B.Corum,RB,nfl-player-v1,0,25.155,2.471,0.412,0,0.152,0.005,0.1452
2025,12,2025_12_TB_LA,LA,00-0036244,5bfdeab0-8d49-4746-a2be-60598dcbcf43,C.Parkinson,TE,nfl-player-v1,0,0,13.033,1.475,0,0,0.059,0.0573
2025,12,2025_12_TB_LA,LA,00-0031381,6af876b7-d6ca-483e-bfab-51357985a24c,D.Adams,WR,nfl-player-v1,0,0,22.388,2.442,0,0,0.098,0.0931
2025,12,2025_12_TB_LA,LA,00-0039074,577995aa-5a21-4ce7-a655-476aa3b7d151,D.Allen,TE,nfl-player-v1,0,0,12.522,1.423,0,0,0,0.005
2025,12,2025_12_TB_LA,LA,00-0039751,dfecf1de-d300-4e69-93bc-20c4513f98c0,J.Whittington,WR,nfl-player-v1,0,0,10.455,1.198,0,0,0,0.005
2025,12,2025_12_TB_LA,LA,00-0040590,802a6e31-ba99-42c3-b0dc-94b4eee5aab9,K.Mumpfield,WR,nfl-player-v1,0,0,8.602,0.998,0,0,0,0.005
2025,12,2025_12_TB_LA,LA,00-0037840,d499f341-a8ae-4bc2-a2d0-09cbdcbc82c8,K.Williams,RB,nfl-player-v1,0,39.458,3.297,0.542,0,0,0,0.005
2025,12,2025_12_TB_LA,LA,00-0026498,7fc98b95-d8a9-461b-895c-675c835c87a6,M.Stafford,QB,nfl-player-v1,117.462,4.356,0,0,0.735,0,0,0.005
2025,12,2025_12_TB_LA,LA,00-0039075,cc8ed8e0-fd25-4c8f-bc2e-7c8b1975f241,P.Nacua,WR,nfl-player-v1,0,0,31.269,3.305,0,0,0.066,0.064
2025,12,2025_12_TB_LA,LA,00-0040737,4338c37a-86fe-4f3d-9b1e-af899ef9146b,T.Ferguson,TE,nfl-player-v1,0,0,6.36,0.75,0,0,0,0.005
2025,12,2025_12_CLE_LV,LV,00-0040122,959ec041-e728-44e5-862c-b08ffa61a3f4,A.Jeanty,RB,nfl-player-v1,0,68.37,8.958,1.374,0,0.681,0.027,0.5075
2025,12,2025_12_CLE_LV,LV,00-0039338,3e1facee-6951-4b77-b51f-1f7a04250828,B.Bowers,TE,nfl-player-v1,0,0,20.719,2.275,0,0,0.08,0.0765
2025,12,2025_12_CLE_LV,LV,00-0040581,5e310480-4f70-4fd6-9ede-56c1b6664853,D.Thornton,WR,nfl-player-v1,0,0,7.621,0.892,0,0,0,0.005
2025,12,2025_12_CLE_LV,LV,00-0030565,47424b84-c636-49c2-8a25-9d3de0d3b504,G.Smith,QB,nfl-player-v1,127.756,5.925,0,0,0.889,0.045,0,0.0436
2025,12,2025_12_CLE_LV,LV,00-0034365,6c06b009-f350-4555-95e1-60112d9b6c1d,I.Thomas,TE,nfl-player-v1,0,0,11.319,1.293,0,0,0,0.005
2025,12,2025_12_CLE_LV,LV,00-0039066,44db107c-a7ce-49ae-ba2b-dc3ae85181a0,M.Mayer,TE,nfl-player-v1,0,0,6.295,0.742,0,0,0,0.005
2025,12,2025_12_CLE_LV,LV,00-0031687,e322f057-dca3-4242-83e0-4077db65cb28,R.Mostert,RB,nfl-player-v1,0,9.586,4.612,0.744,0,0,0,0.005
2025,12,2025_12_CLE_LV,LV,00-0032211,766ec4f5-92c5-4b06-a338-38a14f175030,T.Lockett,WR,nfl-player-v1,0,0,12.955,1.47,0,0,0,0.005
2025,12,2025_12_CLE_LV,LV,00-0038563,b59c0df7-c6c7-412f-8abd-2bf54a74bfa2,T.Tucker,WR,nfl-player-v1,0,0,21.704,2.389,0,0,0,0.005
2025,12,2025_12_MIN_GB,MIN,00-0033293,35923ea3-b4c5-42ac-b0eb-c748169e8cdf,A.Jones,RB,nfl-player-v1,0,29.889,8.783,1.333,0,0,0,0.005
2025,12,2025_12_MIN_GB,MIN,00-0030035,f78e2b4f-796b-41c8-9af0-75caf042eb26,A.Thielen,,nfl-player-v1,0,0,7.331,0.859,0,0,0,0.005
2025,12,2025_12_MIN_GB,MIN,00-0038994,5ce4d5c2-18c4-4c4d-b3a0-039eb4a3d989,J.Addison,WR,nfl-player-v1,0,0,7.331,0.859,0,0,0,0.005
2025,12,2025_12_MIN_GB,MIN,00-0036322,9bd851b9-cba5-4c2a-989a-792d495db187,J.Jefferson,WR,nfl-player-v1,0,0,27.464,2.909,0,0,0,0.005
2025,12,2025_12_MIN_GB,MIN,00-0037525,f3080ee8-3085-4c4a-8cb6-73cca736c41b,J.Mason,RB,nfl-player-v1,0,25.479,2.513,0.419,0,0.358,0.011,0.3085
2025,12,2025_12_MIN_GB,MIN,00-0039923,6ccddb5c-777e-4767-8920-d6b85d950d14,J.McCarthy,QB,nfl-player-v1,107.933,5.153,0,0,0.676,0,0,0.005
2025,12,2025_12_MIN_GB,MIN,00-0037291,3c26dce6-b5d7-4026-b212-1b22c6b4a9e7,J.Nailor,WR,nfl-player-v1,0,0,7.331,0.859,0,0,0,0.005
2025,12,2025_12_MIN_GB,MIN,00-0035249,92cb0b66-4a07-426a-87cb-4c104a63b111,J.Oliver,TE,nfl-player-v1,0,0,7.573,0.881,0,0,0,0.005
2025,12,2025_12_MIN_GB,MIN,00-0035229,0993b895-f0b7-4d94-9a83-cb2895cf9093,T.Hockenson,TE,nfl-player-v1,0,0.408,18.718,2.027,0,0.002,0.095,0.0922
2025,12,2025_12_NE_CIN,NE,00-0032392,da501cdf-983b-48c5-9918-7569b745567c,A.Hooper,TE,nfl-player-v1,0,0,11.796,1.34,0,0,0.016,0.0155
2025,12,2025_12_NE_CIN,NE,00-0038621,bc093a81-2f9d-44f8-85cc-cb7d3f539296,D.Douglas,WR,nfl-player-v1,0,0.275,6.424,0.751,0,0,0,0.005
2025,12,2025_12_NE_CIN,NE,00-0039851,c18b2fe3-1746-464c-9604-91eca99e8c5c,D.Maye,QB,nfl-player-v1,120.201,6.217,0,0,0.78,0.015,0,0.0145
2025,12,2025_12_NE_CIN,NE,00-0033090,835b972d-7fc1-48d2-bfb6-4ad15a30a0a1,H.Henry,TE,nfl-player-v1,0,0,25.667,2.732,0,0,0.096,0.0912
2025,12,2025_12_NE_CIN,NE,00-0038608,353c0718-b585-42e4-9fdd-65abf246f4d1,K.Boutte,WR,nfl-player-v1,0,0,8.305,0.963,0,0,0,0.005
2025,12,2025_12_NE_CIN,NE,00-0040131,8490b4f2-0ce0-429e-93d9-e5bf60f69adf,K.Williams,WR,nfl-player-v1,0,0,6.39,0.751,0,0,0,0.005
2025,12,2025_12_NE_CIN,NE,00-0033555,927c45e7-007a-40b8-9592-815d97fbc701,M.Hollins,WR,nfl-player-v1,0,0,14.95,1.676,0,0,0,0.005
2025,12,2025_12_NE_CIN,NE,00-0036875,64641499-cd80-4cac-adcf-0272f37d57cc,R.Stevenson,RB,nfl-player-v1,0,16.01,3.331,0.54,0,0.169,0.011,0.1646
2025,12,2025_12_NE_CIN,NE,00-0031588,8ea2703a-b355-44a5-a0d5-3ade7964e460,S.Diggs,WR,nfl-player-v1,0,0,9.891,1.138,0,0,0,0.005
2025,12,2025_12_NE_CIN,NE,00-0040734,8c7fdfc1-da82-46bd-8059-d38dfc782a85,T.Henderson,RB,nfl-player-v1,0,46.556,5.659,0.894,0,0.316,0.012,0.2793
2025,12,2025_12_NE_CIN,NE,00-0039757,d056f4ac-cd4e-4ed9-ae55-2578d4598761,T.Jennings,RB,nfl-player-v1,0,8.386,2.524,0.421,0,0.03,0.003,0.0324
2025,12,2025_12_ATL_NO,NO,00-0033906,c7b60e7b-fe31-4675-9e2b-66d4d9c7a2d4,A.Kamara,RB,nfl-player-v1,0,11.992,3.21,0.524,0,0,0,0.005
2025,12,2025_12_ATL_NO,NO,00-0037239,3d8e6090-ab45-4750-a145-b5bc16812bc8,C.Olave,WR,nfl-player-v1,0,0,29.518,3.138,0,0,0,0.005
2025,12,2025_12_ATL_NO,NO,00-0040202,6355a7d7-5a4b-4c0f-9407-f8d0669ab8c5,D.Neal,RB,nfl-player-v1,0,25.55,7.51,1.165,0,0,0,0.005
2025,12,2025_12_ATL_NO,NO,00-0034860,12e86754-f8a5-4373-b084-302c36dbc6a6,D.Pettis,WR,nfl-player-v1,0,0,6.072,0.716,0,0,0,0.005
2025,12,2025_12_ATL_NO,NO,00-0039424,c5ddc36c-396d-4108-9137-e78b64ae84a8,D.Vele,WR,nfl-player-v1,0,0,15.449,1.737,0,0,0.022,0.0219
2025,12,2025_12_ATL_NO,NO,00-0034981,2e81bc65-e42c-4ef5-a59e-e22633ad1100,F.Moreau,TE,nfl-player-v1,0,0,5.986,0.708,0,0,0,0.005
2025,12,2025_12_ATL_NO,NO,00-0036040,e10fc805-9026-4fe2-8714-d074bd8ca1be,J.Johnson,TE,nfl-player-v1,0,0,16.174,1.803,0,0,0,0.005
2025,12,2025_12_ATL_NO,NO,00-0036741,9549fdf0-455b-4e22-98ae-4df76cb3cb2b,J.Stoll,TE,nfl-player-v1,0,0,6.331,0.746,0,0,0,0.005
2025,12,2025_12_ATL_NO,NO,00-0039623,f13f2ccc-61dd-4815-8417-4b6f780c7f3b,M.Tipton,WR,nfl-player-v1,0,0.297,10.862,1.241,0,0,0,0.005
2025,12,2025_12_ATL_NO,NO,00-0033357,5034d52d-1292-4d87-a545-ef53884ca7e1,T.Hill,QB,nfl-player-v1,114.304,9.103,0,0,0.86,0.117,0,0.1103
2025,12,2025_12_ATL_NO,NO,00-0040743,c6b16d75-657b-44a5-9bf9-033769fc3460,T.Shough,QB,nfl-player-v1,134.326,7.845,0,0,0.977,0.081,0,0.0774
2025,12,2025_12_NYG_DET,NYG,00-0038115,7902e063-be70-413b-92a0-7ed450db8b6b,D.Bellinger,TE,nfl-player-v1,0,0,7.346,0.86,0,0,0,0.005
2025,12,2025_12_NYG_DET,NYG,00-0035250,e7d55b0c-e17e-4747-9f12-d3c5933b5e3e,D.Singletary,RB,nfl-player-v1,0,33.218,2.475,0.412,0,0.117,0.003,0.1126
2025,12,2025_12_NYG_DET,NYG,00-0035535,2e5cbb33-2ffd-4dc1-af97-8edb43d325e6,D.Slayton,WR,nfl-player-v1,0,0,7.641,0.891,0,0,0,0.005
2025,12,2025_12_NYG_DET,NYG,00-0035645,2d7eb92c-9618-4cf0-ae6f-cd4e3f9bfcbc,G.Olszewski,WR,nfl-player-v1,0,0,4.803,0.569,0,0,0,0.005
2025,12,2025_12_NYG_DET,NYG,00-0036165,dce9cd84-7353-418c-969b-4a3ada196987,I.Hodgins,WR,nfl-player-v1,0,0,13.839,1.555,0,0,0.036,0.0356
2025,12,2025_12_NYG_DET,NYG,00-0031503,179d32c2-fa31-4842-ae82-364d6bdb889a,J.Winston,QB,nfl-player-v1,122.042,5.431,0,0,0.792,0.013,0,0.0128
2025,12,2025_12_NYG_DET,NYG,00-0039847,7b9ebaff-f7d3-45f1-a0b0-07501c467f39,T.Johnson,TE,nfl-player-v1,0,0,12.528,1.414,0,0,0.033,0.0324
2025,12,2025_12_NYG_DET,NYG,00-0039384,5f99ad3b-ac4f-409e-8699-ac3ba697ade3,T.Tracy,RB,nfl-player-v1,0,46.983,5.321,0.842,0,0.799,0.028,0.5628
2025,12,2025_12_NYG_DET,NYG,00-0038117,36776784-59f3-4a60-a1e7-609889d4b6cb,W.Robinson,WR,nfl-player-v1,0,0.228,33.059,3.392,0,0,0,0.005
2025,12,2025_12_NYJ_BAL,NYJ,00-0034959,954d5b41-02ea-4047-8385-515c5118690c,A.Beck,RB,nfl-player-v1,0,6.33,3.424,0.561,0,0,0,0.005
2025,12,2025_12_NYJ_BAL,NYJ,00-0034521,4f55c8d1-727c-4720-b597-1b813dfc2e02,A.Lazard,WR,nfl-player-v1,0,0,10.501,1.205,0,0,0,0.005
2025,12,2025_12_NYJ_BAL,NYJ,00-0039890,87520ab1-0a67-4521-b031-0a45fa108796,A.Mitchell,WR,nfl-player-v1,0,0,20.063,2.2,0,0,0.062,0.0597
2025,12,2025_12_NYJ_BAL,NYJ,00-0040582,fa3a3931-e2a2-4cd4-8c08-c75bfc1098c0,A.Smith,WR,nfl-player-v1,0,0.314,4.805,0.569,0,0,0,0.005
2025,12,2025_12_NYJ_BAL,NYJ,00-0038120,735192a9-d468-49d0-b370-970c18fabac5,B.Hall,RB,nfl-player-v1,0,42.463,6.501,1.016,0,0.685,0.033,0.5122
2025,12,2025_12_NYJ_BAL,NYJ,00-0039798,3a986b7a-a012-40ca-9f01-2aa8cd1484bd,I.Davis,RB,nfl-player-v1,0,14.398,2.471,0.412,0,0,0,0.005
2025,12,2025_12_NYJ_BAL,NYJ,00-0037614,48a86180-2857-4c87-a70a-b3b156f158dc,J.Metchie,WR,nfl-player-v1,0,0,21.981,2.366,0,0,0.066,0.0641
2025,12,2025_12_NYJ_BAL,NYJ,00-0040736,05d9b42e-040e-46c9-8a22-97abfe74c5ce,M.Taylor,TE,nfl-player-v1,0,0,15.526,1.729,0,0,0,0.005
2025,12,2025_12_NYJ_BAL,NYJ,00-0028118,74ed522b-fcc4-4269-90c8-7fca7384072a,T.Taylor,QB,nfl-player-v1,118.438,6.943,0,0,0.742,0,0,0.005
2025,12,2025_12_PHI_DAL,PHI,00-0035676,e97f648c-f826-40a0-a562-437d2714fd40,A.Brown,WR,nfl-player-v1,0,0,27.857,2.975,0,0,0.083,0.0799
2025,12,2025_12_PHI_DAL,PHI,00-0040024,da99bf06-ca0e-47c2-9e71-2b4ecf7efefe,D.Cooper,WR,nfl-player-v1,0,0,8.261,0.96,0,0,0,0.005
2025,12,2025_12_PHI_DAL,PHI,00-0034351,fa192789-c280-45f1-b92c-b3d6a2e97cb5,D.Goedert,TE,nfl-player-v1,0,0,8.264,0.96,0,0,0,0.005
2025,12,2025_12_PHI_DAL,PHI,00-0036912,d0e121df-25e6-4268-9e79-b99acb8e9160,D.Smith,WR,nfl-player-v1,0,0,29.411,3.138,0,0,0.044,0.043
2025,12,2025_12_PHI_DAL,PHI,00-0037086,8735f01e-d001-4390-9408-f3de8989eca3,G.Calcaterra,TE,nfl-player-v1,0,0,6.551,0.77,0,0,0,0.005
2025,12,2025_12_PHI_DAL,PHI,00-0037741,6d4cdf27-b583-4056-b59d-95182c15301b,J.Dotson,WR,nfl-player-v1,0,0,6.305,0.744,0,0,0,0.005
2025,12,2025_12_PHI_DAL,PHI,00-0036389,c415d118-a039-407a-a350-3e89d8042e25,J.Hurts,QB,nfl-player-v1,132.966,9.754,0,0,0.906,0.055,0,0.0536
2025,12,2025_12_PHI_DAL,PHI,00-0034844,9a93ddfe-033a-4098-acc7-9be147087ec8,S.Barkley,RB,nfl-player-v1,0,38.839,10.111,1.531,0,0.468,0.037,0.3962
2025,12,2025_12_PHI_DAL,PHI,00-0038555,f6e1063b-4d79-4005-b44c-7621b0f82a81,T.Bigsby,RB,nfl-player-v1,0,9.104,2.471,0.412,0,0,0,0.005
2025,12,2025_12_PHI_DAL,PHI,00-0038496,ecb77812-97e6-496e-8996-54691e841001,X.Gipson,,nfl-player-v1,0,0,6.413,0.754,0,0,0.011,0.0105
2025,12,2025_12_PIT_CHI,PIT,00-0036862,c11cc7b3-6b0b-4a40-b6df-d3148f8c2825,B.Skowronek,WR,nfl-player-v1,0,0,6.311,0.741,0,0,0,0.005
2025,12,2025_12_PIT_CHI,PIT,00-0037837,bb6900c7-cf17-450b-b596-4a3542add3ef,C.Austin,WR,nfl-player-v1,0,0,13.164,1.472,0,0,0,0.005
2025,12,2025_12_PIT_CHI,PIT,00-0037304,c3cd242e-0ded-4370-b254-f6582de39903,Co.Heyward,TE,nfl-player-v1,0,0.225,4.711,0.558,0,0,0,0.005
2025,12,2025_12_PIT_CHI,PIT,00-0035640,4aefe4b3-05d4-4513-8386-ceefefe04e87,D.Metcalf,WR,nfl-player-v1,0,0.486,20.119,2.167,0,0.001,0.025,0.0256
2025,12,2025_12_PIT_CHI,PIT,00-0038558,f011864a-8a7b-4638-b49f-d229e07bcfea,D.Washington,TE,nfl-player-v1,0,0,7.975,0.924,0,0,0,0.005
2025,12,2025_12_PIT_CHI,PIT,00-0033858,8b8c7b1a-90f6-4931-b9d8-3c8cfb0c920b,J.Smith,TE,nfl-player-v1,0,0.468,9.84,1.116,0,0.001,0.026,0.0269
2025,12,2025_12_PIT_CHI,PIT,00-0037228,23de35af-3a1c-4ae7-9ea4-954a48d78d6a,J.Warren,RB,nfl-player-v1,0,40.938,2.546,0.424,0,0.427,0.008,0.3534
2025,12,2025_12_PIT_CHI,PIT,00-0036919,8a95e757-cf19-40cd-9cc1-77255bb487f1,K.Gainwell,RB,nfl-player-v1,0,26.116,7.328,1.123,0,0.266,0.022,0.2509
2025,12,2025_12_PIT_CHI,PIT,00-0034771,51bc9571-a821-4045-a21b-20447caa002a,M.Rudolph,QB,nfl-player-v1,116.653,5.559,0,0,0.757,0.013,0,0.013
2025,12,2025_12_PIT_CHI,PIT,00-0036894,07b45f1c-fb0a-40db-939b-4ee4836e9343,P.Freiermuth,TE,nfl-player-v1,0,0,9.621,1.1,0,0,0.013,0.0127
2025,12,2025_12_PIT_CHI,PIT,00-0039739,b440a63e-d001-42e8-90e2-054da5ac8f79,R.Wilson,WR,nfl-player-v1,0,0,8.987,1.041,0,0,0,0.005
2025,12,2025_12_SEA_TEN,SEA,00-0039793,1359d114-9fb9-4783-8101-efdec545f961,A.Barner,TE,nfl-player-v1,0,0,14.238,1.602,0,0,0.017,0.0171
2025,12,2025_12_SEA_TEN,SEA,00-0033908,42465aa3-53c4-4afb-bf91-0ac136659ba3,C.Kupp,WR,nfl-player-v1,0,0,14.377,1.617,0,0,0,0.005
2025,12,2025_12_SEA_TEN,SEA,00-0040739,6705ba1e-91f0-4d99-81fe-b1a147c65a6d,E.Arroyo,TE,nfl-player-v1,0,0,7.055,0.826,0,0,0,0.005
2025,12,2025_12_SEA_TEN,SEA,00-0038543,8d9cebd3-3534-48a0-a4e9-2c0ebc5c1c94,J.Smith-Njigba,WR,nfl-player-v1,0,0.457,37.998,3.871,0,0.003,0.208,0.1903
2025,12,2025_12_SEA_TEN,SEA,00-0038134,593d9bcd-2ae1-41ca-bf16-2d3c62d5b196,K.Walker,RB,nfl-player-v1,0,30.243,6.018,0.936,0,0.377,0.023,0.3298
2025,12,2025_12_SEA_TEN,SEA,00-0037545,0a931859-dbbe-4421-8bdc-ee6094237041,R.Shaheed,WR,nfl-player-v1,0,0.421,8.994,1.039,0,0,0,0.005
2025,12,2025_12_SEA_TEN,SEA,00-0034869,3a4bd5d6-8b01-4324-8449-d0f7c2059e36,S.Darnold,QB,nfl-player-v1,112.762,4.326,0,0,0.706,0,0,0.005
2025,12,2025_12_SEA_TEN,SEA,00-0039165,7bb1ecbd-ce2a-443f-881d-e3f993b6a1c0,Z.Charbonnet,RB,nfl-player-v1,0,21.128,2.495,0.416,0,0.138,0.005,0.1332
2025,12,2025_12_CAR_SF,SF,00-0037834,fb4669d0-c27f-4ea4-bd37-8d3bad299f07,B.Purdy,QB,nfl-player-v1,119.132,6.075,0,0,0.783,0.019,0,0.0189
2025,12,2025_12_CAR_SF,SF,00-0037746,00b3cb74-e58d-4660-b1df-2376a82120b6,B.Robinson,RB,nfl-player-v1,0,18.954,3.781,0.613,0,0.089,0.005,0.09
2025,12,2025_12_CAR_SF,SF,00-0033280,ae3498a3-f309-4ea2-a3c1-031f013cc394,C.McCaffrey,RB,nfl-player-v1,0,55.628,8.186,1.241,0,1.223,0.055,0.7214
2025,12,2025_12_CAR_SF,SF,00-0032775,03ab017e-f181-4486-9661-1c6485dedf19,D.Robinson,WR,nfl-player-v1,0,0,6.243,0.733,0,0,0,0.005
2025,12,2025_12_CAR_SF,SF,00-0033288,6ef21d58-07b4-49a0-9e4b-ab6e4f527023,G.Kittle,TE,nfl-player-v1,0,0,23.193,2.471,0,0,0,0.005
2025,12,2025_12_CAR_SF,SF,00-0036259,046bd3b8-161d-4c19-9816-df5ce3e96947,J.Jennings,WR,nfl-player-v1,0,0,16.768,1.839,0,0,0.029,0.0282
2025,12,2025_12_CAR_SF,SF,00-0036887,d379e74d-8a48-4767-b405-a32b09db1b28,L.Farrell,TE,nfl-player-v1,0,0,6.11,0.718,0,0,0,0.005
2025,12,2025_12_CAR_SF,SF,00-0039916,da658afc-9594-4977-9a7c-3939c1bb4aee,R.Pearsall,WR,nfl-player-v1,0,0.233,10.928,1.24,0,0,0,0.005
2025,12,2025_12_TB_LA,TB,00-0034855,56c2266e-4dc1-4c37-8f44-6323a36613de,B.Mayfield,QB,nfl-player-v1,115.428,6.307,0,0,0.723,0,0,0.005
2025,12,2025_12_TB_LA,TB,00-0033921,90fcc742-b736-44f4-994f-094724be0c09,C.Godwin,WR,nfl-player-v1,0,0,10.186,1.159,0,0,0,0.005
2025,12,2025_12_TB_LA,TB,00-0038129,4f63ff11-fe96-4aa7-9831-9536b01dd6a9,C.Otton,TE,nfl-player-v1,0,0,18.82,2.068,0,0,0,0.005
2025,12,2025_12_TB_LA,TB,00-0040129,bac91e1b-f24a-431e-a656-d23a3ef5e9f5,E.Egbuka,WR,nfl-player-v1,0,0,21.33,2.332,0,0,0.036,0.0356
2025,12,2025_12_TB_LA,TB,00-0038458,915ac6b2-7aca-433e-88d2-fb7410483d09,O.Wright,RB,nfl-player-v1,0,12.663,2.471,0.412,0,0,0,0.005
2025,12,2025_12_TB_LA,TB,00-0037256,af7855b9-7e3c-41da-a2b8-8c7f6cd88bee,R.White,RB,nfl-player-v1,0,21.631,3.266,0.537,0,0.102,0.005,0.1009
2025,12,2025_12_TB_LA,TB,00-0032385,2036bbd6-7375-422e-bdbc-7822b5bffdce,S.Shepard,WR,nfl-player-v1,0,0,14.532,1.631,0,0,0.025,0.0251
2025,12,2025_12_TB_LA,TB,00-0038951,0b1f5016-8cbc-4512-8a82-0d3f67416080,S.Tucker,RB,nfl-player-v1,0,33.099,4.074,0.66,0,0.306,0.012,0.2724
2025,12,2025_12_TB_LA,TB,00-0031237,47862c44-97a4-41ef-bcd9-aaf2a576df11,T.Bridgewater,QB,nfl-player-v1,106.998,4.675,0,0,0.67,0,0,0.005
2025,12,2025_12_TB_LA,TB,00-0040237,5c294442-eaea-4ed0-a4fd-c33a7509bf48,T.Johnson,WR,nfl-player-v1,0,0.576,12.57,1.412,0,0.003,0.066,0.0666
2025,12,2025_12_SEA_TEN,TEN,00-0040705,f3027194-2b41-4db7-b6e1-10cb47514b73,C.Dike,WR,nfl-player-v1,0,0,18.533,2.055,0,0,0.064,0.0619
2025,12,2025_12_SEA_TEN,TEN,00-0037809,64755288-83b6-45d3-9d82-11807c2f5994,C.Okonkwo,TE,nfl-player-v1,0,0,12.02,1.373,0,0,0,0.005
2025,12,2025_12_SEA_TEN,TEN,00-0040676,f16bf5f1-4c50-449b-b1d4-ad4d66db60cb,C.Ward,QB,nfl-player-v1,132.444,7.939,0,0,0.911,0.052,0,0.0502
2025,12,2025_12_SEA_TEN,TEN,00-0040584,7e6d7376-3ff9-4d2b-8022-f47c0fbc308e,G.Helm,TE,nfl-player-v1,0,0,18.285,2.021,0,0,0,0.005
2025,12,2025_12_SEA_TEN,TEN,00-0037594,08786b66-962c-43b2-b93f-257484f8c7fb,J.Chestnut,RB,nfl-player-v1,0,11.884,2.471,0.412,0,0.057,0.004,0.0587
2025,12,2025_12_SEA_TEN,TEN,00-0036133,e6562317-152c-443a-bdb1-1a121aba425c,J.Proche,WR,nfl-player-v1,0,0,10.179,1.171,0,0,0,0.005
2025,12,2025_12_SEA_TEN,TEN,00-0035261,61edd687-3a13-4c2f-8e86-d493ced4295b,T.Pollard,RB,nfl-player-v1,0,39.559,6.594,1.037,0,0,0,0.005
2025,12,2025_12_SEA_TEN,TEN,00-0039032,90e22076-0605-4b85-8d97-1a83167c5c35,T.Spears,RB,nfl-player-v1,0,15.488,6.714,1.056,0,0.144,0.019,0.1501
2025,12,2025_12_SEA_TEN,TEN,00-0036415,de90c83e-b445-439c-befe-655f3d2c50d7,V.Jefferson,WR,nfl-player-v1,0,0,6.456,0.76,0,0,0,0.005
2025,12,2025_12_SEA_TEN,TEN,00-0040522,bef80ce6-4ba7-4790-b283-795c1f6d0a25,X.Restrepo,WR,nfl-player-v1,0,0,15.283,1.725,0,0,0.027,0.0265
2025,13,2025_13_ARI_TB,ARI,00-0039041,1b207068-6c7e-480f-9923-06f2128115d6,E.Higgins,TE,nfl-player-v1,0,0,8.356,0.972,0,0,0,0.005
2025,13,2025_13_ARI_TB,ARI,00-0035500,8d89d9ff-87bf-47c7-bdb7-6387fd2063b9,G.Dortch,WR,nfl-player-v1,0,0,8.163,0.949,0,0,0,0.005
2025,13,2025_13_ARI_TB,ARI,00-0033119,237a8679-0c0a-480b-870d-514d0c50523f,J.Brissett,QB,nfl-player-v1,125.7,6.54,0,0,0.787,0,0,0.005
2025,13,2025_13_ARI_TB,ARI,00-0036924,324eed4d-0d36-4dcf-818b-f956af29d709,M.Carter,RB,nfl-player-v1,0,21.977,7.816,1.213,0,0,0,0.005
2025,13,2025_13_ARI_TB,ARI,00-0039849,4c27a10c-963d-444e-b235-b46f4b652866,M.Harrison,WR,nfl-player-v1,0,0,16.433,1.812,0,0,0,0.005
2025,13,2025_13_ARI_TB,ARI,00-0038559,befb93dc-de67-4344-9d23-a1fa6a9d682f,M.Wilson,WR,nfl-player-v1,0,0,18.047,2.01,0,0,0.113,0.1065
2025,13,2025_13_ARI_TB,ARI,00-0037744,87b536c6-701f-4a71-b52e-0d8f7d4ec694,T.McBride,TE,nfl-player-v1,0,0,24.727,2.667,0,0,0.075,0.072
2025,13,2025_13_ARI_TB,ARI,00-0039521,12f8c048-b279-4f65-b939-fdbe8ede05c4,X.Weaver,WR,nfl-player-v1,0,0,6.396,0.755,0,0,0,0.005
2025,13,2025_13_ARI_TB,ARI,00-0037157,efbc865a-57b4-4ae3-ab3d-27d27dffa258,Z.Knight,RB,nfl-player-v1,0,34.627,4.283,0.688,0,0.285,0.011,0.2563
2025,13,2025_13_ATL_NYJ,ATL,00-0038542,8f5e333b-8cac-493f-8be3-093a3f12c027,B.Robinson,RB,nfl-player-v1,0,57.477,8.694,1.315,0,0.828,0.038,0.5795
2025,13,2025_13_ATL_NYJ,ATL,00-0038953,1c005470-9111-4f2c-9f20-256299b1dbce,D.Drummond,WR,nfl-player-v1,0,0,9.532,1.099,0,0,0,0.005
2025,13,2025_13_ATL_NYJ,ATL,00-0036309,e318bcf4-6f17-4a62-ba7b-9283a4aab86c,D.Mooney,WR,nfl-player-v1,0,0,13.364,1.507,0,0,0.038,0.0376
2025,13,2025_13_ATL_NYJ,ATL,00-0035359,601ce504-9f08-487d-b968-f6e884c7fdfb,D.Sills,WR,nfl-player-v1,0,0,11.546,1.313,0,0,0.017,0.0166
2025,13,2025_13_ATL_NYJ,ATL,00-0037487,8a5805d8-1075-4b92-ac8c-7bf48ca566a2,D.Thompkins,WR,nfl-player-v1,0,0.261,8.269,0.954,0,0,0,0.005
2025,13,2025_13_ATL_NYJ,ATL,00-0029604,c3485017-7a48-4b69-8957-97f4e26303ea,K.Cousins,QB,nfl-player-v1,113.51,4.273,0,0,0.711,0,0,0.005
2025,13,2025_13_ATL_NYJ,ATL,00-0036970,40dfaab3-2886-438e-a325-a15f68d1f3c8,K.Pitts,TE,nfl-player-v1,0,0,21.716,2.337,0,0,0,0.005
2025,13,2025_13_ATL_NYJ,ATL,00-0037263,3d48d76e-acf1-404a-ba84-79e0d1d0e3fc,T.Allgeier,RB,nfl-player-v1,0,22.494,4.006,0.649,0,0.257,0.014,0.2379
2025,13,2025_13_CIN_BAL,BAL,00-0038046,6f5a73e0-41fa-40ec-aa08-ce3f64fad723,C.Kolar,TE,nfl-player-v1,0,0,6.779,0.795,0,0,0,0.005
2025,13,2025_13_CIN_BAL,BAL,00-0032764,31b668ff-08d5-4913-8678-4c5c2fb906ca,D.Henry,RB,nfl-player-v1,0,32.285,3.432,0.564,0,0,0,0.005
2025,13,2025_13_CIN_BAL,BAL,00-0030564,1bd6ba6e-0334-4184-a6f8-4d5dcf7c276f,D.Hopkins,WR,nfl-player-v1,0,0,10.939,1.254,0,0,0,0.005
2025,13,2025_13_CIN_BAL,BAL,00-0039792,74d11e7b-f3ab-49eb-8b7f-27ca20789099,D.Walker,WR,nfl-player-v1,0,0,8.402,0.981,0,0,0,0.005
2025,13,2025_13_CIN_BAL,BAL,00-0037838,ae5846b3-e4d7-42a1-bd13-81760f0a83b2,I.Likely,TE,nfl-player-v1,0,0,18.956,2.085,0,0,0,0.005
2025,13,2025_13_CIN_BAL,BAL,00-0038454,4c8b2a02-d4ab-4896-af38-2a000c2591f3,K.Mitchell,RB,nfl-player-v1,0,11.329,5.29,0.844,0,0.12,0.017,0.1275
2025,13,2025_13_CIN_BAL,BAL,00-0034796,4c6e84b3-2283-4d86-8f7b-019a185c6764,L.Jackson,QB,nfl-player-v1,127.152,7.816,0,0,0.885,0.055,0,0.0537
2025,13,2025_13_CIN_BAL,BAL,00-0034753,3c8c24b6-f2b3-4130-86e6-389a16aa6104,M.Andrews,TE,nfl-player-v1,0,0,18.33,2.025,0,0,0.071,0.0684
2025,13,2025_13_CIN_BAL,BAL,00-0039796,4e18e3ca-b72d-4c47-ba00-865ad3e61750,R.Ali,RB,nfl-player-v1,0,16.105,2.471,0.412,0,0,0,0.005
2025,13,2025_13_CIN_BAL,BAL,00-0036550,18c06a21-f854-4f11-89ad-f617293f9cea,R.Bateman,WR,nfl-player-v1,0,0,6.64,0.783,0,0,0,0.005
2025,13,2025_13_CIN_BAL,BAL,00-0039064,a4c95f75-76ae-4729-b36b-053b14fb2a51,Z.Flowers,WR,nfl-player-v1,0,0,20.025,2.21,0,0,0,0.005
2025,13,2025_13_BUF_PIT,BUF,00-0031236,16125e50-cd99-4225-a124-62507be3ffd8,B.Cooks,WR,nfl-player-v1,0,0,6.665,0.779,0,0,0,0.005
2025,13,2025_13_BUF_PIT,BUF,00-0035689,83978a45-a7da-408d-a462-426f5444a908,D.Knox,TE,nfl-player-v1,0,0,12.977,1.45,0,0,0.016,0.0155
2025,13,2025_13_BUF_PIT,BUF,00-0036196,8ab795f5-aeff-4a6a-99bd-51e581210daa,G.Davis,WR,nfl-player-v1,0,0,8.325,0.962,0,0,0.01,0.0103
2025,13,2025_13_BUF_PIT,BUF,00-0034857,32369b37-6bce-4910-acfa-f658676697d3,J.Allen,QB,nfl-player-v1,117.109,6.679,0,0,0.758,0.015,0,0.0144
2025,13,2025_13_BUF_PIT,BUF,00-0037248,61da158c-dacb-4567-8ec7-9521d0868e5f,J.Cook,RB,nfl-player-v1,0,55.471,5.32,0.838,0,1.197,0.036,0.7087
2025,13,2025_13_BUF_PIT,BUF,00-0040194,5a7670a6-35d4-43bb-a12b-9b1580498b35,J.Hawes,TE,nfl-player-v1,0,0,6.665,0.779,0,0,0,0.005
2025,13,2025_13_BUF_PIT,BUF,00-0039901,15497e04-abce-413c-b84b-6928c1f96d77,K.Coleman,WR,nfl-player-v1,0,0,10.636,1.208,0,0,0.013,0.0129
2025,13,2025_13_BUF_PIT,BUF,00-0037261,a182f320-892e-4344-8c39-d03ec8d397c4,K.Shakir,WR,nfl-player-v1,0,0,12.252,1.384,0,0,0.015,0.0148
2025,13,2025_13_BUF_PIT,BUF,00-0039875,51239dbe-c985-42a4-bdb6-e31bea991d12,R.Davis,RB,nfl-player-v1,0,18.906,2.496,0.416,0,0,0,0.005
2025,13,2025_13_BUF_PIT,BUF,00-0035537,7927f661-8fb2-47a7-988d-d39a7c8038be,Ty.Johnson,RB,nfl-player-v1,0,9.465,7.303,1.109,0,0,0,0.005
2025,13,2025_13_LA_CAR,CAR,00-0039150,c28c1088-1b0f-497f-bfdb-1a7a9cde1e89,B.Young,QB,nfl-player-v1,109.115,5.058,0,0,0.835,0.071,0,0.0689
2025,13,2025_13_LA_CAR,CAR,00-0036555,e4fb467c-29b4-4025-8e7f-05d9ee9ca744,C.Hubbard,RB,nfl-player-v1,0,34.038,4.572,0.73,0,0,0,0.005
2025,13,2025_13_LA_CAR,CAR,00-0039491,0a50de21-d75b-4e1e-86c9-191b0dccffec,J.Coker,WR,nfl-player-v1,0,0,20.608,2.21,0,0,0,0.005
2025,13,2025_13_LA_CAR,CAR,00-0040187,4c908559-bee0-4e03-892b-acb185733f1c,M.Evans,TE,nfl-player-v1,0,0,12.13,1.36,0,0,0,0.005
2025,13,2025_13_LA_CAR,CAR,00-0036139,5247cf70-ccdc-4fee-abb5-56faa544291f,R.Dowdle,RB,nfl-player-v1,0,35.357,4.526,0.722,0,0,0,0.005
2025,13,2025_13_LA_CAR,CAR,00-0040644,fb47152c-3c47-4517-aafd-6bb67424d19d,T.Etienne,RB,nfl-player-v1,0,6.206,3.429,0.559,0,0,0,0.005
2025,13,2025_13_LA_CAR,CAR,00-0040124,fe874b96-e2c0-4f68-9815-af65b06e6738,T.McMillan,WR,nfl-player-v1,0,0,8.925,1.027,0,0,0,0.005
2025,13,2025_13_LA_CAR,CAR,00-0037005,2a5af105-ecb4-4ae4-89c6-d47b7b108737,T.Tremble,TE,nfl-player-v1,0,0,8.894,1.023,0,0,0,0.005
2025,13,2025_13_LA_CAR,CAR,00-0039342,2f0f3999-0f08-41d7-83f3-7bf733899142,X.Legette,WR,nfl-player-v1,0,0,8.894,1.023,0,0,0,0.005
2025,13,2025_13_CHI_PHI,CHI,00-0036290,e20adbbe-669d-4d26-b64a-84332cd2acfd,C.Kmet,TE,nfl-player-v1,0,0,9.227,1.057,0,0,0,0.005
2025,13,2025_13_CHI_PHI,CHI,00-0040126,20e5eda2-e6a7-45e5-8ed5-958a5d49a8ae,C.Loveland,TE,nfl-player-v1,0,0,13.977,1.56,0,0,0,0.005
2025,13,2025_13_CHI_PHI,CHI,00-0039918,d3372f7c-27eb-47ac-9d90-facef898a40f,C.Williams,QB,nfl-player-v1,117.021,5.575,0,0,0.733,0,0,0.005
2025,13,2025_13_CHI_PHI,CHI,00-0034827,d366aedd-7ef1-47c6-a3bb-637a4559f332,D.Moore,WR,nfl-player-v1,0,0.183,12.245,1.38,0,0.001,0.039,0.0384
2025,13,2025_13_CHI_PHI,CHI,00-0036275,49aefcdc-6cec-4beb-84e1-ba08880d15d6,D.Swift,RB,nfl-player-v1,0,36.589,3.771,0.611,0,0.152,0.005,0.1454
2025,13,2025_13_CHI_PHI,CHI,00-0040236,08e87151-52f8-40cb-a625-42c1703b9eec,K.Monangai,RB,nfl-player-v1,0,43.857,3.148,0.517,0,0.73,0.017,0.5259
2025,13,2025_13_CHI_PHI,CHI,00-0040735,7f3e9ce8-9c8d-4d38-b381-3e43b24bf041,L.Burden,WR,nfl-player-v1,0,0.181,14.105,1.564,0,0,0,0.005
2025,13,2025_13_CHI_PHI,CHI,00-0035208,abb5a044-a3c2-46a1-9fac-b6d0ddf8475b,O.Zaccheaus,WR,nfl-player-v1,0,0,9.062,1.042,0,0,0.015,0.0145
2025,13,2025_13_CHI_PHI,CHI,00-0039919,118470e6-4c10-41fd-9c53-8f079c8747aa,R.Odunze,WR,nfl-player-v1,0,0,13.583,1.522,0,0,0.021,0.0211
2025,13,2025_13_CIN_BAL,CIN,00-0038619,7da25b9b-7510-4f92-98a5-2cb63cd6aa2d,A.Iosivas,WR,nfl-player-v1,0,0,7.166,0.839,0,0,0.006,0.0056
2025,13,2025_13_CIN_BAL,CIN,00-0038597,5b052584-0cb1-4079-abf3-1c8954958e62,C.Brown,RB,nfl-player-v1,0,42.506,7.167,1.114,0,0.412,0.021,0.3515
2025,13,2025_13_CIN_BAL,CIN,00-0035631,9505074b-e13e-401f-a269-a589537be748,D.Sample,TE,nfl-player-v1,0,0.246,7.193,0.839,0,0,0,0.005
2025,13,2025_13_CIN_BAL,CIN,00-0036442,3f58a998-2d1f-4f95-9c81-9ccd5fa0c8ec,J.Burrow,QB,nfl-player-v1,126.995,5.747,0,0,0.812,0.008,0,0.0077
2025,13,2025_13_CIN_BAL,CIN,00-0036900,fa88fc04-ab72-4b44-b18f-196905155362,J.Chase,WR,nfl-player-v1,0,0,27.699,2.951,0,0,0.039,0.0386
2025,13,2025_13_CIN_BAL,CIN,00-0034829,75916bc5-a3af-4067-9720-00cca5c17ac9,M.Gesicki,TE,nfl-player-v1,0,0,9.906,1.141,0,0,0.015,0.0151
2025,13,2025_13_CIN_BAL,CIN,00-0038839,8fa39fd1-f924-44b5-b327-9191f3569c02,M.Tinsley,WR,nfl-player-v1,0,0,17.132,1.91,0,0,0.025,0.0251
2025,13,2025_13_CIN_BAL,CIN,00-0035644,332e37c2-22e4-4511-931e-c30035cb108d,N.Fant,TE,nfl-player-v1,0,0,7.166,0.839,0,0,0.006,0.0056
2025,13,2025_13_CIN_BAL,CIN,00-0033526,8b7e765c-715a-49e2-b062-5527b649c39c,S.Perine,RB,nfl-player-v1,0,39.19,3.731,0.609,0,0.311,0.009,0.2744
2025,13,2025_13_CIN_BAL,CIN,00-0034613,5a2238a1-78a9-452b-b3b5-2440c6cc7d92,T.Hudson,TE,nfl-player-v1,0,0,7.166,0.839,0,0,0.011,0.0111
2025,13,2025_13_SF_CLE,CLE,00-0038979,4621b9ce-6bc7-4652-9414-16ff576216df,C.Tillman,WR,nfl-player-v1,0,0,6.516,0.766,0,0,0,0.005
2025,13,2025_13_SF_CLE,CLE,00-0040704,7af9c46c-c099-4877-b651-9719ed598171,D.Gabriel,QB,nfl-player-v1,101.124,4.326,0,0,0.633,0,0,0.005
2025,13,2025_13_SF_CLE,CLE,00-0033885,7803b6a3-2944-46a1-a2f7-8c64e92fc82d,D.Njoku,TE,nfl-player-v1,0,0,9.086,1.044,0,0,0,0.005
2025,13,2025_13_SF_CLE,CLE,00-0040162,b934c25d-e16b-4088-ade1-894632b8045f,D.Sampson,RB,nfl-player-v1,0,13.507,2.498,0.416,0,0,0,0.005
2025,13,2025_13_SF_CLE,CLE,00-0040259,87512936-b0d4-422f-87f4-f28fc56fe703,G.Larvadain,WR,nfl-player-v1,0,0,11.203,1.272,0,0,0,0.005
2025,13,2025_13_SF_CLE,CLE,00-0040663,62719d0e-0efc-456e-8df8-828cc1cf4abe,H.Fannin,TE,nfl-player-v1,0,0.258,16.154,1.775,0,0,0,0.005
2025,13,2025_13_SF_CLE,CLE,00-0040782,3193f354-0b23-4321-b879-2e9fcd02ec84,I.Bond,WR,nfl-player-v1,0,0.258,8.847,1.018,0,0,0,0.005
2025,13,2025_13_SF_CLE,CLE,00-0037267,3a0091ff-06bf-492a-9528-03ae4f8f866d,J.Ford,RB,nfl-player-v1,0,5.357,4.6,0.724,0,0,0,0.005
2025,13,2025_13_SF_CLE,CLE,00-0036407,c669f87b-fdf2-458b-92b9-5fc841b4bec5,J.Jeudy,WR,nfl-player-v1,0,0,13.937,1.555,0,0,0,0.005
2025,13,2025_13_SF_CLE,CLE,00-0039920,f3dfcb32-2500-4f7d-8e4a-0b276a390d97,M.Corley,WR,nfl-player-v1,0,0.257,4.804,0.569,0,0,0,0.005
2025,13,2025_13_SF_CLE,CLE,00-0040784,62023d1d-a5ea-44d8-bde5-fe8b08113b5a,Q.Judkins,RB,nfl-player-v1,0,53.93,5.546,0.873,0,1.439,0.047,0.7736
2025,13,2025_13_SF_CLE,CLE,00-0040668,9dd18fe8-369d-4368-9e6e-337bb9bd4bc2,S.Sanders,QB,nfl-player-v1,108.917,4.595,0,0,0.682,0,0,0.005
2025,13,2025_13_KC_DAL,DAL,00-0036358,c65ab2ea-a913-4981-964e-e6b3c4c5854e,C.Lamb,WR,nfl-player-v1,0,0,22.428,2.433,0,0,0.049,0.0475
2025,13,2025_13_KC_DAL,DAL,00-0033077,6b202b45-4554-4645-8ff5-4ee830907717,D.Prescott,QB,nfl-player-v1,117.985,4.348,0,0,0.739,0,0,0.005
2025,13,2025_13_KC_DAL,DAL,00-0037247,35484e4c-03b7-453e-80fd-be2fa1ac62aa,G.Pickens,WR,nfl-player-v1,0,0,34.521,3.625,0,0,0.145,0.135
2025,13,2025_13_KC_DAL,DAL,00-0038041,631385df-a7e6-4eb7-8b2b-e19769a2551f,J.Ferguson,TE,nfl-player-v1,0,0,15.59,1.741,0,0,0.017,0.0173
2025,13,2025_13_KC_DAL,DAL,00-0036997,75533a5b-1037-45da-a572-2ccf5f61abc0,J.Williams,RB,nfl-player-v1,0,51.943,4.773,0.768,0,0.756,0.022,0.5406
2025,13,2025_13_KC_DAL,DAL,00-0037801,7bb83a46-749f-471f-9876-9b2893c636f8,K.Turpin,WR,nfl-player-v1,0,1.093,8.318,0.953,0,0,0,0.005
2025,13,2025_13_KC_DAL,DAL,00-0038547,7df365f8-b808-4ecf-8454-fe5ccbc0e2f4,L.Schoonmaker,TE,nfl-player-v1,0,0,6.23,0.733,0,0,0,0.005
2025,13,2025_13_KC_DAL,DAL,00-0037563,8ff15410-a25d-420e-a8c8-f07173b07ff5,M.Davis,RB,nfl-player-v1,0,13.692,2.471,0.412,0,0.042,0.002,0.0433
2025,13,2025_13_KC_DAL,DAL,00-0039410,b9c5b95f-dcad-4853-bbe4-c3b2db8b2c1d,R.Flournoy,WR,nfl-player-v1,0,0,9.729,1.119,0,0,0,0.005
2025,13,2025_13_DEN_WAS,DEN,00-0036727,2e3ef41a-d0ea-473a-b249-559f5a424df1,A.Prentice,RB,nfl-player-v1,0,9.168,3.204,0.528,0,0,0,0.005
2025,13,2025_13_DEN_WAS,DEN,00-0036422,b141ab2c-c6c5-49b2-94f4-781604cbeb98,A.Trautman,TE,nfl-player-v1,0,0,10.97,1.258,0,0,0,0.005
2025,13,2025_13_DEN_WAS,DEN,00-0039732,40159058-8f61-4120-8323-ec81eaeff8ce,B.Nix,QB,nfl-player-v1,125.608,5.556,0,0,0.786,0,0,0.005
2025,13,2025_13_DEN_WAS,DEN,00-0034348,017301c4-fe49-48a1-a533-db70f693a734,C.Sutton,WR,nfl-player-v1,0,0,14.659,1.649,0,0,0.031,0.0303
2025,13,2025_13_DEN_WAS,DEN,00-0033881,44ecc125-b690-4177-93f9-f03d50825239,E.Engram,TE,nfl-player-v1,0,0,20.307,2.232,0,0,0.042,0.0408
2025,13,2025_13_DEN_WAS,DEN,00-0038794,5c36d9ad-e706-41e2-901b-a2619071857f,J.McLaughlin,RB,nfl-player-v1,0,23.164,3.136,0.517,0,0.065,0.003,0.0659
2025,13,2025_13_DEN_WAS,DEN,00-0035406,24fa8fd8-69ba-45e6-b4b2-b530f48b8c92,L.Humphrey,WR,nfl-player-v1,0,0,6.035,0.713,0,0,0,0.005
2025,13,2025_13_DEN_WAS,DEN,00-0038976,d99e2c6d-aef8-4250-9bec-3a167ae51085,M.Mims,WR,nfl-player-v1,0,0.353,7.774,0.902,0,0,0,0.005
2025,13,2025_13_DEN_WAS,DEN,00-0040134,de70216e-21b4-4de8-a4e8-1c0e4ed7734b,P.Bryant,WR,nfl-player-v1,0,0,16.2,1.821,0,0,0.017,0.0168
2025,13,2025_13_DEN_WAS,DEN,00-0040730,f30905bf-54ce-4e54-8ae4-38b278499802,R.Harvey,RB,nfl-player-v1,0,44.97,5.361,0.857,0,0.74,0.027,0.5358
2025,13,2025_13_DEN_WAS,DEN,00-0037085,e91b7026-2866-4587-96e6-3eba8e3346af,T.Badie,RB,nfl-player-v1,0,6.28,6.008,0.951,0,0.035,0.01,0.0445
2025,13,2025_13_DEN_WAS,DEN,00-0039868,128fd135-fb3e-451e-8135-52d9465c4154,T.Franklin,WR,nfl-player-v1,0,0,9.123,1.057,0,0,0,0.005
2025,13,2025_13_GB_DET,DET,00-0033455,927ee7f8-66ac-4b7a-9998-56e07a422933,A.Firkser,TE,nfl-player-v1,0,0,6.466,0.758,0,0,0.011,0.0106
2025,13,2025_13_GB_DET,DET,00-0036963,01542f54-ce56-438f-a484-c6bc9b77aabd,A.St. Brown,WR,nfl-player-v1,0,0,6.323,0.745,0,0,0,0.005
2025,13,2025_13_GB_DET,DET,00-0035685,65151ce5-a920-4dc2-8bb0-ad8bdeea7a46,D.Montgomery,RB,nfl-player-v1,0,21.777,4.159,0.671,0,0.273,0.016,0.2511
2025,13,2025_13_GB_DET,DET,00-0040669,4933a1b2-3cd6-4268-a60f-3b7b98622bbf,I.TeSlaa,WR,nfl-player-v1,0,0,7.352,0.848,0,0,0.012,0.0118
2025,13,2025_13_GB_DET,DET,00-0039139,29347caa-e7e1-4745-a79a-e2a210fe4fda,J.Gibbs,RB,nfl-player-v1,0,47.727,6.149,0.961,0,0.384,0.015,0.3294
2025,13,2025_13_GB_DET,DET,00-0033106,a631bebf-08bd-40de-b474-1e57605a1574,J.Goff,QB,nfl-player-v1,113.818,4.848,0,0,0.713,0,0,0.005
2025,13,2025_13_GB_DET,DET,00-0037240,975d437e-c293-4704-8573-68420a22d271,J.Williams,WR,nfl-player-v1,0,0.287,29.444,3.055,0,0,0,0.005
2025,13,2025_13_GB_DET,DET,00-0034073,4ecefbab-7ea8-4703-9753-7fa0adc53c43,R.Dwelley,,nfl-player-v1,0,0,10.072,1.156,0,0,0.032,0.0318
2025,13,2025_13_GB_DET,DET,00-0035544,2c13fedd-2d1a-49af-8794-61bf00446701,T.Kennedy,WR,nfl-player-v1,0,0,12.888,1.443,0,0,0,0.005
2025,13,2025_13_GB_DET,GB,00-0037091,e71f068d-ac9d-4f78-8099-e1eea965dc74,B.Melton,DB,nfl-player-v1,0,0.597,6.349,0.741,0,0,0,0.005
2025,13,2025_13_GB_DET,GB,00-0038685,18850ce4-973b-4e21-a03e-aa04864658c8,C.Brooks,RB,nfl-player-v1,0,6.243,4.113,0.665,0,0,0,0.005
2025,13,2025_13_GB_DET,GB,00-0038124,12c85e25-4ab3-432a-8046-7f8b9f971f0e,C.Watson,WR,nfl-player-v1,0,0.319,27.308,2.888,0,0,0.04,0.0401
2025,13,2025_13_GB_DET,GB,00-0038393,c2ac0493-43d7-454b-9733-3e8161530921,D.Wicks,WR,nfl-player-v1,0,0.325,20.956,2.259,0,0.001,0.032,0.0316
2025,13,2025_13_GB_DET,GB,00-0038797,6572040d-90dd-479c-8d99-faf7175127c3,E.Wilson,RB,nfl-player-v1,0,14.251,2.497,0.416,0,0.061,0.003,0.0623
2025,13,2025_13_GB_DET,GB,00-0037306,5bedb1f9-714b-416c-9803-57d032ed5651,J.FitzPatrick,TE,nfl-player-v1,0,0,6.286,0.741,0,0,0.01,0.0103
2025,13,2025_13_GB_DET,GB,00-0035700,1d87d00a-50b3-494c-a764-c0ff40e2a701,J.Jacobs,RB,nfl-player-v1,0,43.095,3.407,0.559,0,0.178,0.004,0.1665
2025,13,2025_13_GB_DET,GB,00-0036264,537f0d83-5256-42bf-bc75-f956be1f26c5,J.Love,QB,nfl-player-v1,116.875,5.483,0,0,0.764,0.015,0,0.0154
2025,13,2025_13_GB_DET,GB,00-0038589,347e102e-5af8-471f-a451-d916b09ab96c,J.Whyle,TE,nfl-player-v1,0,0,6.286,0.741,0,0,0,0.005
2025,13,2025_13_GB_DET,GB,00-0039144,bb8a3825-74f1-4c85-880a-a3108c33b36b,L.Musgrave,TE,nfl-player-v1,0,0,6.56,0.769,0,0,0,0.005
2025,13,2025_13_GB_DET,GB,00-0038465,44b551ee-73bc-4992-b195-a15879dfb8fc,M.Heath,,nfl-player-v1,0,0,6.286,0.741,0,0,0,0.005
2025,13,2025_13_GB_DET,GB,00-0037816,a5673ce8-e626-4f8f-a1c0-7864036be6a3,R.Doubs,WR,nfl-player-v1,0,0,13.023,1.463,0,0,0.061,0.0596
2025,13,2025_13_HOU_IND,HOU,00-0039359,1af5fe9f-0b86-407e-9071-b814a07c9834,C.Stover,TE,nfl-player-v1,0,0.966,8.07,0.921,0,0.004,0.032,0.0354
2025,13,2025_13_HOU_IND,HOU,00-0039163,5580f3af-a69b-4d18-aa9e-f9f360bb7daf,C.Stroud,QB,nfl-player-v1,117.484,4.786,0,0,0.736,0,0,0.005
2025,13,2025_13_HOU_IND,HOU,00-0034383,fe4c4fa7-73c1-43b7-8823-e75c27674ec2,D.Schultz,TE,nfl-player-v1,0,0,20.778,2.243,0,0,0.02,0.0194
2025,13,2025_13_HOU_IND,HOU,00-0040130,321f2f7a-617b-4114-867a-7188cd496cff,J.Higgins,WR,nfl-player-v1,0,0,13.998,1.562,0,0,0,0.005
2025,13,2025_13_HOU_IND,HOU,00-0040138,e514b85a-324e-406e-880e-9c49fe37b12d,J.Noel,WR,nfl-player-v1,0,0,6.123,0.722,0,0,0.006,0.0063
2025,13,2025_13_HOU_IND,HOU,00-0034791,489002b7-b67b-4d6a-80d9-6000e716b0ce,N.Chubb,RB,nfl-player-v1,0,24.101,2.471,0.412,0,0.192,0.006,0.1797
2025,13,2025_13_HOU_IND,HOU,00-0036554,b8dae940-0938-432d-9b8c-3fc0ae4c8906,N.Collins,WR,nfl-player-v1,0,0.255,24.95,2.66,0,0,0.047,0.046
2025,13,2025_13_HOU_IND,HOU,00-0040583,370bcf5e-ca00-4e72-b138-115538bdc569,W.Marks,RB,nfl-player-v1,0,45.076,3.185,0.523,0,0.35,0.008,0.3007
2025,13,2025_13_HOU_IND,HOU,00-0038618,e432064c-a8c6-4b83-8119-a0bf2e30fa6f,X.Hutchinson,WR,nfl-player-v1,0,0,13.039,1.473,0,0,0.013,0.0128
2025,13,2025_13_HOU_IND,IND,00-0037292,892369e3-2735-4812-9d7d-e02a4a4d5298,A.Ogletree,TE,nfl-player-v1,0,0,6.925,0.811,0,0,0.014,0.0141
2025,13,2025_13_HOU_IND,IND,00-0037664,6b78568e-15e7-485d-ab78-b85134c79c82,A.Pierce,WR,nfl-player-v1,0,0,17.325,1.909,0,0,0.033,0.0329
2025,13,2025_13_HOU_IND,IND,00-0035710,154df07d-189d-4473-894a-f65ed36181fc,D.Jones,QB,nfl-player-v1,112.678,4.875,0,0,0.705,0,0,0.005
2025,13,2025_13_HOU_IND,IND,00-0038997,5da8b083-96f7-43b0-8b97-365397bd59e6,J.Downs,WR,nfl-player-v1,0,0,18.917,2.083,0,0,0,0.005
2025,13,2025_13_HOU_IND,IND,00-0036223,d93096a9-946b-4b3c-a3b5-7a1498c91cae,J.Taylor,RB,nfl-player-v1,0,54.994,7.977,1.22,0,0.814,0.037,0.5726
2025,13,2025_13_HOU_IND,IND,00-0036252,8b257ca3-4915-4a9f-9cc7-70bd81d7af59,M.Pittman,WR,nfl-player-v1,0,0,13.364,1.512,0,0,0,0.005
2025,13,2025_13_HOU_IND,IND,00-0040128,e72096d9-8234-4879-b3b4-9fd4bf4aac4e,T.Warren,TE,nfl-player-v1,0,0.3,11.934,1.329,0,0.001,0.047,0.0466
2025,13,2025_13_JAX_TEN,JAX,00-0036841,33dd338f-5de8-4760-8d4d-007f071cad8c,A.Trammell,WR,nfl-player-v1,0,0,13.15,1.496,0,0,0.023,0.023
2025,13,2025_13_JAX_TEN,JAX,00-0038935,80a87ed4-7f37-41e3-80a9-7f6581431750,B.Strange,TE,nfl-player-v1,0,0,14.367,1.609,0,0,0,0.005
2025,13,2025_13_JAX_TEN,JAX,00-0039893,2dc8cd75-0a7b-413d-a5a0-3a21b2e1dbc9,B.Thomas,WR,nfl-player-v1,0,0,11.774,1.34,0,0,0,0.005
2025,13,2025_13_JAX_TEN,JAX,00-0040719,9d78928b-8c2f-4c2e-84ff-879c358142a1,B.Tuten,RB,nfl-player-v1,0,23.422,3.438,0.563,0,0.328,0.015,0.2902
2025,13,2025_13_JAX_TEN,JAX,00-0034960,55480340-bb90-4518-9695-e85dd3d36015,J.Meyers,WR,nfl-player-v1,0,0.35,21.024,2.259,0,0.001,0.035,0.0351
2025,13,2025_13_JAX_TEN,JAX,00-0038606,ba986501-71a5-4c41-8836-02933c11efda,P.Washington,WR,nfl-player-v1,0,0,11.117,1.272,0,0,0,0.005
2025,13,2025_13_JAX_TEN,JAX,00-0036590,c9bc4d48-8b89-4565-af15-b88ab15f3a3f,Q.Morris,TE,nfl-player-v1,0,0,8.918,1.032,0,0,0.016,0.0159
2025,13,2025_13_JAX_TEN,JAX,00-0036973,13c9b1da-11e5-44db-b6e2-2ce94a697d63,T.Etienne,RB,nfl-player-v1,0,32.767,3.487,0.571,0,0,0,0.005
2025,13,2025_13_JAX_TEN,JAX,00-0036971,d0738d0d-7cc8-49b9-882e-a1fb536c47e7,T.Lawrence,QB,nfl-player-v1,117.721,6.112,0,0,0.81,0.038,0,0.0376
2025,13,2025_13_JAX_TEN,JAX,00-0033375,0d4b90d7-5de5-47f3-a213-f10b8c403998,T.Patrick,WR,nfl-player-v1,0,0,6.946,0.813,0,0,0,0.005
2025,13,2025_13_KC_DAL,KC,00-0037197,f48b3351-0deb-4a52-9790-5631073f3d2c,I.Pacheco,RB,nfl-player-v1,0,13.922,4.269,0.692,0,0,0,0.005
2025,13,2025_13_KC_DAL,KC,00-0033857,934d9980-bd65-441a-8b3b-b51144ba8f5a,J.Smith-Schuster,WR,nfl-player-v1,0,0,6.366,0.751,0,0,0,0.005
2025,13,2025_13_KC_DAL,KC,00-0039824,8d970914-b1a3-4c6d-b937-7eee8bdff2e9,J.Wiley,TE,nfl-player-v1,0,0,6.63,0.779,0,0,0,0.005
2025,13,2025_13_KC_DAL,KC,00-0033923,0ab5a80d-1207-4385-8df5-2f776ac16816,K.Hunt,RB,nfl-player-v1,0,42.127,4.192,0.679,0,0.535,0.017,0.4238
2025,13,2025_13_KC_DAL,KC,00-0035662,48a61718-24ab-4c6a-946e-56764c8f0206,M.Brown,WR,nfl-player-v1,0,0,8.639,1.001,0,0,0.011,0.0107
2025,13,2025_13_KC_DAL,KC,00-0033873,a9854c99-01a8-4aff-ade7-a3dbcff01a05,P.Mahomes,QB,nfl-player-v1,123.228,6.139,0,0,0.798,0.014,0,0.0137
2025,13,2025_13_KC_DAL,KC,00-0039067,eb2c647e-6138-4708-bd65-35422f29f75c,R.Rice,WR,nfl-player-v1,0,0.376,35.809,3.703,0,0.002,0.199,0.1826
2025,13,2025_13_KC_DAL,KC,00-0030506,6e6da15e-254a-4ee3-b0c8-2eaf5875f22f,T.Kelce,TE,nfl-player-v1,0,0,17.748,1.962,0,0,0.021,0.0209
2025,13,2025_13_KC_DAL,KC,00-0039894,13377595-68fc-4870-b538-55539284b2d2,X.Worthy,WR,nfl-player-v1,0,0.733,17.823,1.958,0,0,0,0.005
2025,13,2025_13_LA_CAR,LA,00-0039738,e5a46115-0912-415a-b0ef-fc6459391e9c,B.Corum,RB,nfl-player-v1,0,23.212,2.535,0.423,0,0.116,0.004,0.1127
2025,13,2025_13_LA_CAR,LA,00-0036244,5bfdeab0-8d49-4746-a2be-60598dcbcf43,C.Parkinson,TE,nfl-player-v1,0,0,17.049,1.888,0,0,0.031,0.0306
2025,13,2025_13_LA_CAR,LA,00-0031381,6af876b7-d6ca-483e-bfab-51357985a24c,D.Adams,WR,nfl-player-v1,0,0,17.208,1.906,0,0,0.031,0.0309
2025,13,2025_13_LA_CAR,LA,00-0039074,577995aa-5a21-4ce7-a655-476aa3b7d151,D.Allen,TE,nfl-player-v1,0,0,6.774,0.794,0,0,0.007,0.0065
2025,13,2025_13_LA_CAR,LA,00-0039751,dfecf1de-d300-4e69-93bc-20c4513f98c0,J.Whittington,WR,nfl-player-v1,0,0,6.625,0.78,0,0,0,0.005
2025,13,2025_13_LA_CAR,LA,00-0037840,d499f341-a8ae-4bc2-a2d0-09cbdcbc82c8,K.Williams,RB,nfl-player-v1,0,37.585,3.408,0.559,0,0.457,0.013,0.3752
2025,13,2025_13_LA_CAR,LA,00-0026498,7fc98b95-d8a9-461b-895c-675c835c87a6,M.Stafford,QB,nfl-player-v1,113.753,4.34,0,0,0.712,0,0,0.005
2025,13,2025_13_LA_CAR,LA,00-0039075,cc8ed8e0-fd25-4c8f-bc2e-7c8b1975f241,P.Nacua,WR,nfl-player-v1,0,0,30.234,3.188,0,0,0.053,0.0512
2025,13,2025_13_LA_CAR,LA,00-0040737,4338c37a-86fe-4f3d-9b1e-af899ef9146b,T.Ferguson,TE,nfl-player-v1,0,0,8.667,1.01,0,0,0.008,0.0083
2025,13,2025_13_LA_CAR,LA,00-0038359,ff0a0568-448e-46fb-88fa-838eb9c13099,X.Smith,WR,nfl-player-v1,0,0,11.932,1.355,0,0,0.011,0.0111
2025,13,2025_13_LV_LAC,LAC,00-0036355,86721778-e183-4522-8ddc-55e00f17fbe7,J.Herbert,QB,nfl-player-v1,109.363,5.279,0,0,0.703,0.009,0,0.0087
2025,13,2025_13_LV_LAC,LAC,00-0036755,a58328de-728b-4d76-84ca-804686864dfc,J.Patterson,RB,nfl-player-v1,0,22.971,2.471,0.412,0,0.286,0.01,0.256
2025,13,2025_13_LV_LAC,LAC,00-0030279,60f4cd06-05df-4280-add3-4cecee3a82d3,K.Allen,WR,nfl-player-v1,0,0,16.958,1.849,0,0,0.015,0.0151
2025,13,2025_13_LV_LAC,LAC,00-0039391,533082ab-7fe9-4268-80bc-0139989251cf,K.Vidal,RB,nfl-player-v1,0,47.176,3.485,0.569,0,0.454,0.011,0.3714
2025,13,2025_13_LV_LAC,LAC,00-0039915,7f5bf6e3-b07c-4361-bc95-0311908c7bf8,L.McConkey,WR,nfl-player-v1,0,0,19.672,2.12,0,0,0.035,0.0343
2025,13,2025_13_LV_LAC,LAC,00-0040189,070528cf-a9c0-48c4-a759-be8a5cd3922f,O.Gadsden,TE,nfl-player-v1,0,0,8.712,1.004,0,0,0,0.005
2025,13,2025_13_LV_LAC,LAC,00-0038544,eb41f78e-bfc6-47e4-8f04-1d8b1231218f,Q.Johnston,WR,nfl-player-v1,0,0,11.557,1.299,0,0,0.021,0.0212
2025,13,2025_13_LV_LAC,LAC,00-0040727,ff157432-dabf-43cf-96af-8ff8ebad77a9,T.Harris,WR,nfl-player-v1,0,0,14.347,1.593,0,0,0.013,0.013
2025,13,2025_13_LV_LAC,LAC,00-0037012,c8b87222-de0c-47cd-8789-283ea158b788,T.Lance,QB,nfl-player-v1,100.874,4.955,0,0,0.632,0,0,0.005
2025,13,2025_13_LV_LAC,LV,00-0040122,959ec041-e728-44e5-862c-b08ffa61a3f4,A.Jeanty,RB,nfl-player-v1,0,53.779,15.341,2.2,0,0.518,0.044,0.4297
2025,13,2025_13_LV_LAC,LV,00-0039338,3e1facee-6951-4b77-b51f-1f7a04250828,B.Bowers,TE,nfl-player-v1,0,0,17.706,1.956,0,0,0.068,0.0662
2025,13,2025_13_LV_LAC,LV,00-0040581,5e310480-4f70-4fd6-9ede-56c1b6664853,D.Thornton,WR,nfl-player-v1,0,0,10.049,1.159,0,0,0,0.005
2025,13,2025_13_LV_LAC,LV,00-0030565,47424b84-c636-49c2-8a25-9d3de0d3b504,G.Smith,QB,nfl-player-v1,112.12,4.829,0,0,0.741,0.018,0,0.0179
2025,13,2025_13_LV_LAC,LV,00-0034365,6c06b009-f350-4555-95e1-60112d9b6c1d,I.Thomas,TE,nfl-player-v1,0,0,7.505,0.876,0,0,0,0.005
2025,13,2025_13_LV_LAC,LV,00-0040729,f49d31d5-7af7-4246-bd09-dd9bf49a5fea,J.Bech,WR,nfl-player-v1,0,0,13.398,1.516,0,0,0.027,0.0262
2025,13,2025_13_LV_LAC,LV,00-0031687,e322f057-dca3-4242-83e0-4077db65cb28,R.Mostert,RB,nfl-player-v1,0,8.839,2.471,0.412,0,0,0,0.005
2025,13,2025_13_LV_LAC,LV,00-0032211,766ec4f5-92c5-4b06-a338-38a14f175030,T.Lockett,WR,nfl-player-v1,0,0,7.662,0.895,0,0,0,0.005
2025,13,2025_13_LV_LAC,LV,00-0038563,b59c0df7-c6c7-412f-8abd-2bf54a74bfa2,T.Tucker,WR,nfl-player-v1,0,0,14.031,1.579,0,0,0.028,0.0273
2025,13,2025_13_NO_MIA,MIA,00-0034418,30d562b8-8bd4-40b9-ae00-49cf338a8734,C.Wilson,WR,nfl-player-v1,0,0,9.233,1.062,0,0,0,0.005
2025,13,2025_13_NO_MIA,MIA,00-0039040,f169e606-4f09-4947-8eef-b701b27cf612,D.Achane,RB,nfl-player-v1,0,47.477,3.493,0.57,0,1.291,0.03,0.7332
2025,13,2025_13_NO_MIA,MIA,00-0031610,f3ad686a-917f-495c-ba19-e67e7b21dad5,D.Waller,TE,nfl-player-v1,0,0,10.322,1.164,0,0,0.027,0.0268
2025,13,2025_13_NO_MIA,MIA,00-0037252,cb3d52be-8be1-4f0f-9853-bb42f129ee5f,G.Dulcich,TE,nfl-player-v1,0,0,9.499,1.086,0,0,0,0.005
2025,13,2025_13_NO_MIA,MIA,00-0038720,bf7b51db-74d4-4563-aeff-8dc9157a1c69,J.Hill,TE,nfl-player-v1,0,0,6.741,0.791,0,0,0,0.005
2025,13,2025_13_NO_MIA,MIA,00-0036613,f6b9b938-482f-4332-96e6-e3e566d9efb2,J.Waddle,WR,nfl-player-v1,0,0,21.677,2.337,0,0,0,0.005
2025,13,2025_13_NO_MIA,MIA,00-0039874,53edb104-26c4-438b-8ac5-edf35458e1c6,J.Wright,RB,nfl-player-v1,0,11.501,2.486,0.414,0,0,0,0.005
2025,13,2025_13_NO_MIA,MIA,00-0039880,9f759ea4-6e4c-44b2-9eb1-44640e42493b,M.Washington,WR,nfl-player-v1,0,0,18.299,1.986,0,0,0,0.005
2025,13,2025_13_NO_MIA,MIA,00-0040198,6f1b239c-9e82-490d-abfd-2aa17a03f3a1,O.Gordon,RB,nfl-player-v1,0,11.431,2.471,0.412,0,0,0,0.005
2025,13,2025_13_NO_MIA,MIA,00-0036212,25cc976d-3f53-414e-8503-80d7e5d5a513,T.Tagovailoa,QB,nfl-player-v1,108.574,5.038,0,0,0.68,0,0,0.005
2025,13,2025_13_MIN_SEA,MIN,00-0033293,35923ea3-b4c5-42ac-b0eb-c748169e8cdf,A.Jones,RB,nfl-player-v1,0,25.415,6.812,1.069,0,0.261,0.021,0.2462
2025,13,2025_13_MIN_SEA,MIN,00-0038994,5ce4d5c2-18c4-4c4d-b3a0-039eb4a3d989,J.Addison,WR,nfl-player-v1,0,0,32.759,3.46,0,0,0.121,0.1141
2025,13,2025_13_MIN_SEA,MIN,00-0036322,9bd851b9-cba5-4c2a-989a-792d495db187,J.Jefferson,WR,nfl-player-v1,0,0,19.414,2.157,0,0,0,0.005
2025,13,2025_13_MIN_SEA,MIN,00-0037525,f3080ee8-3085-4c4a-8cb6-73cca736c41b,J.Mason,RB,nfl-player-v1,0,24.835,3.461,0.568,0,0,0,0.005
2025,13,2025_13_MIN_SEA,MIN,00-0037291,3c26dce6-b5d7-4026-b212-1b22c6b4a9e7,J.Nailor,WR,nfl-player-v1,0,0,6.691,0.788,0,0,0,0.005
2025,13,2025_13_MIN_SEA,MIN,00-0040494,5de9bd7e-1e94-4286-a652-760935b7f982,M.Brosmer,QB,nfl-player-v1,115.876,4.292,0,0,0.725,0,0,0.005
2025,13,2025_13_MIN_SEA,MIN,00-0035229,0993b895-f0b7-4d94-9a83-cb2895cf9093,T.Hockenson,TE,nfl-player-v1,0,0,20.767,2.268,0,0,0.079,0.0763
2025,13,2025_13_MIN_SEA,MIN,00-0038440,4c74f14f-2193-41d1-b3b4-fb34cb116198,Z.Scott,RB,nfl-player-v1,0,15.412,3.461,0.568,0,0,0,0.005
2025,13,2025_13_NYG_NE,NE,00-0038621,bc093a81-2f9d-44f8-85cc-cb7d3f539296,D.Douglas,WR,nfl-player-v1,0,0,10.527,1.202,0,0,0.011,0.0112
2025,13,2025_13_NYG_NE,NE,00-0039851,c18b2fe3-1746-464c-9604-91eca99e8c5c,D.Maye,QB,nfl-player-v1,120.675,6.457,0,0,0.778,0.012,0,0.0121
2025,13,2025_13_NYG_NE,NE,00-0033090,835b972d-7fc1-48d2-bfb6-4ad15a30a0a1,H.Henry,TE,nfl-player-v1,0,0,17.6,1.945,0,0,0.073,0.0701
2025,13,2025_13_NYG_NE,NE,00-0038608,353c0718-b585-42e4-9fdd-65abf246f4d1,K.Boutte,WR,nfl-player-v1,0,0,15.059,1.68,0,0,0.016,0.0156
2025,13,2025_13_NYG_NE,NE,00-0040131,8490b4f2-0ce0-429e-93d9-e5bf60f69adf,K.Williams,WR,nfl-player-v1,0,0,6.587,0.773,0,0,0,0.005
2025,13,2025_13_NYG_NE,NE,00-0033555,927c45e7-007a-40b8-9592-815d97fbc701,M.Hollins,WR,nfl-player-v1,0,0,12.463,1.409,0,0,0,0.005
2025,13,2025_13_NYG_NE,NE,00-0036875,64641499-cd80-4cac-adcf-0272f37d57cc,R.Stevenson,RB,nfl-player-v1,0,33.012,5.071,0.809,0,0.272,0.013,0.2479
2025,13,2025_13_NYG_NE,NE,00-0031588,8ea2703a-b355-44a5-a0d5-3ade7964e460,S.Diggs,WR,nfl-player-v1,0,0,12.463,1.409,0,0,0.013,0.0131
2025,13,2025_13_NYG_NE,NE,00-0040734,8c7fdfc1-da82-46bd-8059-d38dfc782a85,T.Henderson,RB,nfl-player-v1,0,30.965,6.001,0.943,0,0.254,0.015,0.2363
2025,13,2025_13_NO_MIA,NO,00-0037239,3d8e6090-ab45-4750-a145-b5bc16812bc8,C.Olave,WR,nfl-player-v1,0,0,15.226,1.687,0,0,0.047,0.0461
2025,13,2025_13_NO_MIA,NO,00-0040202,6355a7d7-5a4b-4c0f-9407-f8d0669ab8c5,D.Neal,RB,nfl-player-v1,0,42.559,5.013,0.804,0,0,0,0.005
2025,13,2025_13_NO_MIA,NO,00-0039424,c5ddc36c-396d-4108-9137-e78b64ae84a8,D.Vele,WR,nfl-player-v1,0,0,24.074,2.588,0,0,0.145,0.1349
2025,13,2025_13_NO_MIA,NO,00-0038397,48370aff-6673-4368-a31b-5328ac46e109,E.Hull,RB,nfl-player-v1,0,18.099,2.471,0.412,0,0,0,0.005
2025,13,2025_13_NO_MIA,NO,00-0034981,2e81bc65-e42c-4ef5-a59e-e22633ad1100,F.Moreau,TE,nfl-player-v1,0,0,8.236,0.957,0,0,0,0.005
2025,13,2025_13_NO_MIA,NO,00-0036040,e10fc805-9026-4fe2-8714-d074bd8ca1be,J.Johnson,TE,nfl-player-v1,0,0,22.547,2.45,0,0,0,0.005
2025,13,2025_13_NO_MIA,NO,00-0039623,f13f2ccc-61dd-4815-8417-4b6f780c7f3b,M.Tipton,WR,nfl-player-v1,0,0.291,11.733,1.33,0,0,0,0.005
2025,13,2025_13_NO_MIA,NO,00-0033357,5034d52d-1292-4d87-a545-ef53884ca7e1,T.Hill,QB,nfl-player-v1,103.592,4.722,0,0,0.649,0,0,0.005
2025,13,2025_13_NO_MIA,NO,00-0040743,c6b16d75-657b-44a5-9bf9-033769fc3460,T.Shough,QB,nfl-player-v1,131.415,7.904,0,0,0.896,0.045,0,0.0437
2025,13,2025_13_NYG_NE,NYG,00-0035250,e7d55b0c-e17e-4747-9f12-d3c5933b5e3e,D.Singletary,RB,nfl-player-v1,0,30.811,5.446,0.861,0,0,0,0.005
2025,13,2025_13_NYG_NE,NYG,00-0035535,2e5cbb33-2ffd-4dc1-af97-8edb43d325e6,D.Slayton,WR,nfl-player-v1,0,0,13.489,1.519,0,0,0.106,0.1009
2025,13,2025_13_NYG_NE,NYG,00-0036165,dce9cd84-7353-418c-969b-4a3ada196987,I.Hodgins,WR,nfl-player-v1,0,0,6.609,0.774,0,0,0,0.005
2025,13,2025_13_NYG_NE,NYG,00-0040691,df2c09c5-74cd-4fdf-907d-3b98983c4c2b,J.Dart,QB,nfl-player-v1,114.099,6.255,0,0,0.714,0,0,0.005
2025,13,2025_13_NYG_NE,NYG,00-0035042,0d149530-60fe-450d-8f04-f705b5e4c34a,J.Gillan,P,nfl-player-v1,0,0.297,4.712,0.558,0,0,0,0.005
2025,13,2025_13_NYG_NE,NYG,00-0039847,7b9ebaff-f7d3-45f1-a0b0-07501c467f39,T.Johnson,TE,nfl-player-v1,0,0,23.316,2.502,0,0,0,0.005
2025,13,2025_13_NYG_NE,NYG,00-0039384,5f99ad3b-ac4f-409e-8699-ac3ba697ade3,T.Tracy,RB,nfl-player-v1,0,25.494,3.35,0.549,0,0,0,0.005
2025,13,2025_13_NYG_NE,NYG,00-0038117,36776784-59f3-4a60-a1e7-609889d4b6cb,W.Robinson,WR,nfl-player-v1,0,0,26.116,2.749,0,0,0,0.005
2025,13,2025_13_ATL_NYJ,NYJ,00-0034521,4f55c8d1-727c-4720-b597-1b813dfc2e02,A.Lazard,WR,nfl-player-v1,0,0,5.582,0.655,0,0,0,0.005
2025,13,2025_13_ATL_NYJ,NYJ,00-0039890,87520ab1-0a67-4521-b031-0a45fa108796,A.Mitchell,WR,nfl-player-v1,0,0,34.278,3.55,0,0,0.09,0.0864
2025,13,2025_13_ATL_NYJ,NYJ,00-0038120,735192a9-d468-49d0-b370-970c18fabac5,B.Hall,RB,nfl-player-v1,0,50.075,4.164,0.674,0,0.743,0.02,0.5338
2025,13,2025_13_ATL_NYJ,NYJ,00-0039798,3a986b7a-a012-40ca-9f01-2aa8cd1484bd,I.Davis,RB,nfl-player-v1,0,6.173,3.237,0.532,0,0,0,0.005
2025,13,2025_13_ATL_NYJ,NYJ,00-0039451,80869be9-a016-466d-8e55-fbd21a0b51ec,I.Williams,WR,nfl-player-v1,0,0,6.283,0.741,0,0,0,0.005
2025,13,2025_13_ATL_NYJ,NYJ,00-0037614,48a86180-2857-4c87-a70a-b3b156f158dc,J.Metchie,WR,nfl-player-v1,0,0.306,21.184,2.295,0,0,0.029,0.0292
2025,13,2025_13_ATL_NYJ,NYJ,00-0037805,49ad0f0d-981d-4fc4-b589-2f6ecafc1b42,J.Ruckert,TE,nfl-player-v1,0,0,8.274,0.958,0,0,0,0.005
2025,13,2025_13_ATL_NYJ,NYJ,00-0040736,05d9b42e-040e-46c9-8a22-97abfe74c5ce,M.Taylor,TE,nfl-player-v1,0,0,12.048,1.37,0,0,0,0.005
2025,13,2025_13_ATL_NYJ,NYJ,00-0028118,74ed522b-fcc4-4269-90c8-7fca7384072a,T.Taylor,QB,nfl-player-v1,124.638,7.993,0,0,0.875,0.062,0,0.0597
2025,13,2025_13_CHI_PHI,PHI,00-0035676,e97f648c-f826-40a0-a562-437d2714fd40,A.Brown,WR,nfl-player-v1,0,0,40.382,4.14,0,0,0.116,0.1095
2025,13,2025_13_CHI_PHI,PHI,00-0034351,fa192789-c280-45f1-b92c-b3d6a2e97cb5,D.Goedert,TE,nfl-player-v1,0,0,13.191,1.499,0,0,0,0.005
2025,13,2025_13_CHI_PHI,PHI,00-0036912,d0e121df-25e6-4268-9e79-b99acb8e9160,D.Smith,WR,nfl-player-v1,0,0,24.882,2.692,0,0,0,0.005
2025,13,2025_13_CHI_PHI,PHI,00-0037741,6d4cdf27-b583-4056-b59d-95182c15301b,J.Dotson,WR,nfl-player-v1,0,0,10.699,1.232,0,0,0,0.005
2025,13,2025_13_CHI_PHI,PHI,00-0036389,c415d118-a039-407a-a350-3e89d8042e25,J.Hurts,QB,nfl-player-v1,122.718,7.579,0,0,0.837,0.043,0,0.0419
2025,13,2025_13_CHI_PHI,PHI,00-0034844,9a93ddfe-033a-4098-acc7-9be147087ec8,S.Barkley,RB,nfl-player-v1,0,44.289,5.374,0.858,0,0.724,0.027,0.5282
2025,13,2025_13_CHI_PHI,PHI,00-0039746,53f7c2dd-3fec-4e55-9991-00e4d7c2fc74,W.Shipley,RB,nfl-player-v1,0,6.187,3.384,0.556,0,0,0,0.005
2025,13,2025_13_BUF_PIT,PIT,00-0023459,9cd40a7b-735b-4670-bf0e-4d357c5b3e10,A.Rodgers,QB,nfl-player-v1,113.526,5.12,0,0,0.711,0,0,0.005
2025,13,2025_13_BUF_PIT,PIT,00-0036862,c11cc7b3-6b0b-4a40-b6df-d3148f8c2825,B.Skowronek,WR,nfl-player-v1,0,0,7.141,0.839,0,0,0,0.005
2025,13,2025_13_BUF_PIT,PIT,00-0037837,bb6900c7-cf17-450b-b596-4a3542add3ef,C.Austin,WR,nfl-player-v1,0,0,9.445,1.095,0,0,0,0.005
2025,13,2025_13_BUF_PIT,PIT,00-0035640,4aefe4b3-05d4-4513-8386-ceefefe04e87,D.Metcalf,WR,nfl-player-v1,0,0,20.097,2.205,0,0,0,0.005
2025,13,2025_13_BUF_PIT,PIT,00-0038558,f011864a-8a7b-4638-b49f-d229e07bcfea,D.Washington,TE,nfl-player-v1,0,0,15.771,1.762,0,0,0,0.005
2025,13,2025_13_BUF_PIT,PIT,00-0033858,8b8c7b1a-90f6-4931-b9d8-3c8cfb0c920b,J.Smith,TE,nfl-player-v1,0,0,9.94,1.146,0,0,0.023,0.0227
2025,13,2025_13_BUF_PIT,PIT,00-0037228,23de35af-3a1c-4ae7-9ea4-954a48d78d6a,J.Warren,RB,nfl-player-v1,0,34.045,7.567,1.166,0,0.591,0.04,0.4681
2025,13,2025_13_BUF_PIT,PIT,00-0036919,8a95e757-cf19-40cd-9cc1-77255bb487f1,K.Gainwell,RB,nfl-player-v1,0,19.562,6.109,0.96,0,0.232,0.022,0.2241
2025,13,2025_13_BUF_PIT,PIT,00-0040142,d4eda4a8-fe86-4f99-a138-c013a635acf3,K.Johnson,RB,nfl-player-v1,0,11.268,2.471,0.412,0,0,0,0.005
2025,13,2025_13_BUF_PIT,PIT,00-0034771,51bc9571-a821-4045-a21b-20447caa002a,M.Rudolph,QB,nfl-player-v1,99.476,4.235,0,0,0.623,0,0,0.005
2025,13,2025_13_BUF_PIT,PIT,00-0039739,b440a63e-d001-42e8-90e2-054da5ac8f79,R.Wilson,WR,nfl-player-v1,0,0,6.991,0.821,0,0,0,0.005
2025,13,2025_13_MIN_SEA,SEA,00-0039793,1359d114-9fb9-4783-8101-efdec545f961,A.Barner,TE,nfl-player-v1,0,0.267,17.274,1.888,0,0,0,0.005
2025,13,2025_13_MIN_SEA,SEA,00-0033908,42465aa3-53c4-4afb-bf91-0ac136659ba3,C.Kupp,WR,nfl-player-v1,0,0,14.212,1.586,0,0,0.032,0.0312
2025,13,2025_13_MIN_SEA,SEA,00-0035891,f733b01b-0016-4033-847c-4bfee3b0d450,C.White,WR,nfl-player-v1,0,0,7.014,0.82,0,0,0,0.005
2025,13,2025_13_MIN_SEA,SEA,00-0040739,6705ba1e-91f0-4d99-81fe-b1a147c65a6d,E.Arroyo,TE,nfl-player-v1,0,0,8.518,0.99,0,0,0,0.005
2025,13,2025_13_MIN_SEA,SEA,00-0038543,8d9cebd3-3534-48a0-a4e9-2c0ebc5c1c94,J.Smith-Njigba,WR,nfl-player-v1,0,0,13.878,1.557,0,0,0,0.005
2025,13,2025_13_MIN_SEA,SEA,00-0038134,593d9bcd-2ae1-41ca-bf16-2d3c62d5b196,K.Walker,RB,nfl-player-v1,0,32.626,6.79,1.05,0,0.19,0.012,0.1828
2025,13,2025_13_MIN_SEA,SEA,00-0035311,5fb2a5ff-a9dc-4667-9439-7bbdb6879309,M.Gaskin,RB,nfl-player-v1,0,11.634,2.471,0.412,0,0,0,0.005
2025,13,2025_13_MIN_SEA,SEA,00-0037545,0a931859-dbbe-4421-8bdc-ee6094237041,R.Shaheed,WR,nfl-player-v1,0,0.255,10.923,1.242,0,0,0,0.005
2025,13,2025_13_MIN_SEA,SEA,00-0034869,3a4bd5d6-8b01-4324-8449-d0f7c2059e36,S.Darnold,QB,nfl-player-v1,111.672,4.308,0,0,0.699,0,0,0.005
2025,13,2025_13_MIN_SEA,SEA,00-0039165,7bb1ecbd-ce2a-443f-881d-e3f993b6a1c0,Z.Charbonnet,RB,nfl-player-v1,0,32.526,2.482,0.414,0,0.779,0.019,0.5499
2025,13,2025_13_SF_CLE,SF,00-0037834,fb4669d0-c27f-4ea4-bd37-8d3bad299f07,B.Purdy,QB,nfl-player-v1,115.486,5.171,0,0,0.74,0.008,0,0.0079
2025,13,2025_13_SF_CLE,SF,00-0037746,00b3cb74-e58d-4660-b1df-2376a82120b6,B.Robinson,RB,nfl-player-v1,0,21.413,2.471,0.412,0,0.048,0.002,0.0484
2025,13,2025_13_SF_CLE,SF,00-0033280,ae3498a3-f309-4ea2-a3c1-031f013cc394,C.McCaffrey,RB,nfl-player-v1,0,48.588,6.782,1.052,0,1.127,0.049,0.6915
2025,13,2025_13_SF_CLE,SF,00-0032775,03ab017e-f181-4486-9661-1c6485dedf19,D.Robinson,WR,nfl-player-v1,0,0.253,6.553,0.768,0,0,0,0.005
2025,13,2025_13_SF_CLE,SF,00-0033288,6ef21d58-07b4-49a0-9e4b-ab6e4f527023,G.Kittle,TE,nfl-player-v1,0,0,16.693,1.838,0,0,0.014,0.0134
2025,13,2025_13_SF_CLE,SF,00-0036259,046bd3b8-161d-4c19-9816-df5ce3e96947,J.Jennings,WR,nfl-player-v1,0,0,22.242,2.396,0,0,0.035,0.0347
2025,13,2025_13_SF_CLE,SF,00-0033307,77cbc405-dc41-40e4-b0bd-dd8a73396612,K.Bourne,WR,nfl-player-v1,0,0,6.523,0.768,0,0,0,0.005
2025,13,2025_13_SF_CLE,SF,00-0029892,86ed80c1-0dd7-4c07-a0b3-cea9fab60c0a,K.Juszczyk,RB,nfl-player-v1,0,6.411,4.482,0.72,0,0,0,0.005
2025,13,2025_13_SF_CLE,SF,00-0036887,d379e74d-8a48-4767-b405-a32b09db1b28,L.Farrell,TE,nfl-player-v1,0,0,6.523,0.768,0,0,0.006,0.0056
2025,13,2025_13_SF_CLE,SF,00-0036972,074db5dc-6d97-4108-a542-20e6cb42f4a6,M.Jones,QB,nfl-player-v1,99.098,4.663,0,0,0.62,0,0,0.005
2025,13,2025_13_SF_CLE,SF,00-0039916,da658afc-9594-4977-9a7c-3939c1bb4aee,R.Pearsall,WR,nfl-player-v1,0,0,11.276,1.283,0,0,0.009,0.0094
2025,13,2025_13_ARI_TB,TB,00-0039361,b53d67a4-0051-474f-816c-9a3d9b661634,B.Irving,RB,nfl-player-v1,0,38.061,3.801,0.612,0,0.423,0.013,0.3533
2025,13,2025_13_ARI_TB,TB,00-0034855,56c2266e-4dc1-4c37-8f44-6323a36613de,B.Mayfield,QB,nfl-player-v1,100.135,5.207,0,0,0.627,0,0,0.005
2025,13,2025_13_ARI_TB,TB,00-0033921,90fcc742-b736-44f4-994f-094724be0c09,C.Godwin,WR,nfl-player-v1,0,0,16.73,1.858,0,0,0.047,0.0462
2025,13,2025_13_ARI_TB,TB,00-0038129,4f63ff11-fe96-4aa7-9831-9536b01dd6a9,C.Otton,TE,nfl-player-v1,0,0,8.947,1.031,0,0,0.013,0.013
2025,13,2025_13_ARI_TB,TB,00-0040129,bac91e1b-f24a-431e-a656-d23a3ef5e9f5,E.Egbuka,WR,nfl-player-v1,0,0,24.879,2.666,0,0,0.034,0.0334
2025,13,2025_13_ARI_TB,TB,00-0039050,81d627df-5832-4cbb-aba3-726d68c6fc3d,P.Durham,TE,nfl-player-v1,0,0,6.862,0.804,0,0,0,0.005
2025,13,2025_13_ARI_TB,TB,00-0037256,af7855b9-7e3c-41da-a2b8-8c7f6cd88bee,R.White,RB,nfl-player-v1,0,10.716,5.509,0.873,0,0.041,0.006,0.0462
2025,13,2025_13_ARI_TB,TB,00-0032385,2036bbd6-7375-422e-bdbc-7822b5bffdce,S.Shepard,WR,nfl-player-v1,0,0,8.937,1.035,0,0,0.013,0.0131
2025,13,2025_13_ARI_TB,TB,00-0038951,0b1f5016-8cbc-4512-8a82-0d3f67416080,S.Tucker,RB,nfl-player-v1,0,10.349,2.471,0.412,0,0,0,0.005
2025,13,2025_13_ARI_TB,TB,00-0040237,5c294442-eaea-4ed0-a4fd-c33a7509bf48,T.Johnson,WR,nfl-player-v1,0,0,8.749,1.013,0,0,0,0.005
2025,13,2025_13_ARI_TB,TB,00-0036406,f7fe4646-ad5e-47d1-a4d7-fc305dd90167,T.Wirfs,OL,nfl-player-v1,0,0,7.007,0.821,0,0,0.01,0.0104
2025,13,2025_13_JAX_TEN,TEN,00-0040705,f3027194-2b41-4db7-b6e1-10cb47514b73,C.Dike,WR,nfl-player-v1,0,0.562,12.061,1.372,0,0,0,0.005
2025,13,2025_13_JAX_TEN,TEN,00-0037809,64755288-83b6-45d3-9d82-11807c2f5994,C.Okonkwo,TE,nfl-player-v1,0,0,12.504,1.405,0,0,0,0.005
2025,13,2025_13_JAX_TEN,TEN,00-0040676,f16bf5f1-4c50-449b-b1d4-ad4d66db60cb,C.Ward,QB,nfl-player-v1,122.959,5.362,0,0,0.77,0,0,0.005
2025,13,2025_13_JAX_TEN,TEN,00-0040170,527aee16-44d6-4527-9ec1-b6d981e9e8c1,E.Ayomanor,WR,nfl-player-v1,0,0,11.853,1.347,0,0,0,0.005
2025,13,2025_13_JAX_TEN,TEN,00-0040584,7e6d7376-3ff9-4d2b-8022-f47c0fbc308e,G.Helm,TE,nfl-player-v1,0,0,19.642,2.156,0,0,0.151,0.1401
2025,13,2025_13_JAX_TEN,TEN,00-0036133,e6562317-152c-443a-bdb1-1a121aba425c,J.Proche,WR,nfl-player-v1,0,0,6.603,0.776,0,0,0,0.005
2025,13,2025_13_JAX_TEN,TEN,00-0035261,61edd687-3a13-4c2f-8e86-d493ced4295b,T.Pollard,RB,nfl-player-v1,0,44.276,4.214,0.685,0,0,0,0.005
2025,13,2025_13_JAX_TEN,TEN,00-0039032,90e22076-0605-4b85-8d97-1a83167c5c35,T.Spears,RB,nfl-player-v1,0,13.771,8.039,1.243,0,0.143,0.025,0.1541
2025,13,2025_13_JAX_TEN,TEN,00-0036415,de90c83e-b445-439c-befe-655f3d2c50d7,V.Jefferson,WR,nfl-player-v1,0,0,12.375,1.408,0,0,0,0.005
2025,13,2025_13_JAX_TEN,TEN,00-0040522,bef80ce6-4ba7-4790-b283-795c1f6d0a25,X.Restrepo,WR,nfl-player-v1,0,0,6.603,0.776,0,0,0,0.005
2025,13,2025_13_DEN_WAS,WAS,00-0038611,910e0e65-f202-42a6-afa5-c4a2cebe4b2a,C.Rodriguez,RB,nfl-player-v1,0,32.577,3.104,0.512,0,0.324,0.01,0.2834
2025,13,2025_13_DEN_WAS,WAS,00-0039686,5e766c57-ffa4-4526-84a6-a1a1f1c172e8,C.Yankoff,TE,nfl-player-v1,0,0,6.074,0.716,0,0,0,0.005
2025,13,2025_13_DEN_WAS,WAS,00-0035719,7bb0990e-39c4-4d54-9fd7-b1d9bc9d8288,D.Samuel,WR,nfl-player-v1,0,0.514,14.79,1.648,0,0,0.014,0.0139
2025,13,2025_13_DEN_WAS,WAS,00-0036628,39aece1e-9831-497f-bfe7-f67b9499fc9c,J.Bates,TE,nfl-player-v1,0,0,7.282,0.851,0,0,0,0.005
2025,13,2025_13_DEN_WAS,WAS,00-0040242,25d9ee1b-68c9-4de4-ad0f-25efe8210850,J.Croskey-Merritt,RB,nfl-player-v1,0,15.349,2.471,0.412,0,0,0,0.005
2025,13,2025_13_DEN_WAS,WAS,00-0040164,8f6e73b4-1f9c-4db2-b36b-660751127569,J.Lane,WR,nfl-player-v1,0,0,5.997,0.709,0,0,0,0.005
2025,13,2025_13_DEN_WAS,WAS,00-0033955,01c9d65e-2883-4bde-a469-45abe5508fee,J.McNichols,RB,nfl-player-v1,0,20.249,4.27,0.691,0,0.101,0.007,0.1016
2025,13,2025_13_DEN_WAS,WAS,00-0032268,48b54b83-0ee8-4633-88ca-470939b150e0,M.Mariota,QB,nfl-player-v1,135.918,8.328,0,0,0.895,0.028,0,0.0273
2025,13,2025_13_DEN_WAS,WAS,00-0037742,4c813722-0f2e-4c3b-ae06-bf0e4b32e2f0,T.Burks,WR,nfl-player-v1,0,0,9.989,1.155,0,0,0.01,0.0095
2025,13,2025_13_DEN_WAS,WAS,00-0035659,72729e1e-0b13-4aad-91ac-3d76f92c4685,T.McLaurin,WR,nfl-player-v1,0,0,28.231,3.021,0,0,0.124,0.117
2025,13,2025_13_DEN_WAS,WAS,00-0030061,f42aa3a3-06fe-490e-afb7-07a36d947c7c,Z.Ertz,TE,nfl-player-v1,0,0,27.113,2.895,0,0,0.024,0.0236
2025,14,2025_14_LA_ARI,ARI,00-0035876,41013c19-aa50-416f-aa97-1357e9ebdbd8,A.Baccellia,WR,nfl-player-v1,0,0,8.924,1.037,0,0,0.013,0.0131
2025,14,2025_14_LA_ARI,ARI,00-0039041,1b207068-6c7e-480f-9923-06f2128115d6,E.Higgins,TE,nfl-player-v1,0,0,6.098,0.719,0,0,0,0.005
2025,14,2025_14_LA_ARI,ARI,00-0033119,237a8679-0c0a-480b-870d-514d0c50523f,J.Brissett,QB,nfl-player-v1,128.252,7.984,0,0,0.803,0,0,0.005
2025,14,2025_14_LA_ARI,ARI,00-0038640,254587e7-6a8c-4ef6-ad58-e4f4cbd49ec5,J.Brooks,WR,nfl-player-v1,0,0,9.134,1.058,0,0,0,0.005
2025,14,2025_14_LA_ARI,ARI,00-0036332,d68e6bf1-9c1c-492b-a5f1-0fb28d095b89,J.Deguara,TE,nfl-player-v1,0,0,6.013,0.711,0,0,0,0.005
2025,14,2025_14_LA_ARI,ARI,00-0036924,324eed4d-0d36-4dcf-818b-f956af29d709,M.Carter,RB,nfl-player-v1,0,18.396,5.2,0.832,0,0.141,0.012,0.1417
2025,14,2025_14_LA_ARI,ARI,00-0038559,befb93dc-de67-4344-9d23-a1fa6a9d682f,M.Wilson,WR,nfl-player-v1,0,0,37.263,3.866,0,0,0.148,0.1372
2025,14,2025_14_LA_ARI,ARI,00-0037744,87b536c6-701f-4a71-b52e-0d8f7d4ec694,T.McBride,TE,nfl-player-v1,0,0,19.757,2.179,0,0,0.055,0.054
2025,14,2025_14_LA_ARI,ARI,00-0034487,63d00957-9692-4b74-a2a1-8e12c3869a88,T.Sherfield,,nfl-player-v1,0,0,6.013,0.711,0,0,0.009,0.009
2025,14,2025_14_LA_ARI,ARI,00-0037157,efbc865a-57b4-4ae3-ab3d-27d27dffa258,Z.Knight,RB,nfl-player-v1,0,35.216,6.697,1.051,0,0.132,0.008,0.1301
2025,14,2025_14_SEA_ATL,ATL,00-0038542,8f5e333b-8cac-493f-8be3-093a3f12c027,B.Robinson,RB,nfl-player-v1,0,46.663,4.156,0.671,0,0.508,0.014,0.4068
2025,14,2025_14_SEA_ATL,ATL,00-0038953,1c005470-9111-4f2c-9f20-256299b1dbce,D.Drummond,WR,nfl-player-v1,0,0,14.233,1.589,0,0,0.044,0.0435
2025,14,2025_14_SEA_ATL,ATL,00-0036309,e318bcf4-6f17-4a62-ba7b-9283a4aab86c,D.Mooney,WR,nfl-player-v1,0,0,11.73,1.334,0,0,0.012,0.0124
2025,14,2025_14_SEA_ATL,ATL,00-0035359,601ce504-9f08-487d-b968-f6e884c7fdfb,D.Sills,WR,nfl-player-v1,0,0,11.49,1.313,0,0,0.025,0.0242
2025,14,2025_14_SEA_ATL,ATL,00-0037487,8a5805d8-1075-4b92-ac8c-7bf48ca566a2,D.Thompkins,WR,nfl-player-v1,0,0,6.402,0.751,0,0,0,0.005
2025,14,2025_14_SEA_ATL,ATL,00-0029604,c3485017-7a48-4b69-8957-97f4e26303ea,K.Cousins,QB,nfl-player-v1,109.531,4.179,0,0,0.686,0,0,0.005
2025,14,2025_14_SEA_ATL,ATL,00-0036970,40dfaab3-2886-438e-a325-a15f68d1f3c8,K.Pitts,TE,nfl-player-v1,0,0,27.851,2.927,0,0,0,0.005
2025,14,2025_14_SEA_ATL,ATL,00-0037263,3d48d76e-acf1-404a-ba84-79e0d1d0e3fc,T.Allgeier,RB,nfl-player-v1,0,28.192,4.17,0.673,0,0.313,0.014,0.279
2025,14,2025_14_PIT_BAL,BAL,00-0038046,6f5a73e0-41fa-40ec-aa08-ce3f64fad723,C.Kolar,TE,nfl-player-v1,0,0,6.188,0.727,0,0,0,0.005
2025,14,2025_14_PIT_BAL,BAL,00-0032764,31b668ff-08d5-4913-8678-4c5c2fb906ca,D.Henry,RB,nfl-player-v1,0,53.704,3.793,0.615,0,0.77,0.017,0.545
2025,14,2025_14_PIT_BAL,BAL,00-0030564,1bd6ba6e-0334-4184-a6f8-4d5dcf7c276f,D.Hopkins,WR,nfl-player-v1,0,0,5.946,0.702,0,0,0,0.005
2025,14,2025_14_PIT_BAL,BAL,00-0037838,ae5846b3-e4d7-42a1-bd13-81760f0a83b2,I.Likely,TE,nfl-player-v1,0,0,14.269,1.588,0,0,0.033,0.0328
2025,14,2025_14_PIT_BAL,BAL,00-0038454,4c8b2a02-d4ab-4896-af38-2a000c2591f3,K.Mitchell,RB,nfl-player-v1,0,16.862,2.471,0.412,0,0,0,0.005
2025,14,2025_14_PIT_BAL,BAL,00-0034796,4c6e84b3-2283-4d86-8f7b-019a185c6764,L.Jackson,QB,nfl-player-v1,122.372,6.957,0,0,0.783,0.01,0,0.0098
2025,14,2025_14_PIT_BAL,BAL,00-0034753,3c8c24b6-f2b3-4130-86e6-389a16aa6104,M.Andrews,TE,nfl-player-v1,0,0,11.741,1.333,0,0,0.028,0.0276
2025,14,2025_14_PIT_BAL,BAL,00-0033376,7ba157fe-8377-41a1-a198-69fa83069f58,P.Ricard,RB,nfl-player-v1,0,6.171,3.075,0.506,0,0,0,0.005
2025,14,2025_14_PIT_BAL,BAL,00-0039796,4e18e3ca-b72d-4c47-ba00-865ad3e61750,R.Ali,RB,nfl-player-v1,0,8.049,4.42,0.708,0,0.034,0.006,0.039
2025,14,2025_14_PIT_BAL,BAL,00-0036550,18c06a21-f854-4f11-89ad-f617293f9cea,R.Bateman,WR,nfl-player-v1,0,0,9.234,1.062,0,0,0.015,0.0148
2025,14,2025_14_PIT_BAL,BAL,00-0039064,a4c95f75-76ae-4729-b36b-053b14fb2a51,Z.Flowers,WR,nfl-player-v1,0,0.214,25.042,2.629,0,0,0.018,0.0184
2025,14,2025_14_CIN_BUF,BUF,00-0038933,8a6f4627-ab82-4cb4-92df-699336ac1690,D.Kincaid,TE,nfl-player-v1,0,0,13.342,1.482,0,0,0.011,0.0109
2025,14,2025_14_CIN_BUF,BUF,00-0035689,83978a45-a7da-408d-a462-426f5444a908,D.Knox,TE,nfl-player-v1,0,0,24.415,2.612,0,0,0.058,0.0561
2025,14,2025_14_CIN_BUF,BUF,00-0036196,8ab795f5-aeff-4a6a-99bd-51e581210daa,G.Davis,WR,nfl-player-v1,0,0,8.805,1.017,0,0,0.007,0.0075
2025,14,2025_14_CIN_BUF,BUF,00-0034857,32369b37-6bce-4910-acfa-f658676697d3,J.Allen,QB,nfl-player-v1,122.78,7.659,0,0,0.805,0.023,0,0.0225
2025,14,2025_14_CIN_BUF,BUF,00-0037248,61da158c-dacb-4567-8ec7-9521d0868e5f,J.Cook,RB,nfl-player-v1,0,46.623,4.309,0.696,0,0.7,0.021,0.5137
2025,14,2025_14_CIN_BUF,BUF,00-0040194,5a7670a6-35d4-43bb-a12b-9b1580498b35,J.Hawes,TE,nfl-player-v1,0,0,6.841,0.802,0,0,0.006,0.0059
2025,14,2025_14_CIN_BUF,BUF,00-0039901,15497e04-abce-413c-b84b-6928c1f96d77,K.Coleman,WR,nfl-player-v1,0,0,10.706,1.224,0,0,0.009,0.009
2025,14,2025_14_CIN_BUF,BUF,00-0037261,a182f320-892e-4344-8c39-d03ec8d397c4,K.Shakir,WR,nfl-player-v1,0,0,10.572,1.209,0,0,0.009,0.0089
2025,14,2025_14_CIN_BUF,BUF,00-0038679,0007cf4b-7ab2-42a0-a8b5-54ac02754320,T.Shavers,WR,nfl-player-v1,0,0,6.7,0.786,0,0,0,0.005
2025,14,2025_14_CIN_BUF,BUF,00-0035537,7927f661-8fb2-47a7-988d-d39a7c8038be,Ty.Johnson,RB,nfl-player-v1,0,10.637,5.217,0.829,0,0.024,0.003,0.0267
2025,14,2025_14_CHI_GB,CHI,00-0036290,e20adbbe-669d-4d26-b64a-84332cd2acfd,C.Kmet,TE,nfl-player-v1,0,0,10.406,1.191,0,0,0.011,0.0111
2025,14,2025_14_CHI_GB,CHI,00-0040126,20e5eda2-e6a7-45e5-8ed5-958a5d49a8ae,C.Loveland,TE,nfl-player-v1,0,0,15.254,1.696,0,0,0.016,0.0157
2025,14,2025_14_CHI_GB,CHI,00-0039918,d3372f7c-27eb-47ac-9d90-facef898a40f,C.Williams,QB,nfl-player-v1,119.968,6.037,0,0,0.773,0.011,0,0.0113
2025,14,2025_14_CHI_GB,CHI,00-0036331,da35f0f0-d8b2-44df-8247-fd33ae3941f6,D.Duvernay,WR,nfl-player-v1,0,0,6.608,0.775,0,0,0,0.005
2025,14,2025_14_CHI_GB,CHI,00-0034827,d366aedd-7ef1-47c6-a3bb-637a4559f332,D.Moore,WR,nfl-player-v1,0,0,10.069,1.157,0,0,0.011,0.0107
2025,14,2025_14_CHI_GB,CHI,00-0034798,9242a171-f0ef-4b07-a145-63e7b6f3999d,D.Smythe,TE,nfl-player-v1,0,0,6.465,0.758,0,0,0,0.005
2025,14,2025_14_CHI_GB,CHI,00-0036275,49aefcdc-6cec-4beb-84e1-ba08880d15d6,D.Swift,RB,nfl-player-v1,0,33.844,6.113,0.957,0,0.463,0.026,0.3863
2025,14,2025_14_CHI_GB,CHI,00-0040236,08e87151-52f8-40cb-a625-42c1703b9eec,K.Monangai,RB,nfl-player-v1,0,37.847,4.222,0.682,0,0.314,0.011,0.2771
2025,14,2025_14_CHI_GB,CHI,00-0040735,7f3e9ce8-9c8d-4d38-b381-3e43b24bf041,L.Burden,WR,nfl-player-v1,0,0.253,17.294,1.897,0,0,0.018,0.0178
2025,14,2025_14_CHI_GB,CHI,00-0035208,abb5a044-a3c2-46a1-9fac-b6d0ddf8475b,O.Zaccheaus,WR,nfl-player-v1,0,0,10.406,1.191,0,0,0.011,0.0111
2025,14,2025_14_CIN_BUF,CIN,00-0038619,7da25b9b-7510-4f92-98a5-2cb63cd6aa2d,A.Iosivas,WR,nfl-player-v1,0,0,10.148,1.17,0,0,0,0.005
2025,14,2025_14_CIN_BUF,CIN,00-0038597,5b052584-0cb1-4079-abf3-1c8954958e62,C.Brown,RB,nfl-player-v1,0,42.143,5.97,0.947,0,0.646,0.028,0.4904
2025,14,2025_14_CIN_BUF,CIN,00-0036442,3f58a998-2d1f-4f95-9c81-9ccd5fa0c8ec,J.Burrow,QB,nfl-player-v1,118.587,4.357,0,0,0.742,0,0,0.005
2025,14,2025_14_CIN_BUF,CIN,00-0036900,fa88fc04-ab72-4b44-b18f-196905155362,J.Chase,WR,nfl-player-v1,0,0.44,21.76,2.37,0,0,0,0.005
2025,14,2025_14_CIN_BUF,CIN,00-0034829,75916bc5-a3af-4067-9720-00cca5c17ac9,M.Gesicki,TE,nfl-player-v1,0,0,17.315,1.92,0,0,0.034,0.033
2025,14,2025_14_CIN_BUF,CIN,00-0035644,332e37c2-22e4-4511-931e-c30035cb108d,N.Fant,TE,nfl-player-v1,0,0,8.108,0.946,0,0,0,0.005
2025,14,2025_14_CIN_BUF,CIN,00-0033526,8b7e765c-715a-49e2-b062-5527b649c39c,S.Perine,RB,nfl-player-v1,0,23.627,3.338,0.549,0,0.249,0.011,0.2293
2025,14,2025_14_CIN_BUF,CIN,00-0036410,891d5ad8-ad2b-40a2-bd88-2f4c64d4009a,T.Higgins,WR,nfl-player-v1,0,0,30.012,3.202,0,0,0.056,0.0545
2025,14,2025_14_CIN_BUF,CIN,00-0034613,5a2238a1-78a9-452b-b3b5-2440c6cc7d92,T.Hudson,TE,nfl-player-v1,0,0,6.541,0.769,0,0,0,0.005
2025,14,2025_14_TEN_CLE,CLE,00-0038710,fd1c9066-b003-40c0-ac6f-6c8cab52d183,B.Whiteheart,TE,nfl-player-v1,0,0,6.181,0.73,0,0,0,0.005
2025,14,2025_14_TEN_CLE,CLE,00-0038979,4621b9ce-6bc7-4652-9414-16ff576216df,C.Tillman,WR,nfl-player-v1,0,0,9.485,1.1,0,0,0,0.005
2025,14,2025_14_TEN_CLE,CLE,00-0033885,7803b6a3-2944-46a1-a2f7-8c64e92fc82d,D.Njoku,TE,nfl-player-v1,0,0,6.548,0.771,0,0,0.011,0.0107
2025,14,2025_14_TEN_CLE,CLE,00-0040162,b934c25d-e16b-4088-ade1-894632b8045f,D.Sampson,RB,nfl-player-v1,0,10.667,6.366,0.992,0,0.044,0.008,0.0511
2025,14,2025_14_TEN_CLE,CLE,00-0040259,87512936-b0d4-422f-87f4-f28fc56fe703,G.Larvadain,WR,nfl-player-v1,0,0,11.401,1.307,0,0,0.018,0.0181
2025,14,2025_14_TEN_CLE,CLE,00-0040663,62719d0e-0efc-456e-8df8-828cc1cf4abe,H.Fannin,TE,nfl-player-v1,0,0,27.986,2.992,0,0,0.042,0.041
2025,14,2025_14_TEN_CLE,CLE,00-0040782,3193f354-0b23-4321-b879-2e9fcd02ec84,I.Bond,WR,nfl-player-v1,0,0,7.731,0.906,0,0,0,0.005
2025,14,2025_14_TEN_CLE,CLE,00-0037267,3a0091ff-06bf-492a-9528-03ae4f8f866d,J.Ford,RB,nfl-player-v1,0,6.3,4.803,0.773,0,0.027,0.006,0.0325
2025,14,2025_14_TEN_CLE,CLE,00-0036407,c669f87b-fdf2-458b-92b9-5fc841b4bec5,J.Jeudy,WR,nfl-player-v1,0,0,13.35,1.515,0,0,0,0.005
2025,14,2025_14_TEN_CLE,CLE,00-0039920,f3dfcb32-2500-4f7d-8e4a-0b276a390d97,M.Corley,WR,nfl-player-v1,0,0.386,4.806,0.569,0,0.001,0.008,0.0085
2025,14,2025_14_TEN_CLE,CLE,00-0040784,62023d1d-a5ea-44d8-bde5-fe8b08113b5a,Q.Judkins,RB,nfl-player-v1,0,48.888,4.724,0.761,0,0.201,0.006,0.187
2025,14,2025_14_TEN_CLE,CLE,00-0040668,9dd18fe8-369d-4368-9e6e-337bb9bd4bc2,S.Sanders,QB,nfl-player-v1,125.974,6.69,0,0,0.859,0.04,0,0.039
2025,14,2025_14_DAL_DET,DAL,00-0039530,237d3676-845c-4673-a697-e3100108cb0b,B.Spann-Ford,TE,nfl-player-v1,0,0,6.104,0.72,0,0,0,0.005
2025,14,2025_14_DAL_DET,DAL,00-0036358,c65ab2ea-a913-4981-964e-e6b3c4c5854e,C.Lamb,WR,nfl-player-v1,0,0,16.926,1.886,0,0,0.018,0.0175
2025,14,2025_14_DAL_DET,DAL,00-0033077,6b202b45-4554-4645-8ff5-4ee830907717,D.Prescott,QB,nfl-player-v1,130.247,6.007,0,0,0.84,0.012,0,0.0115
2025,14,2025_14_DAL_DET,DAL,00-0037247,35484e4c-03b7-453e-80fd-be2fa1ac62aa,G.Pickens,WR,nfl-player-v1,0,0,18.74,2.082,0,0,0.039,0.0381
2025,14,2025_14_DAL_DET,DAL,00-0038041,631385df-a7e6-4eb7-8b2b-e19769a2551f,J.Ferguson,TE,nfl-player-v1,0,0,16.633,1.859,0,0,0.035,0.0341
2025,14,2025_14_DAL_DET,DAL,00-0039062,9ccfb4de-aeab-45fa-8e80-3ab0f0811d1f,J.Mingo,WR,nfl-player-v1,0,0,5.902,0.698,0,0,0,0.005
2025,14,2025_14_DAL_DET,DAL,00-0036997,75533a5b-1037-45da-a572-2ccf5f61abc0,J.Williams,RB,nfl-player-v1,0,59.551,4.953,0.795,0,0.651,0.017,0.487
2025,14,2025_14_DAL_DET,DAL,00-0037801,7bb83a46-749f-471f-9876-9b2893c636f8,K.Turpin,WR,nfl-player-v1,0,0.342,7.534,0.876,0,0,0,0.005
2025,14,2025_14_DAL_DET,DAL,00-0038547,7df365f8-b808-4ecf-8454-fe5ccbc0e2f4,L.Schoonmaker,TE,nfl-player-v1,0,0,7.248,0.85,0,0,0,0.005
2025,14,2025_14_DAL_DET,DAL,00-0037563,8ff15410-a25d-420e-a8c8-f07173b07ff5,M.Davis,RB,nfl-player-v1,0,15.123,2.471,0.412,0,0.043,0.002,0.0445
2025,14,2025_14_DAL_DET,DAL,00-0039410,b9c5b95f-dcad-4853-bbe4-c3b2db8b2c1d,R.Flournoy,WR,nfl-player-v1,0,0,26.596,2.856,0,0,0.08,0.0768
2025,14,2025_14_DEN_LV,DEN,00-0036727,2e3ef41a-d0ea-473a-b249-559f5a424df1,A.Prentice,RB,nfl-player-v1,0,10.901,3.978,0.647,0,0.031,0.003,0.0338
2025,14,2025_14_DEN_LV,DEN,00-0036422,b141ab2c-c6c5-49b2-94f4-781604cbeb98,A.Trautman,TE,nfl-player-v1,0,0,7.959,0.925,0,0,0,0.005
2025,14,2025_14_DEN_LV,DEN,00-0039732,40159058-8f61-4120-8323-ec81eaeff8ce,B.Nix,QB,nfl-player-v1,122.746,5.734,0,0,0.814,0.022,0,0.0214
2025,14,2025_14_DEN_LV,DEN,00-0034348,017301c4-fe49-48a1-a533-db70f693a734,C.Sutton,WR,nfl-player-v1,0,0,23.773,2.561,0,0,0.024,0.0236
2025,14,2025_14_DEN_LV,DEN,00-0033881,44ecc125-b690-4177-93f9-f03d50825239,E.Engram,TE,nfl-player-v1,0,0,7.773,0.904,0,0,0,0.005
2025,14,2025_14_DEN_LV,DEN,00-0038794,5c36d9ad-e706-41e2-901b-a2619071857f,J.McLaughlin,RB,nfl-player-v1,0,15.182,3.198,0.526,0,0,0,0.005
2025,14,2025_14_DEN_LV,DEN,00-0035406,24fa8fd8-69ba-45e6-b4b2-b530f48b8c92,L.Humphrey,WR,nfl-player-v1,0,0,9.724,1.117,0,0,0,0.005
2025,14,2025_14_DEN_LV,DEN,00-0038976,d99e2c6d-aef8-4250-9bec-3a167ae51085,M.Mims,WR,nfl-player-v1,0,0.261,6.205,0.727,0,0,0.007,0.007
2025,14,2025_14_DEN_LV,DEN,00-0040134,de70216e-21b4-4de8-a4e8-1c0e4ed7734b,P.Bryant,WR,nfl-player-v1,0,0,11.719,1.331,0,0,0.012,0.0123
2025,14,2025_14_DEN_LV,DEN,00-0040730,f30905bf-54ce-4e54-8ae4-38b278499802,R.Harvey,RB,nfl-player-v1,0,47.192,7.313,1.133,0,0.762,0.036,0.5501
2025,14,2025_14_DEN_LV,DEN,00-0037085,e91b7026-2866-4587-96e6-3eba8e3346af,T.Badie,RB,nfl-player-v1,0,15.182,3.198,0.526,0,0.043,0.003,0.0449
2025,14,2025_14_DEN_LV,DEN,00-0039868,128fd135-fb3e-451e-8135-52d9465c4154,T.Franklin,WR,nfl-player-v1,0,0,11.105,1.266,0,0,0.012,0.0117
2025,14,2025_14_DAL_DET,DET,00-0033455,927ee7f8-66ac-4b7a-9998-56e07a422933,A.Firkser,TE,nfl-player-v1,0,0,6.745,0.792,0,0,0,0.005
2025,14,2025_14_DAL_DET,DET,00-0036963,01542f54-ce56-438f-a484-c6bc9b77aabd,A.St. Brown,WR,nfl-player-v1,0,0,23.182,2.479,0,0,0,0.005
2025,14,2025_14_DAL_DET,DET,00-0035685,65151ce5-a920-4dc2-8bb0-ad8bdeea7a46,D.Montgomery,RB,nfl-player-v1,0,22.265,3.432,0.564,0,0,0,0.005
2025,14,2025_14_DAL_DET,DET,00-0040669,4933a1b2-3cd6-4268-a60f-3b7b98622bbf,I.TeSlaa,WR,nfl-player-v1,0,0,10.696,1.227,0,0,0.017,0.017
2025,14,2025_14_DAL_DET,DET,00-0039139,29347caa-e7e1-4745-a79a-e2a210fe4fda,J.Gibbs,RB,nfl-player-v1,0,40.317,9.98,1.509,0,0.804,0.06,0.5788
2025,14,2025_14_DAL_DET,DET,00-0033106,a631bebf-08bd-40de-b474-1e57605a1574,J.Goff,QB,nfl-player-v1,114.764,4.224,0,0,0.719,0,0,0.005
2025,14,2025_14_DAL_DET,DET,00-0037240,975d437e-c293-4704-8573-68420a22d271,J.Williams,WR,nfl-player-v1,0,0.426,28.093,2.976,0,0.001,0.083,0.0812
2025,14,2025_14_DAL_DET,DET,00-0038911,52a2bfe6-799a-4eb2-8e15-d087d2093009,M.Cunningham,WR,nfl-player-v1,0,0.396,4.716,0.558,0,0,0,0.005
2025,14,2025_14_DAL_DET,DET,00-0034073,4ecefbab-7ea8-4703-9753-7fa0adc53c43,R.Dwelley,,nfl-player-v1,0,0,6.6,0.775,0,0,0.011,0.0108
2025,14,2025_14_CHI_GB,GB,00-0037091,e71f068d-ac9d-4f78-8099-e1eea965dc74,B.Melton,DB,nfl-player-v1,0,0,8.961,1.035,0,0,0,0.005
2025,14,2025_14_CHI_GB,GB,00-0038685,18850ce4-973b-4e21-a03e-aa04864658c8,C.Brooks,RB,nfl-player-v1,0,6.2,3.443,0.563,0,0,0,0.005
2025,14,2025_14_CHI_GB,GB,00-0038124,12c85e25-4ab3-432a-8046-7f8b9f971f0e,C.Watson,WR,nfl-player-v1,0,0,15.061,1.67,0,0,0,0.005
2025,14,2025_14_CHI_GB,GB,00-0038797,6572040d-90dd-479c-8d99-faf7175127c3,E.Wilson,RB,nfl-player-v1,0,11.966,2.487,0.414,0,0.128,0.008,0.1277
2025,14,2025_14_CHI_GB,GB,00-0037306,5bedb1f9-714b-416c-9803-57d032ed5651,J.FitzPatrick,TE,nfl-player-v1,0,0,9.405,1.08,0,0,0,0.005
2025,14,2025_14_CHI_GB,GB,00-0035700,1d87d00a-50b3-494c-a764-c0ff40e2a701,J.Jacobs,RB,nfl-player-v1,0,49.046,4.684,0.751,0,0.989,0.03,0.6389
2025,14,2025_14_CHI_GB,GB,00-0036264,537f0d83-5256-42bf-bc75-f956be1f26c5,J.Love,QB,nfl-player-v1,113.052,4.427,0,0,0.708,0,0,0.005
2025,14,2025_14_CHI_GB,GB,00-0039146,a7d95c35-eb3d-4b5e-a2b2-99a22df56259,J.Reed,WR,nfl-player-v1,0,0.577,12.944,1.42,0,0,0,0.005
2025,14,2025_14_CHI_GB,GB,00-0038589,347e102e-5af8-471f-a451-d916b09ab96c,J.Whyle,TE,nfl-player-v1,0,0,6.968,0.815,0,0,0,0.005
2025,14,2025_14_CHI_GB,GB,00-0039144,bb8a3825-74f1-4c85-880a-a3108c33b36b,L.Musgrave,TE,nfl-player-v1,0,0,14.036,1.573,0,0,0,0.005
2025,14,2025_14_CHI_GB,GB,00-0040667,21d63dde-da33-498d-8984-467c8fa08df0,M.Golden,WR,nfl-player-v1,0,0,5.638,0.663,0,0,0,0.005
2025,14,2025_14_CHI_GB,GB,00-0037816,a5673ce8-e626-4f8f-a1c0-7864036be6a3,R.Doubs,WR,nfl-player-v1,0,0,8.711,1.012,0,0,0,0.005
2025,14,2025_14_HOU_KC,HOU,00-0034775,f9dd5323-f4d9-447e-8f5d-3e07ccece524,C.Kirk,WR,nfl-player-v1,0,0,10.294,1.182,0,0,0,0.005
2025,14,2025_14_HOU_KC,HOU,00-0039163,5580f3af-a69b-4d18-aa9e-f9f360bb7daf,C.Stroud,QB,nfl-player-v1,113.36,4.993,0,0,0.738,0.013,0,0.0133
2025,14,2025_14_HOU_KC,HOU,00-0033854,1469f8ef-106a-411b-8a88-2356c758380f,D.Ogunbowale,RB,nfl-player-v1,0,8.275,2.52,0.42,0,0.032,0.003,0.0349
2025,14,2025_14_HOU_KC,HOU,00-0034383,fe4c4fa7-73c1-43b7-8823-e75c27674ec2,D.Schultz,TE,nfl-player-v1,0,0,12.942,1.457,0,0,0,0.005
2025,14,2025_14_HOU_KC,HOU,00-0040130,321f2f7a-617b-4114-867a-7188cd496cff,J.Higgins,WR,nfl-player-v1,0,0,15.278,1.702,0,0,0,0.005
2025,14,2025_14_HOU_KC,HOU,00-0040138,e514b85a-324e-406e-880e-9c49fe37b12d,J.Noel,WR,nfl-player-v1,0,0.263,8.61,0.99,0,0,0,0.005
2025,14,2025_14_HOU_KC,HOU,00-0034791,489002b7-b67b-4d6a-80d9-6000e716b0ce,N.Chubb,RB,nfl-player-v1,0,8.115,2.471,0.412,0,0,0,0.005
2025,14,2025_14_HOU_KC,HOU,00-0036554,b8dae940-0938-432d-9b8c-3fc0ae4c8906,N.Collins,WR,nfl-player-v1,0,0,23.012,2.478,0,0,0.032,0.0311
2025,14,2025_14_HOU_KC,HOU,00-0040583,370bcf5e-ca00-4e72-b138-115538bdc569,W.Marks,RB,nfl-player-v1,0,63.639,5.332,0.846,0,1.466,0.043,0.7788
2025,14,2025_14_HOU_KC,HOU,00-0038618,e432064c-a8c6-4b83-8119-a0bf2e30fa6f,X.Hutchinson,WR,nfl-player-v1,0,0,8.186,0.954,0,0,0,0.005
2025,14,2025_14_IND_JAX,IND,00-0032104,39c8ad89-a95a-4486-8c3d-ef8312e6ac3f,A.Abdullah,RB,nfl-player-v1,0,8.59,3.914,0.637,0,0.022,0.003,0.0242
2025,14,2025_14_IND_JAX,IND,00-0039816,c96a014c-7133-478e-a6dd-12e7f16c195b,A.Gould,WR,nfl-player-v1,0,0,6.214,0.731,0,0,0,0.005
2025,14,2025_14_IND_JAX,IND,00-0037664,6b78568e-15e7-485d-ab78-b85134c79c82,A.Pierce,WR,nfl-player-v1,0,0,19.519,2.144,0,0,0.018,0.0175
2025,14,2025_14_IND_JAX,IND,00-0035710,154df07d-189d-4473-894a-f65ed36181fc,D.Jones,QB,nfl-player-v1,104.486,4.881,0,0,0.671,0.008,0,0.0081
2025,14,2025_14_IND_JAX,IND,00-0038997,5da8b083-96f7-43b0-8b97-365397bd59e6,J.Downs,WR,nfl-player-v1,0,0,13.511,1.524,0,0,0.038,0.0369
2025,14,2025_14_IND_JAX,IND,00-0036223,d93096a9-946b-4b3c-a3b5-7a1498c91cae,J.Taylor,RB,nfl-player-v1,0,58.034,2.479,0.413,0,0.421,0.006,0.3475
2025,14,2025_14_IND_JAX,IND,00-0033217,97978f02-25a5-40fd-972c-1321c2671005,M.Alie-Cox,TE,nfl-player-v1,0,0,7.594,0.889,0,0,0,0.005
2025,14,2025_14_IND_JAX,IND,00-0036252,8b257ca3-4915-4a9f-9cc7-70bd81d7af59,M.Pittman,WR,nfl-player-v1,0,0,29.971,3.154,0,0,0.026,0.0256
2025,14,2025_14_IND_JAX,IND,00-0040206,84183f30-4aea-4c0e-a5ee-3e0d078d504e,R.Leonard,QB,nfl-player-v1,115.496,4.908,0,0,0.742,0.008,0,0.0081
2025,14,2025_14_IND_JAX,IND,00-0040128,e72096d9-8234-4879-b3b4-9fd4bf4aac4e,T.Warren,TE,nfl-player-v1,0,0.332,16.743,1.863,0,0.002,0.077,0.0753
2025,14,2025_14_IND_JAX,JAX,00-0038935,80a87ed4-7f37-41e3-80a9-7f6581431750,B.Strange,TE,nfl-player-v1,0,0,15.581,1.733,0,0,0.03,0.0299
2025,14,2025_14_IND_JAX,JAX,00-0039893,2dc8cd75-0a7b-413d-a5a0-3a21b2e1dbc9,B.Thomas,WR,nfl-player-v1,0,0,15.581,1.733,0,0,0,0.005
2025,14,2025_14_IND_JAX,JAX,00-0040719,9d78928b-8c2f-4c2e-84ff-879c358142a1,B.Tuten,RB,nfl-player-v1,0,10.031,2.471,0.412,0,0,0,0.005
2025,14,2025_14_IND_JAX,JAX,00-0034960,55480340-bb90-4518-9695-e85dd3d36015,J.Meyers,WR,nfl-player-v1,0,0.88,25.007,2.64,0,0.003,0.092,0.0914
2025,14,2025_14_IND_JAX,JAX,00-0040238,1fbfbedc-81ed-40ea-8bac-2007ea616902,L.Allen,RB,nfl-player-v1,0,6.228,3.974,0.644,0,0,0,0.005
2025,14,2025_14_IND_JAX,JAX,00-0033319,9ac95a2a-0100-4d5e-b1b4-66f539140fab,N.Mullens,QB,nfl-player-v1,99.063,4.235,0,0,0.62,0,0,0.005
2025,14,2025_14_IND_JAX,JAX,00-0036973,13c9b1da-11e5-44db-b6e2-2ce94a697d63,T.Etienne,RB,nfl-player-v1,0,47.889,3.269,0.537,0,0.369,0.008,0.3139
2025,14,2025_14_IND_JAX,JAX,00-0036971,d0738d0d-7cc8-49b9-882e-a1fb536c47e7,T.Lawrence,QB,nfl-player-v1,117.403,6.329,0,0,0.776,0.022,0,0.0221
2025,14,2025_14_IND_JAX,JAX,00-0033375,0d4b90d7-5de5-47f3-a213-f10b8c403998,T.Patrick,WR,nfl-player-v1,0,0,16.264,1.794,0,0,0.063,0.0609
2025,14,2025_14_HOU_KC,KC,00-0040078,65158854-c056-46f0-a185-79af3db336de,B.Smith,RB,nfl-player-v1,0,8.343,2.52,0.42,0,0,0,0.005
2025,14,2025_14_HOU_KC,KC,00-0037197,f48b3351-0deb-4a52-9790-5631073f3d2c,I.Pacheco,RB,nfl-player-v1,0,25.329,2.524,0.421,0,0,0,0.005
2025,14,2025_14_HOU_KC,KC,00-0033857,934d9980-bd65-441a-8b3b-b51144ba8f5a,J.Smith-Schuster,WR,nfl-player-v1,0,0,8.217,0.954,0,0,0,0.005
2025,14,2025_14_HOU_KC,KC,00-0033923,0ab5a80d-1207-4385-8df5-2f776ac16816,K.Hunt,RB,nfl-player-v1,0,31.328,3.256,0.534,0,0.937,0.031,0.62
2025,14,2025_14_HOU_KC,KC,00-0035662,48a61718-24ab-4c6a-946e-56764c8f0206,M.Brown,WR,nfl-player-v1,0,0,8.217,0.954,0,0,0,0.005
2025,14,2025_14_HOU_KC,KC,00-0036637,d6bb9e59-3e25-468e-9bb1-ea8b5eccfdff,N.Gray,TE,nfl-player-v1,0,0,10.256,1.18,0,0,0,0.005
2025,14,2025_14_HOU_KC,KC,00-0033873,a9854c99-01a8-4aff-ade7-a3dbcff01a05,P.Mahomes,QB,nfl-player-v1,128.792,7.764,0,0,0.858,0.032,0,0.0313
2025,14,2025_14_HOU_KC,KC,00-0039067,eb2c647e-6138-4708-bd65-35422f29f75c,R.Rice,WR,nfl-player-v1,0,0,22.45,2.431,0,0,0,0.005
2025,14,2025_14_HOU_KC,KC,00-0030506,6e6da15e-254a-4ee3-b0c8-2eaf5875f22f,T.Kelce,TE,nfl-player-v1,0,0,13.965,1.576,0,0,0,0.005
2025,14,2025_14_HOU_KC,KC,00-0038104,33cf9116-000e-4e42-a4bb-00524aa7e1c8,T.Thornton,WR,nfl-player-v1,0,0,10.368,1.187,0,0,0,0.005
2025,14,2025_14_HOU_KC,KC,00-0039894,13377595-68fc-4870-b538-55539284b2d2,X.Worthy,WR,nfl-player-v1,0,0,12.677,1.431,0,0,0,0.005
2025,14,2025_14_LA_ARI,LA,00-0039738,e5a46115-0912-415a-b0ef-fc6459391e9c,B.Corum,RB,nfl-player-v1,0,28.724,3.161,0.519,0,0.301,0.01,0.2675
2025,14,2025_14_LA_ARI,LA,00-0036244,5bfdeab0-8d49-4746-a2be-60598dcbcf43,C.Parkinson,TE,nfl-player-v1,0,0,13.155,1.477,0,0,0.052,0.0504
2025,14,2025_14_LA_ARI,LA,00-0031381,6af876b7-d6ca-483e-bfab-51357985a24c,D.Adams,WR,nfl-player-v1,0,0,15.669,1.736,0,0,0.041,0.0397
2025,14,2025_14_LA_ARI,LA,00-0039074,577995aa-5a21-4ce7-a655-476aa3b7d151,D.Allen,TE,nfl-player-v1,0,0,8.012,0.928,0,0,0,0.005
2025,14,2025_14_LA_ARI,LA,00-0039751,dfecf1de-d300-4e69-93bc-20c4513f98c0,J.Whittington,WR,nfl-player-v1,0,0,6.329,0.743,0,0,0,0.005
2025,14,2025_14_LA_ARI,LA,00-0040590,802a6e31-ba99-42c3-b0dc-94b4eee5aab9,K.Mumpfield,WR,nfl-player-v1,0,0,6.329,0.743,0,0,0,0.005
2025,14,2025_14_LA_ARI,LA,00-0037840,d499f341-a8ae-4bc2-a2d0-09cbdcbc82c8,K.Williams,RB,nfl-player-v1,0,32.008,4.035,0.654,0,0.222,0.009,0.2057
2025,14,2025_14_LA_ARI,LA,00-0026498,7fc98b95-d8a9-461b-895c-675c835c87a6,M.Stafford,QB,nfl-player-v1,112.186,4.349,0,0,0.702,0,0,0.005
2025,14,2025_14_LA_ARI,LA,00-0039075,cc8ed8e0-fd25-4c8f-bc2e-7c8b1975f241,P.Nacua,WR,nfl-player-v1,0,0,27.48,2.882,0,0,0,0.005
2025,14,2025_14_LA_ARI,LA,00-0037557,d319398e-5718-4df6-ad86-c4a7fcc3ce59,R.Rivers,RB,nfl-player-v1,0,20.985,2.475,0.413,0,0,0,0.005
2025,14,2025_14_LA_ARI,LA,00-0040737,4338c37a-86fe-4f3d-9b1e-af899ef9146b,T.Ferguson,TE,nfl-player-v1,0,0,6.073,0.716,0,0,0.008,0.0083
2025,14,2025_14_LA_ARI,LA,00-0038359,ff0a0568-448e-46fb-88fa-838eb9c13099,X.Smith,WR,nfl-player-v1,0,0,6.329,0.743,0,0,0,0.005
2025,14,2025_14_PHI_LAC,LAC,00-0036355,86721778-e183-4522-8ddc-55e00f17fbe7,J.Herbert,QB,nfl-player-v1,102.085,6.549,0,0,0.639,0,0,0.005
2025,14,2025_14_PHI_LAC,LAC,00-0030279,60f4cd06-05df-4280-add3-4cecee3a82d3,K.Allen,WR,nfl-player-v1,0,0,11.338,1.281,0,0,0,0.005
2025,14,2025_14_PHI_LAC,LAC,00-0039391,533082ab-7fe9-4268-80bc-0139989251cf,K.Vidal,RB,nfl-player-v1,0,32.29,5.284,0.832,0,0.296,0.015,0.2672
2025,14,2025_14_PHI_LAC,LAC,00-0039915,7f5bf6e3-b07c-4361-bc95-0311908c7bf8,L.McConkey,WR,nfl-player-v1,0,0,15.112,1.687,0,0,0,0.005
2025,14,2025_14_PHI_LAC,LAC,00-0040189,070528cf-a9c0-48c4-a759-be8a5cd3922f,O.Gadsden,TE,nfl-player-v1,0,0,12.822,1.448,0,0,0,0.005
2025,14,2025_14_PHI_LAC,LAC,00-0040666,16cd7307-da4f-405d-a98d-e8bb22f5599f,O.Hampton,RB,nfl-player-v1,0,26.176,3.763,0.604,0,0.724,0.032,0.5304
2025,14,2025_14_PHI_LAC,LAC,00-0038544,eb41f78e-bfc6-47e4-8f04-1d8b1231218f,Q.Johnston,WR,nfl-player-v1,0,0,11.15,1.267,0,0,0,0.005
2025,14,2025_14_PHI_LAC,LAC,00-0040727,ff157432-dabf-43cf-96af-8ff8ebad77a9,T.Harris,WR,nfl-player-v1,0,0.215,8.626,0.993,0,0,0,0.005
2025,14,2025_14_PHI_LAC,LAC,00-0034159,6a67a584-8cf6-417f-90b0-34a7577fc8da,W.Dissly,TE,nfl-player-v1,0,0,6.647,0.777,0,0,0,0.005
2025,14,2025_14_DEN_LV,LV,00-0040122,959ec041-e728-44e5-862c-b08ffa61a3f4,A.Jeanty,RB,nfl-player-v1,0,46.211,6.88,1.077,0,0.467,0.022,0.3865
2025,14,2025_14_DEN_LV,LV,00-0039338,3e1facee-6951-4b77-b51f-1f7a04250828,B.Bowers,TE,nfl-player-v1,0,0,17.812,1.976,0,0,0.104,0.0985
2025,14,2025_14_DEN_LV,LV,00-0030565,47424b84-c636-49c2-8a25-9d3de0d3b504,G.Smith,QB,nfl-player-v1,112.401,5.263,0,0,0.704,0,0,0.005
2025,14,2025_14_DEN_LV,LV,00-0034365,6c06b009-f350-4555-95e1-60112d9b6c1d,I.Thomas,TE,nfl-player-v1,0,0,9.571,1.105,0,0,0,0.005
2025,14,2025_14_DEN_LV,LV,00-0040729,f49d31d5-7af7-4246-bd09-dd9bf49a5fea,J.Bech,WR,nfl-player-v1,0,0,21.301,2.319,0,0,0.081,0.078
2025,14,2025_14_DEN_LV,LV,00-0038102,ebe0b8de-695b-4d82-984f-1000e7f01541,K.Pickett,QB,nfl-player-v1,107.257,5.406,0,0,0.672,0,0,0.005
2025,14,2025_14_DEN_LV,LV,00-0031687,e322f057-dca3-4242-83e0-4077db65cb28,R.Mostert,RB,nfl-player-v1,0,6.191,3.496,0.574,0,0,0,0.005
2025,14,2025_14_DEN_LV,LV,00-0038891,504cff6d-96bf-4947-9b02-fdeca09ae23a,S.Jackson,WR,nfl-player-v1,0,0,7.064,0.828,0,0,0,0.005
2025,14,2025_14_DEN_LV,LV,00-0032211,766ec4f5-92c5-4b06-a338-38a14f175030,T.Lockett,WR,nfl-player-v1,0,0,14.636,1.648,0,0,0,0.005
2025,14,2025_14_DEN_LV,LV,00-0038563,b59c0df7-c6c7-412f-8abd-2bf54a74bfa2,T.Tucker,WR,nfl-player-v1,0,0,16.965,1.899,0,0,0,0.005
2025,14,2025_14_MIA_NYJ,MIA,00-0039040,f169e606-4f09-4947-8eef-b701b27cf612,D.Achane,RB,nfl-player-v1,0,17.108,3.449,0.563,0,0.08,0.005,0.0818
2025,14,2025_14_MIA_NYJ,MIA,00-0031610,f3ad686a-917f-495c-ba19-e67e7b21dad5,D.Waller,TE,nfl-player-v1,0,0.219,11.253,1.275,0,0,0,0.005
2025,14,2025_14_MIA_NYJ,MIA,00-0037252,cb3d52be-8be1-4f0f-9853-bb42f129ee5f,G.Dulcich,TE,nfl-player-v1,0,0,11.742,1.32,0,0,0.021,0.0203
2025,14,2025_14_MIA_NYJ,MIA,00-0036613,f6b9b938-482f-4332-96e6-e3e566d9efb2,J.Waddle,WR,nfl-player-v1,0,0.225,23.686,2.497,0,0,0.039,0.0385
2025,14,2025_14_MIA_NYJ,MIA,00-0039874,53edb104-26c4-438b-8ac5-edf35458e1c6,J.Wright,RB,nfl-player-v1,0,44.925,5.35,0.838,0,0.606,0.022,0.4666
2025,14,2025_14_MIA_NYJ,MIA,00-0039880,9f759ea4-6e4c-44b2-9eb1-44640e42493b,M.Washington,WR,nfl-player-v1,0,0,13.896,1.543,0,0,0.024,0.0237
2025,14,2025_14_MIA_NYJ,MIA,00-0040198,6f1b239c-9e82-490d-abfd-2aa17a03f3a1,O.Gordon,RB,nfl-player-v1,0,13.603,2.471,0.412,0,0.065,0.004,0.0661
2025,14,2025_14_MIA_NYJ,MIA,00-0036212,25cc976d-3f53-414e-8503-80d7e5d5a513,T.Tagovailoa,QB,nfl-player-v1,107.181,4.614,0,0,0.671,0,0,0.005
2025,14,2025_14_WAS_MIN,MIN,00-0033293,35923ea3-b4c5-42ac-b0eb-c748169e8cdf,A.Jones,RB,nfl-player-v1,0,32.835,3.425,0.56,0,0.124,0.004,0.1204
2025,14,2025_14_WAS_MIN,MIN,00-0038809,ae9c14bb-de54-4cc9-8a98-0b1ab5806ae9,B.Sims,TE,nfl-player-v1,0,0,6.833,0.799,0,0,0,0.005
2025,14,2025_14_WAS_MIN,MIN,00-0038994,5ce4d5c2-18c4-4c4d-b3a0-039eb4a3d989,J.Addison,WR,nfl-player-v1,0,0,22.333,2.395,0,0,0.03,0.03
2025,14,2025_14_WAS_MIN,MIN,00-0036322,9bd851b9-cba5-4c2a-989a-792d495db187,J.Jefferson,WR,nfl-player-v1,0,0,13.295,1.491,0,0,0,0.005
2025,14,2025_14_WAS_MIN,MIN,00-0037525,f3080ee8-3085-4c4a-8cb6-73cca736c41b,J.Mason,RB,nfl-player-v1,0,26.441,2.491,0.415,0,0.506,0.015,0.4064
2025,14,2025_14_WAS_MIN,MIN,00-0039923,6ccddb5c-777e-4767-8920-d6b85d950d14,J.McCarthy,QB,nfl-player-v1,113.241,5.213,0,0,0.709,0,0,0.005
2025,14,2025_14_WAS_MIN,MIN,00-0037291,3c26dce6-b5d7-4026-b212-1b22c6b4a9e7,J.Nailor,WR,nfl-player-v1,0,0,11.64,1.314,0,0,0,0.005
2025,14,2025_14_WAS_MIN,MIN,00-0035249,92cb0b66-4a07-426a-87cb-4c104a63b111,J.Oliver,TE,nfl-player-v1,0,0,9.118,1.047,0,0,0.027,0.0263
2025,14,2025_14_WAS_MIN,MIN,00-0040154,831a0d8d-2d07-4b29-a029-5956f434d445,T.Felton,WR,nfl-player-v1,0,0,6.833,0.799,0,0,0,0.005
2025,14,2025_14_WAS_MIN,MIN,00-0035229,0993b895-f0b7-4d94-9a83-cb2895cf9093,T.Hockenson,TE,nfl-player-v1,0,0,11.187,1.27,0,0,0.016,0.016
2025,14,2025_14_WAS_MIN,MIN,00-0038440,4c74f14f-2193-41d1-b3b4-fb34cb116198,Z.Scott,RB,nfl-player-v1,0,11.624,3.381,0.553,0,0,0,0.005
2025,14,2025_14_NO_TB,NO,00-0039373,477881e2-4f41-4c00-9edc-918d69b23eaa,A.Estime,RB,nfl-player-v1,0,11.152,2.471,0.412,0,0.068,0.005,0.0705
2025,14,2025_14_NO_TB,NO,00-0037239,3d8e6090-ab45-4750-a145-b5bc16812bc8,C.Olave,WR,nfl-player-v1,0,0,14.83,1.619,0,0,0,0.005
2025,14,2025_14_NO_TB,NO,00-0040202,6355a7d7-5a4b-4c0f-9407-f8d0669ab8c5,D.Neal,RB,nfl-player-v1,0,40.473,3.527,0.575,0,0.709,0.02,0.5177
2025,14,2025_14_NO_TB,NO,00-0039424,c5ddc36c-396d-4108-9137-e78b64ae84a8,D.Vele,WR,nfl-player-v1,0,0,17.398,1.899,0,0,0,0.005
2025,14,2025_14_NO_TB,NO,00-0038397,48370aff-6673-4368-a31b-5328ac46e109,E.Hull,RB,nfl-player-v1,0,7.888,3.441,0.561,0,0,0,0.005
2025,14,2025_14_NO_TB,NO,00-0034981,2e81bc65-e42c-4ef5-a59e-e22633ad1100,F.Moreau,TE,nfl-player-v1,0,0,6.975,0.813,0,0,0,0.005
2025,14,2025_14_NO_TB,NO,00-0036040,e10fc805-9026-4fe2-8714-d074bd8ca1be,J.Johnson,TE,nfl-player-v1,0,0,15.101,1.66,0,0,0,0.005
2025,14,2025_14_NO_TB,NO,00-0036741,9549fdf0-455b-4e22-98ae-4df76cb3cb2b,J.Stoll,TE,nfl-player-v1,0,0,6.619,0.777,0,0,0,0.005
2025,14,2025_14_NO_TB,NO,00-0033357,5034d52d-1292-4d87-a545-ef53884ca7e1,T.Hill,QB,nfl-player-v1,105.977,5.146,0,0,0.664,0,0,0.005
2025,14,2025_14_NO_TB,NO,00-0040743,c6b16d75-657b-44a5-9bf9-033769fc3460,T.Shough,QB,nfl-player-v1,113.131,6.689,0,0,0.798,0.054,0,0.0525
2025,14,2025_14_MIA_NYJ,NYJ,00-0034959,954d5b41-02ea-4047-8385-515c5118690c,A.Beck,RB,nfl-player-v1,0,6.321,3.442,0.566,0,0,0,0.005
2025,14,2025_14_MIA_NYJ,NYJ,00-0034521,4f55c8d1-727c-4720-b597-1b813dfc2e02,A.Lazard,WR,nfl-player-v1,0,0,6.505,0.767,0,0,0,0.005
2025,14,2025_14_MIA_NYJ,NYJ,00-0039890,87520ab1-0a67-4521-b031-0a45fa108796,A.Mitchell,WR,nfl-player-v1,0,0,17.185,1.929,0,0,0.068,0.0653
2025,14,2025_14_MIA_NYJ,NYJ,00-0040398,0f1c18b3-e0c7-474f-aa1c-51a83a5cd17f,B.Cook,QB,nfl-player-v1,116.442,4.947,0,0,0.729,0,0,0.005
2025,14,2025_14_MIA_NYJ,NYJ,00-0038120,735192a9-d468-49d0-b370-970c18fabac5,B.Hall,RB,nfl-player-v1,0,51.187,3.343,0.549,0,0.79,0.016,0.5535
2025,14,2025_14_MIA_NYJ,NYJ,00-0039798,3a986b7a-a012-40ca-9f01-2aa8cd1484bd,I.Davis,RB,nfl-player-v1,0,12.561,2.522,0.42,0,0,0,0.005
2025,14,2025_14_MIA_NYJ,NYJ,00-0039451,80869be9-a016-466d-8e55-fbd21a0b51ec,I.Williams,WR,nfl-player-v1,0,0,10.909,1.253,0,0,0,0.005
2025,14,2025_14_MIA_NYJ,NYJ,00-0037614,48a86180-2857-4c87-a70a-b3b156f158dc,J.Metchie,WR,nfl-player-v1,0,0,23.478,2.56,0,0,0.09,0.0857
2025,14,2025_14_MIA_NYJ,NYJ,00-0037805,49ad0f0d-981d-4fc4-b589-2f6ecafc1b42,J.Ruckert,TE,nfl-player-v1,0,0,10.783,1.238,0,0,0,0.005
2025,14,2025_14_MIA_NYJ,NYJ,00-0040736,05d9b42e-040e-46c9-8a22-97abfe74c5ce,M.Taylor,TE,nfl-player-v1,0,0,24.011,2.608,0,0,0,0.005
2025,14,2025_14_MIA_NYJ,NYJ,00-0037475,7fce1d7a-bc4f-44ed-abde-3efaffde62a4,S.Smartt,TE,nfl-player-v1,0,0,6.505,0.767,0,0,0,0.005
2025,14,2025_14_MIA_NYJ,NYJ,00-0028118,74ed522b-fcc4-4269-90c8-7fca7384072a,T.Taylor,QB,nfl-player-v1,99.898,4.235,0,0,0.625,0,0,0.005
2025,14,2025_14_PHI_LAC,PHI,00-0035676,e97f648c-f826-40a0-a562-437d2714fd40,A.Brown,WR,nfl-player-v1,0,0,31.353,3.318,0,0,0,0.005
2025,14,2025_14_PHI_LAC,PHI,00-0040024,da99bf06-ca0e-47c2-9e71-2b4ecf7efefe,D.Cooper,WR,nfl-player-v1,0,0,6.367,0.749,0,0,0,0.005
2025,14,2025_14_PHI_LAC,PHI,00-0034351,fa192789-c280-45f1-b92c-b3d6a2e97cb5,D.Goedert,TE,nfl-player-v1,0,0,25.125,2.699,0,0,0.054,0.0525
2025,14,2025_14_PHI_LAC,PHI,00-0036912,d0e121df-25e6-4268-9e79-b99acb8e9160,D.Smith,WR,nfl-player-v1,0,0,19.031,2.102,0,0,0.042,0.0412
2025,14,2025_14_PHI_LAC,PHI,00-0037741,6d4cdf27-b583-4056-b59d-95182c15301b,J.Dotson,WR,nfl-player-v1,0,0,9.545,1.106,0,0,0.022,0.0219
2025,14,2025_14_PHI_LAC,PHI,00-0036389,c415d118-a039-407a-a350-3e89d8042e25,J.Hurts,QB,nfl-player-v1,123.113,6.054,0,0,0.771,0,0,0.005
2025,14,2025_14_PHI_LAC,PHI,00-0034844,9a93ddfe-033a-4098-acc7-9be147087ec8,S.Barkley,RB,nfl-player-v1,0,59.317,3.883,0.632,0,0.693,0.014,0.507
2025,14,2025_14_PHI_LAC,PHI,00-0038555,f6e1063b-4d79-4005-b44c-7621b0f82a81,T.Bigsby,RB,nfl-player-v1,0,8.663,2.471,0.412,0,0.053,0.005,0.0564
2025,14,2025_14_PHI_LAC,PHI,00-0039746,53f7c2dd-3fec-4e55-9991-00e4d7c2fc74,W.Shipley,RB,nfl-player-v1,0,6.179,3.186,0.525,0,0,0,0.005
2025,14,2025_14_PIT_BAL,PIT,00-0023459,9cd40a7b-735b-4670-bf0e-4d357c5b3e10,A.Rodgers,QB,nfl-player-v1,124.716,5.32,0,0,0.798,0.008,0,0.0075
2025,14,2025_14_PIT_BAL,PIT,00-0030035,f78e2b4f-796b-41c8-9af0-75caf042eb26,A.Thielen,WR,nfl-player-v1,0,0,6.715,0.789,0,0,0.006,0.0055
2025,14,2025_14_PIT_BAL,PIT,00-0036862,c11cc7b3-6b0b-4a40-b6df-d3148f8c2825,B.Skowronek,WR,nfl-player-v1,0,0,6.856,0.805,0,0,0,0.005
2025,14,2025_14_PIT_BAL,PIT,00-0037837,bb6900c7-cf17-450b-b596-4a3542add3ef,C.Austin,WR,nfl-player-v1,0,0,8.456,0.984,0,0,0,0.005
2025,14,2025_14_PIT_BAL,PIT,00-0037304,c3cd242e-0ded-4370-b254-f6582de39903,Co.Heyward,TE,nfl-player-v1,0,0.499,4.815,0.569,0,0,0.004,0.005
2025,14,2025_14_PIT_BAL,PIT,00-0035640,4aefe4b3-05d4-4513-8386-ceefefe04e87,D.Metcalf,WR,nfl-player-v1,0,0,36.848,3.847,0,0,0.108,0.1021
2025,14,2025_14_PIT_BAL,PIT,00-0038558,f011864a-8a7b-4638-b49f-d229e07bcfea,D.Washington,TE,nfl-player-v1,0,0,6.715,0.789,0,0,0,0.005
2025,14,2025_14_PIT_BAL,PIT,00-0033858,8b8c7b1a-90f6-4931-b9d8-3c8cfb0c920b,J.Smith,TE,nfl-player-v1,0,0,6.451,0.761,0,0,0,0.005
2025,14,2025_14_PIT_BAL,PIT,00-0037228,23de35af-3a1c-4ae7-9ea4-954a48d78d6a,J.Warren,RB,nfl-player-v1,0,30.293,5.257,0.841,0,0.125,0.007,0.1235
2025,14,2025_14_PIT_BAL,PIT,00-0036919,8a95e757-cf19-40cd-9cc1-77255bb487f1,K.Gainwell,RB,nfl-player-v1,0,18.812,9.705,1.476,0,0.308,0.047,0.2987
2025,14,2025_14_PIT_BAL,PIT,00-0040142,d4eda4a8-fe86-4f99-a138-c013a635acf3,K.Johnson,RB,nfl-player-v1,0,11.875,2.471,0.412,0,0,0,0.005
2025,14,2025_14_PIT_BAL,PIT,00-0034272,ce987bc8-98ca-4ce6-85b3-8e9ef51b0a8f,M.Valdes-Scantling,WR,nfl-player-v1,0,0,6.451,0.761,0,0,0,0.005
2025,14,2025_14_PIT_BAL,PIT,00-0036894,07b45f1c-fb0a-40db-939b-4ee4836e9343,P.Freiermuth,TE,nfl-player-v1,0,0,10.592,1.217,0,0,0.017,0.0169
2025,14,2025_14_SEA_ATL,SEA,00-0039793,1359d114-9fb9-4783-8101-efdec545f961,A.Barner,TE,nfl-player-v1,0,0,12.808,1.448,0,0,0.034,0.0332
2025,14,2025_14_SEA_ATL,SEA,00-0033908,42465aa3-53c4-4afb-bf91-0ac136659ba3,C.Kupp,WR,nfl-player-v1,0,0,10.498,1.203,0,0,0.028,0.0277
2025,14,2025_14_SEA_ATL,SEA,00-0035891,f733b01b-0016-4033-847c-4bfee3b0d450,C.White,WR,nfl-player-v1,0,0,6.71,0.787,0,0,0,0.005
2025,14,2025_14_SEA_ATL,SEA,00-0035704,9ec9efb2-44ce-4711-a31b-28d1fa715294,D.Lock,QB,nfl-player-v1,101.265,4.86,0,0,0.634,0,0,0.005
2025,14,2025_14_SEA_ATL,SEA,00-0040739,6705ba1e-91f0-4d99-81fe-b1a147c65a6d,E.Arroyo,TE,nfl-player-v1,0,0,6.302,0.743,0,0,0,0.005
2025,14,2025_14_SEA_ATL,SEA,00-0038543,8d9cebd3-3534-48a0-a4e9-2c0ebc5c1c94,J.Smith-Njigba,WR,nfl-player-v1,0,0.333,28.878,3.027,0,0.001,0.071,0.069
2025,14,2025_14_SEA_ATL,SEA,00-0038134,593d9bcd-2ae1-41ca-bf16-2d3c62d5b196,K.Walker,RB,nfl-player-v1,0,28.486,5.042,0.804,0,0.394,0.021,0.3401
2025,14,2025_14_SEA_ATL,SEA,00-0037545,0a931859-dbbe-4421-8bdc-ee6094237041,R.Shaheed,WR,nfl-player-v1,0,0,14.972,1.67,0,0,0,0.005
2025,14,2025_14_SEA_ATL,SEA,00-0034869,3a4bd5d6-8b01-4324-8449-d0f7c2059e36,S.Darnold,QB,nfl-player-v1,118.732,6.024,0,0,0.743,0,0,0.005
2025,14,2025_14_SEA_ATL,SEA,00-0037745,c9efa72c-b0b3-45d7-8af4-a734ef3a1e24,V.Jones,RB,nfl-player-v1,0,14.539,2.471,0.412,0,0,0,0.005
2025,14,2025_14_SEA_ATL,SEA,00-0039165,7bb1ecbd-ce2a-443f-881d-e3f993b6a1c0,Z.Charbonnet,RB,nfl-player-v1,0,21.43,4.999,0.797,0,0.075,0.005,0.0767
2025,14,2025_14_NO_TB,TB,00-0039361,b53d67a4-0051-474f-816c-9a3d9b661634,B.Irving,RB,nfl-player-v1,0,33.449,4.78,0.76,0,0,0,0.005
2025,14,2025_14_NO_TB,TB,00-0034855,56c2266e-4dc1-4c37-8f44-6323a36613de,B.Mayfield,QB,nfl-player-v1,117.84,6.613,0,0,0.738,0,0,0.005
2025,14,2025_14_NO_TB,TB,00-0033921,90fcc742-b736-44f4-994f-094724be0c09,C.Godwin,WR,nfl-player-v1,0,0,20.425,2.198,0,0,0,0.005
2025,14,2025_14_NO_TB,TB,00-0038129,4f63ff11-fe96-4aa7-9831-9536b01dd6a9,C.Otton,TE,nfl-player-v1,0,0,11.424,1.288,0,0,0.03,0.0296
2025,14,2025_14_NO_TB,TB,00-0040129,bac91e1b-f24a-431e-a656-d23a3ef5e9f5,E.Egbuka,WR,nfl-player-v1,0,0,20.795,2.246,0,0,0,0.005
2025,14,2025_14_NO_TB,TB,00-0039589,c6d8d2bd-0280-4607-8d52-54f84bf7437f,K.Johnson,WR,nfl-player-v1,0,0,6.075,0.716,0,0,0,0.005
2025,14,2025_14_NO_TB,TB,00-0037256,af7855b9-7e3c-41da-a2b8-8c7f6cd88bee,R.White,RB,nfl-player-v1,0,25.172,3.868,0.625,0,0.351,0.017,0.3078
2025,14,2025_14_NO_TB,TB,00-0032385,2036bbd6-7375-422e-bdbc-7822b5bffdce,S.Shepard,WR,nfl-player-v1,0,0,6.345,0.744,0,0,0,0.005
2025,14,2025_14_NO_TB,TB,00-0038951,0b1f5016-8cbc-4512-8a82-0d3f67416080,S.Tucker,RB,nfl-player-v1,0,17.974,2.471,0.412,0,0.256,0.011,0.2341
2025,14,2025_14_TEN_CLE,TEN,00-0040705,f3027194-2b41-4db7-b6e1-10cb47514b73,C.Dike,WR,nfl-player-v1,0,0,23.191,2.469,0,0,0.115,0.1088
2025,14,2025_14_TEN_CLE,TEN,00-0037809,64755288-83b6-45d3-9d82-11807c2f5994,C.Okonkwo,TE,nfl-player-v1,0,0,8.783,1.012,0,0,0,0.005
2025,14,2025_14_TEN_CLE,TEN,00-0040676,f16bf5f1-4c50-449b-b1d4-ad4d66db60cb,C.Ward,QB,nfl-player-v1,112.135,5.105,0,0,0.754,0.024,0,0.0237
2025,14,2025_14_TEN_CLE,TEN,00-0039648,50851ff2-e9f9-45ed-a73b-7efcf44b57ff,D.Martin-Robinson,TE,nfl-player-v1,0,0,6.597,0.772,0,0,0,0.005
2025,14,2025_14_TEN_CLE,TEN,00-0040170,527aee16-44d6-4527-9ec1-b6d981e9e8c1,E.Ayomanor,WR,nfl-player-v1,0,0,10.029,1.148,0,0,0.027,0.0264
2025,14,2025_14_TEN_CLE,TEN,00-0040584,7e6d7376-3ff9-4d2b-8022-f47c0fbc308e,G.Helm,TE,nfl-player-v1,0,0,8.194,0.949,0,0,0,0.005
2025,14,2025_14_TEN_CLE,TEN,00-0036133,e6562317-152c-443a-bdb1-1a121aba425c,J.Proche,WR,nfl-player-v1,0,0,6.299,0.741,0,0,0,0.005
2025,14,2025_14_TEN_CLE,TEN,00-0035261,61edd687-3a13-4c2f-8e86-d493ced4295b,T.Pollard,RB,nfl-player-v1,0,53.082,2.554,0.426,0,0.364,0.006,0.3087
2025,14,2025_14_TEN_CLE,TEN,00-0039032,90e22076-0605-4b85-8d97-1a83167c5c35,T.Spears,RB,nfl-player-v1,0,20.815,5.959,0.927,0,0,0,0.005
2025,14,2025_14_TEN_CLE,TEN,00-0036415,de90c83e-b445-439c-befe-655f3d2c50d7,V.Jefferson,WR,nfl-player-v1,0,0,12.341,1.391,0,0,0,0.005
2025,14,2025_14_WAS_MIN,WAS,00-0039912,d51d0bd1-4241-43c7-a184-bd961c56c283,B.Sinnott,TE,nfl-player-v1,0,0,7.388,0.862,0,0,0,0.005
2025,14,2025_14_WAS_MIN,WAS,00-0038611,910e0e65-f202-42a6-afa5-c4a2cebe4b2a,C.Rodriguez,RB,nfl-player-v1,0,26.927,2.475,0.412,0,0.323,0.009,0.2829
2025,14,2025_14_WAS_MIN,WAS,00-0039686,5e766c57-ffa4-4526-84a6-a1a1f1c172e8,C.Yankoff,TE,nfl-player-v1,0,0,7.01,0.823,0,0,0,0.005
2025,14,2025_14_WAS_MIN,WAS,00-0035719,7bb0990e-39c4-4d54-9fd7-b1d9bc9d8288,D.Samuel,WR,nfl-player-v1,0,0,23.804,2.548,0,0,0.051,0.0497
2025,14,2025_14_WAS_MIN,WAS,00-0040242,25d9ee1b-68c9-4de4-ad0f-25efe8210850,J.Croskey-Merritt,RB,nfl-player-v1,0,20.67,2.487,0.414,0,0.125,0.005,0.1218
2025,14,2025_14_WAS_MIN,WAS,00-0039910,3276bcc4-687a-4601-92a3-35feeb80ba89,J.Daniels,QB,nfl-player-v1,115.142,6.807,0,0,0.721,0,0,0.005
2025,14,2025_14_WAS_MIN,WAS,00-0033955,01c9d65e-2883-4bde-a469-45abe5508fee,J.McNichols,RB,nfl-player-v1,0,6.207,3.629,0.592,0,0,0,0.005
2025,14,2025_14_WAS_MIN,WAS,00-0032268,48b54b83-0ee8-4633-88ca-470939b150e0,M.Mariota,QB,nfl-player-v1,102.359,5.411,0,0,0.641,0,0,0.005
2025,14,2025_14_WAS_MIN,WAS,00-0033591,6b486380-fb82-43db-ac70-9e09a0e5f224,N.Brown,WR,nfl-player-v1,0,0,8.34,0.959,0,0,0.019,0.019
2025,14,2025_14_WAS_MIN,WAS,00-0037742,4c813722-0f2e-4c3b-ae06-bf0e4b32e2f0,T.Burks,WR,nfl-player-v1,0,0,7.01,0.823,0,0,0,0.005
2025,14,2025_14_WAS_MIN,WAS,00-0035659,72729e1e-0b13-4aad-91ac-3d76f92c4685,T.McLaurin,WR,nfl-player-v1,0,0,23.387,2.519,0,0,0.05,0.0491
2025,14,2025_14_WAS_MIN,WAS,00-0030061,f42aa3a3-06fe-490e-afb7-07a36d947c7c,Z.Ertz,TE,nfl-player-v1,0,0,10.023,1.153,0,0,0,0.005
2025,15,2025_15_ARI_HOU,ARI,00-0040556,2ad579e3-eb45-46a7-b5d5-c0449a7bd381,C.Kiner,RB,nfl-player-v1,0,12.036,2.522,0.42,0,0,0,0.005
2025,15,2025_15_ARI_HOU,ARI,00-0038705,de81a074-52e4-452a-a923-496eddc6a5d0,E.Demercado,RB,nfl-player-v1,0,7.724,4.038,0.65,0,0,0,0.005
2025,15,2025_15_ARI_HOU,ARI,00-0039041,1b207068-6c7e-480f-9923-06f2128115d6,E.Higgins,TE,nfl-player-v1,0,0,6.67,0.779,0,0,0,0.005
2025,15,2025_15_ARI_HOU,ARI,00-0033119,237a8679-0c0a-480b-870d-514d0c50523f,J.Brissett,QB,nfl-player-v1,125.868,6.303,0,0,0.788,0,0,0.005
2025,15,2025_15_ARI_HOU,ARI,00-0038640,254587e7-6a8c-4ef6-ad58-e4f4cbd49ec5,J.Brooks,WR,nfl-player-v1,0,0,9.486,1.1,0,0,0,0.005
2025,15,2025_15_ARI_HOU,ARI,00-0036924,324eed4d-0d36-4dcf-818b-f956af29d709,M.Carter,RB,nfl-player-v1,0,49.157,5.761,0.917,0,0.251,0.009,0.2287
2025,15,2025_15_ARI_HOU,ARI,00-0038559,befb93dc-de67-4344-9d23-a1fa6a9d682f,M.Wilson,WR,nfl-player-v1,0,0,28.923,3.099,0,0,0.108,0.1028
2025,15,2025_15_ARI_HOU,ARI,00-0033439,4c9277ff-bfc6-4eea-b8c6-5c25c0d6a0aa,P.Brown,TE,nfl-player-v1,0,0,7.975,0.928,0,0,0.016,0.0161
2025,15,2025_15_ARI_HOU,ARI,00-0037744,87b536c6-701f-4a71-b52e-0d8f7d4ec694,T.McBride,TE,nfl-player-v1,0,0,35.087,3.653,0,0,0.192,0.1745
2025,15,2025_15_ARI_HOU,ARI,00-0037157,efbc865a-57b4-4ae3-ab3d-27d27dffa258,Z.Knight,RB,nfl-player-v1,0,8.962,2.471,0.412,0,0,0,0.005
2025,15,2025_15_ATL_TB,ATL,00-0038542,8f5e333b-8cac-493f-8be3-093a3f12c027,B.Robinson,RB,nfl-player-v1,0,70.289,11.634,1.736,0,0.502,0.025,0.4095
2025,15,2025_15_ATL_TB,ATL,00-0036429,2891bcba-4ef0-4ad7-b6b8-01af901d5d25,C.Woerner,TE,nfl-player-v1,0,0,7.659,0.893,0,0,0.011,0.0113
2025,15,2025_15_ATL_TB,ATL,00-0038953,1c005470-9111-4f2c-9f20-256299b1dbce,D.Drummond,WR,nfl-player-v1,0,0,6.043,0.714,0,0,0.009,0.0091
2025,15,2025_15_ATL_TB,ATL,00-0036309,e318bcf4-6f17-4a62-ba7b-9283a4aab86c,D.Mooney,WR,nfl-player-v1,0,0,14.114,1.597,0,0,0,0.005
2025,15,2025_15_ATL_TB,ATL,00-0035359,601ce504-9f08-487d-b968-f6e884c7fdfb,D.Sills,WR,nfl-player-v1,0,0,22.473,2.453,0,0,0.062,0.0605
2025,15,2025_15_ATL_TB,ATL,00-0029604,c3485017-7a48-4b69-8957-97f4e26303ea,K.Cousins,QB,nfl-player-v1,122.249,4.354,0,0,0.765,0,0,0.005
2025,15,2025_15_ATL_TB,ATL,00-0036970,40dfaab3-2886-438e-a325-a15f68d1f3c8,K.Pitts,TE,nfl-player-v1,0,0,26.44,2.791,0,0,0.142,0.1325
2025,15,2025_15_ATL_TB,ATL,00-0037263,3d48d76e-acf1-404a-ba84-79e0d1d0e3fc,T.Allgeier,RB,nfl-player-v1,0,12.057,2.471,0.412,0,0,0,0.005
2025,15,2025_15_BAL_CIN,BAL,00-0032764,31b668ff-08d5-4913-8678-4c5c2fb906ca,D.Henry,RB,nfl-player-v1,0,31.612,2.496,0.416,0,0.329,0.008,0.2862
2025,15,2025_15_BAL_CIN,BAL,00-0030564,1bd6ba6e-0334-4184-a6f8-4d5dcf7c276f,D.Hopkins,WR,nfl-player-v1,0,0,8.45,0.974,0,0,0,0.005
2025,15,2025_15_BAL_CIN,BAL,00-0038454,4c8b2a02-d4ab-4896-af38-2a000c2591f3,K.Mitchell,RB,nfl-player-v1,0,25.094,4.088,0.658,0,0.261,0.013,0.2398
2025,15,2025_15_BAL_CIN,BAL,00-0034796,4c6e84b3-2283-4d86-8f7b-019a185c6764,L.Jackson,QB,nfl-player-v1,109.402,5.448,0,0,0.685,0,0,0.005
2025,15,2025_15_BAL_CIN,BAL,00-0034753,3c8c24b6-f2b3-4130-86e6-389a16aa6104,M.Andrews,TE,nfl-player-v1,0,0,17.15,1.875,0,0,0,0.005
2025,15,2025_15_BAL_CIN,BAL,00-0039796,4e18e3ca-b72d-4c47-ba00-865ad3e61750,R.Ali,RB,nfl-player-v1,0,6.398,5.935,0.923,0,0,0,0.005
2025,15,2025_15_BAL_CIN,BAL,00-0039064,a4c95f75-76ae-4729-b36b-053b14fb2a51,Z.Flowers,WR,nfl-player-v1,0,0,28.263,2.939,0,0,0.103,0.0978
2025,15,2025_15_BUF_NE,BUF,00-0031236,16125e50-cd99-4225-a124-62507be3ffd8,B.Cooks,WR,nfl-player-v1,0,0,9.75,1.124,0,0,0,0.005
2025,15,2025_15_BUF_NE,BUF,00-0038933,8a6f4627-ab82-4cb4-92df-699336ac1690,D.Kincaid,TE,nfl-player-v1,0,0,12.919,1.451,0,0,0.025,0.0251
2025,15,2025_15_BUF_NE,BUF,00-0035689,83978a45-a7da-408d-a462-426f5444a908,D.Knox,TE,nfl-player-v1,0,0,12.919,1.451,0,0,0.038,0.0374
2025,15,2025_15_BUF_NE,BUF,00-0034857,32369b37-6bce-4910-acfa-f658676697d3,J.Allen,QB,nfl-player-v1,119.812,7.681,0,0,0.771,0.014,0,0.0135
2025,15,2025_15_BUF_NE,BUF,00-0037248,61da158c-dacb-4567-8ec7-9521d0868e5f,J.Cook,RB,nfl-player-v1,0,48.693,5.073,0.804,0,0.863,0.028,0.5897
2025,15,2025_15_BUF_NE,BUF,00-0040194,5a7670a6-35d4-43bb-a12b-9b1580498b35,J.Hawes,TE,nfl-player-v1,0,0,6.577,0.771,0,0,0,0.005
2025,15,2025_15_BUF_NE,BUF,00-0036988,df43fb4f-7e20-4384-83d0-fc24bbea7428,J.Palmer,WR,nfl-player-v1,0,0,6.944,0.805,0,0,0,0.005
2025,15,2025_15_BUF_NE,BUF,00-0037261,a182f320-892e-4344-8c39-d03ec8d397c4,K.Shakir,WR,nfl-player-v1,0,0,15.339,1.689,0,0,0,0.005
2025,15,2025_15_BUF_NE,BUF,00-0039875,51239dbe-c985-42a4-bdb6-e31bea991d12,R.Davis,RB,nfl-player-v1,0,6.331,3.342,0.548,0,0,0,0.005
2025,15,2025_15_BUF_NE,BUF,00-0035537,7927f661-8fb2-47a7-988d-d39a7c8038be,Ty.Johnson,RB,nfl-player-v1,0,13.591,5.026,0.796,0,0.071,0.008,0.0761
2025,15,2025_15_CAR_NO,CAR,00-0039150,c28c1088-1b0f-497f-bfdb-1a7a9cde1e89,B.Young,QB,nfl-player-v1,115.64,7.485,0,0,0.724,0,0,0.005
2025,15,2025_15_CAR_NO,CAR,00-0036555,e4fb467c-29b4-4025-8e7f-05d9ee9ca744,C.Hubbard,RB,nfl-player-v1,0,20.427,3.51,0.572,0,0.215,0.011,0.2023
2025,15,2025_15_CAR_NO,CAR,00-0039491,0a50de21-d75b-4e1e-86c9-191b0dccffec,J.Coker,WR,nfl-player-v1,0,0,15.349,1.688,0,0,0,0.005
2025,15,2025_15_CAR_NO,CAR,00-0039356,38d1f118-d4b1-4550-932e-ebfebfb25c98,J.Sanders,TE,nfl-player-v1,0,0,9.306,1.064,0,0,0,0.005
2025,15,2025_15_CAR_NO,CAR,00-0040218,77922ed5-6b51-4d23-8894-56a5ab1b2c1a,Ji.Horn,WR,nfl-player-v1,0,0,6.869,0.801,0,0,0,0.005
2025,15,2025_15_CAR_NO,CAR,00-0036139,5247cf70-ccdc-4fee-abb5-56faa544291f,R.Dowdle,RB,nfl-player-v1,0,35.517,3.553,0.579,0,0.733,0.023,0.5303
2025,15,2025_15_CAR_NO,CAR,00-0040124,fe874b96-e2c0-4f68-9815-af65b06e6738,T.McMillan,WR,nfl-player-v1,0,0,14.217,1.583,0,0,0,0.005
2025,15,2025_15_CAR_NO,CAR,00-0037005,2a5af105-ecb4-4ae4-89c6-d47b7b108737,T.Tremble,TE,nfl-player-v1,0,0,14.385,1.601,0,0,0,0.005
2025,15,2025_15_CAR_NO,CAR,00-0039342,2f0f3999-0f08-41d7-83f3-7bf733899142,X.Legette,WR,nfl-player-v1,0,0,11.687,1.318,0,0,0,0.005
2025,15,2025_15_CLE_CHI,CHI,00-0036290,e20adbbe-669d-4d26-b64a-84332cd2acfd,C.Kmet,TE,nfl-player-v1,0,0,12.254,1.386,0,0,0.018,0.0175
2025,15,2025_15_CLE_CHI,CHI,00-0040126,20e5eda2-e6a7-45e5-8ed5-958a5d49a8ae,C.Loveland,TE,nfl-player-v1,0,0.26,14.955,1.652,0,0.001,0.042,0.0419
2025,15,2025_15_CLE_CHI,CHI,00-0039918,d3372f7c-27eb-47ac-9d90-facef898a40f,C.Williams,QB,nfl-player-v1,113.543,5.149,0,0,0.711,0,0,0.005
2025,15,2025_15_CLE_CHI,CHI,00-0034827,d366aedd-7ef1-47c6-a3bb-637a4559f332,D.Moore,WR,nfl-player-v1,0,0,15.161,1.681,0,0,0.021,0.0212
2025,15,2025_15_CLE_CHI,CHI,00-0036275,49aefcdc-6cec-4beb-84e1-ba08880d15d6,D.Swift,RB,nfl-player-v1,0,41.054,3.28,0.538,0,0.308,0.008,0.271
2025,15,2025_15_CLE_CHI,CHI,00-0040236,08e87151-52f8-40cb-a625-42c1703b9eec,K.Monangai,RB,nfl-player-v1,0,27.216,4.055,0.654,0,0.31,0.014,0.2771
2025,15,2025_15_CLE_CHI,CHI,00-0040735,7f3e9ce8-9c8d-4d38-b381-3e43b24bf041,L.Burden,WR,nfl-player-v1,0,0,20.484,2.207,0,0,0,0.005
2025,15,2025_15_CLE_CHI,CHI,00-0035208,abb5a044-a3c2-46a1-9fac-b6d0ddf8475b,O.Zaccheaus,WR,nfl-player-v1,0,0,9.99,1.152,0,0,0.015,0.0146
2025,15,2025_15_BAL_CIN,CIN,00-0038619,7da25b9b-7510-4f92-98a5-2cb63cd6aa2d,A.Iosivas,WR,nfl-player-v1,0,0,6.124,0.723,0,0,0,0.005
2025,15,2025_15_BAL_CIN,CIN,00-0038597,5b052584-0cb1-4079-abf3-1c8954958e62,C.Brown,RB,nfl-player-v1,0,39.091,8.408,1.288,0,0.527,0.034,0.4295
2025,15,2025_15_BAL_CIN,CIN,00-0035631,9505074b-e13e-401f-a269-a589537be748,D.Sample,TE,nfl-player-v1,0,0,7.879,0.916,0,0,0,0.005
2025,15,2025_15_BAL_CIN,CIN,00-0036442,3f58a998-2d1f-4f95-9c81-9ccd5fa0c8ec,J.Burrow,QB,nfl-player-v1,118.016,5.069,0,0,0.739,0,0,0.005
2025,15,2025_15_BAL_CIN,CIN,00-0036900,fa88fc04-ab72-4b44-b18f-196905155362,J.Chase,WR,nfl-player-v1,0,0,41.867,4.26,0,0,0.099,0.0946
2025,15,2025_15_BAL_CIN,CIN,00-0034829,75916bc5-a3af-4067-9720-00cca5c17ac9,M.Gesicki,TE,nfl-player-v1,0,0,7.751,0.904,0,0,0,0.005
2025,15,2025_15_BAL_CIN,CIN,00-0038839,8fa39fd1-f924-44b5-b327-9191f3569c02,M.Tinsley,WR,nfl-player-v1,0,0,7.751,0.904,0,0,0.021,0.0209
2025,15,2025_15_BAL_CIN,CIN,00-0033526,8b7e765c-715a-49e2-b062-5527b649c39c,S.Perine,RB,nfl-player-v1,0,39.341,3.183,0.524,0,0,0,0.005
2025,15,2025_15_BAL_CIN,CIN,00-0034613,5a2238a1-78a9-452b-b3b5-2440c6cc7d92,T.Hudson,TE,nfl-player-v1,0,0,13.122,1.484,0,0,0.035,0.034
2025,15,2025_15_CLE_CHI,CLE,00-0040259,87512936-b0d4-422f-87f4-f28fc56fe703,G.Larvadain,WR,nfl-player-v1,0,0,8.704,1.012,0,0,0,0.005
2025,15,2025_15_CLE_CHI,CLE,00-0040663,62719d0e-0efc-456e-8df8-828cc1cf4abe,H.Fannin,TE,nfl-player-v1,0,0.526,45.563,4.625,0,0.004,0.324,0.2794
2025,15,2025_15_CLE_CHI,CLE,00-0040782,3193f354-0b23-4321-b879-2e9fcd02ec84,I.Bond,WR,nfl-player-v1,0,0,13.31,1.513,0,0,0,0.005
2025,15,2025_15_CLE_CHI,CLE,00-0036407,c669f87b-fdf2-458b-92b9-5fc841b4bec5,J.Jeudy,WR,nfl-player-v1,0,0,13.31,1.513,0,0,0,0.005
2025,15,2025_15_CLE_CHI,CLE,00-0039920,f3dfcb32-2500-4f7d-8e4a-0b276a390d97,M.Corley,WR,nfl-player-v1,0,0,5.831,0.685,0,0,0,0.005
2025,15,2025_15_CLE_CHI,CLE,00-0040784,62023d1d-a5ea-44d8-bde5-fe8b08113b5a,Q.Judkins,RB,nfl-player-v1,0,47.044,6.45,1.016,0,0,0,0.005
2025,15,2025_15_CLE_CHI,CLE,00-0040668,9dd18fe8-369d-4368-9e6e-337bb9bd4bc2,S.Sanders,QB,nfl-player-v1,116.617,5.457,0,0,0.73,0,0,0.005
2025,15,2025_15_CLE_CHI,CLE,00-0035291,f15f44a2-3b1c-41c9-b759-ff8598684e1c,T.Williams,RB,nfl-player-v1,0,9.598,4.438,0.719,0,0.102,0.014,0.1099
2025,15,2025_15_MIN_DAL,DAL,00-0037692,41db186c-a8d8-47f4-9ed9-26b3f62f1e24,B.Aubrey,K,nfl-player-v1,0,0.283,4.804,0.569,0,0,0,0.005
2025,15,2025_15_MIN_DAL,DAL,00-0039530,237d3676-845c-4673-a697-e3100108cb0b,B.Spann-Ford,TE,nfl-player-v1,0,0,6.137,0.725,0,0,0,0.005
2025,15,2025_15_MIN_DAL,DAL,00-0036358,c65ab2ea-a913-4981-964e-e6b3c4c5854e,C.Lamb,WR,nfl-player-v1,0,0,25.189,2.706,0,0,0.058,0.0566
2025,15,2025_15_MIN_DAL,DAL,00-0033077,6b202b45-4554-4645-8ff5-4ee830907717,D.Prescott,QB,nfl-player-v1,115.754,4.633,0,0,0.749,0.01,0,0.0103
2025,15,2025_15_MIN_DAL,DAL,00-0037247,35484e4c-03b7-453e-80fd-be2fa1ac62aa,G.Pickens,WR,nfl-player-v1,0,0,15.197,1.703,0,0,0,0.005
2025,15,2025_15_MIN_DAL,DAL,00-0038738,7d6dc53b-3a2a-4006-8120-947f79a43223,H.Luepke,RB,nfl-player-v1,0,13.288,4.029,0.655,0,0,0,0.005
2025,15,2025_15_MIN_DAL,DAL,00-0038041,631385df-a7e6-4eb7-8b2b-e19769a2551f,J.Ferguson,TE,nfl-player-v1,0,0,9.535,1.09,0,0,0,0.005
2025,15,2025_15_MIN_DAL,DAL,00-0039062,9ccfb4de-aeab-45fa-8e80-3ab0f0811d1f,J.Mingo,WR,nfl-player-v1,0,0,6.38,0.75,0,0,0,0.005
2025,15,2025_15_MIN_DAL,DAL,00-0036997,75533a5b-1037-45da-a572-2ccf5f61abc0,J.Williams,RB,nfl-player-v1,0,41.013,2.498,0.416,0,0.528,0.01,0.4164
2025,15,2025_15_MIN_DAL,DAL,00-0037801,7bb83a46-749f-471f-9876-9b2893c636f8,K.Turpin,WR,nfl-player-v1,0,0.279,7.95,0.92,0,0,0.01,0.0102
2025,15,2025_15_MIN_DAL,DAL,00-0038547,7df365f8-b808-4ecf-8454-fe5ccbc0e2f4,L.Schoonmaker,TE,nfl-player-v1,0,0,6.38,0.75,0,0,0,0.005
2025,15,2025_15_MIN_DAL,DAL,00-0037563,8ff15410-a25d-420e-a8c8-f07173b07ff5,M.Davis,RB,nfl-player-v1,0,24.616,4.703,0.755,0,0.317,0.019,0.2849
2025,15,2025_15_MIN_DAL,DAL,00-0039410,b9c5b95f-dcad-4853-bbe4-c3b2db8b2c1d,R.Flournoy,WR,nfl-player-v1,0,0,13.578,1.528,0,0,0,0.005
2025,15,2025_15_GB_DEN,DEN,00-0036727,2e3ef41a-d0ea-473a-b249-559f5a424df1,A.Prentice,RB,nfl-player-v1,0,8.147,2.471,0.412,0,0,0,0.005
2025,15,2025_15_GB_DEN,DEN,00-0039732,40159058-8f61-4120-8323-ec81eaeff8ce,B.Nix,QB,nfl-player-v1,119.894,6.684,0,0,0.751,0,0,0.005
2025,15,2025_15_GB_DEN,DEN,00-0034348,017301c4-fe49-48a1-a533-db70f693a734,C.Sutton,WR,nfl-player-v1,0,0,25.993,2.758,0,0,0.07,0.0678
2025,15,2025_15_GB_DEN,DEN,00-0033881,44ecc125-b690-4177-93f9-f03d50825239,E.Engram,TE,nfl-player-v1,0,0,9.448,1.09,0,0,0,0.005
2025,15,2025_15_GB_DEN,DEN,00-0038794,5c36d9ad-e706-41e2-901b-a2619071857f,J.McLaughlin,RB,nfl-player-v1,0,10.154,2.471,0.412,0,0,0,0.005
2025,15,2025_15_GB_DEN,DEN,00-0035406,24fa8fd8-69ba-45e6-b4b2-b530f48b8c92,L.Humphrey,WR,nfl-player-v1,0,0,11.76,1.334,0,0,0.017,0.0168
2025,15,2025_15_GB_DEN,DEN,00-0036959,a9459192-652d-45dc-88f6-5c3d5d23f12e,M.Bandy,WR,nfl-player-v1,0,0,6.404,0.752,0,0,0.01,0.0095
2025,15,2025_15_GB_DEN,DEN,00-0038976,d99e2c6d-aef8-4250-9bec-3a167ae51085,M.Mims,WR,nfl-player-v1,0,0.281,15.982,1.767,0,0,0,0.005
2025,15,2025_15_GB_DEN,DEN,00-0040730,f30905bf-54ce-4e54-8ae4-38b278499802,R.Harvey,RB,nfl-player-v1,0,48.03,3.173,0.521,0,0.9,0.019,0.6011
2025,15,2025_15_GB_DEN,DEN,00-0037085,e91b7026-2866-4587-96e6-3eba8e3346af,T.Badie,RB,nfl-player-v1,0,6.185,3.197,0.525,0,0,0,0.005
2025,15,2025_15_GB_DEN,DEN,00-0039868,128fd135-fb3e-451e-8135-52d9465c4154,T.Franklin,WR,nfl-player-v1,0,0.279,16.341,1.792,0,0,0.023,0.0229
2025,15,2025_15_DET_LA,DET,00-0036963,01542f54-ce56-438f-a484-c6bc9b77aabd,A.St. Brown,WR,nfl-player-v1,0,0,51.734,5.172,0,0,0.317,0.2715
2025,15,2025_15_DET_LA,DET,00-0035685,65151ce5-a920-4dc2-8bb0-ad8bdeea7a46,D.Montgomery,RB,nfl-player-v1,0,26.609,3.206,0.528,0,0.211,0.008,0.1964
2025,15,2025_15_DET_LA,DET,00-0040669,4933a1b2-3cd6-4268-a60f-3b7b98622bbf,I.TeSlaa,WR,nfl-player-v1,0,0,6.22,0.735,0,0,0.006,0.0064
2025,15,2025_15_DET_LA,DET,00-0039139,29347caa-e7e1-4745-a79a-e2a210fe4fda,J.Gibbs,RB,nfl-player-v1,0,46.33,8.426,1.296,0,0.351,0.019,0.3093
2025,15,2025_15_DET_LA,DET,00-0033106,a631bebf-08bd-40de-b474-1e57605a1574,J.Goff,QB,nfl-player-v1,119.253,4.284,0,0,0.747,0,0,0.005
2025,15,2025_15_DET_LA,DET,00-0037240,975d437e-c293-4704-8573-68420a22d271,J.Williams,WR,nfl-player-v1,0,0,25.846,2.784,0,0,0.024,0.0241
2025,15,2025_15_DET_LA,DET,00-0032464,1525a1a7-7b4c-4fc8-82e3-d0e3d8049507,K.Raymond,WR,nfl-player-v1,0,0,5.504,0.648,0,0,0,0.005
2025,15,2025_15_GB_DEN,GB,00-0037091,e71f068d-ac9d-4f78-8099-e1eea965dc74,B.Melton,DB,nfl-player-v1,0,0.397,6.341,0.744,0,0,0,0.005
2025,15,2025_15_GB_DEN,GB,00-0038685,18850ce4-973b-4e21-a03e-aa04864658c8,C.Brooks,RB,nfl-player-v1,0,12.116,4.087,0.664,0,0,0,0.005
2025,15,2025_15_GB_DEN,GB,00-0038124,12c85e25-4ab3-432a-8046-7f8b9f971f0e,C.Watson,WR,nfl-player-v1,0,0,14.16,1.601,0,0,0.022,0.0222
2025,15,2025_15_GB_DEN,GB,00-0038393,c2ac0493-43d7-454b-9733-3e8161530921,D.Wicks,WR,nfl-player-v1,0,0,8.298,0.968,0,0,0,0.005
2025,15,2025_15_GB_DEN,GB,00-0038797,6572040d-90dd-479c-8d99-faf7175127c3,E.Wilson,RB,nfl-player-v1,0,10.17,2.099,0.35,0,0,0,0.005
2025,15,2025_15_GB_DEN,GB,00-0037306,5bedb1f9-714b-416c-9803-57d032ed5651,J.FitzPatrick,TE,nfl-player-v1,0,0,12.137,1.383,0,0,0.019,0.0192
2025,15,2025_15_GB_DEN,GB,00-0035700,1d87d00a-50b3-494c-a764-c0ff40e2a701,J.Jacobs,RB,nfl-player-v1,0,36.581,4.236,0.68,0,0.452,0.016,0.3738
2025,15,2025_15_GB_DEN,GB,00-0036264,537f0d83-5256-42bf-bc75-f956be1f26c5,J.Love,QB,nfl-player-v1,124.297,6.096,0,0,0.813,0.019,0,0.0184
2025,15,2025_15_GB_DEN,GB,00-0039146,a7d95c35-eb3d-4b5e-a2b2-99a22df56259,J.Reed,WR,nfl-player-v1,0,0,17.206,1.916,0,0,0.027,0.0265
2025,15,2025_15_GB_DEN,GB,00-0039144,bb8a3825-74f1-4c85-880a-a3108c33b36b,L.Musgrave,TE,nfl-player-v1,0,0,16.72,1.868,0,0,0.026,0.0258
2025,15,2025_15_GB_DEN,GB,00-0040667,21d63dde-da33-498d-8984-467c8fa08df0,M.Golden,WR,nfl-player-v1,0,0,12.608,1.437,0,0,0,0.005
2025,15,2025_15_GB_DEN,GB,00-0037816,a5673ce8-e626-4f8f-a1c0-7864036be6a3,R.Doubs,WR,nfl-player-v1,0,0,10.175,1.173,0,0,0.016,0.0163
2025,15,2025_15_ARI_HOU,HOU,00-0039359,1af5fe9f-0b86-407e-9071-b814a07c9834,C.Stover,TE,nfl-player-v1,0,0,10.881,1.235,0,0,0.016,0.0156
2025,15,2025_15_ARI_HOU,HOU,00-0039163,5580f3af-a69b-4d18-aa9e-f9f360bb7daf,C.Stroud,QB,nfl-player-v1,115.621,6.158,0,0,0.753,0.016,0,0.0157
2025,15,2025_15_ARI_HOU,HOU,00-0033854,1469f8ef-106a-411b-8a88-2356c758380f,D.Ogunbowale,RB,nfl-player-v1,0,15.928,6.094,0.95,0,0.211,0.024,0.2093
2025,15,2025_15_ARI_HOU,HOU,00-0034383,fe4c4fa7-73c1-43b7-8823-e75c27674ec2,D.Schultz,TE,nfl-player-v1,0,0,27.675,2.886,0,0,0.037,0.0361
2025,15,2025_15_ARI_HOU,HOU,00-0040130,321f2f7a-617b-4114-867a-7188cd496cff,J.Higgins,WR,nfl-player-v1,0,0,6.481,0.759,0,0,0,0.005
2025,15,2025_15_ARI_HOU,HOU,00-0039405,cc16131b-26f3-4e7b-8b52-32f7885b2adf,J.Jordan,RB,nfl-player-v1,0,35.14,4.206,0.678,0,0.263,0.01,0.2389
2025,15,2025_15_ARI_HOU,HOU,00-0036554,b8dae940-0938-432d-9b8c-3fc0ae4c8906,N.Collins,WR,nfl-player-v1,0,0,12.874,1.446,0,0,0.018,0.0182
2025,15,2025_15_ARI_HOU,HOU,00-0040583,370bcf5e-ca00-4e72-b138-115538bdc569,W.Marks,RB,nfl-player-v1,0,19.958,3.423,0.561,0,0.077,0.004,0.0775
2025,15,2025_15_ARI_HOU,HOU,00-0038618,e432064c-a8c6-4b83-8119-a0bf2e30fa6f,X.Hutchinson,WR,nfl-player-v1,0,0,8.271,0.958,0,0,0,0.005
2025,15,2025_15_IND_SEA,IND,00-0032104,39c8ad89-a95a-4486-8c3d-ef8312e6ac3f,A.Abdullah,RB,nfl-player-v1,0,14.155,7.211,1.106,0,0,0,0.005
2025,15,2025_15_IND_SEA,IND,00-0037664,6b78568e-15e7-485d-ab78-b85134c79c82,A.Pierce,WR,nfl-player-v1,0,0,6.764,0.792,0,0,0,0.005
2025,15,2025_15_IND_SEA,IND,00-0038997,5da8b083-96f7-43b0-8b97-365397bd59e6,J.Downs,WR,nfl-player-v1,0,0,15.065,1.674,0,0,0.059,0.0569
2025,15,2025_15_IND_SEA,IND,00-0036223,d93096a9-946b-4b3c-a3b5-7a1498c91cae,J.Taylor,RB,nfl-player-v1,0,56.811,6.165,0.961,0,1.129,0.038,0.6889
2025,15,2025_15_IND_SEA,IND,00-0036252,8b257ca3-4915-4a9f-9cc7-70bd81d7af59,M.Pittman,WR,nfl-player-v1,0,0,14.995,1.666,0,0,0,0.005
2025,15,2025_15_IND_SEA,IND,00-0022942,fd220237-3c3f-4c15-8aa0-6fe29c030516,P.Rivers,QB,nfl-player-v1,109.992,4.719,0,0,0.689,0,0,0.005
2025,15,2025_15_IND_SEA,IND,00-0040128,e72096d9-8234-4879-b3b4-9fd4bf4aac4e,T.Warren,TE,nfl-player-v1,0,0,16.986,1.868,0,0,0,0.005
2025,15,2025_15_NYJ_JAX,JAX,00-0038935,80a87ed4-7f37-41e3-80a9-7f6581431750,B.Strange,TE,nfl-player-v1,0,0,10.542,1.211,0,0,0.016,0.016
2025,15,2025_15_NYJ_JAX,JAX,00-0039893,2dc8cd75-0a7b-413d-a5a0-3a21b2e1dbc9,B.Thomas,WR,nfl-player-v1,0,0.354,21.515,2.332,0,0.001,0.047,0.0463
2025,15,2025_15_NYJ_JAX,JAX,00-0040719,9d78928b-8c2f-4c2e-84ff-879c358142a1,B.Tuten,RB,nfl-player-v1,0,8.573,3.434,0.563,0,0.017,0.002,0.0194
2025,15,2025_15_NYJ_JAX,JAX,00-0036626,b51c7678-2594-4a59-98df-0fc272274fdf,D.Brown,WR,nfl-player-v1,0,0.333,4.713,0.558,0,0,0,0.005
2025,15,2025_15_NYJ_JAX,JAX,00-0034960,55480340-bb90-4518-9695-e85dd3d36015,J.Meyers,WR,nfl-player-v1,0,0,21.723,2.356,0,0,0,0.005
2025,15,2025_15_NYJ_JAX,JAX,00-0040238,1fbfbedc-81ed-40ea-8bac-2007ea616902,L.Allen,RB,nfl-player-v1,0,15.047,3.364,0.552,0,0.03,0.002,0.032
2025,15,2025_15_NYJ_JAX,JAX,00-0038606,ba986501-71a5-4c41-8836-02933c11efda,P.Washington,WR,nfl-player-v1,0,0,9.642,1.097,0,0,0.007,0.0073
2025,15,2025_15_NYJ_JAX,JAX,00-0036590,c9bc4d48-8b89-4565-af15-b88ab15f3a3f,Q.Morris,TE,nfl-player-v1,0,0,9.119,1.053,0,0,0,0.005
2025,15,2025_15_NYJ_JAX,JAX,00-0036973,13c9b1da-11e5-44db-b6e2-2ce94a697d63,T.Etienne,RB,nfl-player-v1,0,34.565,6.429,1.007,0,0.605,0.035,0.4722
2025,15,2025_15_NYJ_JAX,JAX,00-0036971,d0738d0d-7cc8-49b9-882e-a1fb536c47e7,T.Lawrence,QB,nfl-player-v1,124.781,7.484,0,0,0.831,0.03,0,0.0297
2025,15,2025_15_LAC_KC,KC,00-0040078,65158854-c056-46f0-a185-79af3db336de,B.Smith,RB,nfl-player-v1,0,11.359,2.471,0.412,0,0.041,0.003,0.0425
2025,15,2025_15_LAC_KC,KC,00-0035289,63622685-ecc8-42fb-b7f6-cef0dae39148,G.Minshew,QB,nfl-player-v1,100.361,4.235,0,0,0.628,0,0,0.005
2025,15,2025_15_LAC_KC,KC,00-0037197,f48b3351-0deb-4a52-9790-5631073f3d2c,I.Pacheco,RB,nfl-player-v1,0,35.555,2.471,0.412,0,0.621,0.014,0.4699
2025,15,2025_15_LAC_KC,KC,00-0033857,934d9980-bd65-441a-8b3b-b51144ba8f5a,J.Smith-Schuster,WR,nfl-player-v1,0,0,6.692,0.789,0,0,0.009,0.0092
2025,15,2025_15_LAC_KC,KC,00-0033923,0ab5a80d-1207-4385-8df5-2f776ac16816,K.Hunt,RB,nfl-player-v1,0,22.449,4.379,0.708,0,0.157,0.009,0.1535
2025,15,2025_15_LAC_KC,KC,00-0033873,a9854c99-01a8-4aff-ade7-a3dbcff01a05,P.Mahomes,QB,nfl-player-v1,118.454,5.49,0,0,0.769,0.014,0,0.0135
2025,15,2025_15_LAC_KC,KC,00-0039067,eb2c647e-6138-4708-bd65-35422f29f75c,R.Rice,WR,nfl-player-v1,0,0,36.136,3.773,0,0,0.044,0.0431
2025,15,2025_15_LAC_KC,KC,00-0030506,6e6da15e-254a-4ee3-b0c8-2eaf5875f22f,T.Kelce,TE,nfl-player-v1,0,0,28.979,3.079,0,0,0,0.005
2025,15,2025_15_LAC_KC,KC,00-0038104,33cf9116-000e-4e42-a4bb-00524aa7e1c8,T.Thornton,WR,nfl-player-v1,0,0,11.108,1.273,0,0,0,0.005
2025,15,2025_15_LAC_KC,KC,00-0039894,13377595-68fc-4870-b538-55539284b2d2,X.Worthy,WR,nfl-player-v1,0,0,13.291,1.509,0,0,0,0.005
2025,15,2025_15_DET_LA,LA,00-0039738,e5a46115-0912-415a-b0ef-fc6459391e9c,B.Corum,RB,nfl-player-v1,0,31.599,2.505,0.418,0,0.222,0.006,0.2038
2025,15,2025_15_DET_LA,LA,00-0036244,5bfdeab0-8d49-4746-a2be-60598dcbcf43,C.Parkinson,TE,nfl-player-v1,0,0,16.693,1.852,0,0,0.086,0.0828
2025,15,2025_15_DET_LA,LA,00-0031381,6af876b7-d6ca-483e-bfab-51357985a24c,D.Adams,WR,nfl-player-v1,0,0,17.181,1.884,0,0,0.044,0.043
2025,15,2025_15_DET_LA,LA,00-0039074,577995aa-5a21-4ce7-a655-476aa3b7d151,D.Allen,TE,nfl-player-v1,0,0,10.894,1.244,0,0,0,0.005
2025,15,2025_15_DET_LA,LA,00-0039751,dfecf1de-d300-4e69-93bc-20c4513f98c0,J.Whittington,WR,nfl-player-v1,0,0,6.024,0.712,0,0,0,0.005
2025,15,2025_15_DET_LA,LA,00-0040590,802a6e31-ba99-42c3-b0dc-94b4eee5aab9,K.Mumpfield,WR,nfl-player-v1,0,0,6.024,0.712,0,0,0,0.005
2025,15,2025_15_DET_LA,LA,00-0037840,d499f341-a8ae-4bc2-a2d0-09cbdcbc82c8,K.Williams,RB,nfl-player-v1,0,41.695,3.204,0.528,0,0.434,0.011,0.3589
2025,15,2025_15_DET_LA,LA,00-0026498,7fc98b95-d8a9-461b-895c-675c835c87a6,M.Stafford,QB,nfl-player-v1,116.517,4.705,0,0,0.729,0,0,0.005
2025,15,2025_15_DET_LA,LA,00-0039075,cc8ed8e0-fd25-4c8f-bc2e-7c8b1975f241,P.Nacua,WR,nfl-player-v1,0,0.594,26.361,2.781,0,0,0,0.005
2025,15,2025_15_DET_LA,LA,00-0036849,ee96a79b-a709-457f-a28b-3c704a468920,T.Atwell,WR,nfl-player-v1,0,0,7.695,0.899,0,0,0,0.005
2025,15,2025_15_DET_LA,LA,00-0040737,4338c37a-86fe-4f3d-9b1e-af899ef9146b,T.Ferguson,TE,nfl-player-v1,0,0,7.532,0.88,0,0,0,0.005
2025,15,2025_15_LAC_KC,LAC,00-0036355,86721778-e183-4522-8ddc-55e00f17fbe7,J.Herbert,QB,nfl-player-v1,112.457,4.579,0,0,0.704,0,0,0.005
2025,15,2025_15_LAC_KC,LAC,00-0030279,60f4cd06-05df-4280-add3-4cecee3a82d3,K.Allen,WR,nfl-player-v1,0,0,22.721,2.451,0,0,0,0.005
2025,15,2025_15_LAC_KC,LAC,00-0040184,e89ed330-2fe2-43ee-be6c-0fe8db74e4bf,K.Lambert-Smith,WR,nfl-player-v1,0,0,6.813,0.798,0,0,0.028,0.0275
2025,15,2025_15_LAC_KC,LAC,00-0039391,533082ab-7fe9-4268-80bc-0139989251cf,K.Vidal,RB,nfl-player-v1,0,32.031,3.436,0.563,0,0,0,0.005
2025,15,2025_15_LAC_KC,LAC,00-0039915,7f5bf6e3-b07c-4361-bc95-0311908c7bf8,L.McConkey,WR,nfl-player-v1,0,0,11.323,1.292,0,0,0,0.005
2025,15,2025_15_LAC_KC,LAC,00-0040189,070528cf-a9c0-48c4-a759-be8a5cd3922f,O.Gadsden,TE,nfl-player-v1,0,0,16.581,1.834,0,0,0,0.005
2025,15,2025_15_LAC_KC,LAC,00-0040666,16cd7307-da4f-405d-a98d-e8bb22f5599f,O.Hampton,RB,nfl-player-v1,0,38.966,3.461,0.567,0,0.404,0.011,0.3396
2025,15,2025_15_LAC_KC,LAC,00-0038614,8f098248-9e51-459e-9143-391d54b5fa5e,S.Matlock,RB,nfl-player-v1,0,6.402,4.458,0.718,0,0,0,0.005
2025,15,2025_15_LAC_KC,LAC,00-0040727,ff157432-dabf-43cf-96af-8ff8ebad77a9,T.Harris,WR,nfl-player-v1,0,0,15.939,1.772,0,0,0,0.005
2025,15,2025_15_LAC_KC,LAC,00-0037241,a43e7d8b-3a4c-4082-b4e3-c2e765483bbb,T.Penning,OL,nfl-player-v1,0,0,6.512,0.767,0,0,0.027,0.0265
2025,15,2025_15_LV_PHI,LV,00-0040122,959ec041-e728-44e5-862c-b08ffa61a3f4,A.Jeanty,RB,nfl-player-v1,0,40.589,10.558,1.589,0,0,0,0.005
2025,15,2025_15_LV_PHI,LV,00-0039338,3e1facee-6951-4b77-b51f-1f7a04250828,B.Bowers,TE,nfl-player-v1,0,0,31.442,3.317,0,0,0,0.005
2025,15,2025_15_LV_PHI,LV,00-0039407,38a43d9a-c7be-4ac0-878f-a7eeced4cbc3,D.Laube,RB,nfl-player-v1,0,13.103,2.471,0.412,0,0,0,0.005
2025,15,2025_15_LV_PHI,LV,00-0040729,f49d31d5-7af7-4246-bd09-dd9bf49a5fea,J.Bech,WR,nfl-player-v1,0,0,12.634,1.437,0,0,0,0.005
2025,15,2025_15_LV_PHI,LV,00-0038102,ebe0b8de-695b-4d82-984f-1000e7f01541,K.Pickett,QB,nfl-player-v1,116.177,5.981,0,0,0.727,0,0,0.005
2025,15,2025_15_LV_PHI,LV,00-0031687,e322f057-dca3-4242-83e0-4077db65cb28,R.Mostert,RB,nfl-player-v1,0,6.33,3.697,0.605,0,0,0,0.005
2025,15,2025_15_LV_PHI,LV,00-0032211,766ec4f5-92c5-4b06-a338-38a14f175030,T.Lockett,WR,nfl-player-v1,0,0,15.492,1.742,0,0,0,0.005
2025,15,2025_15_LV_PHI,LV,00-0038563,b59c0df7-c6c7-412f-8abd-2bf54a74bfa2,T.Tucker,WR,nfl-player-v1,0,0,12.065,1.386,0,0,0,0.005
2025,15,2025_15_MIA_PIT,MIA,00-0035125,12e216b4-a162-43d0-ba51-c53c2821df6e,A.Ingold,RB,nfl-player-v1,0,6.191,3.496,0.574,0,0,0,0.005
2025,15,2025_15_MIA_PIT,MIA,00-0039040,f169e606-4f09-4947-8eef-b701b27cf612,D.Achane,RB,nfl-player-v1,0,45.823,10.123,1.539,0,0,0,0.005
2025,15,2025_15_MIA_PIT,MIA,00-0031610,f3ad686a-917f-495c-ba19-e67e7b21dad5,D.Waller,TE,nfl-player-v1,0,0,32.964,3.473,0,0,0.292,0.253
2025,15,2025_15_MIA_PIT,MIA,00-0037252,cb3d52be-8be1-4f0f-9853-bb42f129ee5f,G.Dulcich,TE,nfl-player-v1,0,0,11.718,1.339,0,0,0.037,0.0368
2025,15,2025_15_MIA_PIT,MIA,00-0038720,bf7b51db-74d4-4563-aeff-8dc9157a1c69,J.Hill,TE,nfl-player-v1,0,0,9.348,1.079,0,0,0,0.005
2025,15,2025_15_MIA_PIT,MIA,00-0036613,f6b9b938-482f-4332-96e6-e3e566d9efb2,J.Waddle,WR,nfl-player-v1,0,0,14.339,1.622,0,0,0,0.005
2025,15,2025_15_MIA_PIT,MIA,00-0039874,53edb104-26c4-438b-8ac5-edf35458e1c6,J.Wright,RB,nfl-player-v1,0,9.068,3.496,0.574,0,0,0,0.005
2025,15,2025_15_MIA_PIT,MIA,00-0039880,9f759ea4-6e4c-44b2-9eb1-44640e42493b,M.Washington,WR,nfl-player-v1,0,0,7.063,0.828,0,0,0,0.005
2025,15,2025_15_MIA_PIT,MIA,00-0036182,723099fe-7e45-4cc2-9e19-be47b28fa150,N.Westbrook-Ikhine,WR,nfl-player-v1,0,0,6.762,0.796,0,0,0,0.005
2025,15,2025_15_MIA_PIT,MIA,00-0040198,6f1b239c-9e82-490d-abfd-2aa17a03f3a1,O.Gordon,RB,nfl-player-v1,0,11.877,2.471,0.412,0,0,0,0.005
2025,15,2025_15_MIA_PIT,MIA,00-0036212,25cc976d-3f53-414e-8503-80d7e5d5a513,T.Tagovailoa,QB,nfl-player-v1,118.006,5.154,0,0,0.739,0,0,0.005
2025,15,2025_15_MIN_DAL,MIN,00-0033293,35923ea3-b4c5-42ac-b0eb-c748169e8cdf,A.Jones,RB,nfl-player-v1,0,29.824,5.471,0.863,0,0.094,0.005,0.0944
2025,15,2025_15_MIN_DAL,MIN,00-0032918,32e836f7-f899-4536-bac2-b6584f55a528,C.Ham,RB,nfl-player-v1,0,8.072,2.521,0.42,0,0.027,0.003,0.0289
2025,15,2025_15_MIN_DAL,MIN,00-0038994,5ce4d5c2-18c4-4c4d-b3a0-039eb4a3d989,J.Addison,WR,nfl-player-v1,0,0,9.095,1.046,0,0,0,0.005
2025,15,2025_15_MIN_DAL,MIN,00-0036322,9bd851b9-cba5-4c2a-989a-792d495db187,J.Jefferson,WR,nfl-player-v1,0,0,23.364,2.51,0,0,0.108,0.1025
2025,15,2025_15_MIN_DAL,MIN,00-0037525,f3080ee8-3085-4c4a-8cb6-73cca736c41b,J.Mason,RB,nfl-player-v1,0,24.248,2.471,0.412,0,0.079,0.003,0.0779
2025,15,2025_15_MIN_DAL,MIN,00-0039923,6ccddb5c-777e-4767-8920-d6b85d950d14,J.McCarthy,QB,nfl-player-v1,113.083,5.951,0,0,0.756,0.026,0,0.0255
2025,15,2025_15_MIN_DAL,MIN,00-0037291,3c26dce6-b5d7-4026-b212-1b22c6b4a9e7,J.Nailor,WR,nfl-player-v1,0,0.306,15.622,1.718,0,0.001,0.037,0.037
2025,15,2025_15_MIN_DAL,MIN,00-0035249,92cb0b66-4a07-426a-87cb-4c104a63b111,J.Oliver,TE,nfl-player-v1,0,0,6.738,0.788,0,0,0,0.005
2025,15,2025_15_MIN_DAL,MIN,00-0035229,0993b895-f0b7-4d94-9a83-cb2895cf9093,T.Hockenson,TE,nfl-player-v1,0,0,16.445,1.808,0,0,0.019,0.0193
2025,15,2025_15_BUF_NE,NE,00-0038621,bc093a81-2f9d-44f8-85cc-cb7d3f539296,D.Douglas,WR,nfl-player-v1,0,0.326,4.808,0.569,0,0,0,0.005
2025,15,2025_15_BUF_NE,NE,00-0039851,c18b2fe3-1746-464c-9604-91eca99e8c5c,D.Maye,QB,nfl-player-v1,115.929,6.585,0,0,0.818,0.054,0,0.0522
2025,15,2025_15_BUF_NE,NE,00-0033090,835b972d-7fc1-48d2-bfb6-4ad15a30a0a1,H.Henry,TE,nfl-player-v1,0,0,11.496,1.309,0,0,0,0.005
2025,15,2025_15_BUF_NE,NE,00-0038608,353c0718-b585-42e4-9fdd-65abf246f4d1,K.Boutte,WR,nfl-player-v1,0,0,7.068,0.826,0,0,0,0.005
2025,15,2025_15_BUF_NE,NE,00-0033555,927c45e7-007a-40b8-9592-815d97fbc701,M.Hollins,WR,nfl-player-v1,0,0,28.012,2.954,0,0,0,0.005
2025,15,2025_15_BUF_NE,NE,00-0036875,64641499-cd80-4cac-adcf-0272f37d57cc,R.Stevenson,RB,nfl-player-v1,0,18.606,5.88,0.924,0,0.22,0.021,0.2143
2025,15,2025_15_BUF_NE,NE,00-0031588,8ea2703a-b355-44a5-a0d5-3ade7964e460,S.Diggs,WR,nfl-player-v1,0,0,14.874,1.654,0,0,0,0.005
2025,15,2025_15_BUF_NE,NE,00-0040734,8c7fdfc1-da82-46bd-8059-d38dfc782a85,T.Henderson,RB,nfl-player-v1,0,35.458,5.843,0.918,0,0.412,0.021,0.3514
2025,15,2025_15_CAR_NO,NO,00-0039373,477881e2-4f41-4c00-9edc-918d69b23eaa,A.Estime,RB,nfl-player-v1,0,13.63,5.184,0.828,0,0,0,0.005
2025,15,2025_15_CAR_NO,NO,00-0037239,3d8e6090-ab45-4750-a145-b5bc16812bc8,C.Olave,WR,nfl-player-v1,0,0,26.177,2.802,0,0,0.044,0.0426
2025,15,2025_15_CAR_NO,NO,00-0040202,6355a7d7-5a4b-4c0f-9407-f8d0669ab8c5,D.Neal,RB,nfl-player-v1,0,23.604,3.387,0.556,0,0.111,0.005,0.1092
2025,15,2025_15_CAR_NO,NO,00-0039424,c5ddc36c-396d-4108-9137-e78b64ae84a8,D.Vele,WR,nfl-player-v1,0,0,18.178,2.005,0,0,0,0.005
2025,15,2025_15_CAR_NO,NO,00-0038397,48370aff-6673-4368-a31b-5328ac46e109,E.Hull,RB,nfl-player-v1,0,15.677,2.471,0.412,0,0.149,0.007,0.1448
2025,15,2025_15_CAR_NO,NO,00-0036040,e10fc805-9026-4fe2-8714-d074bd8ca1be,J.Johnson,TE,nfl-player-v1,0,0,13.316,1.502,0,0,0.023,0.0231
2025,15,2025_15_CAR_NO,NO,00-0036741,9549fdf0-455b-4e22-98ae-4df76cb3cb2b,J.Stoll,TE,nfl-player-v1,0,0,6.662,0.782,0,0,0,0.005
2025,15,2025_15_CAR_NO,NO,00-0037231,389896d3-fe13-4951-a2cc-c9cb4ae0d189,K.Austin,WR,nfl-player-v1,0,0,14.907,1.673,0,0,0,0.005
2025,15,2025_15_CAR_NO,NO,00-0039623,f13f2ccc-61dd-4815-8417-4b6f780c7f3b,M.Tipton,WR,nfl-player-v1,0,0.335,8.383,0.97,0,0,0,0.005
2025,15,2025_15_CAR_NO,NO,00-0039376,daa42eb7-39f7-4855-9cfb-36e187d1948a,S.Rattler,QB,nfl-player-v1,101.236,4.319,0,0,0.634,0,0,0.005
2025,15,2025_15_CAR_NO,NO,00-0033357,5034d52d-1292-4d87-a545-ef53884ca7e1,T.Hill,QB,nfl-player-v1,100.734,5.364,0,0,0.662,0.017,0,0.0167
2025,15,2025_15_CAR_NO,NO,00-0040743,c6b16d75-657b-44a5-9bf9-033769fc3460,T.Shough,QB,nfl-player-v1,128.321,8.491,0,0,0.883,0.053,0,0.0519
2025,15,2025_15_WAS_NYG,NYG,00-0038115,7902e063-be70-413b-92a0-7ed450db8b6b,D.Bellinger,TE,nfl-player-v1,0,0,11.276,1.285,0,0,0,0.005
2025,15,2025_15_WAS_NYG,NYG,00-0035250,e7d55b0c-e17e-4747-9f12-d3c5933b5e3e,D.Singletary,RB,nfl-player-v1,0,17.152,3.156,0.519,0,0.066,0.004,0.0677
2025,15,2025_15_WAS_NYG,NYG,00-0035535,2e5cbb33-2ffd-4dc1-af97-8edb43d325e6,D.Slayton,WR,nfl-player-v1,0,0,22.721,2.463,0,0,0,0.005
2025,15,2025_15_WAS_NYG,NYG,00-0036165,dce9cd84-7353-418c-969b-4a3ada196987,I.Hodgins,WR,nfl-player-v1,0,0,7.635,0.891,0,0,0,0.005
2025,15,2025_15_WAS_NYG,NYG,00-0040691,df2c09c5-74cd-4fdf-907d-3b98983c4c2b,J.Dart,QB,nfl-player-v1,127.408,8.672,0,0,0.894,0.067,0,0.0651
2025,15,2025_15_WAS_NYG,NYG,00-0038938,0ca8c207-4857-4a05-9527-a19648578ed8,J.Hyatt,WR,nfl-player-v1,0,0,6.07,0.717,0,0,0,0.005
2025,15,2025_15_WAS_NYG,NYG,00-0031503,179d32c2-fa31-4842-ae82-364d6bdb889a,J.Winston,QB,nfl-player-v1,89.208,3.537,0,0,0.559,0,0,0.005
2025,15,2025_15_WAS_NYG,NYG,00-0039847,7b9ebaff-f7d3-45f1-a0b0-07501c467f39,T.Johnson,TE,nfl-player-v1,0,0,11.384,1.297,0,0,0,0.005
2025,15,2025_15_WAS_NYG,NYG,00-0039384,5f99ad3b-ac4f-409e-8699-ac3ba697ade3,T.Tracy,RB,nfl-player-v1,0,41.915,5.578,0.885,0,0.469,0.019,0.3861
2025,15,2025_15_WAS_NYG,NYG,00-0038117,36776784-59f3-4a60-a1e7-609889d4b6cb,W.Robinson,WR,nfl-player-v1,0,0,23.167,2.503,0,0,0.096,0.0911
2025,15,2025_15_NYJ_JAX,NYJ,00-0034959,954d5b41-02ea-4047-8385-515c5118690c,A.Beck,RB,nfl-player-v1,0,8.177,3.17,0.521,0,0.044,0.005,0.0479
2025,15,2025_15_NYJ_JAX,NYJ,00-0034521,4f55c8d1-727c-4720-b597-1b813dfc2e02,A.Lazard,WR,nfl-player-v1,0,0,7.819,0.91,0,0,0.032,0.0314
2025,15,2025_15_NYJ_JAX,NYJ,00-0039890,87520ab1-0a67-4521-b031-0a45fa108796,A.Mitchell,WR,nfl-player-v1,0,0.263,22.732,2.433,0,0.001,0.043,0.0422
2025,15,2025_15_NYJ_JAX,NYJ,00-0040582,fa3a3931-e2a2-4cd4-8c08-c75bfc1098c0,A.Smith,WR,nfl-player-v1,0,0,7.667,0.896,0,0,0,0.005
2025,15,2025_15_NYJ_JAX,NYJ,00-0040398,0f1c18b3-e0c7-474f-aa1c-51a83a5cd17f,B.Cook,QB,nfl-player-v1,123.692,7.044,0,0,0.774,0,0,0.005
2025,15,2025_15_NYJ_JAX,NYJ,00-0038120,735192a9-d468-49d0-b370-970c18fabac5,B.Hall,RB,nfl-player-v1,0,31.822,4.059,0.658,0,0.166,0.007,0.1582
2025,15,2025_15_NYJ_JAX,NYJ,00-0039798,3a986b7a-a012-40ca-9f01-2aa8cd1484bd,I.Davis,RB,nfl-player-v1,0,25.068,3.261,0.536,0,0.264,0.011,0.2404
2025,15,2025_15_NYJ_JAX,NYJ,00-0039451,80869be9-a016-466d-8e55-fbd21a0b51ec,I.Williams,WR,nfl-player-v1,0,0,18.525,2.024,0,0,0,0.005
2025,15,2025_15_NYJ_JAX,NYJ,00-0037614,48a86180-2857-4c87-a70a-b3b156f158dc,J.Metchie,WR,nfl-player-v1,0,0.257,13.629,1.52,0,0,0,0.005
2025,15,2025_15_NYJ_JAX,NYJ,00-0037805,49ad0f0d-981d-4fc4-b589-2f6ecafc1b42,J.Ruckert,TE,nfl-player-v1,0,0,7.965,0.923,0,0,0,0.005
2025,15,2025_15_NYJ_JAX,NYJ,00-0036906,e05bc7d0-a29b-4383-af57-b1fe99453e35,K.Herbert,RB,nfl-player-v1,0,10.189,3.17,0.521,0,0,0,0.005
2025,15,2025_15_LV_PHI,PHI,00-0035676,e97f648c-f826-40a0-a562-437d2714fd40,A.Brown,WR,nfl-player-v1,0,0,9.941,1.133,0,0,0,0.005
2025,15,2025_15_LV_PHI,PHI,00-0040024,da99bf06-ca0e-47c2-9e71-2b4ecf7efefe,D.Cooper,WR,nfl-player-v1,0,0,9.941,1.133,0,0,0,0.005
2025,15,2025_15_LV_PHI,PHI,00-0034351,fa192789-c280-45f1-b92c-b3d6a2e97cb5,D.Goedert,TE,nfl-player-v1,0,0,28.132,2.913,0,0,0.049,0.0478
2025,15,2025_15_LV_PHI,PHI,00-0036912,d0e121df-25e6-4268-9e79-b99acb8e9160,D.Smith,WR,nfl-player-v1,0,0,9.941,1.133,0,0,0.006,0.0063
2025,15,2025_15_LV_PHI,PHI,00-0037086,8735f01e-d001-4390-9408-f3de8989eca3,G.Calcaterra,TE,nfl-player-v1,0,0,7.194,0.838,0,0,0,0.005
2025,15,2025_15_LV_PHI,PHI,00-0036389,c415d118-a039-407a-a350-3e89d8042e25,J.Hurts,QB,nfl-player-v1,111.994,6.454,0,0,0.739,0.022,0,0.0216
2025,15,2025_15_LV_PHI,PHI,00-0034844,9a93ddfe-033a-4098-acc7-9be147087ec8,S.Barkley,RB,nfl-player-v1,0,38.812,6.071,0.942,0,0.628,0.03,0.482
2025,15,2025_15_LV_PHI,PHI,00-0038555,f6e1063b-4d79-4005-b44c-7621b0f82a81,T.Bigsby,RB,nfl-player-v1,0,29.722,3.492,0.568,0,0.347,0.013,0.3018
2025,15,2025_15_LV_PHI,PHI,00-0038400,adc23f6f-785f-4c16-b008-399ca48f511f,T.McKee,QB,nfl-player-v1,102.11,4.631,0,0,0.639,0,0,0.005
2025,15,2025_15_MIA_PIT,PIT,00-0023459,9cd40a7b-735b-4670-bf0e-4d357c5b3e10,A.Rodgers,QB,nfl-player-v1,114.217,4.428,0,0,0.715,0,0,0.005
2025,15,2025_15_MIA_PIT,PIT,00-0030035,f78e2b4f-796b-41c8-9af0-75caf042eb26,A.Thielen,WR,nfl-player-v1,0,0,6.558,0.769,0,0,0,0.005
2025,15,2025_15_MIA_PIT,PIT,00-0037837,bb6900c7-cf17-450b-b596-4a3542add3ef,C.Austin,WR,nfl-player-v1,0,0,6.409,0.755,0,0,0,0.005
2025,15,2025_15_MIA_PIT,PIT,00-0037304,c3cd242e-0ded-4370-b254-f6582de39903,Co.Heyward,TE,nfl-player-v1,0,1.023,4.822,0.564,0,0.003,0.016,0.0189
2025,15,2025_15_MIA_PIT,PIT,00-0035640,4aefe4b3-05d4-4513-8386-ceefefe04e87,D.Metcalf,WR,nfl-player-v1,0,0,10.862,1.235,0,0,0,0.005
2025,15,2025_15_MIA_PIT,PIT,00-0038558,f011864a-8a7b-4638-b49f-d229e07bcfea,D.Washington,TE,nfl-player-v1,0,0,10.545,1.187,0,0,0,0.005
2025,15,2025_15_MIA_PIT,PIT,00-0033858,8b8c7b1a-90f6-4931-b9d8-3c8cfb0c920b,J.Smith,TE,nfl-player-v1,0,0.258,8.456,0.972,0,0,0.014,0.0139
2025,15,2025_15_MIA_PIT,PIT,00-0037228,23de35af-3a1c-4ae7-9ea4-954a48d78d6a,J.Warren,RB,nfl-player-v1,0,29.49,5.053,0.802,0,0.365,0.019,0.3187
2025,15,2025_15_MIA_PIT,PIT,00-0036919,8a95e757-cf19-40cd-9cc1-77255bb487f1,K.Gainwell,RB,nfl-player-v1,0,33.086,9.413,1.405,0,0.264,0.022,0.2494
2025,15,2025_15_MIA_PIT,PIT,00-0040142,d4eda4a8-fe86-4f99-a138-c013a635acf3,K.Johnson,RB,nfl-player-v1,0,9.795,2.471,0.412,0,0,0,0.005
2025,15,2025_15_MIA_PIT,PIT,00-0034272,ce987bc8-98ca-4ce6-85b3-8e9ef51b0a8f,M.Valdes-Scantling,WR,nfl-player-v1,0,0,6.558,0.769,0,0,0.011,0.0107
2025,15,2025_15_MIA_PIT,PIT,00-0036894,07b45f1c-fb0a-40db-939b-4ee4836e9343,P.Freiermuth,TE,nfl-player-v1,0,0,14.574,1.624,0,0,0,0.005
2025,15,2025_15_IND_SEA,SEA,00-0039793,1359d114-9fb9-4783-8101-efdec545f961,A.Barner,TE,nfl-player-v1,0,0,16.976,1.894,0,0,0,0.005
2025,15,2025_15_IND_SEA,SEA,00-0038488,b15194e9-dfde-4c31-80f2-cbd7d0bc76ae,B.Russell,RB,nfl-player-v1,0,6.172,3.262,0.536,0,0,0,0.005
2025,15,2025_15_IND_SEA,SEA,00-0033908,42465aa3-53c4-4afb-bf91-0ac136659ba3,C.Kupp,WR,nfl-player-v1,0,0,20.164,2.213,0,0,0.089,0.0847
2025,15,2025_15_IND_SEA,SEA,00-0033576,ad7e840b-2470-474e-a371-36c62befbf64,E.Saubert,TE,nfl-player-v1,0,0,5.623,0.661,0,0,0,0.005
2025,15,2025_15_IND_SEA,SEA,00-0038543,8d9cebd3-3534-48a0-a4e9-2c0ebc5c1c94,J.Smith-Njigba,WR,nfl-player-v1,0,0,26.36,2.824,0,0,0,0.005
2025,15,2025_15_IND_SEA,SEA,00-0038134,593d9bcd-2ae1-41ca-bf16-2d3c62d5b196,K.Walker,RB,nfl-player-v1,0,29.047,3.287,0.54,0,0.174,0.006,0.1647
2025,15,2025_15_IND_SEA,SEA,00-0037545,0a931859-dbbe-4421-8bdc-ee6094237041,R.Shaheed,WR,nfl-player-v1,0,0.392,19.672,2.147,0,0.001,0.043,0.0429
2025,15,2025_15_IND_SEA,SEA,00-0034869,3a4bd5d6-8b01-4324-8449-d0f7c2059e36,S.Darnold,QB,nfl-player-v1,121.449,6.361,0,0,0.76,0,0,0.005
2025,15,2025_15_IND_SEA,SEA,00-0039165,7bb1ecbd-ce2a-443f-881d-e3f993b6a1c0,Z.Charbonnet,RB,nfl-player-v1,0,26.4,3.262,0.536,0,0.317,0.012,0.2809
2025,15,2025_15_TEN_SF,SF,00-0037834,fb4669d0-c27f-4ea4-bd37-8d3bad299f07,B.Purdy,QB,nfl-player-v1,118.866,6.93,0,0,0.762,0.01,0,0.0103
2025,15,2025_15_TEN_SF,SF,00-0037746,00b3cb74-e58d-4660-b1df-2376a82120b6,B.Robinson,RB,nfl-player-v1,0,22.028,2.471,0.412,0,0,0,0.005
2025,15,2025_15_TEN_SF,SF,00-0033280,ae3498a3-f309-4ea2-a3c1-031f013cc394,C.McCaffrey,RB,nfl-player-v1,0,48.392,3.345,0.549,0,1.049,0.023,0.6579
2025,15,2025_15_TEN_SF,SF,00-0032775,03ab017e-f181-4486-9661-1c6485dedf19,D.Robinson,WR,nfl-player-v1,0,0,8.198,0.947,0,0,0.007,0.007
2025,15,2025_15_TEN_SF,SF,00-0033288,6ef21d58-07b4-49a0-9e4b-ab6e4f527023,G.Kittle,TE,nfl-player-v1,0,0,24.656,2.595,0,0,0.019,0.0189
2025,15,2025_15_TEN_SF,SF,00-0036259,046bd3b8-161d-4c19-9816-df5ce3e96947,J.Jennings,WR,nfl-player-v1,0,0,13.698,1.53,0,0,0.045,0.0441
2025,15,2025_15_TEN_SF,SF,00-0033307,77cbc405-dc41-40e4-b0bd-dd8a73396612,K.Bourne,WR,nfl-player-v1,0,0,9.781,1.119,0,0,0,0.005
2025,15,2025_15_TEN_SF,SF,00-0029892,86ed80c1-0dd7-4c07-a0b3-cea9fab60c0a,K.Juszczyk,RB,nfl-player-v1,0,6.459,3.336,0.547,0,0.015,0.002,0.0168
2025,15,2025_15_TEN_SF,SF,00-0039916,da658afc-9594-4977-9a7c-3939c1bb4aee,R.Pearsall,WR,nfl-player-v1,0,0,19.08,2.064,0,0,0,0.005
2025,15,2025_15_ATL_TB,TB,00-0039361,b53d67a4-0051-474f-816c-9a3d9b661634,B.Irving,RB,nfl-player-v1,0,51.98,5.216,0.835,0,0.386,0.012,0.3284
2025,15,2025_15_ATL_TB,TB,00-0034855,56c2266e-4dc1-4c37-8f44-6323a36613de,B.Mayfield,QB,nfl-player-v1,122.682,5.028,0,0,0.768,0,0,0.005
2025,15,2025_15_ATL_TB,TB,00-0033921,90fcc742-b736-44f4-994f-094724be0c09,C.Godwin,WR,nfl-player-v1,0,0,17.884,1.989,0,0,0.051,0.0494
2025,15,2025_15_ATL_TB,TB,00-0039754,ae41f3bb-9647-4e9d-b4eb-83dd26743b2f,D.Culp,TE,nfl-player-v1,0,0,6.646,0.781,0,0,0.01,0.0099
2025,15,2025_15_ATL_TB,TB,00-0040129,bac91e1b-f24a-431e-a656-d23a3ef5e9f5,E.Egbuka,WR,nfl-player-v1,0,0,19.837,2.187,0,0,0,0.005
2025,15,2025_15_ATL_TB,TB,00-0039855,a1d65e3c-d232-4ad7-84eb-f2484f912af5,J.McMillan,WR,nfl-player-v1,0,0,7.394,0.858,0,0,0.011,0.0109
2025,15,2025_15_ATL_TB,TB,00-0031408,fd9494d8-4d0d-4075-8b31-59c31dbef36f,M.Evans,WR,nfl-player-v1,0,0,29.284,3.077,0,0,0.039,0.0384
2025,15,2025_15_ATL_TB,TB,00-0037256,af7855b9-7e3c-41da-a2b8-8c7f6cd88bee,R.White,RB,nfl-player-v1,0,9.011,3.385,0.557,0,0,0,0.005
2025,15,2025_15_ATL_TB,TB,00-0038951,0b1f5016-8cbc-4512-8a82-0d3f67416080,S.Tucker,RB,nfl-player-v1,0,16.677,2.471,0.412,0,0.195,0.009,0.1842
2025,15,2025_15_ATL_TB,TB,00-0040237,5c294442-eaea-4ed0-a4fd-c33a7509bf48,T.Johnson,WR,nfl-player-v1,0,0,6.386,0.753,0,0,0,0.005
2025,15,2025_15_TEN_SF,TEN,00-0040705,f3027194-2b41-4db7-b6e1-10cb47514b73,C.Dike,WR,nfl-player-v1,0,0.406,16.72,1.84,0,0.001,0.059,0.0591
2025,15,2025_15_TEN_SF,TEN,00-0037809,64755288-83b6-45d3-9d82-11807c2f5994,C.Okonkwo,TE,nfl-player-v1,0,0,19.973,2.189,0,0,0.024,0.0233
2025,15,2025_15_TEN_SF,TEN,00-0040676,f16bf5f1-4c50-449b-b1d4-ad4d66db60cb,C.Ward,QB,nfl-player-v1,115.585,5.071,0,0,0.748,0.011,0,0.011
2025,15,2025_15_TEN_SF,TEN,00-0040170,527aee16-44d6-4527-9ec1-b6d981e9e8c1,E.Ayomanor,WR,nfl-player-v1,0,0,6.9,0.808,0,0,0,0.005
2025,15,2025_15_TEN_SF,TEN,00-0040584,7e6d7376-3ff9-4d2b-8022-f47c0fbc308e,G.Helm,TE,nfl-player-v1,0,0,14.098,1.577,0,0,0.034,0.0334
2025,15,2025_15_TEN_SF,TEN,00-0036133,e6562317-152c-443a-bdb1-1a121aba425c,J.Proche,WR,nfl-player-v1,0,0,6.6,0.777,0,0,0,0.005
2025,15,2025_15_TEN_SF,TEN,00-0035643,70aaeedf-0d14-40cf-9c67-7f872d887dcc,J.Simmons,DL,nfl-player-v1,0,0,7.045,0.825,0,0,0.009,0.0089
2025,15,2025_15_TEN_SF,TEN,00-0040205,e9efa888-9411-4093-b12a-78e40c413745,K.Mullings,RB,nfl-player-v1,0,8.622,2.521,0.42,0,0,0,0.005
2025,15,2025_15_TEN_SF,TEN,00-0035261,61edd687-3a13-4c2f-8e86-d493ced4295b,T.Pollard,RB,nfl-player-v1,0,41.972,4.576,0.738,0,0.264,0.009,0.2392
2025,15,2025_15_TEN_SF,TEN,00-0039032,90e22076-0605-4b85-8d97-1a83167c5c35,T.Spears,RB,nfl-player-v1,0,13.382,4.451,0.718,0,0.087,0.009,0.0913
2025,15,2025_15_TEN_SF,TEN,00-0036415,de90c83e-b445-439c-befe-655f3d2c50d7,V.Jefferson,WR,nfl-player-v1,0,0,15.633,1.755,0,0,0,0.005
2025,15,2025_15_WAS_NYG,WAS,00-0039912,d51d0bd1-4241-43c7-a184-bd961c56c283,B.Sinnott,TE,nfl-player-v1,0,0,7.501,0.871,0,0,0,0.005
2025,15,2025_15_WAS_NYG,WAS,00-0035719,7bb0990e-39c4-4d54-9fd7-b1d9bc9d8288,D.Samuel,WR,nfl-player-v1,0,0,17.963,1.927,0,0,0,0.005
2025,15,2025_15_WAS_NYG,WAS,00-0036628,39aece1e-9831-497f-bfe7-f67b9499fc9c,J.Bates,TE,nfl-player-v1,0,0,7.501,0.871,0,0,0,0.005
2025,15,2025_15_WAS_NYG,WAS,00-0040242,25d9ee1b-68c9-4de4-ad0f-25efe8210850,J.Croskey-Merritt,RB,nfl-player-v1,0,35.304,2.514,0.419,0,0.732,0.017,0.5272
2025,15,2025_15_WAS_NYG,WAS,00-0040164,8f6e73b4-1f9c-4db2-b36b-660751127569,J.Lane,WR,nfl-player-v1,0,0,7.065,0.827,0,0,0,0.005
2025,15,2025_15_WAS_NYG,WAS,00-0033955,01c9d65e-2883-4bde-a469-45abe5508fee,J.McNichols,RB,nfl-player-v1,0,20.636,3.712,0.602,0,0,0,0.005
2025,15,2025_15_WAS_NYG,WAS,00-0032268,48b54b83-0ee8-4633-88ca-470939b150e0,M.Mariota,QB,nfl-player-v1,112.61,7.058,0,0,0.705,0,0,0.005
2025,15,2025_15_WAS_NYG,WAS,00-0033591,6b486380-fb82-43db-ac70-9e09a0e5f224,N.Brown,WR,nfl-player-v1,0,0,7.658,0.889,0,0,0,0.005
2025,15,2025_15_WAS_NYG,WAS,00-0037742,4c813722-0f2e-4c3b-ae06-bf0e4b32e2f0,T.Burks,WR,nfl-player-v1,0,0,9.644,1.11,0,0,0,0.005
2025,15,2025_15_WAS_NYG,WAS,00-0035659,72729e1e-0b13-4aad-91ac-3d76f92c4685,T.McLaurin,WR,nfl-player-v1,0,0,17.864,1.947,0,0,0,0.005
2025,16,2025_16_ATL_ARI,ARI,00-0040556,2ad579e3-eb45-46a7-b5d5-c0449a7bd381,C.Kiner,RB,nfl-player-v1,0,19.921,2.473,0.412,0,0.212,0.008,0.1976
2025,16,2025_16_ATL_ARI,ARI,00-0038705,de81a074-52e4-452a-a923-496eddc6a5d0,E.Demercado,RB,nfl-player-v1,0,17.67,3.322,0.545,0,0,0,0.005
2025,16,2025_16_ATL_ARI,ARI,00-0039041,1b207068-6c7e-480f-9923-06f2128115d6,E.Higgins,TE,nfl-player-v1,0,0,24.898,2.66,0,0,0.047,0.0455
2025,16,2025_16_ATL_ARI,ARI,00-0033119,237a8679-0c0a-480b-870d-514d0c50523f,J.Brissett,QB,nfl-player-v1,117.429,4.988,0,0,0.735,0,0,0.005
2025,16,2025_16_ATL_ARI,ARI,00-0036332,d68e6bf1-9c1c-492b-a5f1-0fb28d095b89,J.Deguara,TE,nfl-player-v1,0,0,6.462,0.761,0,0,0,0.005
2025,16,2025_16_ATL_ARI,ARI,00-0036924,324eed4d-0d36-4dcf-818b-f956af29d709,M.Carter,RB,nfl-player-v1,0,32.022,4.212,0.681,0,0,0,0.005
2025,16,2025_16_ATL_ARI,ARI,00-0039849,4c27a10c-963d-444e-b235-b46f4b652866,M.Harrison,WR,nfl-player-v1,0,0,8.91,1.025,0,0,0,0.005
2025,16,2025_16_ATL_ARI,ARI,00-0038559,befb93dc-de67-4344-9d23-a1fa6a9d682f,M.Wilson,WR,nfl-player-v1,0,0,10.837,1.241,0,0,0,0.005
2025,16,2025_16_ATL_ARI,ARI,00-0034928,25b6b495-c348-4e5a-88b2-0157a897c96c,S.Sims,WR,nfl-player-v1,0,0,6.462,0.761,0,0,0,0.005
2025,16,2025_16_ATL_ARI,ARI,00-0037744,87b536c6-701f-4a71-b52e-0d8f7d4ec694,T.McBride,TE,nfl-player-v1,0,0,23.465,2.539,0,0,0.178,0.1628
2025,16,2025_16_ATL_ARI,ARI,00-0039521,12f8c048-b279-4f65-b939-fdbe8ede05c4,X.Weaver,WR,nfl-player-v1,0,0,7.584,0.877,0,0,0,0.005
2025,16,2025_16_ATL_ARI,ATL,00-0038542,8f5e333b-8cac-493f-8be3-093a3f12c027,B.Robinson,RB,nfl-player-v1,0,41.764,11.916,1.732,0,0.552,0.046,0.45
2025,16,2025_16_ATL_ARI,ATL,00-0036429,2891bcba-4ef0-4ad7-b6b8-01af901d5d25,C.Woerner,TE,nfl-player-v1,0,0,6.246,0.734,0,0,0,0.005
2025,16,2025_16_ATL_ARI,ATL,00-0037238,892d7782-1ecc-4137-aeb0-9e80c69e4034,D.London,WR,nfl-player-v1,0,0,15.118,1.664,0,0,0.019,0.0192
2025,16,2025_16_ATL_ARI,ATL,00-0036309,e318bcf4-6f17-4a62-ba7b-9283a4aab86c,D.Mooney,WR,nfl-player-v1,0,0,7.831,0.909,0,0,0,0.005
2025,16,2025_16_ATL_ARI,ATL,00-0035359,601ce504-9f08-487d-b968-f6e884c7fdfb,D.Sills,WR,nfl-player-v1,0,0,6.006,0.709,0,0,0,0.005
2025,16,2025_16_ATL_ARI,ATL,00-0031279,1fb79462-cc14-4648-8f2a-6322e2a3a0d6,J.Matthews,OL,nfl-player-v1,0,0,6.135,0.724,0,0,0.008,0.0084
2025,16,2025_16_ATL_ARI,ATL,00-0029604,c3485017-7a48-4b69-8957-97f4e26303ea,K.Cousins,QB,nfl-player-v1,117.668,5.549,0,0,0.764,0.013,0,0.013
2025,16,2025_16_ATL_ARI,ATL,00-0036970,40dfaab3-2886-438e-a325-a15f68d1f3c8,K.Pitts,TE,nfl-player-v1,0,0,21.844,2.351,0,0,0.055,0.0534
2025,16,2025_16_ATL_ARI,ATL,00-0037263,3d48d76e-acf1-404a-ba84-79e0d1d0e3fc,T.Allgeier,RB,nfl-player-v1,0,37.808,3.127,0.514,0,0.263,0.007,0.2362
2025,16,2025_16_NE_BAL,BAL,00-0038046,6f5a73e0-41fa-40ec-aa08-ce3f64fad723,C.Kolar,TE,nfl-player-v1,0,0,6.954,0.811,0,0,0,0.005
2025,16,2025_16_NE_BAL,BAL,00-0032764,31b668ff-08d5-4913-8678-4c5c2fb906ca,D.Henry,RB,nfl-player-v1,0,36.041,2.519,0.42,0,0.598,0.013,0.4573
2025,16,2025_16_NE_BAL,BAL,00-0030564,1bd6ba6e-0334-4184-a6f8-4d5dcf7c276f,D.Hopkins,WR,nfl-player-v1,0,0,17.723,1.923,0,0,0,0.005
2025,16,2025_16_NE_BAL,BAL,00-0038454,4c8b2a02-d4ab-4896-af38-2a000c2591f3,K.Mitchell,RB,nfl-player-v1,0,20.454,2.471,0.412,0,0.173,0.007,0.1645
2025,16,2025_16_NE_BAL,BAL,00-0034796,4c6e84b3-2283-4d86-8f7b-019a185c6764,L.Jackson,QB,nfl-player-v1,105.29,5.203,0,0,0.659,0,0,0.005
2025,16,2025_16_NE_BAL,BAL,00-0034753,3c8c24b6-f2b3-4130-86e6-389a16aa6104,M.Andrews,TE,nfl-player-v1,0,0.261,11.697,1.313,0,0,0,0.005
2025,16,2025_16_NE_BAL,BAL,00-0039796,4e18e3ca-b72d-4c47-ba00-865ad3e61750,R.Ali,RB,nfl-player-v1,0,6.292,4.484,0.716,0,0,0,0.005
2025,16,2025_16_NE_BAL,BAL,00-0036550,18c06a21-f854-4f11-89ad-f617293f9cea,R.Bateman,WR,nfl-player-v1,0,0,8.829,1.022,0,0,0,0.005
2025,16,2025_16_NE_BAL,BAL,00-0035993,52de0337-a7ef-4589-b345-4ae504e54970,T.Huntley,QB,nfl-player-v1,97.362,4.279,0,0,0.61,0,0,0.005
2025,16,2025_16_NE_BAL,BAL,00-0039064,a4c95f75-76ae-4729-b36b-053b14fb2a51,Z.Flowers,WR,nfl-player-v1,0,0.282,26.797,2.773,0,0.001,0.078,0.0755
2025,16,2025_16_BUF_CLE,BUF,00-0031236,16125e50-cd99-4225-a124-62507be3ffd8,B.Cooks,WR,nfl-player-v1,0,0,6.846,0.802,0,0,0,0.005
2025,16,2025_16_BUF_CLE,BUF,00-0038933,8a6f4627-ab82-4cb4-92df-699336ac1690,D.Kincaid,TE,nfl-player-v1,0,0,6.993,0.82,0,0,0,0.005
2025,16,2025_16_BUF_CLE,BUF,00-0035689,83978a45-a7da-408d-a462-426f5444a908,D.Knox,TE,nfl-player-v1,0,0,9.51,1.09,0,0,0.014,0.0138
2025,16,2025_16_BUF_CLE,BUF,00-0034857,32369b37-6bce-4910-acfa-f658676697d3,J.Allen,QB,nfl-player-v1,113.241,6.934,0,0,0.738,0.018,0,0.0178
2025,16,2025_16_BUF_CLE,BUF,00-0037248,61da158c-dacb-4567-8ec7-9521d0868e5f,J.Cook,RB,nfl-player-v1,0,36.451,4.782,0.76,0,0.539,0.022,0.4296
2025,16,2025_16_BUF_CLE,BUF,00-0040194,5a7670a6-35d4-43bb-a12b-9b1580498b35,J.Hawes,TE,nfl-player-v1,0,0,9.811,1.117,0,0,0,0.005
2025,16,2025_16_BUF_CLE,BUF,00-0036988,df43fb4f-7e20-4384-83d0-fc24bbea7428,J.Palmer,WR,nfl-player-v1,0,0,7.072,0.823,0,0,0,0.005
2025,16,2025_16_BUF_CLE,BUF,00-0037261,a182f320-892e-4344-8c39-d03ec8d397c4,K.Shakir,WR,nfl-player-v1,0,0,19.564,2.103,0,0,0.027,0.0264
2025,16,2025_16_BUF_CLE,BUF,00-0039875,51239dbe-c985-42a4-bdb6-e31bea991d12,R.Davis,RB,nfl-player-v1,0,11.901,4.849,0.77,0,0,0,0.005
2025,16,2025_16_BUF_CLE,BUF,00-0038679,0007cf4b-7ab2-42a0-a8b5-54ac02754320,T.Shavers,WR,nfl-player-v1,0,0,9.51,1.09,0,0,0,0.005
2025,16,2025_16_BUF_CLE,BUF,00-0035537,7927f661-8fb2-47a7-988d-d39a7c8038be,Ty.Johnson,RB,nfl-player-v1,0,11.628,2.527,0.421,0,0.136,0.009,0.1352
2025,16,2025_16_TB_CAR,CAR,00-0039150,c28c1088-1b0f-497f-bfdb-1a7a9cde1e89,B.Young,QB,nfl-player-v1,118.18,6.258,0,0,0.74,0,0,0.005
2025,16,2025_16_TB_CAR,CAR,00-0036555,e4fb467c-29b4-4025-8e7f-05d9ee9ca744,C.Hubbard,RB,nfl-player-v1,0,21.958,3.36,0.552,0,0.347,0.017,0.3049
2025,16,2025_16_TB_CAR,CAR,00-0039491,0a50de21-d75b-4e1e-86c9-191b0dccffec,J.Coker,WR,nfl-player-v1,0,0,15.606,1.75,0,0,0.031,0.0302
2025,16,2025_16_TB_CAR,CAR,00-0039356,38d1f118-d4b1-4550-932e-ebfebfb25c98,J.Sanders,TE,nfl-player-v1,0,0,8.709,1.008,0,0,0.018,0.0175
2025,16,2025_16_TB_CAR,CAR,00-0040218,77922ed5-6b51-4d23-8894-56a5ab1b2c1a,Ji.Horn,WR,nfl-player-v1,0,0.424,4.811,0.569,0,0,0,0.005
2025,16,2025_16_TB_CAR,CAR,00-0040187,4c908559-bee0-4e03-892b-acb185733f1c,M.Evans,TE,nfl-player-v1,0,0,11.075,1.265,0,0,0,0.005
2025,16,2025_16_TB_CAR,CAR,00-0036139,5247cf70-ccdc-4fee-abb5-56faa544291f,R.Dowdle,RB,nfl-player-v1,0,31.138,8.519,1.306,0,0.316,0.026,0.2898
2025,16,2025_16_TB_CAR,CAR,00-0040124,fe874b96-e2c0-4f68-9815-af65b06e6738,T.McMillan,WR,nfl-player-v1,0,0,31.092,3.295,0,0,0,0.005
2025,16,2025_16_TB_CAR,CAR,00-0037005,2a5af105-ecb4-4ae4-89c6-d47b7b108737,T.Tremble,TE,nfl-player-v1,0,0,6.759,0.793,0,0,0,0.005
2025,16,2025_16_TB_CAR,CAR,00-0039342,2f0f3999-0f08-41d7-83f3-7bf733899142,X.Legette,WR,nfl-player-v1,0,0,10.541,1.214,0,0,0,0.005
2025,16,2025_16_GB_CHI,CHI,00-0036290,e20adbbe-669d-4d26-b64a-84332cd2acfd,C.Kmet,TE,nfl-player-v1,0,0,8.912,1.02,0,0,0,0.005
2025,16,2025_16_GB_CHI,CHI,00-0040126,20e5eda2-e6a7-45e5-8ed5-958a5d49a8ae,C.Loveland,TE,nfl-player-v1,0,0,15.192,1.699,0,0,0.053,0.0515
2025,16,2025_16_GB_CHI,CHI,00-0039918,d3372f7c-27eb-47ac-9d90-facef898a40f,C.Williams,QB,nfl-player-v1,119.416,5.97,0,0,0.748,0,0,0.005
2025,16,2025_16_GB_CHI,CHI,00-0034827,d366aedd-7ef1-47c6-a3bb-637a4559f332,D.Moore,WR,nfl-player-v1,0,0.326,20.997,2.274,0,0,0,0.005
2025,16,2025_16_GB_CHI,CHI,00-0036275,49aefcdc-6cec-4beb-84e1-ba08880d15d6,D.Swift,RB,nfl-player-v1,0,30.534,3.633,0.587,0,0.42,0.016,0.3534
2025,16,2025_16_GB_CHI,CHI,00-0040277,9fd386e9-b707-4573-8798-228dfd0586cb,J.Walker,WR,nfl-player-v1,0,0,10.622,1.216,0,0,0.019,0.0187
2025,16,2025_16_GB_CHI,CHI,00-0040236,08e87151-52f8-40cb-a625-42c1703b9eec,K.Monangai,RB,nfl-player-v1,0,27.028,6.229,0.977,0,0.124,0.009,0.1241
2025,16,2025_16_GB_CHI,CHI,00-0035208,abb5a044-a3c2-46a1-9fac-b6d0ddf8475b,O.Zaccheaus,WR,nfl-player-v1,0,0,14.764,1.658,0,0,0.026,0.0255
2025,16,2025_16_CIN_MIA,CIN,00-0038619,7da25b9b-7510-4f92-98a5-2cb63cd6aa2d,A.Iosivas,WR,nfl-player-v1,0,0,6.573,0.772,0,0,0,0.005
2025,16,2025_16_CIN_MIA,CIN,00-0038597,5b052584-0cb1-4079-abf3-1c8954958e62,C.Brown,RB,nfl-player-v1,0,35.039,6.143,0.967,0,0.717,0.039,0.5303
2025,16,2025_16_CIN_MIA,CIN,00-0039631,0d5bf47b-72d7-40a0-99f0-811112986e77,C.Grandy,TE,nfl-player-v1,0,0,6.432,0.755,0,0,0,0.005
2025,16,2025_16_CIN_MIA,CIN,00-0035631,9505074b-e13e-401f-a269-a589537be748,D.Sample,TE,nfl-player-v1,0,0,8.505,0.985,0,0,0,0.005
2025,16,2025_16_CIN_MIA,CIN,00-0036442,3f58a998-2d1f-4f95-9c81-9ccd5fa0c8ec,J.Burrow,QB,nfl-player-v1,121.797,5.6,0,0,0.763,0,0,0.005
2025,16,2025_16_CIN_MIA,CIN,00-0036900,fa88fc04-ab72-4b44-b18f-196905155362,J.Chase,WR,nfl-player-v1,0,0,32.153,3.345,0,0,0,0.005
2025,16,2025_16_CIN_MIA,CIN,00-0026158,371e6c01-3f61-411c-8675-13539221ddc9,J.Flacco,QB,nfl-player-v1,99.202,4.235,0,0,0.621,0,0,0.005
2025,16,2025_16_CIN_MIA,CIN,00-0040534,a12ab3ba-14d5-479e-9172-6fceec761f92,K.Williams,WR,nfl-player-v1,0,0.308,4.711,0.558,0,0,0,0.005
2025,16,2025_16_CIN_MIA,CIN,00-0034829,75916bc5-a3af-4067-9720-00cca5c17ac9,M.Gesicki,TE,nfl-player-v1,0,0,12.529,1.419,0,0,0.02,0.0197
2025,16,2025_16_CIN_MIA,CIN,00-0038839,8fa39fd1-f924-44b5-b327-9191f3569c02,M.Tinsley,WR,nfl-player-v1,0,0,6.308,0.744,0,0,0,0.005
2025,16,2025_16_CIN_MIA,CIN,00-0033526,8b7e765c-715a-49e2-b062-5527b649c39c,S.Perine,RB,nfl-player-v1,0,22.975,5.18,0.827,0,0.192,0.013,0.1855
2025,16,2025_16_CIN_MIA,CIN,00-0040208,34145909-5062-44b5-ba0b-f1ae6844bcde,T.Brooks,RB,nfl-player-v1,0,14.968,2.471,0.412,0,0,0,0.005
2025,16,2025_16_CIN_MIA,CIN,00-0036410,891d5ad8-ad2b-40a2-bd88-2f4c64d4009a,T.Higgins,WR,nfl-player-v1,0,0,9.074,1.037,0,0,0.015,0.0144
2025,16,2025_16_CIN_MIA,CIN,00-0034613,5a2238a1-78a9-452b-b3b5-2440c6cc7d92,T.Hudson,TE,nfl-player-v1,0,0,6.432,0.755,0,0,0,0.005
2025,16,2025_16_BUF_CLE,CLE,00-0039458,79f29763-a125-4a22-81e1-644de71db7cd,B.Bates,TE,nfl-player-v1,0,0,6.506,0.766,0,0,0.008,0.0082
2025,16,2025_16_BUF_CLE,CLE,00-0034721,b6d6b176-4233-4ccf-ad9d-5cb88b4b548c,C.Bojorquez,P,nfl-player-v1,0,0,4.711,0.558,0,0,0,0.005
2025,16,2025_16_BUF_CLE,CLE,00-0038979,4621b9ce-6bc7-4652-9414-16ff576216df,C.Tillman,WR,nfl-player-v1,0,0,6.513,0.763,0,0,0,0.005
2025,16,2025_16_BUF_CLE,CLE,00-0040704,7af9c46c-c099-4877-b651-9719ed598171,D.Gabriel,QB,nfl-player-v1,89.051,3.537,0,0,0.558,0,0,0.005
2025,16,2025_16_BUF_CLE,CLE,00-0040663,62719d0e-0efc-456e-8df8-828cc1cf4abe,H.Fannin,TE,nfl-player-v1,0,0.274,18.071,1.976,0,0.001,0.043,0.0423
2025,16,2025_16_BUF_CLE,CLE,00-0040782,3193f354-0b23-4321-b879-2e9fcd02ec84,I.Bond,WR,nfl-player-v1,0,0.26,4.711,0.558,0,0,0,0.005
2025,16,2025_16_BUF_CLE,CLE,00-0036407,c669f87b-fdf2-458b-92b9-5fc841b4bec5,J.Jeudy,WR,nfl-player-v1,0,0,12.84,1.445,0,0,0,0.005
2025,16,2025_16_BUF_CLE,CLE,00-0039920,f3dfcb32-2500-4f7d-8e4a-0b276a390d97,M.Corley,WR,nfl-player-v1,0,0.807,12.821,1.431,0,0.001,0.015,0.0163
2025,16,2025_16_BUF_CLE,CLE,00-0040784,62023d1d-a5ea-44d8-bde5-fe8b08113b5a,Q.Judkins,RB,nfl-player-v1,0,23.237,8.407,1.274,0,0.219,0.024,0.215
2025,16,2025_16_BUF_CLE,CLE,00-0040466,835436b8-2efa-47c1-b062-5211c94de8d0,R.Sanders,RB,nfl-player-v1,0,28.142,3.308,0.542,0,0.363,0.013,0.3135
2025,16,2025_16_BUF_CLE,CLE,00-0040668,9dd18fe8-369d-4368-9e6e-337bb9bd4bc2,S.Sanders,QB,nfl-player-v1,114.412,5.85,0,0,0.716,0,0,0.005
2025,16,2025_16_BUF_CLE,CLE,00-0035291,f15f44a2-3b1c-41c9-b759-ff8598684e1c,T.Williams,RB,nfl-player-v1,0,12.528,6.236,0.974,0,0.04,0.006,0.0451
2025,16,2025_16_LAC_DAL,DAL,00-0036358,c65ab2ea-a913-4981-964e-e6b3c4c5854e,C.Lamb,WR,nfl-player-v1,0,0,20.373,2.223,0,0,0.069,0.0668
2025,16,2025_16_LAC_DAL,DAL,00-0033077,6b202b45-4554-4645-8ff5-4ee830907717,D.Prescott,QB,nfl-player-v1,116.307,5.546,0,0,0.728,0,0,0.005
2025,16,2025_16_LAC_DAL,DAL,00-0037247,35484e4c-03b7-453e-80fd-be2fa1ac62aa,G.Pickens,WR,nfl-player-v1,0,0,25.376,2.711,0,0,0.084,0.0809
2025,16,2025_16_LAC_DAL,DAL,00-0038738,7d6dc53b-3a2a-4006-8120-947f79a43223,H.Luepke,RB,nfl-player-v1,0,7.221,3.464,0.561,0,0.034,0.005,0.0384
2025,16,2025_16_LAC_DAL,DAL,00-0038041,631385df-a7e6-4eb7-8b2b-e19769a2551f,J.Ferguson,TE,nfl-player-v1,0,0,12.713,1.441,0,0,0,0.005
2025,16,2025_16_LAC_DAL,DAL,00-0039398,b0dc48bd-d95c-4352-a9c5-5e3f113e8b79,J.Milton,QB,nfl-player-v1,100.098,4.823,0,0,0.627,0,0,0.005
2025,16,2025_16_LAC_DAL,DAL,00-0039062,9ccfb4de-aeab-45fa-8e80-3ab0f0811d1f,J.Mingo,WR,nfl-player-v1,0,0,6.297,0.743,0,0,0,0.005
2025,16,2025_16_LAC_DAL,DAL,00-0036997,75533a5b-1037-45da-a572-2ccf5f61abc0,J.Williams,RB,nfl-player-v1,0,28.038,5.07,0.811,0,0.129,0.007,0.1276
2025,16,2025_16_LAC_DAL,DAL,00-0037801,7bb83a46-749f-471f-9876-9b2893c636f8,K.Turpin,WR,nfl-player-v1,0,0.711,12.237,1.378,0,0.001,0.021,0.0224
2025,16,2025_16_LAC_DAL,DAL,00-0037563,8ff15410-a25d-420e-a8c8-f07173b07ff5,M.Davis,RB,nfl-player-v1,0,24.589,2.471,0.412,0,0,0,0.005
2025,16,2025_16_LAC_DAL,DAL,00-0039410,b9c5b95f-dcad-4853-bbe4-c3b2db8b2c1d,R.Flournoy,WR,nfl-player-v1,0,0,8.49,0.984,0,0,0.015,0.0152
2025,16,2025_16_JAX_DEN,DEN,00-0036422,b141ab2c-c6c5-49b2-94f4-781604cbeb98,A.Trautman,TE,nfl-player-v1,0,0,8.847,1.026,0,0,0,0.005
2025,16,2025_16_JAX_DEN,DEN,00-0039732,40159058-8f61-4120-8323-ec81eaeff8ce,B.Nix,QB,nfl-player-v1,129.834,7.548,0,0,0.813,0,0,0.005
2025,16,2025_16_JAX_DEN,DEN,00-0034348,017301c4-fe49-48a1-a533-db70f693a734,C.Sutton,WR,nfl-player-v1,0,0,24.959,2.704,0,0,0.227,0.2032
2025,16,2025_16_JAX_DEN,DEN,00-0033881,44ecc125-b690-4177-93f9-f03d50825239,E.Engram,TE,nfl-player-v1,0,0,10.277,1.184,0,0,0,0.005
2025,16,2025_16_JAX_DEN,DEN,00-0038794,5c36d9ad-e706-41e2-901b-a2619071857f,J.McLaughlin,RB,nfl-player-v1,0,23.93,2.48,0.413,0,0,0,0.005
2025,16,2025_16_JAX_DEN,DEN,00-0035406,24fa8fd8-69ba-45e6-b4b2-b530f48b8c92,L.Humphrey,WR,nfl-player-v1,0,0,7.363,0.862,0,0,0,0.005
2025,16,2025_16_JAX_DEN,DEN,00-0038976,d99e2c6d-aef8-4250-9bec-3a167ae51085,M.Mims,WR,nfl-player-v1,0,0.477,9.212,1.059,0,0,0,0.005
2025,16,2025_16_JAX_DEN,DEN,00-0038783,ce124a9f-0d72-4e5f-89b6-3817ee5f738e,N.Adkins,TE,nfl-player-v1,0,0,5.956,0.704,0,0,0,0.005
2025,16,2025_16_JAX_DEN,DEN,00-0040134,de70216e-21b4-4de8-a4e8-1c0e4ed7734b,P.Bryant,WR,nfl-player-v1,0,0,17.626,1.963,0,0,0.055,0.0535
2025,16,2025_16_JAX_DEN,DEN,00-0040730,f30905bf-54ce-4e54-8ae4-38b278499802,R.Harvey,RB,nfl-player-v1,0,32.948,6.031,0.958,0,0,0,0.005
2025,16,2025_16_JAX_DEN,DEN,00-0037085,e91b7026-2866-4587-96e6-3eba8e3346af,T.Badie,RB,nfl-player-v1,0,6.214,4.373,0.708,0,0,0,0.005
2025,16,2025_16_JAX_DEN,DEN,00-0039868,128fd135-fb3e-451e-8135-52d9465c4154,T.Franklin,WR,nfl-player-v1,0,0,12.292,1.399,0,0,0,0.005
2025,16,2025_16_PIT_DET,DET,00-0033455,927ee7f8-66ac-4b7a-9998-56e07a422933,A.Firkser,TE,nfl-player-v1,0,0,9.963,1.146,0,0,0.008,0.008
2025,16,2025_16_PIT_DET,DET,00-0036963,01542f54-ce56-438f-a484-c6bc9b77aabd,A.St. Brown,WR,nfl-player-v1,0,0,16.803,1.878,0,0,0.053,0.0512
2025,16,2025_16_PIT_DET,DET,00-0035685,65151ce5-a920-4dc2-8bb0-ad8bdeea7a46,D.Montgomery,RB,nfl-player-v1,0,28.387,2.471,0.412,0,0.06,0.002,0.0601
2025,16,2025_16_PIT_DET,DET,00-0040669,4933a1b2-3cd6-4268-a60f-3b7b98622bbf,I.TeSlaa,WR,nfl-player-v1,0,0,14.024,1.586,0,0,0.044,0.0434
2025,16,2025_16_PIT_DET,DET,00-0039139,29347caa-e7e1-4745-a79a-e2a210fe4fda,J.Gibbs,RB,nfl-player-v1,0,48.616,11.266,1.685,0,0.583,0.04,0.4641
2025,16,2025_16_PIT_DET,DET,00-0033106,a631bebf-08bd-40de-b474-1e57605a1574,J.Goff,QB,nfl-player-v1,125.786,4.362,0,0,0.788,0,0,0.005
2025,16,2025_16_PIT_DET,DET,00-0037240,975d437e-c293-4704-8573-68420a22d271,J.Williams,WR,nfl-player-v1,0,0,17.165,1.914,0,0,0.027,0.0264
2025,16,2025_16_PIT_DET,DET,00-0032464,1525a1a7-7b4c-4fc8-82e3-d0e3d8049507,K.Raymond,WR,nfl-player-v1,0,0,11.341,1.297,0,0,0,0.005
2025,16,2025_16_PIT_DET,DET,00-0036534,3e6a412e-f820-4a69-b411-e7cbf41f2937,S.Zylstra,TE,nfl-player-v1,0,0,11.006,1.262,0,0,0.009,0.0088
2025,16,2025_16_GB_CHI,GB,00-0038685,18850ce4-973b-4e21-a03e-aa04864658c8,C.Brooks,RB,nfl-player-v1,0,6.524,2.099,0.35,0,0,0,0.005
2025,16,2025_16_GB_CHI,GB,00-0038124,12c85e25-4ab3-432a-8046-7f8b9f971f0e,C.Watson,WR,nfl-player-v1,0,0,14.091,1.551,0,0,0.033,0.032
2025,16,2025_16_GB_CHI,GB,00-0038393,c2ac0493-43d7-454b-9733-3e8161530921,D.Wicks,WR,nfl-player-v1,0,0,7.326,0.843,0,0,0,0.005
2025,16,2025_16_GB_CHI,GB,00-0038797,6572040d-90dd-479c-8d99-faf7175127c3,E.Wilson,RB,nfl-player-v1,0,28.403,2.496,0.416,0,0.12,0.003,0.1158
2025,16,2025_16_GB_CHI,GB,00-0037306,5bedb1f9-714b-416c-9803-57d032ed5651,J.FitzPatrick,TE,nfl-player-v1,0,0,6.283,0.739,0,0,0,0.005
2025,16,2025_16_GB_CHI,GB,00-0035700,1d87d00a-50b3-494c-a764-c0ff40e2a701,J.Jacobs,RB,nfl-player-v1,0,21.912,3.571,0.574,0,0.274,0.014,0.2497
2025,16,2025_16_GB_CHI,GB,00-0036264,537f0d83-5256-42bf-bc75-f956be1f26c5,J.Love,QB,nfl-player-v1,107.261,5.039,0,0,0.686,0.007,0,0.0071
2025,16,2025_16_GB_CHI,GB,00-0039146,a7d95c35-eb3d-4b5e-a2b2-99a22df56259,J.Reed,WR,nfl-player-v1,0,0.204,10.893,1.228,0,0,0.017,0.0174
2025,16,2025_16_GB_CHI,GB,00-0039144,bb8a3825-74f1-4c85-880a-a3108c33b36b,L.Musgrave,TE,nfl-player-v1,0,0,10.785,1.22,0,0,0,0.005
2025,16,2025_16_GB_CHI,GB,00-0040667,21d63dde-da33-498d-8984-467c8fa08df0,M.Golden,WR,nfl-player-v1,0,0.397,6.467,0.755,0,0,0.005,0.0056
2025,16,2025_16_GB_CHI,GB,00-0038128,c85912e0-7ec0-44a3-99c5-3ebb79d217a8,M.Willis,QB,nfl-player-v1,109.617,6.85,0,0,0.717,0.02,0,0.0196
2025,16,2025_16_GB_CHI,GB,00-0037816,a5673ce8-e626-4f8f-a1c0-7864036be6a3,R.Doubs,WR,nfl-player-v1,0,0,17.972,1.948,0,0,0.027,0.0269
2025,16,2025_16_GB_CHI,GB,00-0040009,8d74f600-50f8-4f4b-a268-1bc959cc4edd,S.Williams,WR,nfl-player-v1,0,0.396,4.825,0.57,0,0,0,0.005
2025,16,2025_16_LV_HOU,HOU,00-0034775,f9dd5323-f4d9-447e-8f5d-3e07ccece524,C.Kirk,WR,nfl-player-v1,0,0,11.79,1.329,0,0,0,0.005
2025,16,2025_16_LV_HOU,HOU,00-0039359,1af5fe9f-0b86-407e-9071-b814a07c9834,C.Stover,TE,nfl-player-v1,0,0,9.799,1.128,0,0,0,0.005
2025,16,2025_16_LV_HOU,HOU,00-0039163,5580f3af-a69b-4d18-aa9e-f9f360bb7daf,C.Stroud,QB,nfl-player-v1,116.769,5.435,0,0,0.731,0,0,0.005
2025,16,2025_16_LV_HOU,HOU,00-0033854,1469f8ef-106a-411b-8a88-2356c758380f,D.Ogunbowale,RB,nfl-player-v1,0,8.485,3.226,0.531,0,0,0,0.005
2025,16,2025_16_LV_HOU,HOU,00-0034383,fe4c4fa7-73c1-43b7-8823-e75c27674ec2,D.Schultz,TE,nfl-player-v1,0,0,14.446,1.616,0,0,0.113,0.1069
2025,16,2025_16_LV_HOU,HOU,00-0040130,321f2f7a-617b-4114-867a-7188cd496cff,J.Higgins,WR,nfl-player-v1,0,0,9.631,1.113,0,0,0,0.005
2025,16,2025_16_LV_HOU,HOU,00-0039405,cc16131b-26f3-4e7b-8b52-32f7885b2adf,J.Jordan,RB,nfl-player-v1,0,43.716,6.765,1.057,0,0,0,0.005
2025,16,2025_16_LV_HOU,HOU,00-0034791,489002b7-b67b-4d6a-80d9-6000e716b0ce,N.Chubb,RB,nfl-player-v1,0,17.268,2.762,0.454,0,0,0,0.005
2025,16,2025_16_LV_HOU,HOU,00-0036554,b8dae940-0938-432d-9b8c-3fc0ae4c8906,N.Collins,WR,nfl-player-v1,0,0,22.539,2.449,0,0,0,0.005
2025,16,2025_16_LV_HOU,HOU,00-0038618,e432064c-a8c6-4b83-8119-a0bf2e30fa6f,X.Hutchinson,WR,nfl-player-v1,0,0,7.95,0.926,0,0,0,0.005
2025,16,2025_16_SF_IND,IND,00-0032104,39c8ad89-a95a-4486-8c3d-ef8312e6ac3f,A.Abdullah,RB,nfl-player-v1,0,6.448,3.392,0.558,0,0,0,0.005
2025,16,2025_16_SF_IND,IND,00-0037292,892369e3-2735-4812-9d7d-e02a4a4d5298,A.Ogletree,TE,nfl-player-v1,0,0,8.054,0.939,0,0,0,0.005
2025,16,2025_16_SF_IND,IND,00-0037664,6b78568e-15e7-485d-ab78-b85134c79c82,A.Pierce,WR,nfl-player-v1,0,0,12.792,1.452,0,0,0.045,0.0442
2025,16,2025_16_SF_IND,IND,00-0040352,a96a3236-df45-415d-930b-b8bbed7352e7,C.Owen,WR,nfl-player-v1,0,0,6.269,0.74,0,0,0,0.005
2025,16,2025_16_SF_IND,IND,00-0038997,5da8b083-96f7-43b0-8b97-365397bd59e6,J.Downs,WR,nfl-player-v1,0,0.421,23.886,2.583,0,0,0,0.005
2025,16,2025_16_SF_IND,IND,00-0036223,d93096a9-946b-4b3c-a3b5-7a1498c91cae,J.Taylor,RB,nfl-player-v1,0,53.067,5.06,0.813,0,0.958,0.029,0.6273
2025,16,2025_16_SF_IND,IND,00-0033217,97978f02-25a5-40fd-972c-1321c2671005,M.Alie-Cox,TE,nfl-player-v1,0,0,8.383,0.974,0,0,0.015,0.015
2025,16,2025_16_SF_IND,IND,00-0036252,8b257ca3-4915-4a9f-9cc7-70bd81d7af59,M.Pittman,WR,nfl-player-v1,0,0,14.185,1.597,0,0,0,0.005
2025,16,2025_16_SF_IND,IND,00-0022942,fd220237-3c3f-4c15-8aa0-6fe29c030516,P.Rivers,QB,nfl-player-v1,117.739,4.349,0,0,0.737,0,0,0.005
2025,16,2025_16_SF_IND,IND,00-0040206,84183f30-4aea-4c0e-a5ee-3e0d078d504e,R.Leonard,QB,nfl-player-v1,99.306,4.235,0,0,0.622,0,0,0.005
2025,16,2025_16_SF_IND,IND,00-0037120,3d12ca35-8ab0-41ad-b980-b7fc82d41bab,T.Goodson,RB,nfl-player-v1,0,14.303,2.485,0.414,0,0,0,0.005
2025,16,2025_16_SF_IND,IND,00-0040128,e72096d9-8234-4879-b3b4-9fd4bf4aac4e,T.Warren,TE,nfl-player-v1,0,0,22.497,2.463,0,0,0.038,0.0376
2025,16,2025_16_JAX_DEN,JAX,00-0038935,80a87ed4-7f37-41e3-80a9-7f6581431750,B.Strange,TE,nfl-player-v1,0,0,18.01,1.987,0,0,0.07,0.0672
2025,16,2025_16_JAX_DEN,JAX,00-0039893,2dc8cd75-0a7b-413d-a5a0-3a21b2e1dbc9,B.Thomas,WR,nfl-player-v1,0,0,9.82,1.131,0,0,0,0.005
2025,16,2025_16_JAX_DEN,JAX,00-0034960,55480340-bb90-4518-9695-e85dd3d36015,J.Meyers,WR,nfl-player-v1,0,0.305,19.882,2.175,0,0.001,0.051,0.0502
2025,16,2025_16_JAX_DEN,JAX,00-0040238,1fbfbedc-81ed-40ea-8bac-2007ea616902,L.Allen,RB,nfl-player-v1,0,15.615,2.471,0.412,0,0.056,0.003,0.0568
2025,16,2025_16_JAX_DEN,JAX,00-0038606,ba986501-71a5-4c41-8836-02933c11efda,P.Washington,WR,nfl-player-v1,0,0,25.521,2.741,0,0,0.064,0.062
2025,16,2025_16_JAX_DEN,JAX,00-0036590,c9bc4d48-8b89-4565-af15-b88ab15f3a3f,Q.Morris,TE,nfl-player-v1,0,0,6.436,0.757,0,0,0,0.005
2025,16,2025_16_JAX_DEN,JAX,00-0036973,13c9b1da-11e5-44db-b6e2-2ce94a697d63,T.Etienne,RB,nfl-player-v1,0,46.694,6.59,1.031,0,0.158,0.007,0.152
2025,16,2025_16_JAX_DEN,JAX,00-0036971,d0738d0d-7cc8-49b9-882e-a1fb536c47e7,T.Lawrence,QB,nfl-player-v1,122.216,6.9,0,0,0.822,0.035,0,0.0348
2025,16,2025_16_JAX_DEN,JAX,00-0033375,0d4b90d7-5de5-47f3-a213-f10b8c403998,T.Patrick,WR,nfl-player-v1,0,0,6.436,0.757,0,0,0,0.005
2025,16,2025_16_KC_TEN,KC,00-0040078,65158854-c056-46f0-a185-79af3db336de,B.Smith,RB,nfl-player-v1,0,6.203,3.739,0.611,0,0,0,0.005
2025,16,2025_16_KC_TEN,KC,00-0037324,2dc8197d-32c4-4dd0-b6fe-204644d5c94e,C.Oladokun,QB,nfl-player-v1,112.446,5.955,0,0,0.704,0,0,0.005
2025,16,2025_16_KC_TEN,KC,00-0035289,63622685-ecc8-42fb-b7f6-cef0dae39148,G.Minshew,QB,nfl-player-v1,104.268,5.117,0,0,0.653,0,0,0.005
2025,16,2025_16_KC_TEN,KC,00-0037197,f48b3351-0deb-4a52-9790-5631073f3d2c,I.Pacheco,RB,nfl-player-v1,0,34.171,13.924,2.032,0,0.9,0.108,0.6352
2025,16,2025_16_KC_TEN,KC,00-0033857,934d9980-bd65-441a-8b3b-b51144ba8f5a,J.Smith-Schuster,WR,nfl-player-v1,0,0,16.722,1.879,0,0,0,0.005
2025,16,2025_16_KC_TEN,KC,00-0033923,0ab5a80d-1207-4385-8df5-2f776ac16816,K.Hunt,RB,nfl-player-v1,0,15.31,2.471,0.412,0,0,0,0.005
2025,16,2025_16_KC_TEN,KC,00-0035662,48a61718-24ab-4c6a-946e-56764c8f0206,M.Brown,WR,nfl-player-v1,0,0,14.418,1.622,0,0,0,0.005
2025,16,2025_16_KC_TEN,KC,00-0030506,6e6da15e-254a-4ee3-b0c8-2eaf5875f22f,T.Kelce,TE,nfl-player-v1,0,0,16.369,1.839,0,0,0,0.005
2025,16,2025_16_KC_TEN,KC,00-0039894,13377595-68fc-4870-b538-55539284b2d2,X.Worthy,WR,nfl-player-v1,0,0.529,13.673,1.535,0,0,0,0.005
2025,16,2025_16_LA_SEA,LA,00-0039738,e5a46115-0912-415a-b0ef-fc6459391e9c,B.Corum,RB,nfl-player-v1,0,33.555,3.501,0.573,0,0.264,0.009,0.2385
2025,16,2025_16_LA_SEA,LA,00-0036244,5bfdeab0-8d49-4746-a2be-60598dcbcf43,C.Parkinson,TE,nfl-player-v1,0,0,9.189,1.061,0,0,0,0.005
2025,16,2025_16_LA_SEA,LA,00-0039074,577995aa-5a21-4ce7-a655-476aa3b7d151,D.Allen,TE,nfl-player-v1,0,0,10.366,1.19,0,0,0.01,0.0104
2025,16,2025_16_LA_SEA,LA,00-0039751,dfecf1de-d300-4e69-93bc-20c4513f98c0,J.Whittington,WR,nfl-player-v1,0,0,6.028,0.711,0,0,0,0.005
2025,16,2025_16_LA_SEA,LA,00-0040590,802a6e31-ba99-42c3-b0dc-94b4eee5aab9,K.Mumpfield,WR,nfl-player-v1,0,0,14.33,1.611,0,0,0.014,0.014
2025,16,2025_16_LA_SEA,LA,00-0037840,d499f341-a8ae-4bc2-a2d0-09cbdcbc82c8,K.Williams,RB,nfl-player-v1,0,52.928,5.779,0.911,0,0.809,0.027,0.5667
2025,16,2025_16_LA_SEA,LA,00-0026498,7fc98b95-d8a9-461b-895c-675c835c87a6,M.Stafford,QB,nfl-player-v1,118.864,4.998,0,0,0.765,0.009,0,0.0088
2025,16,2025_16_LA_SEA,LA,00-0039075,cc8ed8e0-fd25-4c8f-bc2e-7c8b1975f241,P.Nacua,WR,nfl-player-v1,0,0,29.409,3.085,0,0,0.054,0.0526
2025,16,2025_16_LA_SEA,LA,00-0040737,4338c37a-86fe-4f3d-9b1e-af899ef9146b,T.Ferguson,TE,nfl-player-v1,0,0,9.33,1.075,0,0,0.009,0.0094
2025,16,2025_16_LA_SEA,LA,00-0038359,ff0a0568-448e-46fb-88fa-838eb9c13099,X.Smith,WR,nfl-player-v1,0,0,7.093,0.829,0,0,0,0.005
2025,16,2025_16_LAC_DAL,LAC,00-0037617,2a4f97df-adf9-4894-8746-653f8ca1aa76,H.Haskins,RB,nfl-player-v1,0,13.36,2.471,0.412,0,0.048,0.003,0.0492
2025,16,2025_16_LAC_DAL,LAC,00-0036355,86721778-e183-4522-8ddc-55e00f17fbe7,J.Herbert,QB,nfl-player-v1,120.675,7.593,0,0,0.811,0.036,0,0.0351
2025,16,2025_16_LAC_DAL,LAC,00-0030279,60f4cd06-05df-4280-add3-4cecee3a82d3,K.Allen,WR,nfl-player-v1,0,0,15.032,1.663,0,0,0.019,0.0192
2025,16,2025_16_LAC_DAL,LAC,00-0040184,e89ed330-2fe2-43ee-be6c-0fe8db74e4bf,K.Lambert-Smith,WR,nfl-player-v1,0,0,6.469,0.759,0,0,0,0.005
2025,16,2025_16_LAC_DAL,LAC,00-0039391,533082ab-7fe9-4268-80bc-0139989251cf,K.Vidal,RB,nfl-player-v1,0,15.184,2.471,0.412,0,0,0,0.005
2025,16,2025_16_LAC_DAL,LAC,00-0039915,7f5bf6e3-b07c-4361-bc95-0311908c7bf8,L.McConkey,WR,nfl-player-v1,0,0,16.234,1.786,0,0,0.021,0.0206
2025,16,2025_16_LAC_DAL,LAC,00-0040189,070528cf-a9c0-48c4-a759-be8a5cd3922f,O.Gadsden,TE,nfl-player-v1,0,0,6.469,0.759,0,0,0,0.005
2025,16,2025_16_LAC_DAL,LAC,00-0040666,16cd7307-da4f-405d-a98d-e8bb22f5599f,O.Hampton,RB,nfl-player-v1,0,36.792,4.051,0.654,0,0.633,0.022,0.4803
2025,16,2025_16_LAC_DAL,LAC,00-0038544,eb41f78e-bfc6-47e4-8f04-1d8b1231218f,Q.Johnston,WR,nfl-player-v1,0,0,12.319,1.369,0,0,0.016,0.0158
2025,16,2025_16_LAC_DAL,LAC,00-0040727,ff157432-dabf-43cf-96af-8ff8ebad77a9,T.Harris,WR,nfl-player-v1,0,0,14.745,1.638,0,0,0,0.005
2025,16,2025_16_LAC_DAL,LAC,00-0034159,6a67a584-8cf6-417f-90b0-34a7577fc8da,W.Dissly,TE,nfl-player-v1,0,0,10.329,1.176,0,0,0,0.005
2025,16,2025_16_LV_HOU,LV,00-0035602,7ef12a46-1571-49a4-bac9-5afbd0ee6ec2,A.Bachman,WR,nfl-player-v1,0,0,7.14,0.834,0,0,0,0.005
2025,16,2025_16_LV_HOU,LV,00-0040122,959ec041-e728-44e5-862c-b08ffa61a3f4,A.Jeanty,RB,nfl-player-v1,0,54.794,4.557,0.73,0,0.879,0.023,0.5945
2025,16,2025_16_LV_HOU,LV,00-0039338,3e1facee-6951-4b77-b51f-1f7a04250828,B.Bowers,TE,nfl-player-v1,0,0,18.215,1.979,0,0,0.055,0.0539
2025,16,2025_16_LV_HOU,LV,00-0030565,47424b84-c636-49c2-8a25-9d3de0d3b504,G.Smith,QB,nfl-player-v1,112.477,4.41,0,0,0.704,0,0,0.005
2025,16,2025_16_LV_HOU,LV,00-0040729,f49d31d5-7af7-4246-bd09-dd9bf49a5fea,J.Bech,WR,nfl-player-v1,0,0,11.725,1.328,0,0,0,0.005
2025,16,2025_16_LV_HOU,LV,00-0039066,44db107c-a7ce-49ae-ba2b-dc3ae85181a0,M.Mayer,TE,nfl-player-v1,0,0,11.261,1.283,0,0,0,0.005
2025,16,2025_16_LV_HOU,LV,00-0031687,e322f057-dca3-4242-83e0-4077db65cb28,R.Mostert,RB,nfl-player-v1,0,8.058,3.453,0.564,0,0.069,0.009,0.0749
2025,16,2025_16_LV_HOU,LV,00-0032211,766ec4f5-92c5-4b06-a338-38a14f175030,T.Lockett,WR,nfl-player-v1,0,0,9.177,1.059,0,0,0,0.005
2025,16,2025_16_LV_HOU,LV,00-0038563,b59c0df7-c6c7-412f-8abd-2bf54a74bfa2,T.Tucker,WR,nfl-player-v1,0,0.627,18.042,1.953,0,0,0,0.005
2025,16,2025_16_CIN_MIA,MIA,00-0035125,12e216b4-a162-43d0-ba51-c53c2821df6e,A.Ingold,RB,nfl-player-v1,0,6.326,3.325,0.546,0,0,0,0.005
2025,16,2025_16_CIN_MIA,MIA,00-0034418,30d562b8-8bd4-40b9-ae00-49cf338a8734,C.Wilson,WR,nfl-player-v1,0,0,6.533,0.766,0,0,0,0.005
2025,16,2025_16_CIN_MIA,MIA,00-0039040,f169e606-4f09-4947-8eef-b701b27cf612,D.Achane,RB,nfl-player-v1,0,37.944,5.09,0.81,0,0.31,0.013,0.2762
2025,16,2025_16_CIN_MIA,MIA,00-0031610,f3ad686a-917f-495c-ba19-e67e7b21dad5,D.Waller,TE,nfl-player-v1,0,0,14.677,1.641,0,0,0,0.005
2025,16,2025_16_CIN_MIA,MIA,00-0037252,cb3d52be-8be1-4f0f-9853-bb42f129ee5f,G.Dulcich,TE,nfl-player-v1,0,0,10.239,1.167,0,0,0,0.005
2025,16,2025_16_CIN_MIA,MIA,00-0036613,f6b9b938-482f-4332-96e6-e3e566d9efb2,J.Waddle,WR,nfl-player-v1,0,0,24.358,2.601,0,0,0,0.005
2025,16,2025_16_CIN_MIA,MIA,00-0039874,53edb104-26c4-438b-8ac5-edf35458e1c6,J.Wright,RB,nfl-player-v1,0,24.284,4.059,0.656,0,0.406,0.021,0.3477
2025,16,2025_16_CIN_MIA,MIA,00-0039880,9f759ea4-6e4c-44b2-9eb1-44640e42493b,M.Washington,WR,nfl-player-v1,0,0.295,6.57,0.767,0,0.001,0.021,0.0222
2025,16,2025_16_CIN_MIA,MIA,00-0040198,6f1b239c-9e82-490d-abfd-2aa17a03f3a1,O.Gordon,RB,nfl-player-v1,0,8.259,2.524,0.421,0,0,0,0.005
2025,16,2025_16_CIN_MIA,MIA,00-0040234,657dda04-3090-4b51-a042-ed172ce632f2,Q.Ewers,QB,nfl-player-v1,112.828,5.267,0,0,0.706,0,0,0.005
2025,16,2025_16_CIN_MIA,MIA,00-0040311,95e7d98d-3b0e-42aa-90d3-4ef7b44feba0,T.Wease,WR,nfl-player-v1,0,0,12.01,1.362,0,0,0,0.005
2025,16,2025_16_MIN_NYG,MIN,00-0033293,35923ea3-b4c5-42ac-b0eb-c748169e8cdf,A.Jones,RB,nfl-player-v1,0,48.904,5.575,0.878,0,1.31,0.047,0.7424
2025,16,2025_16_MIN_NYG,MIN,00-0032918,32e836f7-f899-4536-bac2-b6584f55a528,C.Ham,RB,nfl-player-v1,0,7.986,2.471,0.412,0,0,0,0.005
2025,16,2025_16_MIN_NYG,MIN,00-0038994,5ce4d5c2-18c4-4c4d-b3a0-039eb4a3d989,J.Addison,WR,nfl-player-v1,0,0,11.396,1.293,0,0,0,0.005
2025,16,2025_16_MIN_NYG,MIN,00-0036322,9bd851b9-cba5-4c2a-989a-792d495db187,J.Jefferson,WR,nfl-player-v1,0,0,27.282,2.862,0,0,0.045,0.0435
2025,16,2025_16_MIN_NYG,MIN,00-0037525,f3080ee8-3085-4c4a-8cb6-73cca736c41b,J.Mason,RB,nfl-player-v1,0,10.05,3.454,0.565,0,0,0,0.005
2025,16,2025_16_MIN_NYG,MIN,00-0039923,6ccddb5c-777e-4767-8920-d6b85d950d14,J.McCarthy,QB,nfl-player-v1,103.717,4.905,0,0,0.681,0.017,0,0.0166
2025,16,2025_16_MIN_NYG,MIN,00-0037291,3c26dce6-b5d7-4026-b212-1b22c6b4a9e7,J.Nailor,WR,nfl-player-v1,0,0,8.756,1.017,0,0,0,0.005
2025,16,2025_16_MIN_NYG,MIN,00-0035249,92cb0b66-4a07-426a-87cb-4c104a63b111,J.Oliver,TE,nfl-player-v1,0,0,11.235,1.275,0,0,0,0.005
2025,16,2025_16_MIN_NYG,MIN,00-0040494,5de9bd7e-1e94-4286-a652-760935b7f982,M.Brosmer,QB,nfl-player-v1,98.543,4.013,0,0,0.617,0,0,0.005
2025,16,2025_16_MIN_NYG,MIN,00-0040154,831a0d8d-2d07-4b29-a029-5956f434d445,T.Felton,WR,nfl-player-v1,0,0,6.897,0.806,0,0,0,0.005
2025,16,2025_16_MIN_NYG,MIN,00-0035229,0993b895-f0b7-4d94-9a83-cb2895cf9093,T.Hockenson,TE,nfl-player-v1,0,0,6.744,0.788,0,0,0,0.005
2025,16,2025_16_MIN_NYG,MIN,00-0038440,4c74f14f-2193-41d1-b3b4-fb34cb116198,Z.Scott,RB,nfl-player-v1,0,10.05,3.454,0.565,0,0,0,0.005
2025,16,2025_16_NE_BAL,NE,00-0032392,da501cdf-983b-48c5-9918-7569b745567c,A.Hooper,TE,nfl-player-v1,0,0,10.732,1.235,0,0,0,0.005
2025,16,2025_16_NE_BAL,NE,00-0038621,bc093a81-2f9d-44f8-85cc-cb7d3f539296,D.Douglas,WR,nfl-player-v1,0,0,7.552,0.884,0,0,0,0.005
2025,16,2025_16_NE_BAL,NE,00-0039851,c18b2fe3-1746-464c-9604-91eca99e8c5c,D.Maye,QB,nfl-player-v1,134.754,9.039,0,0,0.891,0.033,0,0.032
2025,16,2025_16_NE_BAL,NE,00-0033090,835b972d-7fc1-48d2-bfb6-4ad15a30a0a1,H.Henry,TE,nfl-player-v1,0,0,16.9,1.882,0,0,0.066,0.0638
2025,16,2025_16_NE_BAL,NE,00-0038608,353c0718-b585-42e4-9fdd-65abf246f4d1,K.Boutte,WR,nfl-player-v1,0,0,9.023,1.048,0,0,0.018,0.0182
2025,16,2025_16_NE_BAL,NE,00-0040131,8490b4f2-0ce0-429e-93d9-e5bf60f69adf,K.Williams,WR,nfl-player-v1,0,0,9.238,1.07,0,0,0,0.005
2025,16,2025_16_NE_BAL,NE,00-0033555,927c45e7-007a-40b8-9592-815d97fbc701,M.Hollins,WR,nfl-player-v1,0,0,20.877,2.288,0,0,0,0.005
2025,16,2025_16_NE_BAL,NE,00-0039054,a16a47c2-f03e-4779-8264-6a0b3f3572ca,M.Mapu,LB,nfl-player-v1,0,0,4.711,0.558,0,0,0,0.005
2025,16,2025_16_NE_BAL,NE,00-0036875,64641499-cd80-4cac-adcf-0272f37d57cc,R.Stevenson,RB,nfl-player-v1,0,32.635,5.32,0.851,0,0.17,0.009,0.1633
2025,16,2025_16_NE_BAL,NE,00-0031588,8ea2703a-b355-44a5-a0d5-3ade7964e460,S.Diggs,WR,nfl-player-v1,0,0,23.536,2.548,0,0,0,0.005
2025,16,2025_16_NE_BAL,NE,00-0040734,8c7fdfc1-da82-46bd-8059-d38dfc782a85,T.Henderson,RB,nfl-player-v1,0,22.224,3.157,0.521,0,0.236,0.01,0.2182
2025,16,2025_16_NYJ_NO,NO,00-0039373,477881e2-4f41-4c00-9edc-918d69b23eaa,A.Estime,RB,nfl-player-v1,0,21.123,5.077,0.815,0,0,0,0.005
2025,16,2025_16_NYJ_NO,NO,00-0037239,3d8e6090-ab45-4750-a145-b5bc16812bc8,C.Olave,WR,nfl-player-v1,0,0,33.954,3.567,0,0,0.125,0.1174
2025,16,2025_16_NYJ_NO,NO,00-0034860,12e86754-f8a5-4373-b084-302c36dbc6a6,D.Pettis,WR,nfl-player-v1,0,0,5.928,0.701,0,0,0,0.005
2025,16,2025_16_NYJ_NO,NO,00-0038397,48370aff-6673-4368-a31b-5328ac46e109,E.Hull,RB,nfl-player-v1,0,20.597,2.471,0.412,0,0,0,0.005
2025,16,2025_16_NYJ_NO,NO,00-0034981,2e81bc65-e42c-4ef5-a59e-e22633ad1100,F.Moreau,TE,nfl-player-v1,0,0,6.006,0.708,0,0,0,0.005
2025,16,2025_16_NYJ_NO,NO,00-0036040,e10fc805-9026-4fe2-8714-d074bd8ca1be,J.Johnson,TE,nfl-player-v1,0,0,19.355,2.13,0,0,0,0.005
2025,16,2025_16_NYJ_NO,NO,00-0036741,9549fdf0-455b-4e22-98ae-4df76cb3cb2b,J.Stoll,TE,nfl-player-v1,0,0,7.303,0.856,0,0,0,0.005
2025,16,2025_16_NYJ_NO,NO,00-0037231,389896d3-fe13-4951-a2cc-c9cb4ae0d189,K.Austin,WR,nfl-player-v1,0,0,8.751,1.016,0,0,0.036,0.0349
2025,16,2025_16_NYJ_NO,NO,00-0039623,f13f2ccc-61dd-4815-8417-4b6f780c7f3b,M.Tipton,WR,nfl-player-v1,0,0.28,10.312,1.17,0,0.001,0.041,0.0412
2025,16,2025_16_NYJ_NO,NO,00-0033357,5034d52d-1292-4d87-a545-ef53884ca7e1,T.Hill,QB,nfl-player-v1,143.048,10.956,0,0,0.896,0,0,0.005
2025,16,2025_16_NYJ_NO,NO,00-0040743,c6b16d75-657b-44a5-9bf9-033769fc3460,T.Shough,QB,nfl-player-v1,129.473,5.508,0,0,0.811,0,0,0.005
2025,16,2025_16_MIN_NYG,NYG,00-0035250,e7d55b0c-e17e-4747-9f12-d3c5933b5e3e,D.Singletary,RB,nfl-player-v1,0,24.228,3.946,0.637,0,0.143,0.007,0.1398
2025,16,2025_16_MIN_NYG,NYG,00-0035535,2e5cbb33-2ffd-4dc1-af97-8edb43d325e6,D.Slayton,WR,nfl-player-v1,0,0,11.36,1.287,0,0,0,0.005
2025,16,2025_16_MIN_NYG,NYG,00-0040691,df2c09c5-74cd-4fdf-907d-3b98983c4c2b,J.Dart,QB,nfl-player-v1,102.926,4.819,0,0,0.644,0,0,0.005
2025,16,2025_16_MIN_NYG,NYG,00-0039847,7b9ebaff-f7d3-45f1-a0b0-07501c467f39,T.Johnson,TE,nfl-player-v1,0,0,10.81,1.236,0,0,0.025,0.0244
2025,16,2025_16_MIN_NYG,NYG,00-0039384,5f99ad3b-ac4f-409e-8699-ac3ba697ade3,T.Tracy,RB,nfl-player-v1,0,33.535,5.659,0.884,0,0.773,0.04,0.5564
2025,16,2025_16_MIN_NYG,NYG,00-0038117,36776784-59f3-4a60-a1e7-609889d4b6cb,W.Robinson,WR,nfl-player-v1,0,0.285,30.543,3.139,0,0,0,0.005
2025,16,2025_16_NYJ_NO,NYJ,00-0039890,87520ab1-0a67-4521-b031-0a45fa108796,A.Mitchell,WR,nfl-player-v1,0,0,17.113,1.913,0,0,0,0.005
2025,16,2025_16_NYJ_NO,NYJ,00-0040582,fa3a3931-e2a2-4cd4-8c08-c75bfc1098c0,A.Smith,WR,nfl-player-v1,0,0,6.398,0.755,0,0,0,0.005
2025,16,2025_16_NYJ_NO,NYJ,00-0040398,0f1c18b3-e0c7-474f-aa1c-51a83a5cd17f,B.Cook,QB,nfl-player-v1,120.571,4.871,0,0,0.755,0,0,0.005
2025,16,2025_16_NYJ_NO,NYJ,00-0038120,735192a9-d468-49d0-b370-970c18fabac5,B.Hall,RB,nfl-player-v1,0,57.37,5.273,0.845,0,0.667,0.019,0.4965
2025,16,2025_16_NYJ_NO,NYJ,00-0039798,3a986b7a-a012-40ca-9f01-2aa8cd1484bd,I.Davis,RB,nfl-player-v1,0,15.349,6.146,0.973,0,0.092,0.011,0.0977
2025,16,2025_16_NYJ_NO,NYJ,00-0039451,80869be9-a016-466d-8e55-fbd21a0b51ec,I.Williams,WR,nfl-player-v1,0,0,12.903,1.461,0,0,0.029,0.0288
2025,16,2025_16_NYJ_NO,NYJ,00-0037614,48a86180-2857-4c87-a70a-b3b156f158dc,J.Metchie,WR,nfl-player-v1,0,0,14.241,1.618,0,0,0.032,0.0318
2025,16,2025_16_NYJ_NO,NYJ,00-0037805,49ad0f0d-981d-4fc4-b589-2f6ecafc1b42,J.Ruckert,TE,nfl-player-v1,0,0,10.401,1.197,0,0,0,0.005
2025,16,2025_16_NYJ_NO,NYJ,00-0037755,fa295f18-8726-4e3e-9099-ee539b2aef71,J.Woods,TE,nfl-player-v1,0,0,8.184,0.957,0,0,0.019,0.019
2025,16,2025_16_NYJ_NO,NYJ,00-0037475,7fce1d7a-bc4f-44ed-abde-3efaffde62a4,S.Smartt,TE,nfl-player-v1,0,0,15.279,1.71,0,0,0,0.005
2025,16,2025_16_NYJ_NO,NYJ,00-0036427,7d05ed6f-f9df-44ae-b6d8-9fae7b2f7373,T.Johnson,WR,nfl-player-v1,0,0,6.514,0.766,0,0,0,0.005
2025,16,2025_16_PHI_WAS,PHI,00-0035676,e97f648c-f826-40a0-a562-437d2714fd40,A.Brown,WR,nfl-player-v1,0,0,33.879,3.47,0,0,0.044,0.0432
2025,16,2025_16_PHI_WAS,PHI,00-0034351,fa192789-c280-45f1-b92c-b3d6a2e97cb5,D.Goedert,TE,nfl-player-v1,0,0,10.282,1.172,0,0,0.015,0.0148
2025,16,2025_16_PHI_WAS,PHI,00-0036912,d0e121df-25e6-4268-9e79-b99acb8e9160,D.Smith,WR,nfl-player-v1,0,0,21.722,2.333,0,0,0.059,0.0577
2025,16,2025_16_PHI_WAS,PHI,00-0037741,6d4cdf27-b583-4056-b59d-95182c15301b,J.Dotson,WR,nfl-player-v1,0,0,10.001,1.14,0,0,0,0.005
2025,16,2025_16_PHI_WAS,PHI,00-0036389,c415d118-a039-407a-a350-3e89d8042e25,J.Hurts,QB,nfl-player-v1,119.994,7.331,0,0,0.782,0.019,0,0.0186
2025,16,2025_16_PHI_WAS,PHI,00-0034844,9a93ddfe-033a-4098-acc7-9be147087ec8,S.Barkley,RB,nfl-player-v1,0,50.558,4.059,0.656,0,0.941,0.024,0.6189
2025,16,2025_16_PHI_WAS,PHI,00-0038555,f6e1063b-4d79-4005-b44c-7621b0f82a81,T.Bigsby,RB,nfl-player-v1,0,13.894,2.524,0.421,0,0,0,0.005
2025,16,2025_16_PHI_WAS,PHI,00-0039746,53f7c2dd-3fec-4e55-9991-00e4d7c2fc74,W.Shipley,RB,nfl-player-v1,0,6.189,3.219,0.528,0,0,0,0.005
2025,16,2025_16_PIT_DET,PIT,00-0023459,9cd40a7b-735b-4670-bf0e-4d357c5b3e10,A.Rodgers,QB,nfl-player-v1,123.808,5.416,0,0,0.806,0.014,0,0.0138
2025,16,2025_16_PIT_DET,PIT,00-0030035,f78e2b4f-796b-41c8-9af0-75caf042eb26,A.Thielen,WR,nfl-player-v1,0,0,11.664,1.328,0,0,0,0.005
2025,16,2025_16_PIT_DET,PIT,00-0037837,bb6900c7-cf17-450b-b596-4a3542add3ef,C.Austin,WR,nfl-player-v1,0,0,6.33,0.745,0,0,0,0.005
2025,16,2025_16_PIT_DET,PIT,00-0035640,4aefe4b3-05d4-4513-8386-ceefefe04e87,D.Metcalf,WR,nfl-player-v1,0,0,20.673,2.267,0,0,0,0.005
2025,16,2025_16_PIT_DET,PIT,00-0038558,f011864a-8a7b-4638-b49f-d229e07bcfea,D.Washington,TE,nfl-player-v1,0,0,11.224,1.282,0,0,0.016,0.0162
2025,16,2025_16_PIT_DET,PIT,00-0033858,8b8c7b1a-90f6-4931-b9d8-3c8cfb0c920b,J.Smith,TE,nfl-player-v1,0,0.596,6.155,0.72,0,0,0,0.005
2025,16,2025_16_PIT_DET,PIT,00-0037228,23de35af-3a1c-4ae7-9ea4-954a48d78d6a,J.Warren,RB,nfl-player-v1,0,41.464,3.899,0.635,0,0.625,0.018,0.4746
2025,16,2025_16_PIT_DET,PIT,00-0036919,8a95e757-cf19-40cd-9cc1-77255bb487f1,K.Gainwell,RB,nfl-player-v1,0,29.735,8.078,1.242,0,0.332,0.027,0.3017
2025,16,2025_16_PIT_DET,PIT,00-0034272,ce987bc8-98ca-4ce6-85b3-8e9ef51b0a8f,M.Valdes-Scantling,WR,nfl-player-v1,0,0,9.23,1.07,0,0,0,0.005
2025,16,2025_16_PIT_DET,PIT,00-0036894,07b45f1c-fb0a-40db-939b-4ee4836e9343,P.Freiermuth,TE,nfl-player-v1,0,0,11.339,1.291,0,0,0,0.005
2025,16,2025_16_PIT_DET,PIT,00-0035298,0b36dce8-d96f-41bf-9a25-a9ebf8c29895,S.Miller,WR,nfl-player-v1,0,0,9.62,1.107,0,0,0.014,0.014
2025,16,2025_16_LA_SEA,SEA,00-0039793,1359d114-9fb9-4783-8101-efdec545f961,A.Barner,TE,nfl-player-v1,0,0.324,16.912,1.872,0,0,0.022,0.022
2025,16,2025_16_LA_SEA,SEA,00-0033908,42465aa3-53c4-4afb-bf91-0ac136659ba3,C.Kupp,WR,nfl-player-v1,0,0,14.113,1.589,0,0,0.037,0.0364
2025,16,2025_16_LA_SEA,SEA,00-0033576,ad7e840b-2470-474e-a371-36c62befbf64,E.Saubert,TE,nfl-player-v1,0,0,6.411,0.756,0,0,0.009,0.0088
2025,16,2025_16_LA_SEA,SEA,00-0038543,8d9cebd3-3534-48a0-a4e9-2c0ebc5c1c94,J.Smith-Njigba,WR,nfl-player-v1,0,0,36.396,3.768,0,0,0.132,0.1236
2025,16,2025_16_LA_SEA,SEA,00-0038134,593d9bcd-2ae1-41ca-bf16-2d3c62d5b196,K.Walker,RB,nfl-player-v1,0,33.502,5.029,0.805,0,0,0,0.005
2025,16,2025_16_LA_SEA,SEA,00-0037545,0a931859-dbbe-4421-8bdc-ee6094237041,R.Shaheed,WR,nfl-player-v1,0,0.309,6.305,0.74,0,0,0,0.005
2025,16,2025_16_LA_SEA,SEA,00-0034869,3a4bd5d6-8b01-4324-8449-d0f7c2059e36,S.Darnold,QB,nfl-player-v1,122.985,5.982,0,0,0.77,0,0,0.005
2025,16,2025_16_LA_SEA,SEA,00-0039165,7bb1ecbd-ce2a-443f-881d-e3f993b6a1c0,Z.Charbonnet,RB,nfl-player-v1,0,31.139,5.952,0.94,0,0.428,0.025,0.3641
2025,16,2025_16_SF_IND,SF,00-0037834,fb4669d0-c27f-4ea4-bd37-8d3bad299f07,B.Purdy,QB,nfl-player-v1,117.593,5.348,0,0,0.736,0,0,0.005
2025,16,2025_16_SF_IND,SF,00-0037746,00b3cb74-e58d-4660-b1df-2376a82120b6,B.Robinson,RB,nfl-player-v1,0,16.839,3.18,0.523,0,0.159,0.009,0.1551
2025,16,2025_16_SF_IND,SF,00-0033280,ae3498a3-f309-4ea2-a3c1-031f013cc394,C.McCaffrey,RB,nfl-player-v1,0,57.669,9.845,1.478,0,1.011,0.053,0.6549
2025,16,2025_16_SF_IND,SF,00-0032775,03ab017e-f181-4486-9661-1c6485dedf19,D.Robinson,WR,nfl-player-v1,0,0,8,0.928,0,0,0,0.005
2025,16,2025_16_SF_IND,SF,00-0033288,6ef21d58-07b4-49a0-9e4b-ab6e4f527023,G.Kittle,TE,nfl-player-v1,0,0,21.368,2.311,0,0,0.036,0.0353
2025,16,2025_16_SF_IND,SF,00-0036259,046bd3b8-161d-4c19-9816-df5ce3e96947,J.Jennings,WR,nfl-player-v1,0,0,16.286,1.804,0,0,0.028,0.0277
2025,16,2025_16_SF_IND,SF,00-0037112,a83d87f5-9208-48ee-a81c-bba3090ea426,J.Tonges,TE,nfl-player-v1,0,0,7.857,0.915,0,0,0.007,0.0071
2025,16,2025_16_SF_IND,SF,00-0033307,77cbc405-dc41-40e4-b0bd-dd8a73396612,K.Bourne,WR,nfl-player-v1,0,0,13.483,1.518,0,0,0,0.005
2025,16,2025_16_SF_IND,SF,00-0038090,6e757178-0d20-49cf-a88a-c4b47817ff31,S.Moore,WR,nfl-player-v1,0,0,6.417,0.754,0,0,0,0.005
2025,16,2025_16_TB_CAR,TB,00-0039361,b53d67a4-0051-474f-816c-9a3d9b661634,B.Irving,RB,nfl-player-v1,0,41.54,2.504,0.417,0,0.345,0.007,0.2962
2025,16,2025_16_TB_CAR,TB,00-0034855,56c2266e-4dc1-4c37-8f44-6323a36613de,B.Mayfield,QB,nfl-player-v1,113.743,5.657,0,0,0.712,0,0,0.005
2025,16,2025_16_TB_CAR,TB,00-0033921,90fcc742-b736-44f4-994f-094724be0c09,C.Godwin,WR,nfl-player-v1,0,0,18.714,2.033,0,0,0.019,0.0188
2025,16,2025_16_TB_CAR,TB,00-0038129,4f63ff11-fe96-4aa7-9831-9536b01dd6a9,C.Otton,TE,nfl-player-v1,0,0,8.683,1,0,0,0,0.005
2025,16,2025_16_TB_CAR,TB,00-0040129,bac91e1b-f24a-431e-a656-d23a3ef5e9f5,E.Egbuka,WR,nfl-player-v1,0,0,8.305,0.961,0,0,0,0.005
2025,16,2025_16_TB_CAR,TB,00-0039855,a1d65e3c-d232-4ad7-84eb-f2484f912af5,J.McMillan,WR,nfl-player-v1,0,0.256,10.455,1.186,0,0,0.011,0.0113
2025,16,2025_16_TB_CAR,TB,00-0031408,fd9494d8-4d0d-4075-8b31-59c31dbef36f,M.Evans,WR,nfl-player-v1,0,0,26.813,2.824,0,0,0.053,0.0513
2025,16,2025_16_TB_CAR,TB,00-0037256,af7855b9-7e3c-41da-a2b8-8c7f6cd88bee,R.White,RB,nfl-player-v1,0,15.284,4.182,0.673,0,0.129,0.011,0.1301
2025,16,2025_16_TB_CAR,TB,00-0038951,0b1f5016-8cbc-4512-8a82-0d3f67416080,S.Tucker,RB,nfl-player-v1,0,13.245,2.471,0.412,0,0.151,0.009,0.148
2025,16,2025_16_TB_CAR,TB,00-0040237,5c294442-eaea-4ed0-a4fd-c33a7509bf48,T.Johnson,WR,nfl-player-v1,0,0,6.498,0.761,0,0,0,0.005
2025,16,2025_16_KC_TEN,TEN,00-0040705,f3027194-2b41-4db7-b6e1-10cb47514b73,C.Dike,WR,nfl-player-v1,0,0,13.791,1.537,0,0,0.018,0.0178
2025,16,2025_16_KC_TEN,TEN,00-0037809,64755288-83b6-45d3-9d82-11807c2f5994,C.Okonkwo,TE,nfl-player-v1,0,0,21.636,2.31,0,0,0.081,0.0777
2025,16,2025_16_KC_TEN,TEN,00-0040676,f16bf5f1-4c50-449b-b1d4-ad4d66db60cb,C.Ward,QB,nfl-player-v1,112.406,5.058,0,0,0.704,0,0,0.005
2025,16,2025_16_KC_TEN,TEN,00-0040170,527aee16-44d6-4527-9ec1-b6d981e9e8c1,E.Ayomanor,WR,nfl-player-v1,0,0,11.931,1.343,0,0,0,0.005
2025,16,2025_16_KC_TEN,TEN,00-0040584,7e6d7376-3ff9-4d2b-8022-f47c0fbc308e,G.Helm,TE,nfl-player-v1,0,0,8.239,0.941,0,0,0,0.005
2025,16,2025_16_KC_TEN,TEN,00-0037594,08786b66-962c-43b2-b93f-257484f8c7fb,J.Chestnut,RB,nfl-player-v1,0,7.993,2.52,0.42,0,0,0,0.005
2025,16,2025_16_KC_TEN,TEN,00-0040205,e9efa888-9411-4093-b12a-78e40c413745,K.Mullings,RB,nfl-player-v1,0,7.838,2.471,0.412,0,0,0,0.005
2025,16,2025_16_KC_TEN,TEN,00-0035261,61edd687-3a13-4c2f-8e86-d493ced4295b,T.Pollard,RB,nfl-player-v1,0,43.356,2.493,0.415,0,0.3,0.006,0.2634
2025,16,2025_16_KC_TEN,TEN,00-0039032,90e22076-0605-4b85-8d97-1a83167c5c35,T.Spears,RB,nfl-player-v1,0,30.158,6.696,1.03,0,0.511,0.034,0.4204
2025,16,2025_16_KC_TEN,TEN,00-0036415,de90c83e-b445-439c-befe-655f3d2c50d7,V.Jefferson,WR,nfl-player-v1,0,0,7.017,0.81,0,0,0,0.005
2025,16,2025_16_PHI_WAS,WAS,00-0039912,d51d0bd1-4241-43c7-a184-bd961c56c283,B.Sinnott,TE,nfl-player-v1,0,0,9.426,1.084,0,0,0,0.005
2025,16,2025_16_PHI_WAS,WAS,00-0038611,910e0e65-f202-42a6-afa5-c4a2cebe4b2a,C.Rodriguez,RB,nfl-player-v1,0,36.787,3.726,0.607,0,0.582,0.019,0.4517
2025,16,2025_16_PHI_WAS,WAS,00-0035719,7bb0990e-39c4-4d54-9fd7-b1d9bc9d8288,D.Samuel,WR,nfl-player-v1,0,0,15.655,1.731,0,0,0,0.005
2025,16,2025_16_PHI_WAS,WAS,00-0036628,39aece1e-9831-497f-bfe7-f67b9499fc9c,J.Bates,TE,nfl-player-v1,0,0,6.846,0.804,0,0,0,0.005
2025,16,2025_16_PHI_WAS,WAS,00-0040242,25d9ee1b-68c9-4de4-ad0f-25efe8210850,J.Croskey-Merritt,RB,nfl-player-v1,0,21.102,2.471,0.412,0,0.344,0.013,0.2997
2025,16,2025_16_PHI_WAS,WAS,00-0026300,c2a20f37-b06b-49c3-b546-c7c9cd4f12b4,J.Johnson,QB,nfl-player-v1,102.401,4.722,0,0,0.641,0,0,0.005
2025,16,2025_16_PHI_WAS,WAS,00-0033955,01c9d65e-2883-4bde-a469-45abe5508fee,J.McNichols,RB,nfl-player-v1,0,10.152,5.951,0.93,0,0.033,0.006,0.0377
2025,16,2025_16_PHI_WAS,WAS,00-0032268,48b54b83-0ee8-4633-88ca-470939b150e0,M.Mariota,QB,nfl-player-v1,104.217,4.249,0,0,0.652,0,0,0.005
2025,16,2025_16_PHI_WAS,WAS,00-0037742,4c813722-0f2e-4c3b-ae06-bf0e4b32e2f0,T.Burks,WR,nfl-player-v1,0,0,18.195,1.998,0,0,0.022,0.0213
2025,16,2025_16_PHI_WAS,WAS,00-0035659,72729e1e-0b13-4aad-91ac-3d76f92c4685,T.McLaurin,WR,nfl-player-v1,0,0,15.838,1.751,0,0,0,0.005
2025,17,2025_17_ARI_CIN,ARI,00-0040556,2ad579e3-eb45-46a7-b5d5-c0449a7bd381,C.Kiner,RB,nfl-player-v1,0,9.888,2.471,0.412,0,0,0,0.005
2025,17,2025_17_ARI_CIN,ARI,00-0038705,de81a074-52e4-452a-a923-496eddc6a5d0,E.Demercado,RB,nfl-player-v1,0,25.563,5.025,0.806,0,0,0,0.005
2025,17,2025_17_ARI_CIN,ARI,00-0039041,1b207068-6c7e-480f-9923-06f2128115d6,E.Higgins,TE,nfl-player-v1,0,0,6.351,0.75,0,0,0,0.005
2025,17,2025_17_ARI_CIN,ARI,00-0033119,237a8679-0c0a-480b-870d-514d0c50523f,J.Brissett,QB,nfl-player-v1,118.483,4.285,0,0,0.742,0,0,0.005
2025,17,2025_17_ARI_CIN,ARI,00-0036924,324eed4d-0d36-4dcf-818b-f956af29d709,M.Carter,RB,nfl-player-v1,0,34.094,6.008,0.952,0,0,0,0.005
2025,17,2025_17_ARI_CIN,ARI,00-0039849,4c27a10c-963d-444e-b235-b46f4b652866,M.Harrison,WR,nfl-player-v1,0,0,5.394,0.637,0,0,0,0.005
2025,17,2025_17_ARI_CIN,ARI,00-0038559,befb93dc-de67-4344-9d23-a1fa6a9d682f,M.Wilson,WR,nfl-player-v1,0,0,27.221,2.928,0,0,0,0.005
2025,17,2025_17_ARI_CIN,ARI,00-0037744,87b536c6-701f-4a71-b52e-0d8f7d4ec694,T.McBride,TE,nfl-player-v1,0,0,38.419,3.968,0,0,0.278,0.2425
2025,17,2025_17_ARI_CIN,ARI,00-0039521,12f8c048-b279-4f65-b939-fdbe8ede05c4,X.Weaver,WR,nfl-player-v1,0,0,10.233,1.178,0,0,0.041,0.0404
2025,17,2025_17_LA_ATL,ATL,00-0038542,8f5e333b-8cac-493f-8be3-093a3f12c027,B.Robinson,RB,nfl-player-v1,0,46.094,12.767,1.807,0,1.065,0.087,0.6839
2025,17,2025_17_LA_ATL,ATL,00-0037238,892d7782-1ecc-4137-aeb0-9e80c69e4034,D.London,WR,nfl-player-v1,0,0,7.589,0.873,0,0,0,0.005
2025,17,2025_17_LA_ATL,ATL,00-0036309,e318bcf4-6f17-4a62-ba7b-9283a4aab86c,D.Mooney,WR,nfl-player-v1,0,0,11.63,1.312,0,0,0,0.005
2025,17,2025_17_LA_ATL,ATL,00-0035359,601ce504-9f08-487d-b968-f6e884c7fdfb,D.Sills,WR,nfl-player-v1,0,0,14.439,1.597,0,0,0,0.005
2025,17,2025_17_LA_ATL,ATL,00-0029604,c3485017-7a48-4b69-8957-97f4e26303ea,K.Cousins,QB,nfl-player-v1,100.956,4.295,0,0,0.632,0,0,0.005
2025,17,2025_17_LA_ATL,ATL,00-0036970,40dfaab3-2886-438e-a325-a15f68d1f3c8,K.Pitts,TE,nfl-player-v1,0,0,11.877,1.339,0,0,0,0.005
2025,17,2025_17_LA_ATL,ATL,00-0037263,3d48d76e-acf1-404a-ba84-79e0d1d0e3fc,T.Allgeier,RB,nfl-player-v1,0,21.608,2.471,0.412,0,0.183,0.007,0.1724
2025,17,2025_17_BAL_GB,BAL,00-0038046,6f5a73e0-41fa-40ec-aa08-ce3f64fad723,C.Kolar,TE,nfl-player-v1,0,0,6.596,0.775,0,0,0,0.005
2025,17,2025_17_BAL_GB,BAL,00-0032764,31b668ff-08d5-4913-8678-4c5c2fb906ca,D.Henry,RB,nfl-player-v1,0,58.674,2.545,0.424,0,1.245,0.018,0.717
2025,17,2025_17_BAL_GB,BAL,00-0030564,1bd6ba6e-0334-4184-a6f8-4d5dcf7c276f,D.Hopkins,WR,nfl-player-v1,0,0,6.738,0.791,0,0,0.004,0.005
2025,17,2025_17_BAL_GB,BAL,00-0037838,ae5846b3-e4d7-42a1-bd13-81760f0a83b2,I.Likely,TE,nfl-player-v1,0,0,12.115,1.359,0,0,0,0.005
2025,17,2025_17_BAL_GB,BAL,00-0038454,4c8b2a02-d4ab-4896-af38-2a000c2591f3,K.Mitchell,RB,nfl-player-v1,0,19.198,4.594,0.733,0,0.096,0.007,0.0982
2025,17,2025_17_BAL_GB,BAL,00-0034753,3c8c24b6-f2b3-4130-86e6-389a16aa6104,M.Andrews,TE,nfl-player-v1,0,0,14.96,1.647,0,0,0.009,0.0092
2025,17,2025_17_BAL_GB,BAL,00-0039796,4e18e3ca-b72d-4c47-ba00-865ad3e61750,R.Ali,RB,nfl-player-v1,0,6.307,5.526,0.863,0,0,0,0.005
2025,17,2025_17_BAL_GB,BAL,00-0036550,18c06a21-f854-4f11-89ad-f617293f9cea,R.Bateman,WR,nfl-player-v1,0,0,6.949,0.811,0,0,0.005,0.005
2025,17,2025_17_BAL_GB,BAL,00-0035993,52de0337-a7ef-4589-b345-4ae504e54970,T.Huntley,QB,nfl-player-v1,113.56,6.218,0,0,0.736,0.014,0,0.0141
2025,17,2025_17_BAL_GB,BAL,00-0039064,a4c95f75-76ae-4729-b36b-053b14fb2a51,Z.Flowers,WR,nfl-player-v1,0,0,17.666,1.921,0,0,0.032,0.0318
2025,17,2025_17_PHI_BUF,BUF,00-0031236,16125e50-cd99-4225-a124-62507be3ffd8,B.Cooks,WR,nfl-player-v1,0,0,15.605,1.74,0,0,0,0.005
2025,17,2025_17_PHI_BUF,BUF,00-0035689,83978a45-a7da-408d-a462-426f5444a908,D.Knox,TE,nfl-player-v1,0,0,11.648,1.304,0,0,0.014,0.0139
2025,17,2025_17_PHI_BUF,BUF,00-0036196,8ab795f5-aeff-4a6a-99bd-51e581210daa,G.Davis,WR,nfl-player-v1,0,0,6.136,0.724,0,0,0.008,0.0078
2025,17,2025_17_PHI_BUF,BUF,00-0034857,32369b37-6bce-4910-acfa-f658676697d3,J.Allen,QB,nfl-player-v1,128.878,7.144,0,0,0.917,0.062,0,0.0602
2025,17,2025_17_PHI_BUF,BUF,00-0037248,61da158c-dacb-4567-8ec7-9521d0868e5f,J.Cook,RB,nfl-player-v1,0,51.884,5.492,0.869,0,0.326,0.011,0.2856
2025,17,2025_17_PHI_BUF,BUF,00-0036988,df43fb4f-7e20-4384-83d0-fc24bbea7428,J.Palmer,WR,nfl-player-v1,0,0,7.788,0.908,0,0,0,0.005
2025,17,2025_17_PHI_BUF,BUF,00-0037261,a182f320-892e-4344-8c39-d03ec8d397c4,K.Shakir,WR,nfl-player-v1,0,0,20.104,2.189,0,0,0.047,0.0461
2025,17,2025_17_PHI_BUF,BUF,00-0039875,51239dbe-c985-42a4-bdb6-e31bea991d12,R.Davis,RB,nfl-player-v1,0,8.516,3.258,0.536,0,0,0,0.005
2025,17,2025_17_PHI_BUF,BUF,00-0038679,0007cf4b-7ab2-42a0-a8b5-54ac02754320,T.Shavers,WR,nfl-player-v1,0,0,9.653,1.111,0,0,0,0.005
2025,17,2025_17_PHI_BUF,BUF,00-0035537,7927f661-8fb2-47a7-988d-d39a7c8038be,Ty.Johnson,RB,nfl-player-v1,0,17.316,5.533,0.875,0,0.112,0.011,0.1151
2025,17,2025_17_SEA_CAR,CAR,00-0038840,fd80a968-a921-45e8-a684-5bea39ff69b1,B.Tremayne,WR,nfl-player-v1,0,0,6.901,0.811,0,0,0,0.005
2025,17,2025_17_SEA_CAR,CAR,00-0039150,c28c1088-1b0f-497f-bfdb-1a7a9cde1e89,B.Young,QB,nfl-player-v1,117.987,7.923,0,0,0.804,0.045,0,0.0438
2025,17,2025_17_SEA_CAR,CAR,00-0036555,e4fb467c-29b4-4025-8e7f-05d9ee9ca744,C.Hubbard,RB,nfl-player-v1,0,14.741,6.064,0.95,0,0.122,0.015,0.1286
2025,17,2025_17_SEA_CAR,CAR,00-0039491,0a50de21-d75b-4e1e-86c9-191b0dccffec,J.Coker,WR,nfl-player-v1,0,0,10.054,1.151,0,0,0,0.005
2025,17,2025_17_SEA_CAR,CAR,00-0040218,77922ed5-6b51-4d23-8894-56a5ab1b2c1a,Ji.Horn,WR,nfl-player-v1,0,0,9.822,1.124,0,0,0.031,0.031
2025,17,2025_17_SEA_CAR,CAR,00-0040187,4c908559-bee0-4e03-892b-acb185733f1c,M.Evans,TE,nfl-player-v1,0,0.356,9.738,1.115,0,0,0,0.005
2025,17,2025_17_SEA_CAR,CAR,00-0036139,5247cf70-ccdc-4fee-abb5-56faa544291f,R.Dowdle,RB,nfl-player-v1,0,33.063,8.891,1.34,0,0,0,0.005
2025,17,2025_17_SEA_CAR,CAR,00-0040124,fe874b96-e2c0-4f68-9815-af65b06e6738,T.McMillan,WR,nfl-player-v1,0,0,12.61,1.415,0,0,0,0.005
2025,17,2025_17_SEA_CAR,CAR,00-0037005,2a5af105-ecb4-4ae4-89c6-d47b7b108737,T.Tremble,TE,nfl-player-v1,0,0,7.263,0.848,0,0,0,0.005
2025,17,2025_17_SEA_CAR,CAR,00-0039342,2f0f3999-0f08-41d7-83f3-7bf733899142,X.Legette,WR,nfl-player-v1,0,0,7.263,0.848,0,0,0.024,0.0235
2025,17,2025_17_CHI_SF,CHI,00-0036290,e20adbbe-669d-4d26-b64a-84332cd2acfd,C.Kmet,TE,nfl-player-v1,0,0,9.595,1.108,0,0,0,0.005
2025,17,2025_17_CHI_SF,CHI,00-0040126,20e5eda2-e6a7-45e5-8ed5-958a5d49a8ae,C.Loveland,TE,nfl-player-v1,0,0,24.055,2.605,0,0,0.081,0.0779
2025,17,2025_17_CHI_SF,CHI,00-0039918,d3372f7c-27eb-47ac-9d90-facef898a40f,C.Williams,QB,nfl-player-v1,127.556,7.504,0,0,0.799,0,0,0.005
2025,17,2025_17_CHI_SF,CHI,00-0036331,da35f0f0-d8b2-44df-8247-fd33ae3941f6,D.Duvernay,WR,nfl-player-v1,0,0,6.271,0.741,0,0,0,0.005
2025,17,2025_17_CHI_SF,CHI,00-0034827,d366aedd-7ef1-47c6-a3bb-637a4559f332,D.Moore,WR,nfl-player-v1,0,0,9.34,1.075,0,0,0.017,0.0166
2025,17,2025_17_CHI_SF,CHI,00-0034798,9242a171-f0ef-4b07-a145-63e7b6f3999d,D.Smythe,TE,nfl-player-v1,0,0,6.37,0.75,0,0,0,0.005
2025,17,2025_17_CHI_SF,CHI,00-0036275,49aefcdc-6cec-4beb-84e1-ba08880d15d6,D.Swift,RB,nfl-player-v1,0,31.418,4.758,0.766,0,0.145,0.007,0.1411
2025,17,2025_17_CHI_SF,CHI,00-0040277,9fd386e9-b707-4573-8798-228dfd0586cb,J.Walker,WR,nfl-player-v1,0,0,11.219,1.286,0,0,0.02,0.0198
2025,17,2025_17_CHI_SF,CHI,00-0040236,08e87151-52f8-40cb-a625-42c1703b9eec,K.Monangai,RB,nfl-player-v1,0,28.539,5.545,0.883,0,0.395,0.024,0.3419
2025,17,2025_17_CHI_SF,CHI,00-0040735,7f3e9ce8-9c8d-4d38-b381-3e43b24bf041,L.Burden,WR,nfl-player-v1,0,0,23.313,2.527,0,0,0,0.005
2025,17,2025_17_ARI_CIN,CIN,00-0038619,7da25b9b-7510-4f92-98a5-2cb63cd6aa2d,A.Iosivas,WR,nfl-player-v1,0,0,15.908,1.77,0,0,0,0.005
2025,17,2025_17_ARI_CIN,CIN,00-0038597,5b052584-0cb1-4079-abf3-1c8954958e62,C.Brown,RB,nfl-player-v1,0,56.982,4.896,0.784,0,1.088,0.03,0.6729
2025,17,2025_17_ARI_CIN,CIN,00-0035238,351f4340-a52d-4dfb-bc1e-44e1225ee072,C.Ford,OL,nfl-player-v1,0,0,6.42,0.754,0,0,0,0.005
2025,17,2025_17_ARI_CIN,CIN,00-0035631,9505074b-e13e-401f-a269-a589537be748,D.Sample,TE,nfl-player-v1,0,0,6.42,0.754,0,0,0,0.005
2025,17,2025_17_ARI_CIN,CIN,00-0036442,3f58a998-2d1f-4f95-9c81-9ccd5fa0c8ec,J.Burrow,QB,nfl-player-v1,117.346,5.236,0,0,0.754,0.009,0,0.0087
2025,17,2025_17_ARI_CIN,CIN,00-0036900,fa88fc04-ab72-4b44-b18f-196905155362,J.Chase,WR,nfl-player-v1,0,0,23.308,2.502,0,0,0.041,0.0404
2025,17,2025_17_ARI_CIN,CIN,00-0026158,371e6c01-3f61-411c-8675-13539221ddc9,J.Flacco,QB,nfl-player-v1,102.685,4.741,0,0,0.643,0,0,0.005
2025,17,2025_17_ARI_CIN,CIN,00-0040534,a12ab3ba-14d5-479e-9172-6fceec761f92,K.Williams,WR,nfl-player-v1,0,0,6.42,0.754,0,0,0,0.005
2025,17,2025_17_ARI_CIN,CIN,00-0034829,75916bc5-a3af-4067-9720-00cca5c17ac9,M.Gesicki,TE,nfl-player-v1,0,0,8.195,0.951,0,0,0,0.005
2025,17,2025_17_ARI_CIN,CIN,00-0035644,332e37c2-22e4-4511-931e-c30035cb108d,N.Fant,TE,nfl-player-v1,0,0,5.239,0.618,0,0,0.005,0.0051
2025,17,2025_17_ARI_CIN,CIN,00-0033526,8b7e765c-715a-49e2-b062-5527b649c39c,S.Perine,RB,nfl-player-v1,0,12.805,3.257,0.536,0,0.096,0.008,0.0988
2025,17,2025_17_ARI_CIN,CIN,00-0040208,34145909-5062-44b5-ba0b-f1ae6844bcde,T.Brooks,RB,nfl-player-v1,0,12.705,3.232,0.531,0,0,0,0.005
2025,17,2025_17_ARI_CIN,CIN,00-0036410,891d5ad8-ad2b-40a2-bd88-2f4c64d4009a,T.Higgins,WR,nfl-player-v1,0,0,13.855,1.555,0,0,0.013,0.0127
2025,17,2025_17_ARI_CIN,CIN,00-0034613,5a2238a1-78a9-452b-b3b5-2440c6cc7d92,T.Hudson,TE,nfl-player-v1,0,0,8.195,0.951,0,0,0,0.005
2025,17,2025_17_PIT_CLE,CLE,00-0039458,79f29763-a125-4a22-81e1-644de71db7cd,B.Bates,TE,nfl-player-v1,0,0,7.117,0.832,0,0,0,0.005
2025,17,2025_17_PIT_CLE,CLE,00-0038710,fd1c9066-b003-40c0-ac6f-6c8cab52d183,B.Whiteheart,TE,nfl-player-v1,0,0,6.64,0.781,0,0,0,0.005
2025,17,2025_17_PIT_CLE,CLE,00-0038979,4621b9ce-6bc7-4652-9414-16ff576216df,C.Tillman,WR,nfl-player-v1,0,0,6.97,0.815,0,0,0,0.005
2025,17,2025_17_PIT_CLE,CLE,00-0040162,b934c25d-e16b-4088-ade1-894632b8045f,D.Sampson,RB,nfl-player-v1,0,24.474,4.764,0.75,0,0.75,0.045,0.5485
2025,17,2025_17_PIT_CLE,CLE,00-0040663,62719d0e-0efc-456e-8df8-828cc1cf4abe,H.Fannin,TE,nfl-player-v1,0,0,7.812,0.897,0,0,0,0.005
2025,17,2025_17_PIT_CLE,CLE,00-0040782,3193f354-0b23-4321-b879-2e9fcd02ec84,I.Bond,WR,nfl-player-v1,0,0,6.97,0.815,0,0,0,0.005
2025,17,2025_17_PIT_CLE,CLE,00-0036407,c669f87b-fdf2-458b-92b9-5fc841b4bec5,J.Jeudy,WR,nfl-player-v1,0,0,24.125,2.57,0,0,0,0.005
2025,17,2025_17_PIT_CLE,CLE,00-0039920,f3dfcb32-2500-4f7d-8e4a-0b276a390d97,M.Corley,WR,nfl-player-v1,0,0,6.815,0.797,0,0,0,0.005
2025,17,2025_17_PIT_CLE,CLE,00-0040466,835436b8-2efa-47c1-b062-5211c94de8d0,R.Sanders,RB,nfl-player-v1,0,22.414,4.467,0.717,0,0,0,0.005
2025,17,2025_17_PIT_CLE,CLE,00-0037015,0d23c95e-455b-49ac-b529-bfb3b3e50033,S.Cannella,TE,nfl-player-v1,0,0,13.901,1.558,0,0,0,0.005
2025,17,2025_17_PIT_CLE,CLE,00-0040668,9dd18fe8-369d-4368-9e6e-337bb9bd4bc2,S.Sanders,QB,nfl-player-v1,116.237,6.213,0,0,0.728,0,0,0.005
2025,17,2025_17_PIT_CLE,CLE,00-0035291,f15f44a2-3b1c-41c9-b759-ff8598684e1c,T.Williams,RB,nfl-player-v1,0,10.036,2.471,0.412,0,0,0,0.005
2025,17,2025_17_DAL_WAS,DAL,00-0039530,237d3676-845c-4673-a697-e3100108cb0b,B.Spann-Ford,TE,nfl-player-v1,0,0,7.291,0.851,0,0,0,0.005
2025,17,2025_17_DAL_WAS,DAL,00-0036358,c65ab2ea-a913-4981-964e-e6b3c4c5854e,C.Lamb,WR,nfl-player-v1,0,0,20.927,2.266,0,0,0,0.005
2025,17,2025_17_DAL_WAS,DAL,00-0033077,6b202b45-4554-4645-8ff5-4ee830907717,D.Prescott,QB,nfl-player-v1,118.523,5.542,0,0,0.742,0,0,0.005
2025,17,2025_17_DAL_WAS,DAL,00-0037247,35484e4c-03b7-453e-80fd-be2fa1ac62aa,G.Pickens,WR,nfl-player-v1,0,0,12.265,1.383,0,0,0,0.005
2025,17,2025_17_DAL_WAS,DAL,00-0038738,7d6dc53b-3a2a-4006-8120-947f79a43223,H.Luepke,RB,nfl-player-v1,0,18.39,3.124,0.514,0,0,0,0.005
2025,17,2025_17_DAL_WAS,DAL,00-0038041,631385df-a7e6-4eb7-8b2b-e19769a2551f,J.Ferguson,TE,nfl-player-v1,0,0,7.291,0.851,0,0,0.026,0.0261
2025,17,2025_17_DAL_WAS,DAL,00-0039062,9ccfb4de-aeab-45fa-8e80-3ab0f0811d1f,J.Mingo,WR,nfl-player-v1,0,0,5.904,0.697,0,0,0,0.005
2025,17,2025_17_DAL_WAS,DAL,00-0037666,68f4a835-6990-4ab8-a10f-db8aa110439f,J.Tolbert,WR,nfl-player-v1,0,0,17.077,1.883,0,0,0.029,0.0289
2025,17,2025_17_DAL_WAS,DAL,00-0036997,75533a5b-1037-45da-a572-2ccf5f61abc0,J.Williams,RB,nfl-player-v1,0,29.216,3.74,0.608,0,0.546,0.022,0.433
2025,17,2025_17_DAL_WAS,DAL,00-0037801,7bb83a46-749f-471f-9876-9b2893c636f8,K.Turpin,WR,nfl-player-v1,0,0,6.262,0.737,0,0,0,0.005
2025,17,2025_17_DAL_WAS,DAL,00-0038547,7df365f8-b808-4ecf-8454-fe5ccbc0e2f4,L.Schoonmaker,TE,nfl-player-v1,0,0,7.588,0.882,0,0,0,0.005
2025,17,2025_17_DAL_WAS,DAL,00-0037563,8ff15410-a25d-420e-a8c8-f07173b07ff5,M.Davis,RB,nfl-player-v1,0,41.923,3.74,0.608,0,0.194,0.005,0.1805
2025,17,2025_17_DEN_KC,DEN,00-0036727,2e3ef41a-d0ea-473a-b249-559f5a424df1,A.Prentice,RB,nfl-player-v1,0,10.389,2.471,0.412,0,0.024,0.002,0.025
2025,17,2025_17_DEN_KC,DEN,00-0036422,b141ab2c-c6c5-49b2-94f4-781604cbeb98,A.Trautman,TE,nfl-player-v1,0,0,7.977,0.928,0,0,0,0.005
2025,17,2025_17_DEN_KC,DEN,00-0039732,40159058-8f61-4120-8323-ec81eaeff8ce,B.Nix,QB,nfl-player-v1,127.378,8.03,0,0,0.891,0.06,0,0.0579
2025,17,2025_17_DEN_KC,DEN,00-0034348,017301c4-fe49-48a1-a533-db70f693a734,C.Sutton,WR,nfl-player-v1,0,0,21.838,2.373,0,0,0.052,0.0511
2025,17,2025_17_DEN_KC,DEN,00-0033881,44ecc125-b690-4177-93f9-f03d50825239,E.Engram,TE,nfl-player-v1,0,0,11.023,1.253,0,0,0.018,0.0183
2025,17,2025_17_DEN_KC,DEN,00-0038794,5c36d9ad-e706-41e2-901b-a2619071857f,J.McLaughlin,RB,nfl-player-v1,0,21.229,2.48,0.413,0,0.048,0.002,0.0482
2025,17,2025_17_DEN_KC,DEN,00-0035406,24fa8fd8-69ba-45e6-b4b2-b530f48b8c92,L.Humphrey,WR,nfl-player-v1,0,0,12.248,1.392,0,0,0.01,0.0102
2025,17,2025_17_DEN_KC,DEN,00-0036959,a9459192-652d-45dc-88f6-5c3d5d23f12e,M.Bandy,WR,nfl-player-v1,0,0,7.812,0.909,0,0,0,0.005
2025,17,2025_17_DEN_KC,DEN,00-0038976,d99e2c6d-aef8-4250-9bec-3a167ae51085,M.Mims,WR,nfl-player-v1,0,0,10.854,1.238,0,0,0.009,0.0091
2025,17,2025_17_DEN_KC,DEN,00-0040730,f30905bf-54ce-4e54-8ae4-38b278499802,R.Harvey,RB,nfl-player-v1,0,38.585,6.994,1.086,0,0.248,0.014,0.2303
2025,17,2025_17_DEN_KC,DEN,00-0039868,128fd135-fb3e-451e-8135-52d9465c4154,T.Franklin,WR,nfl-player-v1,0,0,11.023,1.253,0,0,0.009,0.0092
2025,17,2025_17_DET_MIN,DET,00-0033455,927ee7f8-66ac-4b7a-9998-56e07a422933,A.Firkser,TE,nfl-player-v1,0,0,6.299,0.742,0,0,0,0.005
2025,17,2025_17_DET_MIN,DET,00-0036963,01542f54-ce56-438f-a484-c6bc9b77aabd,A.St. Brown,WR,nfl-player-v1,0,0,32.537,3.316,0,0,0.052,0.0503
2025,17,2025_17_DET_MIN,DET,00-0035685,65151ce5-a920-4dc2-8bb0-ad8bdeea7a46,D.Montgomery,RB,nfl-player-v1,0,23.057,3.529,0.57,0,0.321,0.015,0.2852
2025,17,2025_17_DET_MIN,DET,00-0035956,5197b1dd-c28f-49ae-b08c-d8beb6bdcae1,G.Ricci,TE,nfl-player-v1,0,0,6.299,0.742,0,0,0.012,0.0115
2025,17,2025_17_DET_MIN,DET,00-0040669,4933a1b2-3cd6-4268-a60f-3b7b98622bbf,I.TeSlaa,WR,nfl-player-v1,0,0,12.565,1.419,0,0,0.022,0.0218
2025,17,2025_17_DET_MIN,DET,00-0039139,29347caa-e7e1-4745-a79a-e2a210fe4fda,J.Gibbs,RB,nfl-player-v1,0,42.409,5.011,0.798,0,0.385,0.014,0.3294
2025,17,2025_17_DET_MIN,DET,00-0033106,a631bebf-08bd-40de-b474-1e57605a1574,J.Goff,QB,nfl-player-v1,114.966,5.527,0,0,0.72,0,0,0.005
2025,17,2025_17_DET_MIN,DET,00-0037240,975d437e-c293-4704-8573-68420a22d271,J.Williams,WR,nfl-player-v1,0,0,10.289,1.178,0,0,0,0.005
2025,17,2025_17_DET_MIN,DET,00-0032464,1525a1a7-7b4c-4fc8-82e3-d0e3d8049507,K.Raymond,WR,nfl-player-v1,0,0,8.156,0.947,0,0,0,0.005
2025,17,2025_17_BAL_GB,GB,00-0037091,e71f068d-ac9d-4f78-8099-e1eea965dc74,B.Melton,DB,nfl-player-v1,0,0,10.1,1.155,0,0,0,0.005
2025,17,2025_17_BAL_GB,GB,00-0038685,18850ce4-973b-4e21-a03e-aa04864658c8,C.Brooks,RB,nfl-player-v1,0,6.249,4.674,0.752,0,0.038,0.009,0.0456
2025,17,2025_17_BAL_GB,GB,00-0038582,da4478fb-6db4-42cc-94a5-bc33107fdd43,C.Tune,QB,nfl-player-v1,91.824,4.231,0,0,0.575,0,0,0.005
2025,17,2025_17_BAL_GB,GB,00-0038124,12c85e25-4ab3-432a-8046-7f8b9f971f0e,C.Watson,WR,nfl-player-v1,0,0,19.407,2.103,0,0,0,0.005
2025,17,2025_17_BAL_GB,GB,00-0038393,c2ac0493-43d7-454b-9733-3e8161530921,D.Wicks,WR,nfl-player-v1,0,0,7.347,0.86,0,0,0,0.005
2025,17,2025_17_BAL_GB,GB,00-0038797,6572040d-90dd-479c-8d99-faf7175127c3,E.Wilson,RB,nfl-player-v1,0,15.158,3.615,0.592,0,0,0,0.005
2025,17,2025_17_BAL_GB,GB,00-0035700,1d87d00a-50b3-494c-a764-c0ff40e2a701,J.Jacobs,RB,nfl-player-v1,0,18.212,3.628,0.594,0,0.22,0.014,0.2082
2025,17,2025_17_BAL_GB,GB,00-0039146,a7d95c35-eb3d-4b5e-a2b2-99a22df56259,J.Reed,WR,nfl-player-v1,0,0,15.673,1.745,0,0,0,0.005
2025,17,2025_17_BAL_GB,GB,00-0038589,347e102e-5af8-471f-a451-d916b09ab96c,J.Whyle,TE,nfl-player-v1,0,0,7.347,0.86,0,0,0,0.005
2025,17,2025_17_BAL_GB,GB,00-0040667,21d63dde-da33-498d-8984-467c8fa08df0,M.Golden,WR,nfl-player-v1,0,0,11.892,1.36,0,0,0,0.005
2025,17,2025_17_BAL_GB,GB,00-0038128,c85912e0-7ec0-44a3-99c5-3ebb79d217a8,M.Willis,QB,nfl-player-v1,108.195,9.598,0,0,0.806,0.116,0,0.1097
2025,17,2025_17_BAL_GB,GB,00-0037816,a5673ce8-e626-4f8f-a1c0-7864036be6a3,R.Doubs,WR,nfl-player-v1,0,0,13.085,1.481,0,0,0,0.005
2025,17,2025_17_HOU_LAC,HOU,00-0034775,f9dd5323-f4d9-447e-8f5d-3e07ccece524,C.Kirk,WR,nfl-player-v1,0,0,14.289,1.596,0,0,0,0.005
2025,17,2025_17_HOU_LAC,HOU,00-0039163,5580f3af-a69b-4d18-aa9e-f9f360bb7daf,C.Stroud,QB,nfl-player-v1,112.402,4.815,0,0,0.704,0,0,0.005
2025,17,2025_17_HOU_LAC,HOU,00-0034383,fe4c4fa7-73c1-43b7-8823-e75c27674ec2,D.Schultz,TE,nfl-player-v1,0,0,12.759,1.433,0,0,0,0.005
2025,17,2025_17_HOU_LAC,HOU,00-0040130,321f2f7a-617b-4114-867a-7188cd496cff,J.Higgins,WR,nfl-player-v1,0,0,12.331,1.392,0,0,0,0.005
2025,17,2025_17_HOU_LAC,HOU,00-0039405,cc16131b-26f3-4e7b-8b52-32f7885b2adf,J.Jordan,RB,nfl-player-v1,0,20.678,2.471,0.412,0,0,0,0.005
2025,17,2025_17_HOU_LAC,HOU,00-0040138,e514b85a-324e-406e-880e-9c49fe37b12d,J.Noel,WR,nfl-player-v1,0,0.265,12.545,1.403,0,0.002,0.098,0.0954
2025,17,2025_17_HOU_LAC,HOU,00-0034791,489002b7-b67b-4d6a-80d9-6000e716b0ce,N.Chubb,RB,nfl-player-v1,0,7.934,2.471,0.412,0,0,0,0.005
2025,17,2025_17_HOU_LAC,HOU,00-0036554,b8dae940-0938-432d-9b8c-3fc0ae4c8906,N.Collins,WR,nfl-player-v1,0,0,12.746,1.431,0,0,0,0.005
2025,17,2025_17_HOU_LAC,HOU,00-0040583,370bcf5e-ca00-4e72-b138-115538bdc569,W.Marks,RB,nfl-player-v1,0,43.16,4.21,0.678,0,0,0,0.005
2025,17,2025_17_HOU_LAC,HOU,00-0038618,e432064c-a8c6-4b83-8119-a0bf2e30fa6f,X.Hutchinson,WR,nfl-player-v1,0,0.269,10.53,1.196,0,0,0,0.005
2025,17,2025_17_JAX_IND,IND,00-0032104,39c8ad89-a95a-4486-8c3d-ef8312e6ac3f,A.Abdullah,RB,nfl-player-v1,0,6.189,3.38,0.555,0,0,0,0.005
2025,17,2025_17_JAX_IND,IND,00-0037664,6b78568e-15e7-485d-ab78-b85134c79c82,A.Pierce,WR,nfl-player-v1,0,0,14.813,1.677,0,0,0,0.005
2025,17,2025_17_JAX_IND,IND,00-0038997,5da8b083-96f7-43b0-8b97-365397bd59e6,J.Downs,WR,nfl-player-v1,0,0,15.499,1.74,0,0,0.022,0.0219
2025,17,2025_17_JAX_IND,IND,00-0036223,d93096a9-946b-4b3c-a3b5-7a1498c91cae,J.Taylor,RB,nfl-player-v1,0,62.233,8.73,1.331,0,1.438,0.068,0.7781
2025,17,2025_17_JAX_IND,IND,00-0033217,97978f02-25a5-40fd-972c-1321c2671005,M.Alie-Cox,TE,nfl-player-v1,0,0,11.438,1.303,0,0,0.017,0.0165
2025,17,2025_17_JAX_IND,IND,00-0036252,8b257ca3-4915-4a9f-9cc7-70bd81d7af59,M.Pittman,WR,nfl-player-v1,0,0,10.906,1.248,0,0,0.016,0.0158
2025,17,2025_17_JAX_IND,IND,00-0022942,fd220237-3c3f-4c15-8aa0-6fe29c030516,P.Rivers,QB,nfl-player-v1,114.068,4.307,0,0,0.714,0,0,0.005
2025,17,2025_17_JAX_IND,IND,00-0040206,84183f30-4aea-4c0e-a5ee-3e0d078d504e,R.Leonard,QB,nfl-player-v1,99.133,4.235,0,0,0.621,0,0,0.005
2025,17,2025_17_JAX_IND,IND,00-0040128,e72096d9-8234-4879-b3b4-9fd4bf4aac4e,T.Warren,TE,nfl-player-v1,0,0,16.716,1.852,0,0,0,0.005
2025,17,2025_17_JAX_IND,IND,00-0038394,54bdcf09-df3b-4101-80b8-bfe0baa1c262,W.Mallory,TE,nfl-player-v1,0,0,6.808,0.799,0,0,0,0.005
2025,17,2025_17_JAX_IND,JAX,00-0038935,80a87ed4-7f37-41e3-80a9-7f6581431750,B.Strange,TE,nfl-player-v1,0,0,12.767,1.445,0,0,0.022,0.0222
2025,17,2025_17_JAX_IND,JAX,00-0039893,2dc8cd75-0a7b-413d-a5a0-3a21b2e1dbc9,B.Thomas,WR,nfl-player-v1,0,0,16.482,1.831,0,0,0,0.005
2025,17,2025_17_JAX_IND,JAX,00-0036425,ecbca70b-71e1-43f2-bf2b-218d9cbe26b0,D.Dallas,RB,nfl-player-v1,0,10.585,3.123,0.514,0,0,0,0.005
2025,17,2025_17_JAX_IND,JAX,00-0034960,55480340-bb90-4518-9695-e85dd3d36015,J.Meyers,WR,nfl-player-v1,0,0,20.999,2.283,0,0,0.036,0.0349
2025,17,2025_17_JAX_IND,JAX,00-0033246,0c3ec903-9025-436a-9ef3-d9eee09e93fb,J.Mundt,TE,nfl-player-v1,0,0,6.046,0.714,0,0,0,0.005
2025,17,2025_17_JAX_IND,JAX,00-0040238,1fbfbedc-81ed-40ea-8bac-2007ea616902,L.Allen,RB,nfl-player-v1,0,8.341,2.471,0.412,0,0,0,0.005
2025,17,2025_17_JAX_IND,JAX,00-0038606,ba986501-71a5-4c41-8836-02933c11efda,P.Washington,WR,nfl-player-v1,0,0.29,23.727,2.533,0,0.001,0.079,0.0767
2025,17,2025_17_JAX_IND,JAX,00-0036973,13c9b1da-11e5-44db-b6e2-2ce94a697d63,T.Etienne,RB,nfl-player-v1,0,45.825,4.598,0.739,0,0.418,0.013,0.3504
2025,17,2025_17_JAX_IND,JAX,00-0036971,d0738d0d-7cc8-49b9-882e-a1fb536c47e7,T.Lawrence,QB,nfl-player-v1,127.411,8.211,0,0,0.876,0.052,0,0.0504
2025,17,2025_17_JAX_IND,JAX,00-0033375,0d4b90d7-5de5-47f3-a213-f10b8c403998,T.Patrick,WR,nfl-player-v1,0,0,6.177,0.729,0,0,0,0.005
2025,17,2025_17_DEN_KC,KC,00-0040078,65158854-c056-46f0-a185-79af3db336de,B.Smith,RB,nfl-player-v1,0,6.385,7.682,1.176,0,0.038,0.013,0.0501
2025,17,2025_17_DEN_KC,KC,00-0037324,2dc8197d-32c4-4dd0-b6fe-204644d5c94e,C.Oladokun,QB,nfl-player-v1,110.212,5.484,0,0,0.734,0.023,0,0.0229
2025,17,2025_17_DEN_KC,KC,00-0037197,f48b3351-0deb-4a52-9790-5631073f3d2c,I.Pacheco,RB,nfl-player-v1,0,28.577,2.471,0.412,0,0.342,0.009,0.2966
2025,17,2025_17_DEN_KC,KC,00-0033857,934d9980-bd65-441a-8b3b-b51144ba8f5a,J.Smith-Schuster,WR,nfl-player-v1,0,0,13.525,1.514,0,0,0,0.005
2025,17,2025_17_DEN_KC,KC,00-0033923,0ab5a80d-1207-4385-8df5-2f776ac16816,K.Hunt,RB,nfl-player-v1,0,23.649,2.489,0.415,0,0.143,0.005,0.137
2025,17,2025_17_DEN_KC,KC,00-0035662,48a61718-24ab-4c6a-946e-56764c8f0206,M.Brown,WR,nfl-player-v1,0,0,12.593,1.427,0,0,0,0.005
2025,17,2025_17_DEN_KC,KC,00-0036637,d6bb9e59-3e25-468e-9bb1-ea8b5eccfdff,N.Gray,TE,nfl-player-v1,0,0,7.403,0.863,0,0,0,0.005
2025,17,2025_17_DEN_KC,KC,00-0030506,6e6da15e-254a-4ee3-b0c8-2eaf5875f22f,T.Kelce,TE,nfl-player-v1,0,0,24.668,2.621,0,0,0.052,0.0511
2025,17,2025_17_DEN_KC,KC,00-0039894,13377595-68fc-4870-b538-55539284b2d2,X.Worthy,WR,nfl-player-v1,0,0.422,12.325,1.396,0,0,0,0.005
2025,17,2025_17_LA_ATL,LA,00-0039738,e5a46115-0912-415a-b0ef-fc6459391e9c,B.Corum,RB,nfl-player-v1,0,23.275,2.471,0.412,0,0,0,0.005
2025,17,2025_17_LA_ATL,LA,00-0036244,5bfdeab0-8d49-4746-a2be-60598dcbcf43,C.Parkinson,TE,nfl-player-v1,0,0,19.593,2.157,0,0,0.038,0.037
2025,17,2025_17_LA_ATL,LA,00-0040590,802a6e31-ba99-42c3-b0dc-94b4eee5aab9,K.Mumpfield,WR,nfl-player-v1,0,0,13.893,1.576,0,0,0.055,0.0537
2025,17,2025_17_LA_ATL,LA,00-0037840,d499f341-a8ae-4bc2-a2d0-09cbdcbc82c8,K.Williams,RB,nfl-player-v1,0,45.743,5.096,0.818,0,0.469,0.016,0.3843
2025,17,2025_17_LA_ATL,LA,00-0026498,7fc98b95-d8a9-461b-895c-675c835c87a6,M.Stafford,QB,nfl-player-v1,120.248,4.343,0,0,0.753,0,0,0.005
2025,17,2025_17_LA_ATL,LA,00-0039075,cc8ed8e0-fd25-4c8f-bc2e-7c8b1975f241,P.Nacua,WR,nfl-player-v1,0,0,26.533,2.864,0,0,0.05,0.0489
2025,17,2025_17_LA_ATL,LA,00-0037557,d319398e-5718-4df6-ad86-c4a7fcc3ce59,R.Rivers,RB,nfl-player-v1,0,9.136,2.52,0.42,0,0,0,0.005
2025,17,2025_17_LA_ATL,LA,00-0036849,ee96a79b-a709-457f-a28b-3c704a468920,T.Atwell,WR,nfl-player-v1,0,0,6.304,0.744,0,0,0,0.005
2025,17,2025_17_LA_ATL,LA,00-0040737,4338c37a-86fe-4f3d-9b1e-af899ef9146b,T.Ferguson,TE,nfl-player-v1,0,0,12.011,1.373,0,0,0,0.005
2025,17,2025_17_LA_ATL,LA,00-0038359,ff0a0568-448e-46fb-88fa-838eb9c13099,X.Smith,WR,nfl-player-v1,0,0,16.595,1.854,0,0,0.032,0.0319
2025,17,2025_17_HOU_LAC,LAC,00-0036355,86721778-e183-4522-8ddc-55e00f17fbe7,J.Herbert,QB,nfl-player-v1,127.54,8.094,0,0,0.799,0,0,0.005
2025,17,2025_17_HOU_LAC,LAC,00-0036755,a58328de-728b-4d76-84ca-804686864dfc,J.Patterson,RB,nfl-player-v1,0,8.632,2.471,0.412,0,0,0,0.005
2025,17,2025_17_HOU_LAC,LAC,00-0030279,60f4cd06-05df-4280-add3-4cecee3a82d3,K.Allen,WR,nfl-player-v1,0,0,10.64,1.226,0,0,0.012,0.0122
2025,17,2025_17_HOU_LAC,LAC,00-0040184,e89ed330-2fe2-43ee-be6c-0fe8db74e4bf,K.Lambert-Smith,WR,nfl-player-v1,0,0,6.447,0.76,0,0,0,0.005
2025,17,2025_17_HOU_LAC,LAC,00-0039915,7f5bf6e3-b07c-4361-bc95-0311908c7bf8,L.McConkey,WR,nfl-player-v1,0,0,8.462,0.984,0,0,0.01,0.0098
2025,17,2025_17_HOU_LAC,LAC,00-0040189,070528cf-a9c0-48c4-a759-be8a5cd3922f,O.Gadsden,TE,nfl-player-v1,0,0,17.537,1.95,0,0,0.058,0.0568
2025,17,2025_17_HOU_LAC,LAC,00-0040666,16cd7307-da4f-405d-a98d-e8bb22f5599f,O.Hampton,RB,nfl-player-v1,0,45.27,11.098,1.656,0,0.512,0.038,0.4228
2025,17,2025_17_HOU_LAC,LAC,00-0038544,eb41f78e-bfc6-47e4-8f04-1d8b1231218f,Q.Johnston,WR,nfl-player-v1,0,0,23.55,2.552,0,0,0.051,0.0498
2025,17,2025_17_HOU_LAC,LAC,00-0040727,ff157432-dabf-43cf-96af-8ff8ebad77a9,T.Harris,WR,nfl-player-v1,0,0.372,6.762,0.789,0,0,0.008,0.0083
2025,17,2025_17_HOU_LAC,LAC,00-0034159,6a67a584-8cf6-417f-90b0-34a7577fc8da,W.Dissly,TE,nfl-player-v1,0,0,8.625,0.999,0,0,0.01,0.0099
2025,17,2025_17_NYG_LV,LV,00-0040122,959ec041-e728-44e5-862c-b08ffa61a3f4,A.Jeanty,RB,nfl-player-v1,0,49.06,4.514,0.729,0,0.499,0.015,0.4015
2025,17,2025_17_NYG_LV,LV,00-0040581,5e310480-4f70-4fd6-9ede-56c1b6664853,D.Thornton,WR,nfl-player-v1,0,0,13.785,1.56,0,0,0.027,0.0269
2025,17,2025_17_NYG_LV,LV,00-0030565,47424b84-c636-49c2-8a25-9d3de0d3b504,G.Smith,QB,nfl-player-v1,111.941,4.75,0,0,0.74,0.017,0,0.0173
2025,17,2025_17_NYG_LV,LV,00-0038102,ebe0b8de-695b-4d82-984f-1000e7f01541,K.Pickett,QB,nfl-player-v1,97.418,4.085,0,0,0.61,0,0,0.005
2025,17,2025_17_NYG_LV,LV,00-0039066,44db107c-a7ce-49ae-ba2b-dc3ae85181a0,M.Mayer,TE,nfl-player-v1,0,0,35.141,3.64,0,0,0.064,0.0617
2025,17,2025_17_NYG_LV,LV,00-0038891,504cff6d-96bf-4947-9b02-fdeca09ae23a,S.Jackson,WR,nfl-player-v1,0,0,11.319,1.294,0,0,0,0.005
2025,17,2025_17_NYG_LV,LV,00-0032211,766ec4f5-92c5-4b06-a338-38a14f175030,T.Lockett,WR,nfl-player-v1,0,0,11.708,1.338,0,0,0.023,0.0232
2025,17,2025_17_NYG_LV,LV,00-0038563,b59c0df7-c6c7-412f-8abd-2bf54a74bfa2,T.Tucker,WR,nfl-player-v1,0,0.826,20.307,2.198,0,0.002,0.038,0.0393
2025,17,2025_17_NYG_LV,LV,00-0038040,11dae0b0-f3a8-420b-bdc3-bc358c4dcb0e,Z.White,RB,nfl-player-v1,0,8.64,2.471,0.412,0,0,0,0.005
2025,17,2025_17_TB_MIA,MIA,00-0034418,30d562b8-8bd4-40b9-ae00-49cf338a8734,C.Wilson,WR,nfl-player-v1,0,0,8.757,1.01,0,0,0.016,0.0156
2025,17,2025_17_TB_MIA,MIA,00-0039040,f169e606-4f09-4947-8eef-b701b27cf612,D.Achane,RB,nfl-player-v1,0,41.002,5.632,0.885,0,0.183,0.008,0.1741
2025,17,2025_17_TB_MIA,MIA,00-0031610,f3ad686a-917f-495c-ba19-e67e7b21dad5,D.Waller,TE,nfl-player-v1,0,0,11.146,1.27,0,0,0,0.005
2025,17,2025_17_TB_MIA,MIA,00-0037252,cb3d52be-8be1-4f0f-9853-bb42f129ee5f,G.Dulcich,TE,nfl-player-v1,0,0.3,20.28,2.167,0,0.002,0.135,0.128
2025,17,2025_17_TB_MIA,MIA,00-0038720,bf7b51db-74d4-4563-aeff-8dc9157a1c69,J.Hill,TE,nfl-player-v1,0,0,8.784,1.013,0,0,0,0.005
2025,17,2025_17_TB_MIA,MIA,00-0036613,f6b9b938-482f-4332-96e6-e3e566d9efb2,J.Waddle,WR,nfl-player-v1,0,0.294,6.725,0.786,0,0,0,0.005
2025,17,2025_17_TB_MIA,MIA,00-0039874,53edb104-26c4-438b-8ac5-edf35458e1c6,J.Wright,RB,nfl-player-v1,0,15.16,2.507,0.418,0,0,0,0.005
2025,17,2025_17_TB_MIA,MIA,00-0039880,9f759ea4-6e4c-44b2-9eb1-44640e42493b,M.Washington,WR,nfl-player-v1,0,0.291,10.966,1.243,0,0.001,0.019,0.0196
2025,17,2025_17_TB_MIA,MIA,00-0040234,657dda04-3090-4b51-a042-ed172ce632f2,Q.Ewers,QB,nfl-player-v1,114.228,5.288,0,0,0.75,0.017,0,0.0165
2025,17,2025_17_TB_MIA,MIA,00-0040311,95e7d98d-3b0e-42aa-90d3-4ef7b44feba0,T.Wease,WR,nfl-player-v1,0,0,6.881,0.804,0,0,0,0.005
2025,17,2025_17_DET_MIN,MIN,00-0033293,35923ea3-b4c5-42ac-b0eb-c748169e8cdf,A.Jones,RB,nfl-player-v1,0,42.011,9.484,1.406,0,1.101,0.075,0.6916
2025,17,2025_17_DET_MIN,MIN,00-0038809,ae9c14bb-de54-4cc9-8a98-0b1ab5806ae9,B.Sims,TE,nfl-player-v1,0,0,7.836,0.907,0,0,0,0.005
2025,17,2025_17_DET_MIN,MIN,00-0038994,5ce4d5c2-18c4-4c4d-b3a0-039eb4a3d989,J.Addison,WR,nfl-player-v1,0,0.289,7.578,0.88,0,0,0,0.005
2025,17,2025_17_DET_MIN,MIN,00-0036322,9bd851b9-cba5-4c2a-989a-792d495db187,J.Jefferson,WR,nfl-player-v1,0,0,25.686,2.699,0,0,0.063,0.061
2025,17,2025_17_DET_MIN,MIN,00-0037291,3c26dce6-b5d7-4026-b212-1b22c6b4a9e7,J.Nailor,WR,nfl-player-v1,0,0,7.522,0.879,0,0,0,0.005
2025,17,2025_17_DET_MIN,MIN,00-0035249,92cb0b66-4a07-426a-87cb-4c104a63b111,J.Oliver,TE,nfl-player-v1,0,0,11.132,1.265,0,0,0,0.005
2025,17,2025_17_DET_MIN,MIN,00-0040494,5de9bd7e-1e94-4286-a652-760935b7f982,M.Brosmer,QB,nfl-player-v1,104.821,4.806,0,0,0.656,0,0,0.005
2025,17,2025_17_DET_MIN,MIN,00-0037276,de14a401-2264-4951-87e1-e7a273cd6d83,T.Chandler,RB,nfl-player-v1,0,18.699,2.524,0.421,0,0,0,0.005
2025,17,2025_17_NE_NYJ,NE,00-0032392,da501cdf-983b-48c5-9918-7569b745567c,A.Hooper,TE,nfl-player-v1,0,0,8.462,0.975,0,0,0.01,0.0097
2025,17,2025_17_NE_NYJ,NE,00-0038621,bc093a81-2f9d-44f8-85cc-cb7d3f539296,D.Douglas,WR,nfl-player-v1,0,0,6.862,0.794,0,0,0,0.005
2025,17,2025_17_NE_NYJ,NE,00-0035628,f608ee90-c986-469d-b0d7-f7af91010dc5,D.Johnson,RB,nfl-player-v1,0,12.839,2.471,0.412,0,0,0,0.005
2025,17,2025_17_NE_NYJ,NE,00-0039851,c18b2fe3-1746-464c-9604-91eca99e8c5c,D.Maye,QB,nfl-player-v1,111.884,5.646,0,0,0.723,0.011,0,0.0113
2025,17,2025_17_NE_NYJ,NE,00-0040563,d6ce8d4c-60a3-46be-a6b1-704a8044fe57,E.Chism,WR,nfl-player-v1,0,0,8.462,0.975,0,0,0.01,0.0097
2025,17,2025_17_NE_NYJ,NE,00-0033090,835b972d-7fc1-48d2-bfb6-4ad15a30a0a1,H.Henry,TE,nfl-player-v1,0,0,10.58,1.199,0,0,0.024,0.0237
2025,17,2025_17_NE_NYJ,NE,00-0033949,d1f89fac-509c-44c6-92ab-7c667d39aac0,J.Dobbs,QB,nfl-player-v1,99.347,4.235,0,0,0.622,0,0,0.005
2025,17,2025_17_NE_NYJ,NE,00-0040131,8490b4f2-0ce0-429e-93d9-e5bf60f69adf,K.Williams,WR,nfl-player-v1,0,0,14.348,1.591,0,0,0,0.005
2025,17,2025_17_NE_NYJ,NE,00-0036875,64641499-cd80-4cac-adcf-0272f37d57cc,R.Stevenson,RB,nfl-player-v1,0,20.89,7.036,1.076,0,0.122,0.012,0.1256
2025,17,2025_17_NE_NYJ,NE,00-0031588,8ea2703a-b355-44a5-a0d5-3ade7964e460,S.Diggs,WR,nfl-player-v1,0,0,18.114,1.958,0,0,0.02,0.0194
2025,17,2025_17_NE_NYJ,NE,00-0040734,8c7fdfc1-da82-46bd-8059-d38dfc782a85,T.Henderson,RB,nfl-player-v1,0,40.126,2.545,0.424,0,0.595,0.012,0.4552
2025,17,2025_17_NO_TEN,NO,00-0039373,477881e2-4f41-4c00-9edc-918d69b23eaa,A.Estime,RB,nfl-player-v1,0,37.768,3.392,0.556,0,0.26,0.007,0.2344
2025,17,2025_17_NO_TEN,NO,00-0037239,3d8e6090-ab45-4750-a145-b5bc16812bc8,C.Olave,WR,nfl-player-v1,0,0,31.651,3.246,0,0,0.151,0.1406
2025,17,2025_17_NO_TEN,NO,00-0034860,12e86754-f8a5-4373-b084-302c36dbc6a6,D.Pettis,WR,nfl-player-v1,0,0,13.487,1.516,0,0,0,0.005
2025,17,2025_17_NO_TEN,NO,00-0038397,48370aff-6673-4368-a31b-5328ac46e109,E.Hull,RB,nfl-player-v1,0,10.463,2.471,0.412,0,0,0,0.005
2025,17,2025_17_NO_TEN,NO,00-0036040,e10fc805-9026-4fe2-8714-d074bd8ca1be,J.Johnson,TE,nfl-player-v1,0,0,14.048,1.572,0,0,0,0.005
2025,17,2025_17_NO_TEN,NO,00-0037231,389896d3-fe13-4951-a2cc-c9cb4ae0d189,K.Austin,WR,nfl-player-v1,0,0,16.312,1.807,0,0,0.042,0.0413
2025,17,2025_17_NO_TEN,NO,00-0040244,3f1d34f9-68b3-4b58-acce-e0e242578e42,M.Matavao,TE,nfl-player-v1,0,0,8.868,1.023,0,0,0,0.005
2025,17,2025_17_NO_TEN,NO,00-0033357,5034d52d-1292-4d87-a545-ef53884ca7e1,T.Hill,QB,nfl-player-v1,101.595,6.076,0,0,0.636,0,0,0.005
2025,17,2025_17_NO_TEN,NO,00-0040743,c6b16d75-657b-44a5-9bf9-033769fc3460,T.Shough,QB,nfl-player-v1,118.548,6.341,0,0,0.797,0.03,0,0.0294
2025,17,2025_17_NYG_LV,NYG,00-0038115,7902e063-be70-413b-92a0-7ed450db8b6b,D.Bellinger,TE,nfl-player-v1,0,0,10.312,1.181,0,0,0.01,0.0103
2025,17,2025_17_NYG_LV,NYG,00-0035250,e7d55b0c-e17e-4747-9f12-d3c5933b5e3e,D.Singletary,RB,nfl-player-v1,0,23.217,6.012,0.943,0,0.12,0.009,0.1212
2025,17,2025_17_NYG_LV,NYG,00-0035535,2e5cbb33-2ffd-4dc1-af97-8edb43d325e6,D.Slayton,WR,nfl-player-v1,0,0,10.312,1.181,0,0,0.01,0.0103
2025,17,2025_17_NYG_LV,NYG,00-0035645,2d7eb92c-9618-4cf0-ae6f-cd4e3f9bfcbc,G.Olszewski,WR,nfl-player-v1,0,0,6.58,0.772,0,0,0,0.005
2025,17,2025_17_NYG_LV,NYG,00-0036165,dce9cd84-7353-418c-969b-4a3ada196987,I.Hodgins,WR,nfl-player-v1,0,0,8.181,0.95,0,0,0.008,0.0083
2025,17,2025_17_NYG_LV,NYG,00-0040691,df2c09c5-74cd-4fdf-907d-3b98983c4c2b,J.Dart,QB,nfl-player-v1,120.288,7.271,0,0,0.795,0.026,0,0.0259
2025,17,2025_17_NYG_LV,NYG,00-0039384,5f99ad3b-ac4f-409e-8699-ac3ba697ade3,T.Tracy,RB,nfl-player-v1,0,35.5,4.092,0.661,0,0.459,0.017,0.3784
2025,17,2025_17_NYG_LV,NYG,00-0038117,36776784-59f3-4a60-a1e7-609889d4b6cb,W.Robinson,WR,nfl-player-v1,0,0,44.183,4.408,0,0,0.116,0.1093
2025,17,2025_17_NE_NYJ,NYJ,00-0039634,1bc93578-d45e-41c1-ac29-61cb5d7b352c,A.McNamara,P,nfl-player-v1,0,0,4.804,0.569,0,0,0,0.005
2025,17,2025_17_NE_NYJ,NYJ,00-0039890,87520ab1-0a67-4521-b031-0a45fa108796,A.Mitchell,WR,nfl-player-v1,0,0,22.148,2.406,0,0,0.031,0.0302
2025,17,2025_17_NE_NYJ,NYJ,00-0040582,fa3a3931-e2a2-4cd4-8c08-c75bfc1098c0,A.Smith,WR,nfl-player-v1,0,0,6.468,0.76,0,0,0,0.005
2025,17,2025_17_NE_NYJ,NYJ,00-0040398,0f1c18b3-e0c7-474f-aa1c-51a83a5cd17f,B.Cook,QB,nfl-player-v1,116.45,5.308,0,0,0.729,0,0,0.005
2025,17,2025_17_NE_NYJ,NYJ,00-0038120,735192a9-d468-49d0-b370-970c18fabac5,B.Hall,RB,nfl-player-v1,0,37.527,4.88,0.78,0,0.281,0.011,0.2534
2025,17,2025_17_NE_NYJ,NYJ,00-0039798,3a986b7a-a012-40ca-9f01-2aa8cd1484bd,I.Davis,RB,nfl-player-v1,0,12.57,3.227,0.53,0,0.049,0.004,0.0513
2025,17,2025_17_NE_NYJ,NYJ,00-0039451,80869be9-a016-466d-8e55-fbd21a0b51ec,I.Williams,WR,nfl-player-v1,0,0.293,14.033,1.564,0,0,0,0.005
2025,17,2025_17_NE_NYJ,NYJ,00-0037614,48a86180-2857-4c87-a70a-b3b156f158dc,J.Metchie,WR,nfl-player-v1,0,0,10.119,1.158,0,0,0,0.005
2025,17,2025_17_NE_NYJ,NYJ,00-0037805,49ad0f0d-981d-4fc4-b589-2f6ecafc1b42,J.Ruckert,TE,nfl-player-v1,0,0,9.646,1.113,0,0,0.014,0.0141
2025,17,2025_17_NE_NYJ,NYJ,00-0037755,fa295f18-8726-4e3e-9099-ee539b2aef71,J.Woods,TE,nfl-player-v1,0,0,6.468,0.76,0,0,0,0.005
2025,17,2025_17_NE_NYJ,NYJ,00-0036906,e05bc7d0-a29b-4383-af57-b1fe99453e35,K.Herbert,RB,nfl-player-v1,0,10.411,3.202,0.526,0,0.041,0.004,0.0434
2025,17,2025_17_NE_NYJ,NYJ,00-0036842,92fae969-59d0-4086-8077-a13d62318149,K.Nwangwu,RB,nfl-player-v1,0,18.921,2.471,0.412,0,0.22,0.009,0.2047
2025,17,2025_17_NE_NYJ,NYJ,00-0040165,b8a66033-9726-4a5c-b7bf-c10e0dc2ea52,M.Moore,DB,nfl-player-v1,0,0,6.468,0.76,0,0,0,0.005
2025,17,2025_17_NE_NYJ,NYJ,00-0037475,7fce1d7a-bc4f-44ed-abde-3efaffde62a4,S.Smartt,TE,nfl-player-v1,0,0,9.937,1.142,0,0,0,0.005
2025,17,2025_17_NE_NYJ,NYJ,00-0036427,7d05ed6f-f9df-44ae-b6d8-9fae7b2f7373,T.Johnson,WR,nfl-player-v1,0,0,6.33,0.744,0,0,0.009,0.0094
2025,17,2025_17_PHI_BUF,PHI,00-0035676,e97f648c-f826-40a0-a562-437d2714fd40,A.Brown,WR,nfl-player-v1,0,0,26.392,2.802,0,0,0.044,0.0426
2025,17,2025_17_PHI_BUF,PHI,00-0040024,da99bf06-ca0e-47c2-9e71-2b4ecf7efefe,D.Cooper,WR,nfl-player-v1,0,0,6.979,0.815,0,0,0,0.005
2025,17,2025_17_PHI_BUF,PHI,00-0034351,fa192789-c280-45f1-b92c-b3d6a2e97cb5,D.Goedert,TE,nfl-player-v1,0,0,20.957,2.276,0,0,0.106,0.1008
2025,17,2025_17_PHI_BUF,PHI,00-0036912,d0e121df-25e6-4268-9e79-b99acb8e9160,D.Smith,WR,nfl-player-v1,0,0,18.01,1.99,0,0,0,0.005
2025,17,2025_17_PHI_BUF,PHI,00-0037086,8735f01e-d001-4390-9408-f3de8989eca3,G.Calcaterra,TE,nfl-player-v1,0,0,6.979,0.815,0,0,0.013,0.0126
2025,17,2025_17_PHI_BUF,PHI,00-0037741,6d4cdf27-b583-4056-b59d-95182c15301b,J.Dotson,WR,nfl-player-v1,0,0,6.793,0.798,0,0,0,0.005
2025,17,2025_17_PHI_BUF,PHI,00-0036389,c415d118-a039-407a-a350-3e89d8042e25,J.Hurts,QB,nfl-player-v1,114.004,5.425,0,0,0.714,0,0,0.005
2025,17,2025_17_PHI_BUF,PHI,00-0034844,9a93ddfe-033a-4098-acc7-9be147087ec8,S.Barkley,RB,nfl-player-v1,0,45.947,2.492,0.415,0,0.42,0.007,0.3477
2025,17,2025_17_PHI_BUF,PHI,00-0038555,f6e1063b-4d79-4005-b44c-7621b0f82a81,T.Bigsby,RB,nfl-player-v1,0,10.207,3.52,0.575,0,0.048,0.005,0.052
2025,17,2025_17_PHI_BUF,PHI,00-0039746,53f7c2dd-3fec-4e55-9991-00e4d7c2fc74,W.Shipley,RB,nfl-player-v1,0,10.114,2.471,0.412,0,0,0,0.005
2025,17,2025_17_PIT_CLE,PIT,00-0023459,9cd40a7b-735b-4670-bf0e-4d357c5b3e10,A.Rodgers,QB,nfl-player-v1,120.188,4.959,0,0,0.752,0,0,0.005
2025,17,2025_17_PIT_CLE,PIT,00-0030035,f78e2b4f-796b-41c8-9af0-75caf042eb26,A.Thielen,WR,nfl-player-v1,0,0,13.022,1.479,0,0,0.035,0.0339
2025,17,2025_17_PIT_CLE,PIT,00-0037304,c3cd242e-0ded-4370-b254-f6582de39903,Co.Heyward,TE,nfl-player-v1,0,0.667,4.736,0.558,0,0,0,0.005
2025,17,2025_17_PIT_CLE,PIT,00-0038558,f011864a-8a7b-4638-b49f-d229e07bcfea,D.Washington,TE,nfl-player-v1,0,0,8.108,0.943,0,0,0,0.005
2025,17,2025_17_PIT_CLE,PIT,00-0033858,8b8c7b1a-90f6-4931-b9d8-3c8cfb0c920b,J.Smith,TE,nfl-player-v1,0,0.684,13.822,1.538,0,0,0,0.005
2025,17,2025_17_PIT_CLE,PIT,00-0037228,23de35af-3a1c-4ae7-9ea4-954a48d78d6a,J.Warren,RB,nfl-player-v1,0,37.328,2.545,0.424,0,0,0,0.005
2025,17,2025_17_PIT_CLE,PIT,00-0036919,8a95e757-cf19-40cd-9cc1-77255bb487f1,K.Gainwell,RB,nfl-player-v1,0,24.032,5.543,0.881,0,0.167,0.012,0.1634
2025,17,2025_17_PIT_CLE,PIT,00-0034272,ce987bc8-98ca-4ce6-85b3-8e9ef51b0a8f,M.Valdes-Scantling,WR,nfl-player-v1,0,0,21.133,2.32,0,0,0.162,0.1499
2025,17,2025_17_PIT_CLE,PIT,00-0036894,07b45f1c-fb0a-40db-939b-4ee4836e9343,P.Freiermuth,TE,nfl-player-v1,0,0,13.35,1.511,0,0,0,0.005
2025,17,2025_17_PIT_CLE,PIT,00-0035298,0b36dce8-d96f-41bf-9a25-a9ebf8c29895,S.Miller,WR,nfl-player-v1,0,0,16.97,1.891,0,0,0,0.005
2025,17,2025_17_SEA_CAR,SEA,00-0039793,1359d114-9fb9-4783-8101-efdec545f961,A.Barner,TE,nfl-player-v1,0,0,10.862,1.233,0,0,0.025,0.0244
2025,17,2025_17_SEA_CAR,SEA,00-0033908,42465aa3-53c4-4afb-bf91-0ac136659ba3,C.Kupp,WR,nfl-player-v1,0,0,10.111,1.159,0,0,0.012,0.0115
2025,17,2025_17_SEA_CAR,SEA,00-0037093,36467445-940d-4b35-97ab-edf17a674fff,D.Young,WR,nfl-player-v1,0,0,6.264,0.738,0,0,0,0.005
2025,17,2025_17_SEA_CAR,SEA,00-0033576,ad7e840b-2470-474e-a371-36c62befbf64,E.Saubert,TE,nfl-player-v1,0,0,7.927,0.923,0,0,0.009,0.0092
2025,17,2025_17_SEA_CAR,SEA,00-0038543,8d9cebd3-3534-48a0-a4e9-2c0ebc5c1c94,J.Smith-Njigba,WR,nfl-player-v1,0,0,36.603,3.696,0,0,0.037,0.0363
2025,17,2025_17_SEA_CAR,SEA,00-0038134,593d9bcd-2ae1-41ca-bf16-2d3c62d5b196,K.Walker,RB,nfl-player-v1,0,33.654,4.098,0.66,0,0.099,0.004,0.0979
2025,17,2025_17_SEA_CAR,SEA,00-0037545,0a931859-dbbe-4421-8bdc-ee6094237041,R.Shaheed,WR,nfl-player-v1,0,0,6.554,0.768,0,0,0,0.005
2025,17,2025_17_SEA_CAR,SEA,00-0034869,3a4bd5d6-8b01-4324-8449-d0f7c2059e36,S.Darnold,QB,nfl-player-v1,111.804,5.066,0,0,0.722,0.01,0,0.0102
2025,17,2025_17_SEA_CAR,SEA,00-0039165,7bb1ecbd-ce2a-443f-881d-e3f993b6a1c0,Z.Charbonnet,RB,nfl-player-v1,0,40.097,4.178,0.673,0,0.706,0.023,0.5175
2025,17,2025_17_CHI_SF,SF,00-0037834,fb4669d0-c27f-4ea4-bd37-8d3bad299f07,B.Purdy,QB,nfl-player-v1,119.823,6.837,0,0,0.801,0.03,0,0.0293
2025,17,2025_17_CHI_SF,SF,00-0037746,00b3cb74-e58d-4660-b1df-2376a82120b6,B.Robinson,RB,nfl-player-v1,0,13.98,3.178,0.523,0,0.092,0.006,0.0935
2025,17,2025_17_CHI_SF,SF,00-0033280,ae3498a3-f309-4ea2-a3c1-031f013cc394,C.McCaffrey,RB,nfl-player-v1,0,55.321,7.22,1.112,0,0.851,0.034,0.5876
2025,17,2025_17_CHI_SF,SF,00-0032775,03ab017e-f181-4486-9661-1c6485dedf19,D.Robinson,WR,nfl-player-v1,0,0,7.708,0.894,0,0,0,0.005
2025,17,2025_17_CHI_SF,SF,00-0036259,046bd3b8-161d-4c19-9816-df5ce3e96947,J.Jennings,WR,nfl-player-v1,0,0,10.783,1.23,0,0,0.013,0.0132
2025,17,2025_17_CHI_SF,SF,00-0037112,a83d87f5-9208-48ee-a81c-bba3090ea426,J.Tonges,TE,nfl-player-v1,0,0,21.931,2.354,0,0,0.025,0.025
2025,17,2025_17_CHI_SF,SF,00-0033307,77cbc405-dc41-40e4-b0bd-dd8a73396612,K.Bourne,WR,nfl-player-v1,0,0,6.274,0.737,0,0,0,0.005
2025,17,2025_17_CHI_SF,SF,00-0029892,86ed80c1-0dd7-4c07-a0b3-cea9fab60c0a,K.Juszczyk,RB,nfl-player-v1,0,6.375,3.934,0.638,0,0.021,0.004,0.0246
2025,17,2025_17_CHI_SF,SF,00-0039916,da658afc-9594-4977-9a7c-3939c1bb4aee,R.Pearsall,WR,nfl-player-v1,0,0,16.219,1.768,0,0,0,0.005
2025,17,2025_17_CHI_SF,SF,00-0038090,6e757178-0d20-49cf-a88a-c4b47817ff31,S.Moore,WR,nfl-player-v1,0,0.242,4.804,0.569,0,0,0,0.005
2025,17,2025_17_TB_MIA,TB,00-0039361,b53d67a4-0051-474f-816c-9a3d9b661634,B.Irving,RB,nfl-player-v1,0,40.387,6.764,1.061,0,0.413,0.021,0.3521
2025,17,2025_17_TB_MIA,TB,00-0034855,56c2266e-4dc1-4c37-8f44-6323a36613de,B.Mayfield,QB,nfl-player-v1,129.004,6.961,0,0,0.808,0,0,0.005
2025,17,2025_17_TB_MIA,TB,00-0033921,90fcc742-b736-44f4-994f-094724be0c09,C.Godwin,WR,nfl-player-v1,0,0,19.096,2.108,0,0,0.037,0.0362
2025,17,2025_17_TB_MIA,TB,00-0038129,4f63ff11-fe96-4aa7-9831-9536b01dd6a9,C.Otton,TE,nfl-player-v1,0,0,11.003,1.259,0,0,0,0.005
2025,17,2025_17_TB_MIA,TB,00-0040129,bac91e1b-f24a-431e-a656-d23a3ef5e9f5,E.Egbuka,WR,nfl-player-v1,0,0,12.275,1.399,0,0,0,0.005
2025,17,2025_17_TB_MIA,TB,00-0039855,a1d65e3c-d232-4ad7-84eb-f2484f912af5,J.McMillan,WR,nfl-player-v1,0,0,20.457,2.244,0,0,0,0.005
2025,17,2025_17_TB_MIA,TB,00-0031408,fd9494d8-4d0d-4075-8b31-59c31dbef36f,M.Evans,WR,nfl-player-v1,0,0,15.988,1.798,0,0,0.031,0.031
2025,17,2025_17_TB_MIA,TB,00-0037256,af7855b9-7e3c-41da-a2b8-8c7f6cd88bee,R.White,RB,nfl-player-v1,0,13.494,3.809,0.622,0,0.072,0.006,0.075
2025,17,2025_17_TB_MIA,TB,00-0038951,0b1f5016-8cbc-4512-8a82-0d3f67416080,S.Tucker,RB,nfl-player-v1,0,13.394,3.107,0.512,0,0.143,0.01,0.1424
2025,17,2025_17_TB_MIA,TB,00-0040237,5c294442-eaea-4ed0-a4fd-c33a7509bf48,T.Johnson,WR,nfl-player-v1,0,0,7.591,0.886,0,0,0,0.005
2025,17,2025_17_NO_TEN,TEN,00-0040705,f3027194-2b41-4db7-b6e1-10cb47514b73,C.Dike,WR,nfl-player-v1,0,0.299,14.206,1.592,0,0,0,0.005
2025,17,2025_17_NO_TEN,TEN,00-0037809,64755288-83b6-45d3-9d82-11807c2f5994,C.Okonkwo,TE,nfl-player-v1,0,0,17.603,1.957,0,0,0,0.005
2025,17,2025_17_NO_TEN,TEN,00-0040676,f16bf5f1-4c50-449b-b1d4-ad4d66db60cb,C.Ward,QB,nfl-player-v1,123.862,5.334,0,0,0.775,0,0,0.005
2025,17,2025_17_NO_TEN,TEN,00-0039648,50851ff2-e9f9-45ed-a73b-7efcf44b57ff,D.Martin-Robinson,TE,nfl-player-v1,0,0,6.455,0.759,0,0,0,0.005
2025,17,2025_17_NO_TEN,TEN,00-0040170,527aee16-44d6-4527-9ec1-b6d981e9e8c1,E.Ayomanor,WR,nfl-player-v1,0,0,18.124,2.008,0,0,0.112,0.1063
2025,17,2025_17_NO_TEN,TEN,00-0040584,7e6d7376-3ff9-4d2b-8022-f47c0fbc308e,G.Helm,TE,nfl-player-v1,0,0,8.103,0.945,0,0,0,0.005
2025,17,2025_17_NO_TEN,TEN,00-0036133,e6562317-152c-443a-bdb1-1a121aba425c,J.Proche,WR,nfl-player-v1,0,0,13.168,1.499,0,0,0,0.005
2025,17,2025_17_NO_TEN,TEN,00-0040205,e9efa888-9411-4093-b12a-78e40c413745,K.Mullings,RB,nfl-player-v1,0,8.717,2.52,0.42,0,0,0,0.005
2025,17,2025_17_NO_TEN,TEN,00-0036176,8f7e57b0-b2c2-4d96-8104-2d9103591819,M.Kinsey,WR,nfl-player-v1,0,0,6.455,0.759,0,0,0,0.005
2025,17,2025_17_NO_TEN,TEN,00-0035261,61edd687-3a13-4c2f-8e86-d493ced4295b,T.Pollard,RB,nfl-player-v1,0,52.09,4.053,0.659,0,0.428,0.011,0.3551
2025,17,2025_17_NO_TEN,TEN,00-0039032,90e22076-0605-4b85-8d97-1a83167c5c35,T.Spears,RB,nfl-player-v1,0,20.928,3.989,0.648,0,0.177,0.01,0.1707
2025,17,2025_17_NO_TEN,TEN,00-0036415,de90c83e-b445-439c-befe-655f3d2c50d7,V.Jefferson,WR,nfl-player-v1,0,0,10.203,1.171,0,0,0,0.005
2025,17,2025_17_DAL_WAS,WAS,00-0039912,d51d0bd1-4241-43c7-a184-bd961c56c283,B.Sinnott,TE,nfl-player-v1,0,0,17.352,1.922,0,0,0,0.005
2025,17,2025_17_DAL_WAS,WAS,00-0032398,22b4db5b-c301-4ba2-98d9-953136ef966f,C.Moore,WR,nfl-player-v1,0,0,7.547,0.881,0,0,0,0.005
2025,17,2025_17_DAL_WAS,WAS,00-0035719,7bb0990e-39c4-4d54-9fd7-b1d9bc9d8288,D.Samuel,WR,nfl-player-v1,0,1.018,17.005,1.867,0,0.002,0.029,0.0303
2025,17,2025_17_DAL_WAS,WAS,00-0040242,25d9ee1b-68c9-4de4-ad0f-25efe8210850,J.Croskey-Merritt,RB,nfl-player-v1,0,38.828,2.477,0.413,0,0.895,0.018,0.5988
2025,17,2025_17_DAL_WAS,WAS,00-0026300,c2a20f37-b06b-49c3-b546-c7c9cd4f12b4,J.Johnson,QB,nfl-player-v1,115.569,5.984,0,0,0.724,0,0,0.005
2025,17,2025_17_DAL_WAS,WAS,00-0033955,01c9d65e-2883-4bde-a469-45abe5508fee,J.McNichols,RB,nfl-player-v1,0,9.265,6.476,1.015,0,0.043,0.009,0.0508
2025,17,2025_17_DAL_WAS,WAS,00-0037742,4c813722-0f2e-4c3b-ae06-bf0e4b32e2f0,T.Burks,WR,nfl-player-v1,0,0,10.126,1.163,0,0,0.018,0.0179
2025,17,2025_17_DAL_WAS,WAS,00-0035659,72729e1e-0b13-4aad-91ac-3d76f92c4685,T.McLaurin,WR,nfl-player-v1,0,0,29.989,3.16,0,0,0,0.005
2025,18,2025_18_ARI_LA,ARI,00-0040556,2ad579e3-eb45-46a7-b5d5-c0449a7bd381,C.Kiner,RB,nfl-player-v1,0,16.176,5.694,0.905,0,0.136,0.014,0.1394
2025,18,2025_18_ARI_LA,ARI,00-0038705,de81a074-52e4-452a-a923-496eddc6a5d0,E.Demercado,RB,nfl-player-v1,0,12.997,3.581,0.587,0,0,0,0.005
2025,18,2025_18_ARI_LA,ARI,00-0039041,1b207068-6c7e-480f-9923-06f2128115d6,E.Higgins,TE,nfl-player-v1,0,0,12.299,1.399,0,0,0,0.005
2025,18,2025_18_ARI_LA,ARI,00-0033119,237a8679-0c0a-480b-870d-514d0c50523f,J.Brissett,QB,nfl-player-v1,120.252,6.598,0,0,0.753,0,0,0.005
2025,18,2025_18_ARI_LA,ARI,00-0036332,d68e6bf1-9c1c-492b-a5f1-0fb28d095b89,J.Deguara,TE,nfl-player-v1,0,0,9.567,1.105,0,0,0.031,0.0305
2025,18,2025_18_ARI_LA,ARI,00-0036924,324eed4d-0d36-4dcf-818b-f956af29d709,M.Carter,RB,nfl-player-v1,0,29.99,5.782,0.919,0,0,0,0.005
2025,18,2025_18_ARI_LA,ARI,00-0033400,41831466-e991-4075-8bbf-5725add7dd5d,M.Haack,P,nfl-player-v1,0,0,4.804,0.569,0,0,0,0.005
2025,18,2025_18_ARI_LA,ARI,00-0038559,befb93dc-de67-4344-9d23-a1fa6a9d682f,M.Wilson,WR,nfl-player-v1,0,0,27.451,2.947,0,0,0.165,0.1521
2025,18,2025_18_ARI_LA,ARI,00-0037744,87b536c6-701f-4a71-b52e-0d8f7d4ec694,T.McBride,TE,nfl-player-v1,0,0,28.47,3.03,0,0,0,0.005
2025,18,2025_18_NO_ATL,ATL,00-0038542,8f5e333b-8cac-493f-8be3-093a3f12c027,B.Robinson,RB,nfl-player-v1,0,44.084,5.305,0.846,0,0.224,0.008,0.2078
2025,18,2025_18_NO_ATL,ATL,00-0037238,892d7782-1ecc-4137-aeb0-9e80c69e4034,D.London,WR,nfl-player-v1,0,0,19.798,2.148,0,0,0.075,0.0724
2025,18,2025_18_NO_ATL,ATL,00-0036309,e318bcf4-6f17-4a62-ba7b-9283a4aab86c,D.Mooney,WR,nfl-player-v1,0,0,17.012,1.87,0,0,0.065,0.0634
2025,18,2025_18_NO_ATL,ATL,00-0035359,601ce504-9f08-487d-b968-f6e884c7fdfb,D.Sills,WR,nfl-player-v1,0,0,6.717,0.788,0,0,0,0.005
2025,18,2025_18_NO_ATL,ATL,00-0029604,c3485017-7a48-4b69-8957-97f4e26303ea,K.Cousins,QB,nfl-player-v1,114.333,4.75,0,0,0.716,0,0,0.005
2025,18,2025_18_NO_ATL,ATL,00-0036970,40dfaab3-2886-438e-a325-a15f68d1f3c8,K.Pitts,TE,nfl-player-v1,0,0,23.157,2.47,0,0,0.086,0.0828
2025,18,2025_18_NO_ATL,ATL,00-0037263,3d48d76e-acf1-404a-ba84-79e0d1d0e3fc,T.Allgeier,RB,nfl-player-v1,0,23.076,4.225,0.684,0,0,0,0.005
2025,18,2025_18_BAL_PIT,BAL,00-0032764,31b668ff-08d5-4913-8678-4c5c2fb906ca,D.Henry,RB,nfl-player-v1,0,44.665,3.613,0.587,0,0,0,0.005
2025,18,2025_18_BAL_PIT,BAL,00-0030564,1bd6ba6e-0334-4184-a6f8-4d5dcf7c276f,D.Hopkins,WR,nfl-player-v1,0,0,9.735,1.122,0,0,0,0.005
2025,18,2025_18_BAL_PIT,BAL,00-0039792,74d11e7b-f3ab-49eb-8b7f-27ca20789099,D.Walker,WR,nfl-player-v1,0,0,10.475,1.19,0,0,0,0.005
2025,18,2025_18_BAL_PIT,BAL,00-0037838,ae5846b3-e4d7-42a1-bd13-81760f0a83b2,I.Likely,TE,nfl-player-v1,0,0,10.475,1.19,0,0,0,0.005
2025,18,2025_18_BAL_PIT,BAL,00-0038454,4c8b2a02-d4ab-4896-af38-2a000c2591f3,K.Mitchell,RB,nfl-player-v1,0,9.75,2.471,0.412,0,0,0,0.005
2025,18,2025_18_BAL_PIT,BAL,00-0034796,4c6e84b3-2283-4d86-8f7b-019a185c6764,L.Jackson,QB,nfl-player-v1,111.067,5.852,0,0,0.695,0,0,0.005
2025,18,2025_18_BAL_PIT,BAL,00-0034753,3c8c24b6-f2b3-4130-86e6-389a16aa6104,M.Andrews,TE,nfl-player-v1,0,0,13.085,1.463,0,0,0,0.005
2025,18,2025_18_BAL_PIT,BAL,00-0033376,7ba157fe-8377-41a1-a198-69fa83069f58,P.Ricard,RB,nfl-player-v1,0,6.499,3.803,0.618,0,0,0,0.005
2025,18,2025_18_BAL_PIT,BAL,00-0039796,4e18e3ca-b72d-4c47-ba00-865ad3e61750,R.Ali,RB,nfl-player-v1,0,7.942,2.471,0.412,0,0,0,0.005
2025,18,2025_18_BAL_PIT,BAL,00-0039064,a4c95f75-76ae-4729-b36b-053b14fb2a51,Z.Flowers,WR,nfl-player-v1,0,0,24.915,2.626,0,0,0,0.005
2025,18,2025_18_NYJ_BUF,BUF,00-0038933,8a6f4627-ab82-4cb4-92df-699336ac1690,D.Kincaid,TE,nfl-player-v1,0,0,8.062,0.921,0,0,0,0.005
2025,18,2025_18_NYJ_BUF,BUF,00-0035689,83978a45-a7da-408d-a462-426f5444a908,D.Knox,TE,nfl-player-v1,0,0,8.042,0.931,0,0,0.006,0.0057
2025,18,2025_18_NYJ_BUF,BUF,00-0036196,8ab795f5-aeff-4a6a-99bd-51e581210daa,G.Davis,WR,nfl-player-v1,0,0,17.157,1.873,0,0,0.023,0.0225
2025,18,2025_18_NYJ_BUF,BUF,00-0037248,61da158c-dacb-4567-8ec7-9521d0868e5f,J.Cook,RB,nfl-player-v1,0,9.746,2.524,0.421,0,0,0,0.005
2025,18,2025_18_NYJ_BUF,BUF,00-0040194,5a7670a6-35d4-43bb-a12b-9b1580498b35,J.Hawes,TE,nfl-player-v1,0,0,6.129,0.719,0,0,0,0.005
2025,18,2025_18_NYJ_BUF,BUF,00-0036988,df43fb4f-7e20-4384-83d0-fc24bbea7428,J.Palmer,WR,nfl-player-v1,0,0,9.008,1.038,0,0,0.013,0.0126
2025,18,2025_18_NYJ_BUF,BUF,00-0039901,15497e04-abce-413c-b84b-6928c1f96d77,K.Coleman,WR,nfl-player-v1,0,0,12.56,1.414,0,0,0.026,0.0255
2025,18,2025_18_NYJ_BUF,BUF,00-0040363,cbf4e427-44ca-43bc-bcb0-76966109ee25,K.Latu,TE,nfl-player-v1,0,0,9.621,1.099,0,0,0,0.005
2025,18,2025_18_NYJ_BUF,BUF,00-0033869,e59787f5-27fb-4c44-8543-4c38c3e63ca5,M.Trubisky,QB,nfl-player-v1,113.33,4.748,0,0,0.71,0,0,0.005
2025,18,2025_18_NYJ_BUF,BUF,00-0039875,51239dbe-c985-42a4-bdb6-e31bea991d12,R.Davis,RB,nfl-player-v1,0,44.994,4.645,0.741,0,0.4,0.013,0.3382
2025,18,2025_18_NYJ_BUF,BUF,00-0036187,04f69e0b-561d-4acd-a4da-f4ed2e8ef151,R.Gilliam,RB,nfl-player-v1,0,9.924,3.233,0.531,0,0.018,0.002,0.0201
2025,18,2025_18_NYJ_BUF,BUF,00-0035537,7927f661-8fb2-47a7-988d-d39a7c8038be,Ty.Johnson,RB,nfl-player-v1,0,29.743,3.917,0.634,0,0.431,0.018,0.3615
2025,18,2025_18_CAR_TB,CAR,00-0038840,fd80a968-a921-45e8-a684-5bea39ff69b1,B.Tremayne,WR,nfl-player-v1,0,0,9.024,1.044,0,0,0,0.005
2025,18,2025_18_CAR_TB,CAR,00-0039150,c28c1088-1b0f-497f-bfdb-1a7a9cde1e89,B.Young,QB,nfl-player-v1,118.438,5.333,0,0,0.742,0,0,0.005
2025,18,2025_18_CAR_TB,CAR,00-0036555,e4fb467c-29b4-4025-8e7f-05d9ee9ca744,C.Hubbard,RB,nfl-player-v1,0,24.075,4.442,0.719,0,0.168,0.01,0.1624
2025,18,2025_18_CAR_TB,CAR,00-0039491,0a50de21-d75b-4e1e-86c9-191b0dccffec,J.Coker,WR,nfl-player-v1,0,0,22.822,2.474,0,0,0.058,0.0561
2025,18,2025_18_CAR_TB,CAR,00-0040218,77922ed5-6b51-4d23-8894-56a5ab1b2c1a,Ji.Horn,WR,nfl-player-v1,0,0,6.91,0.811,0,0,0,0.005
2025,18,2025_18_CAR_TB,CAR,00-0040187,4c908559-bee0-4e03-892b-acb185733f1c,M.Evans,TE,nfl-player-v1,0,0,8.848,1.028,0,0,0,0.005
2025,18,2025_18_CAR_TB,CAR,00-0036139,5247cf70-ccdc-4fee-abb5-56faa544291f,R.Dowdle,RB,nfl-player-v1,0,32.192,4.552,0.737,0,0.222,0.01,0.2072
2025,18,2025_18_CAR_TB,CAR,00-0040124,fe874b96-e2c0-4f68-9815-af65b06e6738,T.McMillan,WR,nfl-player-v1,0,0,19.583,2.161,0,0,0.05,0.0492
2025,18,2025_18_CAR_TB,CAR,00-0037005,2a5af105-ecb4-4ae4-89c6-d47b7b108737,T.Tremble,TE,nfl-player-v1,0,0,14.065,1.588,0,0,0.037,0.0364
2025,18,2025_18_CAR_TB,CAR,00-0039342,2f0f3999-0f08-41d7-83f3-7bf733899142,X.Legette,WR,nfl-player-v1,0,0,14.065,1.588,0,0,0,0.005
2025,18,2025_18_DET_CHI,CHI,00-0036290,e20adbbe-669d-4d26-b64a-84332cd2acfd,C.Kmet,TE,nfl-player-v1,0,0,13.349,1.515,0,0,0.03,0.0298
2025,18,2025_18_DET_CHI,CHI,00-0040126,20e5eda2-e6a7-45e5-8ed5-958a5d49a8ae,C.Loveland,TE,nfl-player-v1,0,0,45.205,4.581,0,0,0.183,0.1674
2025,18,2025_18_DET_CHI,CHI,00-0039918,d3372f7c-27eb-47ac-9d90-facef898a40f,C.Williams,QB,nfl-player-v1,117.665,5.021,0,0,0.783,0.02,0,0.02
2025,18,2025_18_DET_CHI,CHI,00-0034827,d366aedd-7ef1-47c6-a3bb-637a4559f332,D.Moore,WR,nfl-player-v1,0,0,10.803,1.243,0,0,0,0.005
2025,18,2025_18_DET_CHI,CHI,00-0036275,49aefcdc-6cec-4beb-84e1-ba08880d15d6,D.Swift,RB,nfl-player-v1,0,33.717,4.38,0.709,0,0.2,0.008,0.1876
2025,18,2025_18_DET_CHI,CHI,00-0040277,9fd386e9-b707-4573-8798-228dfd0586cb,J.Walker,WR,nfl-player-v1,0,0,11.15,1.278,0,0,0,0.005
2025,18,2025_18_DET_CHI,CHI,00-0040236,08e87151-52f8-40cb-a625-42c1703b9eec,K.Monangai,RB,nfl-player-v1,0,24.992,3.398,0.558,0,0.15,0.006,0.1448
2025,18,2025_18_DET_CHI,CHI,00-0040735,7f3e9ce8-9c8d-4d38-b381-3e43b24bf041,L.Burden,WR,nfl-player-v1,0,0.443,14.232,1.599,0,0,0,0.005
2025,18,2025_18_CLE_CIN,CIN,00-0038619,7da25b9b-7510-4f92-98a5-2cb63cd6aa2d,A.Iosivas,WR,nfl-player-v1,0,0,9.43,1.09,0,0,0.015,0.0151
2025,18,2025_18_CLE_CIN,CIN,00-0038597,5b052584-0cb1-4079-abf3-1c8954958e62,C.Brown,RB,nfl-player-v1,0,42.084,7.275,1.133,0,0.172,0.009,0.1652
2025,18,2025_18_CLE_CIN,CIN,00-0035631,9505074b-e13e-401f-a269-a589537be748,D.Sample,TE,nfl-player-v1,0,0,9.724,1.12,0,0,0,0.005
2025,18,2025_18_CLE_CIN,CIN,00-0036442,3f58a998-2d1f-4f95-9c81-9ccd5fa0c8ec,J.Burrow,QB,nfl-player-v1,124.165,5.532,0,0,0.777,0,0,0.005
2025,18,2025_18_CLE_CIN,CIN,00-0036900,fa88fc04-ab72-4b44-b18f-196905155362,J.Chase,WR,nfl-player-v1,0,0,24.47,2.635,0,0,0.037,0.0362
2025,18,2025_18_CLE_CIN,CIN,00-0026158,371e6c01-3f61-411c-8675-13539221ddc9,J.Flacco,QB,nfl-player-v1,101.403,4.872,0,0,0.635,0,0,0.005
2025,18,2025_18_CLE_CIN,CIN,00-0040534,a12ab3ba-14d5-479e-9172-6fceec761f92,K.Williams,WR,nfl-player-v1,0,0.326,4.803,0.569,0,0,0,0.005
2025,18,2025_18_CLE_CIN,CIN,00-0034829,75916bc5-a3af-4067-9720-00cca5c17ac9,M.Gesicki,TE,nfl-player-v1,0,0,9.43,1.09,0,0,0.015,0.0151
2025,18,2025_18_CLE_CIN,CIN,00-0035644,332e37c2-22e4-4511-931e-c30035cb108d,N.Fant,TE,nfl-player-v1,0,0,6.185,0.728,0,0,0,0.005
2025,18,2025_18_CLE_CIN,CIN,00-0033526,8b7e765c-715a-49e2-b062-5527b649c39c,S.Perine,RB,nfl-player-v1,0,27.247,5.456,0.869,0,0.227,0.014,0.2138
2025,18,2025_18_CLE_CIN,CIN,00-0036410,891d5ad8-ad2b-40a2-bd88-2f4c64d4009a,T.Higgins,WR,nfl-player-v1,0,0,21.398,2.335,0,0,0.098,0.0934
2025,18,2025_18_CLE_CIN,CLE,00-0039458,79f29763-a125-4a22-81e1-644de71db7cd,B.Bates,TE,nfl-player-v1,0,0,7.447,0.869,0,0,0,0.005
2025,18,2025_18_CLE_CIN,CLE,00-0038710,fd1c9066-b003-40c0-ac6f-6c8cab52d183,B.Whiteheart,TE,nfl-player-v1,0,0,6.931,0.814,0,0,0,0.005
2025,18,2025_18_CLE_CIN,CLE,00-0038979,4621b9ce-6bc7-4652-9414-16ff576216df,C.Tillman,WR,nfl-player-v1,0,0,9.62,1.108,0,0,0,0.005
2025,18,2025_18_CLE_CIN,CLE,00-0040162,b934c25d-e16b-4088-ade1-894632b8045f,D.Sampson,RB,nfl-player-v1,0,28.373,6.218,0.974,0,0,0,0.005
2025,18,2025_18_CLE_CIN,CLE,00-0040782,3193f354-0b23-4321-b879-2e9fcd02ec84,I.Bond,WR,nfl-player-v1,0,0.336,9.642,1.104,0,0,0,0.005
2025,18,2025_18_CLE_CIN,CLE,00-0036407,c669f87b-fdf2-458b-92b9-5fc841b4bec5,J.Jeudy,WR,nfl-player-v1,0,0.351,22.216,2.405,0,0,0,0.005
2025,18,2025_18_CLE_CIN,CLE,00-0039920,f3dfcb32-2500-4f7d-8e4a-0b276a390d97,M.Corley,WR,nfl-player-v1,0,1.025,10.122,1.14,0,0.005,0.053,0.0569
2025,18,2025_18_CLE_CIN,CLE,00-0040466,835436b8-2efa-47c1-b062-5211c94de8d0,R.Sanders,RB,nfl-player-v1,0,16.666,3.622,0.591,0,0.235,0.016,0.2215
2025,18,2025_18_CLE_CIN,CLE,00-0037015,0d23c95e-455b-49ac-b529-bfb3b3e50033,S.Cannella,TE,nfl-player-v1,0,0,6.931,0.814,0,0,0,0.005
2025,18,2025_18_CLE_CIN,CLE,00-0040668,9dd18fe8-369d-4368-9e6e-337bb9bd4bc2,S.Sanders,QB,nfl-player-v1,114.405,5.815,0,0,0.716,0,0,0.005
2025,18,2025_18_CLE_CIN,CLE,00-0035291,f15f44a2-3b1c-41c9-b759-ff8598684e1c,T.Williams,RB,nfl-player-v1,0,8.297,4.743,0.758,0,0,0,0.005
2025,18,2025_18_DAL_NYG,DAL,00-0039530,237d3676-845c-4673-a697-e3100108cb0b,B.Spann-Ford,TE,nfl-player-v1,0,0,10.942,1.242,0,0,0,0.005
2025,18,2025_18_DAL_NYG,DAL,00-0036358,c65ab2ea-a913-4981-964e-e6b3c4c5854e,C.Lamb,WR,nfl-player-v1,0,0,6.757,0.79,0,0,0,0.005
2025,18,2025_18_DAL_NYG,DAL,00-0033077,6b202b45-4554-4645-8ff5-4ee830907717,D.Prescott,QB,nfl-player-v1,102.705,4.705,0,0,0.643,0,0,0.005
2025,18,2025_18_DAL_NYG,DAL,00-0037247,35484e4c-03b7-453e-80fd-be2fa1ac62aa,G.Pickens,WR,nfl-player-v1,0,0,10.524,1.201,0,0,0.026,0.0255
2025,18,2025_18_DAL_NYG,DAL,00-0038738,7d6dc53b-3a2a-4006-8120-947f79a43223,H.Luepke,RB,nfl-player-v1,0,9.68,3.349,0.548,0,0.032,0.003,0.0345
2025,18,2025_18_DAL_NYG,DAL,00-0040586,682f2bcc-ad9a-49fd-b648-fd767ab9c15d,J.Blue,RB,nfl-player-v1,0,34.79,2.484,0.414,0,0.668,0.015,0.495
2025,18,2025_18_DAL_NYG,DAL,00-0038041,631385df-a7e6-4eb7-8b2b-e19769a2551f,J.Ferguson,TE,nfl-player-v1,0,0,8.693,1.004,0,0,0.011,0.0108
2025,18,2025_18_DAL_NYG,DAL,00-0039398,b0dc48bd-d95c-4352-a9c5-5e3f113e8b79,J.Milton,QB,nfl-player-v1,106.585,6.153,0,0,0.69,0.013,0,0.0133
2025,18,2025_18_DAL_NYG,DAL,00-0039062,9ccfb4de-aeab-45fa-8e80-3ab0f0811d1f,J.Mingo,WR,nfl-player-v1,0,0,6.438,0.757,0,0,0,0.005
2025,18,2025_18_DAL_NYG,DAL,00-0037666,68f4a835-6990-4ab8-a10f-db8aa110439f,J.Tolbert,WR,nfl-player-v1,0,0,6.438,0.757,0,0,0,0.005
2025,18,2025_18_DAL_NYG,DAL,00-0037801,7bb83a46-749f-471f-9876-9b2893c636f8,K.Turpin,WR,nfl-player-v1,0,0.284,6.61,0.773,0,0,0,0.005
2025,18,2025_18_DAL_NYG,DAL,00-0038547,7df365f8-b808-4ecf-8454-fe5ccbc0e2f4,L.Schoonmaker,TE,nfl-player-v1,0,0,6.757,0.79,0,0,0,0.005
2025,18,2025_18_DAL_NYG,DAL,00-0040021,f48558ee-b75c-45c2-ac59-92809c0c01fc,P.Mafah,RB,nfl-player-v1,0,12.951,3.683,0.591,0,0.042,0.004,0.0444
2025,18,2025_18_DAL_NYG,DAL,00-0039410,b9c5b95f-dcad-4853-bbe4-c3b2db8b2c1d,R.Flournoy,WR,nfl-player-v1,0,0,22.461,2.394,0,0,0,0.005
2025,18,2025_18_LAC_DEN,DEN,00-0039732,40159058-8f61-4120-8323-ec81eaeff8ce,B.Nix,QB,nfl-player-v1,115.197,7.072,0,0,0.721,0,0,0.005
2025,18,2025_18_LAC_DEN,DEN,00-0034348,017301c4-fe49-48a1-a533-db70f693a734,C.Sutton,WR,nfl-player-v1,0,0,8.727,1.008,0,0,0,0.005
2025,18,2025_18_LAC_DEN,DEN,00-0033881,44ecc125-b690-4177-93f9-f03d50825239,E.Engram,TE,nfl-player-v1,0,0,13.758,1.535,0,0,0,0.005
2025,18,2025_18_LAC_DEN,DEN,00-0038794,5c36d9ad-e706-41e2-901b-a2619071857f,J.McLaughlin,RB,nfl-player-v1,0,17.683,4.415,0.708,0,0.062,0.005,0.0644
2025,18,2025_18_LAC_DEN,DEN,00-0038976,d99e2c6d-aef8-4250-9bec-3a167ae51085,M.Mims,WR,nfl-player-v1,0,0,11.13,1.263,0,0,0.015,0.0146
2025,18,2025_18_LAC_DEN,DEN,00-0040134,de70216e-21b4-4de8-a4e8-1c0e4ed7734b,P.Bryant,WR,nfl-player-v1,0,0,17.285,1.896,0,0,0.022,0.0219
2025,18,2025_18_LAC_DEN,DEN,00-0040730,f30905bf-54ce-4e54-8ae4-38b278499802,R.Harvey,RB,nfl-player-v1,0,35.33,6.43,0.994,0,0.718,0.04,0.5313
2025,18,2025_18_LAC_DEN,DEN,00-0037085,e91b7026-2866-4587-96e6-3eba8e3346af,T.Badie,RB,nfl-player-v1,0,9.996,4.41,0.707,0,0.035,0.005,0.0392
2025,18,2025_18_LAC_DEN,DEN,00-0039868,128fd135-fb3e-451e-8135-52d9465c4154,T.Franklin,WR,nfl-player-v1,0,0,6.54,0.769,0,0,0.009,0.0089
2025,18,2025_18_DET_CHI,DET,00-0033455,927ee7f8-66ac-4b7a-9998-56e07a422933,A.Firkser,TE,nfl-player-v1,0,0,9.727,1.122,0,0,0.014,0.0142
2025,18,2025_18_DET_CHI,DET,00-0036963,01542f54-ce56-438f-a484-c6bc9b77aabd,A.St. Brown,WR,nfl-player-v1,0,0,35.44,3.621,0,0,0.138,0.1291
2025,18,2025_18_DET_CHI,DET,00-0035685,65151ce5-a920-4dc2-8bb0-ad8bdeea7a46,D.Montgomery,RB,nfl-player-v1,0,26.7,3.239,0.533,0,0.205,0.008,0.1915
2025,18,2025_18_DET_CHI,DET,00-0040669,4933a1b2-3cd6-4268-a60f-3b7b98622bbf,I.TeSlaa,WR,nfl-player-v1,0,0,6.441,0.758,0,0,0,0.005
2025,18,2025_18_DET_CHI,DET,00-0039139,29347caa-e7e1-4745-a79a-e2a210fe4fda,J.Gibbs,RB,nfl-player-v1,0,58.007,6.649,1.042,0,0.64,0.023,0.4846
2025,18,2025_18_DET_CHI,DET,00-0033106,a631bebf-08bd-40de-b474-1e57605a1574,J.Goff,QB,nfl-player-v1,121.879,4.359,0,0,0.763,0,0,0.005
2025,18,2025_18_DET_CHI,DET,00-0037240,975d437e-c293-4704-8573-68420a22d271,J.Williams,WR,nfl-player-v1,0,0,20.907,2.286,0,0,0.029,0.0287
2025,18,2025_18_DET_CHI,DET,00-0032464,1525a1a7-7b4c-4fc8-82e3-d0e3d8049507,K.Raymond,WR,nfl-player-v1,0,0,10.147,1.166,0,0,0,0.005
2025,18,2025_18_GB_MIN,GB,00-0037091,e71f068d-ac9d-4f78-8099-e1eea965dc74,B.Melton,DB,nfl-player-v1,0,0,8.44,0.98,0,0,0,0.005
2025,18,2025_18_GB_MIN,GB,00-0038685,18850ce4-973b-4e21-a03e-aa04864658c8,C.Brooks,RB,nfl-player-v1,0,24.998,2.496,0.416,0,0.174,0.006,0.1646
2025,18,2025_18_GB_MIN,GB,00-0038582,da4478fb-6db4-42cc-94a5-bc33107fdd43,C.Tune,QB,nfl-player-v1,103.064,5.122,0,0,0.645,0,0,0.005
2025,18,2025_18_GB_MIN,GB,00-0040628,705bdb3c-bf37-4be5-965d-9affa7cc9aca,D.Dabney,TE,nfl-player-v1,0,0,13.365,1.496,0,0,0.035,0.0343
2025,18,2025_18_GB_MIN,GB,00-0038797,6572040d-90dd-479c-8d99-faf7175127c3,E.Wilson,RB,nfl-player-v1,0,33.202,4.425,0.707,0,0.674,0.028,0.5046
2025,18,2025_18_GB_MIN,GB,00-0040388,b7615a83-e6d5-4616-b190-a297c78473e1,J.Keeney-James,WR,nfl-player-v1,0,0,14.205,1.571,0,0,0,0.005
2025,18,2025_18_GB_MIN,GB,00-0038589,347e102e-5af8-471f-a451-d916b09ab96c,J.Whyle,TE,nfl-player-v1,0,0,8.916,1.022,0,0,0,0.005
2025,18,2025_18_GB_MIN,GB,00-0040667,21d63dde-da33-498d-8984-467c8fa08df0,M.Golden,WR,nfl-player-v1,0,0,18.502,2.023,0,0,0,0.005
2025,18,2025_18_IND_HOU,HOU,00-0039603,f59ff878-e80a-449e-abe1-afd3a7d89010,B.Brooks,RB,nfl-player-v1,0,30.955,2.482,0.414,0,0,0,0.005
2025,18,2025_18_IND_HOU,HOU,00-0034775,f9dd5323-f4d9-447e-8f5d-3e07ccece524,C.Kirk,WR,nfl-player-v1,0,0,8.045,0.934,0,0,0,0.005
2025,18,2025_18_IND_HOU,HOU,00-0039359,1af5fe9f-0b86-407e-9071-b814a07c9834,C.Stover,TE,nfl-player-v1,0,0,8.058,0.935,0,0,0,0.005
2025,18,2025_18_IND_HOU,HOU,00-0039163,5580f3af-a69b-4d18-aa9e-f9f360bb7daf,C.Stroud,QB,nfl-player-v1,111.201,5.229,0,0,0.74,0.021,0,0.0209
2025,18,2025_18_IND_HOU,HOU,00-0036898,e4e1a50c-ec36-4d34-aa3f-d930cb755ef1,D.Mills,QB,nfl-player-v1,103.273,4.704,0,0,0.647,0,0,0.005
2025,18,2025_18_IND_HOU,HOU,00-0033854,1469f8ef-106a-411b-8a88-2356c758380f,D.Ogunbowale,RB,nfl-player-v1,0,8.094,4.033,0.651,0,0,0,0.005
2025,18,2025_18_IND_HOU,HOU,00-0034383,fe4c4fa7-73c1-43b7-8823-e75c27674ec2,D.Schultz,TE,nfl-player-v1,0,0,13.004,1.459,0,0,0,0.005
2025,18,2025_18_IND_HOU,HOU,00-0040130,321f2f7a-617b-4114-867a-7188cd496cff,J.Higgins,WR,nfl-player-v1,0,0,13.904,1.559,0,0,0.031,0.0307
2025,18,2025_18_IND_HOU,HOU,00-0039405,cc16131b-26f3-4e7b-8b52-32f7885b2adf,J.Jordan,RB,nfl-player-v1,0,15.477,2.471,0.412,0,0.095,0.005,0.0945
2025,18,2025_18_IND_HOU,HOU,00-0040138,e514b85a-324e-406e-880e-9c49fe37b12d,J.Noel,WR,nfl-player-v1,0,0,6.519,0.764,0,0,0,0.005
2025,18,2025_18_IND_HOU,HOU,00-0040583,370bcf5e-ca00-4e72-b138-115538bdc569,W.Marks,RB,nfl-player-v1,0,25.583,4.914,0.781,0,0.303,0.018,0.2748
2025,18,2025_18_IND_HOU,HOU,00-0038618,e432064c-a8c6-4b83-8119-a0bf2e30fa6f,X.Hutchinson,WR,nfl-player-v1,0,0,24.424,2.602,0,0,0.052,0.0507
2025,18,2025_18_IND_HOU,IND,00-0032104,39c8ad89-a95a-4486-8c3d-ef8312e6ac3f,A.Abdullah,RB,nfl-player-v1,0,8.401,3.999,0.649,0,0,0,0.005
2025,18,2025_18_IND_HOU,IND,00-0035021,1a3a78db-f384-4fdd-b93c-ba5c57d9c84a,A.Dulin,WR,nfl-player-v1,0,0,7.744,0.906,0,0,0,0.005
2025,18,2025_18_IND_HOU,IND,00-0037664,6b78568e-15e7-485d-ab78-b85134c79c82,A.Pierce,WR,nfl-player-v1,0,0,17.936,1.978,0,0,0.043,0.0417
2025,18,2025_18_IND_HOU,IND,00-0040179,8c0c7f21-64e6-4f24-bb55-be0ec77cac98,D.Giddens,RB,nfl-player-v1,0,23.559,2.475,0.412,0,0.231,0.008,0.2121
2025,18,2025_18_IND_HOU,IND,00-0038997,5da8b083-96f7-43b0-8b97-365397bd59e6,J.Downs,WR,nfl-player-v1,0,0.292,11.925,1.343,0,0,0,0.005
2025,18,2025_18_IND_HOU,IND,00-0036223,d93096a9-946b-4b3c-a3b5-7a1498c91cae,J.Taylor,RB,nfl-player-v1,0,37.672,4.02,0.652,0,0.12,0.004,0.1165
2025,18,2025_18_IND_HOU,IND,00-0033217,97978f02-25a5-40fd-972c-1321c2671005,M.Alie-Cox,TE,nfl-player-v1,0,0,11.742,1.333,0,0,0.014,0.0143
2025,18,2025_18_IND_HOU,IND,00-0036252,8b257ca3-4915-4a9f-9cc7-70bd81d7af59,M.Pittman,WR,nfl-player-v1,0,0,11.469,1.307,0,0,0.028,0.0278
2025,18,2025_18_IND_HOU,IND,00-0040206,84183f30-4aea-4c0e-a5ee-3e0d078d504e,R.Leonard,QB,nfl-player-v1,119.861,5.884,0,0,0.776,0.013,0,0.0127
2025,18,2025_18_IND_HOU,IND,00-0033269,3a1a8a34-5de1-48d3-b312-ce575474dd0d,R.Sanchez,P,nfl-player-v1,0,0,4.804,0.569,0,0,0,0.005
2025,18,2025_18_IND_HOU,IND,00-0037120,3d12ca35-8ab0-41ad-b980-b7fc82d41bab,T.Goodson,RB,nfl-player-v1,0,8.284,2.471,0.412,0,0,0,0.005
2025,18,2025_18_IND_HOU,IND,00-0040128,e72096d9-8234-4879-b3b4-9fd4bf4aac4e,T.Warren,TE,nfl-player-v1,0,0,20.276,2.209,0,0,0.048,0.0465
2025,18,2025_18_TEN_JAX,JAX,00-0038935,80a87ed4-7f37-41e3-80a9-7f6581431750,B.Strange,TE,nfl-player-v1,0,0,18.749,2.059,0,0,0.029,0.0284
2025,18,2025_18_TEN_JAX,JAX,00-0039893,2dc8cd75-0a7b-413d-a5a0-3a21b2e1dbc9,B.Thomas,WR,nfl-player-v1,0,0,15.24,1.709,0,0,0,0.005
2025,18,2025_18_TEN_JAX,JAX,00-0040719,9d78928b-8c2f-4c2e-84ff-879c358142a1,B.Tuten,RB,nfl-player-v1,0,18.805,2.524,0.421,0,0.16,0.007,0.1538
2025,18,2025_18_TEN_JAX,JAX,00-0036626,b51c7678-2594-4a59-98df-0fc272274fdf,D.Brown,WR,nfl-player-v1,0,0,6.695,0.786,0,0,0.011,0.0109
2025,18,2025_18_TEN_JAX,JAX,00-0034960,55480340-bb90-4518-9695-e85dd3d36015,J.Meyers,WR,nfl-player-v1,0,0,18.286,2.016,0,0,0,0.005
2025,18,2025_18_TEN_JAX,JAX,00-0033246,0c3ec903-9025-436a-9ef3-d9eee09e93fb,J.Mundt,TE,nfl-player-v1,0,0,6.695,0.786,0,0,0,0.005
2025,18,2025_18_TEN_JAX,JAX,00-0033319,9ac95a2a-0100-4d5e-b1b4-66f539140fab,N.Mullens,QB,nfl-player-v1,101.223,4.323,0,0,0.634,0,0,0.005
2025,18,2025_18_TEN_JAX,JAX,00-0038606,ba986501-71a5-4c41-8836-02933c11efda,P.Washington,WR,nfl-player-v1,0,0,26.017,2.793,0,0,0,0.005
2025,18,2025_18_TEN_JAX,JAX,00-0036590,c9bc4d48-8b89-4565-af15-b88ab15f3a3f,Q.Morris,TE,nfl-player-v1,0,0,6.695,0.786,0,0,0.011,0.0109
2025,18,2025_18_TEN_JAX,JAX,00-0036973,13c9b1da-11e5-44db-b6e2-2ce94a697d63,T.Etienne,RB,nfl-player-v1,0,42.283,3.383,0.556,0,0.524,0.013,0.4155
2025,18,2025_18_TEN_JAX,JAX,00-0036971,d0738d0d-7cc8-49b9-882e-a1fb536c47e7,T.Lawrence,QB,nfl-player-v1,117.959,5.666,0,0,0.739,0,0,0.005
2025,18,2025_18_TEN_JAX,JAX,00-0033375,0d4b90d7-5de5-47f3-a213-f10b8c403998,T.Patrick,WR,nfl-player-v1,0,0,6.552,0.769,0,0,0.011,0.0107
2025,18,2025_18_KC_LV,KC,00-0040078,65158854-c056-46f0-a185-79af3db336de,B.Smith,RB,nfl-player-v1,0,38.248,6.36,1,0,0,0,0.005
2025,18,2025_18_KC_LV,KC,00-0037324,2dc8197d-32c4-4dd0-b6fe-204644d5c94e,C.Oladokun,QB,nfl-player-v1,106.541,4.653,0,0,0.667,0,0,0.005
2025,18,2025_18_KC_LV,KC,00-0037258,38a24d2f-310f-47b9-b65c-ed661537f295,D.Pierce,RB,nfl-player-v1,0,16.238,2.471,0.412,0,0,0,0.005
2025,18,2025_18_KC_LV,KC,00-0040646,e815c363-7045-4e2e-af17-8d61ed06e00e,J.Royals,WR,nfl-player-v1,0,0,10.839,1.243,0,0,0,0.005
2025,18,2025_18_KC_LV,KC,00-0033857,934d9980-bd65-441a-8b3b-b51144ba8f5a,J.Smith-Schuster,WR,nfl-player-v1,0,0,8.98,1.039,0,0,0,0.005
2025,18,2025_18_KC_LV,KC,00-0033923,0ab5a80d-1207-4385-8df5-2f776ac16816,K.Hunt,RB,nfl-player-v1,0,19.685,6.49,1.02,0,0.41,0.041,0.3627
2025,18,2025_18_KC_LV,KC,00-0035662,48a61718-24ab-4c6a-946e-56764c8f0206,M.Brown,WR,nfl-player-v1,0,0,18.06,2.005,0,0,0,0.005
2025,18,2025_18_KC_LV,KC,00-0036637,d6bb9e59-3e25-468e-9bb1-ea8b5eccfdff,N.Gray,TE,nfl-player-v1,0,0,15.647,1.753,0,0,0,0.005
2025,18,2025_18_KC_LV,KC,00-0036679,63e3688f-5b3a-4156-b437-bea16e1b4156,S.Buechele,,nfl-player-v1,0,0.35,4.868,0.558,0,0,0,0.005
2025,18,2025_18_KC_LV,KC,00-0030506,6e6da15e-254a-4ee3-b0c8-2eaf5875f22f,T.Kelce,TE,nfl-player-v1,0,0,17.967,1.995,0,0,0,0.005
2025,18,2025_18_ARI_LA,LA,00-0039738,e5a46115-0912-415a-b0ef-fc6459391e9c,B.Corum,RB,nfl-player-v1,0,31.857,2.747,0.452,0,0.19,0.005,0.1774
2025,18,2025_18_ARI_LA,LA,00-0036244,5bfdeab0-8d49-4746-a2be-60598dcbcf43,C.Parkinson,TE,nfl-player-v1,0,0,16.868,1.874,0,0,0.037,0.0368
2025,18,2025_18_ARI_LA,LA,00-0039074,577995aa-5a21-4ce7-a655-476aa3b7d151,D.Allen,TE,nfl-player-v1,0,0,6.079,0.718,0,0,0,0.005
2025,18,2025_18_ARI_LA,LA,00-0040590,802a6e31-ba99-42c3-b0dc-94b4eee5aab9,K.Mumpfield,WR,nfl-player-v1,0,0,6.079,0.718,0,0,0,0.005
2025,18,2025_18_ARI_LA,LA,00-0037840,d499f341-a8ae-4bc2-a2d0-09cbdcbc82c8,K.Williams,RB,nfl-player-v1,0,29.978,5.302,0.833,0,0.44,0.024,0.3711
2025,18,2025_18_ARI_LA,LA,00-0026498,7fc98b95-d8a9-461b-895c-675c835c87a6,M.Stafford,QB,nfl-player-v1,118.029,4.794,0,0,0.739,0,0,0.005
2025,18,2025_18_ARI_LA,LA,00-0039075,cc8ed8e0-fd25-4c8f-bc2e-7c8b1975f241,P.Nacua,WR,nfl-player-v1,0,0.625,28.165,2.954,0,0.002,0.089,0.0867
2025,18,2025_18_ARI_LA,LA,00-0036849,ee96a79b-a709-457f-a28b-3c704a468920,T.Atwell,WR,nfl-player-v1,0,0,9.176,1.063,0,0,0,0.005
2025,18,2025_18_ARI_LA,LA,00-0033110,a21c681d-1ae5-4cc3-9b3e-29b4909192bb,T.Higbee,TE,nfl-player-v1,0,0,13.12,1.464,0,0,0.015,0.0145
2025,18,2025_18_ARI_LA,LA,00-0038359,ff0a0568-448e-46fb-88fa-838eb9c13099,X.Smith,WR,nfl-player-v1,0,0,7.816,0.912,0,0,0,0.005
2025,18,2025_18_LAC_DEN,LAC,00-0038573,1812ee0d-0029-49bc-8676-626a59248831,D.Davis,WR,nfl-player-v1,0,0,6.457,0.76,0,0,0,0.005
2025,18,2025_18_LAC_DEN,LAC,00-0037617,2a4f97df-adf9-4894-8746-653f8ca1aa76,H.Haskins,RB,nfl-player-v1,0,7.864,2.147,0.358,0,0,0,0.005
2025,18,2025_18_LAC_DEN,LAC,00-0036755,a58328de-728b-4d76-84ca-804686864dfc,J.Patterson,RB,nfl-player-v1,0,30.432,5.676,0.903,0,0,0,0.005
2025,18,2025_18_LAC_DEN,LAC,00-0030279,60f4cd06-05df-4280-add3-4cecee3a82d3,K.Allen,WR,nfl-player-v1,0,0,33.705,3.556,0,0,0,0.005
2025,18,2025_18_LAC_DEN,LAC,00-0040184,e89ed330-2fe2-43ee-be6c-0fe8db74e4bf,K.Lambert-Smith,WR,nfl-player-v1,0,0,13.399,1.524,0,0,0,0.005
2025,18,2025_18_LAC_DEN,LAC,00-0039391,533082ab-7fe9-4268-80bc-0139989251cf,K.Vidal,RB,nfl-player-v1,0,12.732,2.741,0.451,0,0,0,0.005
2025,18,2025_18_LAC_DEN,LAC,00-0040189,070528cf-a9c0-48c4-a759-be8a5cd3922f,O.Gadsden,TE,nfl-player-v1,0,0,8.256,0.961,0,0,0,0.005
2025,18,2025_18_LAC_DEN,LAC,00-0034270,5aff7be5-7bfe-4ff3-b286-81c0f9f0cd16,T.Conklin,TE,nfl-player-v1,0,0,6.456,0.76,0,0,0,0.005
2025,18,2025_18_LAC_DEN,LAC,00-0040727,ff157432-dabf-43cf-96af-8ff8ebad77a9,T.Harris,WR,nfl-player-v1,0,0,15.287,1.725,0,0,0.121,0.1138
2025,18,2025_18_LAC_DEN,LAC,00-0037012,c8b87222-de0c-47cd-8789-283ea158b788,T.Lance,QB,nfl-player-v1,138.615,10.283,0,0,0.868,0,0,0.005
2025,18,2025_18_LAC_DEN,LAC,00-0034159,6a67a584-8cf6-417f-90b0-34a7577fc8da,W.Dissly,TE,nfl-player-v1,0,0,13.161,1.502,0,0,0,0.005
2025,18,2025_18_KC_LV,LV,00-0040122,959ec041-e728-44e5-862c-b08ffa61a3f4,A.Jeanty,RB,nfl-player-v1,0,58.321,7.084,1.087,0,1.319,0.05,0.7456
2025,18,2025_18_KC_LV,LV,00-0038579,de412420-89d8-4955-9d7d-72f809f5077c,A.O'Connell,QB,nfl-player-v1,110.068,4.777,0,0,0.689,0,0,0.005
2025,18,2025_18_KC_LV,LV,00-0040581,5e310480-4f70-4fd6-9ede-56c1b6664853,D.Thornton,WR,nfl-player-v1,0,0,6.308,0.743,0,0,0,0.005
2025,18,2025_18_KC_LV,LV,00-0037512,c6c8cf26-e51f-45d4-8ab8-505690ae925b,I.Pola-Mao,DB,nfl-player-v1,0,0.252,4.711,0.558,0,0,0,0.005
2025,18,2025_18_KC_LV,LV,00-0040729,f49d31d5-7af7-4246-bd09-dd9bf49a5fea,J.Bech,WR,nfl-player-v1,0,0,8.19,0.954,0,0,0,0.005
2025,18,2025_18_KC_LV,LV,00-0038102,ebe0b8de-695b-4d82-984f-1000e7f01541,K.Pickett,QB,nfl-player-v1,97.592,4.394,0,0,0.611,0,0,0.005
2025,18,2025_18_KC_LV,LV,00-0039066,44db107c-a7ce-49ae-ba2b-dc3ae85181a0,M.Mayer,TE,nfl-player-v1,0,0,14.711,1.635,0,0,0.033,0.0322
2025,18,2025_18_KC_LV,LV,00-0038891,504cff6d-96bf-4947-9b02-fdeca09ae23a,S.Jackson,WR,nfl-player-v1,0,0.253,6.485,0.756,0,0,0,0.005
2025,18,2025_18_KC_LV,LV,00-0032211,766ec4f5-92c5-4b06-a338-38a14f175030,T.Lockett,WR,nfl-player-v1,0,0,14.3,1.605,0,0,0,0.005
2025,18,2025_18_KC_LV,LV,00-0038563,b59c0df7-c6c7-412f-8abd-2bf54a74bfa2,T.Tucker,WR,nfl-player-v1,0,0.258,16.54,1.821,0,0.001,0.036,0.0363
2025,18,2025_18_KC_LV,LV,00-0038040,11dae0b0-f3a8-420b-bdc3-bc358c4dcb0e,Z.White,RB,nfl-player-v1,0,8.185,3.356,0.55,0,0,0,0.005
2025,18,2025_18_MIA_NE,MIA,00-0035125,12e216b4-a162-43d0-ba51-c53c2821df6e,A.Ingold,RB,nfl-player-v1,0,6.234,4.449,0.715,0,0,0,0.005
2025,18,2025_18_MIA_NE,MIA,00-0034418,30d562b8-8bd4-40b9-ae00-49cf338a8734,C.Wilson,WR,nfl-player-v1,0,0,8.729,1.015,0,0,0.01,0.0101
2025,18,2025_18_MIA_NE,MIA,00-0037252,cb3d52be-8be1-4f0f-9853-bb42f129ee5f,G.Dulcich,TE,nfl-player-v1,0,0,14.35,1.604,0,0,0,0.005
2025,18,2025_18_MIA_NE,MIA,00-0038720,bf7b51db-74d4-4563-aeff-8dc9157a1c69,J.Hill,TE,nfl-player-v1,0,0,6.972,0.816,0,0,0,0.005
2025,18,2025_18_MIA_NE,MIA,00-0039874,53edb104-26c4-438b-8ac5-edf35458e1c6,J.Wright,RB,nfl-player-v1,0,34.617,4.611,0.741,0,0.61,0.025,0.4702
2025,18,2025_18_MIA_NE,MIA,00-0039880,9f759ea4-6e4c-44b2-9eb1-44640e42493b,M.Washington,WR,nfl-player-v1,0,0.666,14.612,1.617,0,0.001,0.032,0.0333
2025,18,2025_18_MIA_NE,MIA,00-0040198,6f1b239c-9e82-490d-abfd-2aa17a03f3a1,O.Gordon,RB,nfl-player-v1,0,24.88,3.447,0.564,0,0.149,0.006,0.1438
2025,18,2025_18_MIA_NE,MIA,00-0040234,657dda04-3090-4b51-a042-ed172ce632f2,Q.Ewers,QB,nfl-player-v1,110.926,4.728,0,0,0.694,0,0,0.005
2025,18,2025_18_MIA_NE,MIA,00-0039884,9f759ea4-6e4c-44b2-9eb1-44640e42493b,T.Washington,WR,nfl-player-v1,0,0,11.625,1.321,0,0,0.013,0.0131
2025,18,2025_18_MIA_NE,MIA,00-0040311,95e7d98d-3b0e-42aa-90d3-4ef7b44feba0,T.Wease,WR,nfl-player-v1,0,0,17.121,1.892,0,0,0.019,0.0187
2025,18,2025_18_MIA_NE,MIA,00-0037013,c45ec253-eb3c-4927-840a-b4719f423791,Z.Wilson,QB,nfl-player-v1,88.926,3.537,0,0,0.557,0,0,0.005
2025,18,2025_18_GB_MIN,MIN,00-0038809,ae9c14bb-de54-4cc9-8a98-0b1ab5806ae9,B.Sims,TE,nfl-player-v1,0,0,11.414,1.302,0,0,0.015,0.0151
2025,18,2025_18_GB_MIN,MIN,00-0040509,83acf780-5664-449a-b59b-85014a46c210,B.Yurosek,TE,nfl-player-v1,0,0,6.469,0.759,0,0,0,0.005
2025,18,2025_18_GB_MIN,MIN,00-0032918,32e836f7-f899-4536-bac2-b6584f55a528,C.Ham,RB,nfl-player-v1,0,8.324,3.298,0.542,0,0.03,0.004,0.0328
2025,18,2025_18_GB_MIN,MIN,00-0038994,5ce4d5c2-18c4-4c4d-b3a0-039eb4a3d989,J.Addison,WR,nfl-player-v1,0,0,9.643,1.11,0,0,0.013,0.0129
2025,18,2025_18_GB_MIN,MIN,00-0036322,9bd851b9-cba5-4c2a-989a-792d495db187,J.Jefferson,WR,nfl-player-v1,0,0.284,30.727,3.186,0,0,0.037,0.0368
2025,18,2025_18_GB_MIN,MIN,00-0037525,f3080ee8-3085-4c4a-8cb6-73cca736c41b,J.Mason,RB,nfl-player-v1,0,34.885,2.532,0.422,0,0.244,0.006,0.2208
2025,18,2025_18_GB_MIN,MIN,00-0039923,6ccddb5c-777e-4767-8920-d6b85d950d14,J.McCarthy,QB,nfl-player-v1,111.697,5.2,0,0,0.699,0,0,0.005
2025,18,2025_18_GB_MIN,MIN,00-0037291,3c26dce6-b5d7-4026-b212-1b22c6b4a9e7,J.Nailor,WR,nfl-player-v1,0,0,10.301,1.176,0,0,0,0.005
2025,18,2025_18_GB_MIN,MIN,00-0035249,92cb0b66-4a07-426a-87cb-4c104a63b111,J.Oliver,TE,nfl-player-v1,0,0,8.309,0.962,0,0,0,0.005
2025,18,2025_18_GB_MIN,MIN,00-0040494,5de9bd7e-1e94-4286-a652-760935b7f982,M.Brosmer,QB,nfl-player-v1,102.241,4.237,0,0,0.64,0,0,0.005
2025,18,2025_18_GB_MIN,MIN,00-0037276,de14a401-2264-4951-87e1-e7a273cd6d83,T.Chandler,RB,nfl-player-v1,0,26.608,5.719,0.899,0,0.275,0.018,0.2537
2025,18,2025_18_GB_MIN,MIN,00-0038440,4c74f14f-2193-41d1-b3b4-fb34cb116198,Z.Scott,RB,nfl-player-v1,0,12.17,3.252,0.534,0,0.087,0.007,0.0894
2025,18,2025_18_MIA_NE,NE,00-0032392,da501cdf-983b-48c5-9918-7569b745567c,A.Hooper,TE,nfl-player-v1,0,0,6.954,0.811,0,0,0.011,0.0113
2025,18,2025_18_MIA_NE,NE,00-0038621,bc093a81-2f9d-44f8-85cc-cb7d3f539296,D.Douglas,WR,nfl-player-v1,0,0,11.875,1.339,0,0,0,0.005
2025,18,2025_18_MIA_NE,NE,00-0035628,f608ee90-c986-469d-b0d7-f7af91010dc5,D.Johnson,RB,nfl-player-v1,0,14.167,2.471,0.412,0,0,0,0.005
2025,18,2025_18_MIA_NE,NE,00-0039851,c18b2fe3-1746-464c-9604-91eca99e8c5c,D.Maye,QB,nfl-player-v1,112.091,6.603,0,0,0.733,0.019,0,0.0185
2025,18,2025_18_MIA_NE,NE,00-0040563,d6ce8d4c-60a3-46be-a6b1-704a8044fe57,E.Chism,WR,nfl-player-v1,0,0,6.954,0.811,0,0,0,0.005
2025,18,2025_18_MIA_NE,NE,00-0033090,835b972d-7fc1-48d2-bfb6-4ad15a30a0a1,H.Henry,TE,nfl-player-v1,0,0,18.391,1.984,0,0,0.028,0.0274
2025,18,2025_18_MIA_NE,NE,00-0033949,d1f89fac-509c-44c6-92ab-7c667d39aac0,J.Dobbs,QB,nfl-player-v1,100.167,4.663,0,0,0.627,0,0,0.005
2025,18,2025_18_MIA_NE,NE,00-0039305,bfdba9dd-9ada-42df-a194-faabb73703c4,J.Westover,RB,nfl-player-v1,0,5.271,2.913,0.475,0,0,0,0.005
2025,18,2025_18_MIA_NE,NE,00-0038608,353c0718-b585-42e4-9fdd-65abf246f4d1,K.Boutte,WR,nfl-player-v1,0,0,14.354,1.598,0,0,0,0.005
2025,18,2025_18_MIA_NE,NE,00-0040131,8490b4f2-0ce0-429e-93d9-e5bf60f69adf,K.Williams,WR,nfl-player-v1,0,0.257,4.805,0.569,0,0,0,0.005
2025,18,2025_18_MIA_NE,NE,00-0036875,64641499-cd80-4cac-adcf-0272f37d57cc,R.Stevenson,RB,nfl-player-v1,0,18.327,4.607,0.735,0,0.153,0.012,0.1518
2025,18,2025_18_MIA_NE,NE,00-0031588,8ea2703a-b355-44a5-a0d5-3ade7964e460,S.Diggs,WR,nfl-player-v1,0,0,12.391,1.389,0,0,0,0.005
2025,18,2025_18_MIA_NE,NE,00-0040734,8c7fdfc1-da82-46bd-8059-d38dfc782a85,T.Henderson,RB,nfl-player-v1,0,27.776,2.506,0.418,0,0.466,0.013,0.3808
2025,18,2025_18_NO_ATL,NO,00-0039373,477881e2-4f41-4c00-9edc-918d69b23eaa,A.Estime,RB,nfl-player-v1,0,60.512,6.844,1.069,0,0.968,0.034,0.6328
2025,18,2025_18_NO_ATL,NO,00-0034860,12e86754-f8a5-4373-b084-302c36dbc6a6,D.Pettis,WR,nfl-player-v1,0,0,14.399,1.611,0,0,0,0.005
2025,18,2025_18_NO_ATL,NO,00-0038397,48370aff-6673-4368-a31b-5328ac46e109,E.Hull,RB,nfl-player-v1,0,10.819,2.471,0.412,0,0.047,0.003,0.0486
2025,18,2025_18_NO_ATL,NO,00-0036040,e10fc805-9026-4fe2-8714-d074bd8ca1be,J.Johnson,TE,nfl-player-v1,0,0,13.803,1.556,0,0,0,0.005
2025,18,2025_18_NO_ATL,NO,00-0037231,389896d3-fe13-4951-a2cc-c9cb4ae0d189,K.Austin,WR,nfl-player-v1,0,0,22.697,2.468,0,0,0,0.005
2025,18,2025_18_NO_ATL,NO,00-0038647,1c595f86-383f-4657-b7de-b208344ae2d6,R.Bell,WR,nfl-player-v1,0,0,11.65,1.33,0,0,0.037,0.0365
2025,18,2025_18_NO_ATL,NO,00-0037098,2a332a09-6759-48cc-a375-e1e56b106ab0,S.Toure,WR,nfl-player-v1,0,0,9.68,1.119,0,0,0.016,0.0155
2025,18,2025_18_NO_ATL,NO,00-0033357,5034d52d-1292-4d87-a545-ef53884ca7e1,T.Hill,QB,nfl-player-v1,111.332,4.282,0,0,0.697,0,0,0.005
2025,18,2025_18_NO_ATL,NO,00-0040743,c6b16d75-657b-44a5-9bf9-033769fc3460,T.Shough,QB,nfl-player-v1,125.027,6.091,0,0,0.818,0.017,0,0.0171
2025,18,2025_18_DAL_NYG,NYG,00-0031484,9a76859b-6062-4c9f-9c62-9bfe7bea924a,C.Manhertz,TE,nfl-player-v1,0,0,6.134,0.724,0,0,0.006,0.0063
2025,18,2025_18_DAL_NYG,NYG,00-0038115,7902e063-be70-413b-92a0-7ed450db8b6b,D.Bellinger,TE,nfl-player-v1,0,0,8.119,0.942,0,0,0,0.005
2025,18,2025_18_DAL_NYG,NYG,00-0035250,e7d55b0c-e17e-4747-9f12-d3c5933b5e3e,D.Singletary,RB,nfl-player-v1,0,25.214,2.497,0.416,0,0.201,0.006,0.1868
2025,18,2025_18_DAL_NYG,NYG,00-0035535,2e5cbb33-2ffd-4dc1-af97-8edb43d325e6,D.Slayton,WR,nfl-player-v1,0,0,24.157,2.601,0,0,0.068,0.066
2025,18,2025_18_DAL_NYG,NYG,00-0035645,2d7eb92c-9618-4cf0-ae6f-cd4e3f9bfcbc,G.Olszewski,WR,nfl-player-v1,0,0,23.285,2.487,0,0,0,0.005
2025,18,2025_18_DAL_NYG,NYG,00-0036165,dce9cd84-7353-418c-969b-4a3ada196987,I.Hodgins,WR,nfl-player-v1,0,0,7.644,0.894,0,0,0.008,0.0078
2025,18,2025_18_DAL_NYG,NYG,00-0040691,df2c09c5-74cd-4fdf-907d-3b98983c4c2b,J.Dart,QB,nfl-player-v1,117.957,6.22,0,0,0.78,0.023,0,0.0229
2025,18,2025_18_DAL_NYG,NYG,00-0039384,5f99ad3b-ac4f-409e-8699-ac3ba697ade3,T.Tracy,RB,nfl-player-v1,0,48.232,10.624,1.576,0,0.597,0.039,0.4706
2025,18,2025_18_NYJ_BUF,NYJ,00-0034959,954d5b41-02ea-4047-8385-515c5118690c,A.Beck,RB,nfl-player-v1,0,6.257,4.457,0.715,0,0.044,0.01,0.0525
2025,18,2025_18_NYJ_BUF,NYJ,00-0039890,87520ab1-0a67-4521-b031-0a45fa108796,A.Mitchell,WR,nfl-player-v1,0,0,10.92,1.252,0,0,0,0.005
2025,18,2025_18_NYJ_BUF,NYJ,00-0040582,fa3a3931-e2a2-4cd4-8c08-c75bfc1098c0,A.Smith,WR,nfl-player-v1,0,0.349,8.77,1.012,0,0,0,0.005
2025,18,2025_18_NYJ_BUF,NYJ,00-0040398,0f1c18b3-e0c7-474f-aa1c-51a83a5cd17f,B.Cook,QB,nfl-player-v1,113.538,6.141,0,0,0.711,0,0,0.005
2025,18,2025_18_NYJ_BUF,NYJ,00-0039451,80869be9-a016-466d-8e55-fbd21a0b51ec,I.Williams,WR,nfl-player-v1,0,0,23.835,2.538,0,0,0,0.005
2025,18,2025_18_NYJ_BUF,NYJ,00-0037614,48a86180-2857-4c87-a70a-b3b156f158dc,J.Metchie,WR,nfl-player-v1,0,0,14.398,1.604,0,0,0,0.005
2025,18,2025_18_NYJ_BUF,NYJ,00-0036906,e05bc7d0-a29b-4383-af57-b1fe99453e35,K.Herbert,RB,nfl-player-v1,0,31.695,4.454,0.714,0,0.652,0.029,0.4939
2025,18,2025_18_NYJ_BUF,NYJ,00-0036842,92fae969-59d0-4086-8077-a13d62318149,K.Nwangwu,RB,nfl-player-v1,0,21.107,3.482,0.569,0,0,0,0.005
2025,18,2025_18_NYJ_BUF,NYJ,00-0040406,bc4c48f3-1f17-4cac-946a-33c73279e5c5,Q.Skinner,WR,nfl-player-v1,0,0,9.182,1.06,0,0,0.025,0.0244
2025,18,2025_18_WAS_PHI,PHI,00-0036265,362301d5-6a24-485e-889d-7f3eafbb66b3,A.Dillon,RB,nfl-player-v1,0,6.183,3.316,0.545,0,0.018,0.003,0.0204
2025,18,2025_18_WAS_PHI,PHI,00-0037132,f69f2a06-b9b5-4848-bed1-ae6cb0a090cb,B.Covey,WR,nfl-player-v1,0,0,12.478,1.424,0,0,0,0.005
2025,18,2025_18_WAS_PHI,PHI,00-0040024,da99bf06-ca0e-47c2-9e71-2b4ecf7efefe,D.Cooper,WR,nfl-player-v1,0,0,14.926,1.683,0,0,0,0.005
2025,18,2025_18_WAS_PHI,PHI,00-0036912,d0e121df-25e6-4268-9e79-b99acb8e9160,D.Smith,WR,nfl-player-v1,0,0,12.84,1.46,0,0,0,0.005
2025,18,2025_18_WAS_PHI,PHI,00-0037086,8735f01e-d001-4390-9408-f3de8989eca3,G.Calcaterra,TE,nfl-player-v1,0,0,10.518,1.21,0,0,0.023,0.0223
2025,18,2025_18_WAS_PHI,PHI,00-0037741,6d4cdf27-b583-4056-b59d-95182c15301b,J.Dotson,WR,nfl-player-v1,0,0,21.795,2.397,0,0,0.045,0.0438
2025,18,2025_18_WAS_PHI,PHI,00-0036876,ba7a8faf-a5e9-49dd-afa4-377d5fca40b1,K.Granson,TE,nfl-player-v1,0,0,15.317,1.72,0,0,0.016,0.0159
2025,18,2025_18_WAS_PHI,PHI,00-0038555,f6e1063b-4d79-4005-b44c-7621b0f82a81,T.Bigsby,RB,nfl-player-v1,0,57.955,3.391,0.558,0,1.109,0.021,0.677
2025,18,2025_18_WAS_PHI,PHI,00-0038400,adc23f6f-785f-4c16-b008-399ca48f511f,T.McKee,QB,nfl-player-v1,124.455,5.746,0,0,0.779,0,0,0.005
2025,18,2025_18_WAS_PHI,PHI,00-0039746,53f7c2dd-3fec-4e55-9991-00e4d7c2fc74,W.Shipley,RB,nfl-player-v1,0,9.301,5.103,0.818,0,0.026,0.004,0.0302
2025,18,2025_18_BAL_PIT,PIT,00-0023459,9cd40a7b-735b-4670-bf0e-4d357c5b3e10,A.Rodgers,QB,nfl-player-v1,129.971,5.091,0,0,0.814,0,0,0.005
2025,18,2025_18_BAL_PIT,PIT,00-0030035,f78e2b4f-796b-41c8-9af0-75caf042eb26,A.Thielen,WR,nfl-player-v1,0,0,13.976,1.583,0,0,0,0.005
2025,18,2025_18_BAL_PIT,PIT,00-0037837,bb6900c7-cf17-450b-b596-4a3542add3ef,C.Austin,WR,nfl-player-v1,0,0,15.967,1.797,0,0,0.016,0.0156
2025,18,2025_18_BAL_PIT,PIT,00-0037304,c3cd242e-0ded-4370-b254-f6582de39903,Co.Heyward,TE,nfl-player-v1,0,1.004,6.187,0.719,0,0.002,0.013,0.0145
2025,18,2025_18_BAL_PIT,PIT,00-0033858,8b8c7b1a-90f6-4931-b9d8-3c8cfb0c920b,J.Smith,TE,nfl-player-v1,0,0.334,7.522,0.876,0,0,0.008,0.008
2025,18,2025_18_BAL_PIT,PIT,00-0037228,23de35af-3a1c-4ae7-9ea4-954a48d78d6a,J.Warren,RB,nfl-player-v1,0,48.854,6.11,0.968,0,0.873,0.034,0.5964
2025,18,2025_18_BAL_PIT,PIT,00-0036919,8a95e757-cf19-40cd-9cc1-77255bb487f1,K.Gainwell,RB,nfl-player-v1,0,21.67,9.474,1.444,0,0.111,0.014,0.118
2025,18,2025_18_BAL_PIT,PIT,00-0034272,ce987bc8-98ca-4ce6-85b3-8e9ef51b0a8f,M.Valdes-Scantling,WR,nfl-player-v1,0,0,16.148,1.807,0,0,0.016,0.0157
2025,18,2025_18_BAL_PIT,PIT,00-0036894,07b45f1c-fb0a-40db-939b-4ee4836e9343,P.Freiermuth,TE,nfl-player-v1,0,0,12.38,1.412,0,0,0.012,0.0123
2025,18,2025_18_BAL_PIT,PIT,00-0035298,0b36dce8-d96f-41bf-9a25-a9ebf8c29895,S.Miller,WR,nfl-player-v1,0,0,7.589,0.886,0,0,0,0.005
2025,18,2025_18_SEA_SF,SEA,00-0039793,1359d114-9fb9-4783-8101-efdec545f961,A.Barner,TE,nfl-player-v1,0,0,10.083,1.15,0,0,0,0.005
2025,18,2025_18_SEA_SF,SEA,00-0033908,42465aa3-53c4-4afb-bf91-0ac136659ba3,C.Kupp,WR,nfl-player-v1,0,0,10.212,1.165,0,0,0.015,0.0147
2025,18,2025_18_SEA_SF,SEA,00-0033576,ad7e840b-2470-474e-a371-36c62befbf64,E.Saubert,TE,nfl-player-v1,0,0,9.87,1.126,0,0,0.014,0.0142
2025,18,2025_18_SEA_SF,SEA,00-0038543,8d9cebd3-3534-48a0-a4e9-2c0ebc5c1c94,J.Smith-Njigba,WR,nfl-player-v1,0,0,22.717,2.416,0,0,0,0.005
2025,18,2025_18_SEA_SF,SEA,00-0038134,593d9bcd-2ae1-41ca-bf16-2d3c62d5b196,K.Walker,RB,nfl-player-v1,0,35.638,5.912,0.922,0,0.132,0.007,0.1292
2025,18,2025_18_SEA_SF,SEA,00-0037545,0a931859-dbbe-4421-8bdc-ee6094237041,R.Shaheed,WR,nfl-player-v1,0,0,6.471,0.758,0,0,0,0.005
2025,18,2025_18_SEA_SF,SEA,00-0034869,3a4bd5d6-8b01-4324-8449-d0f7c2059e36,S.Darnold,QB,nfl-player-v1,113.029,5.52,0,0,0.708,0,0,0.005
2025,18,2025_18_SEA_SF,SEA,00-0039165,7bb1ecbd-ce2a-443f-881d-e3f993b6a1c0,Z.Charbonnet,RB,nfl-player-v1,0,37.445,5.862,0.914,0,0.969,0.047,0.6376
2025,18,2025_18_SEA_SF,SF,00-0037834,fb4669d0-c27f-4ea4-bd37-8d3bad299f07,B.Purdy,QB,nfl-player-v1,119.804,6.362,0,0,0.75,0,0,0.005
2025,18,2025_18_SEA_SF,SF,00-0037746,00b3cb74-e58d-4660-b1df-2376a82120b6,B.Robinson,RB,nfl-player-v1,0,13.64,2.471,0.412,0,0,0,0.005
2025,18,2025_18_SEA_SF,SF,00-0033280,ae3498a3-f309-4ea2-a3c1-031f013cc394,C.McCaffrey,RB,nfl-player-v1,0,40.463,11.821,1.764,0,1.071,0.094,0.6882
2025,18,2025_18_SEA_SF,SF,00-0032775,03ab017e-f181-4486-9661-1c6485dedf19,D.Robinson,WR,nfl-player-v1,0,0,15.062,1.692,0,0,0,0.005
2025,18,2025_18_SEA_SF,SF,00-0033288,6ef21d58-07b4-49a0-9e4b-ab6e4f527023,G.Kittle,TE,nfl-player-v1,0,0,21.496,2.319,0,0,0,0.005
2025,18,2025_18_SEA_SF,SF,00-0036259,046bd3b8-161d-4c19-9816-df5ce3e96947,J.Jennings,WR,nfl-player-v1,0,0,21.231,2.324,0,0,0,0.005
2025,18,2025_18_SEA_SF,SF,00-0033307,77cbc405-dc41-40e4-b0bd-dd8a73396612,K.Bourne,WR,nfl-player-v1,0,0,6.839,0.805,0,0,0,0.005
2025,18,2025_18_SEA_SF,SF,00-0029892,86ed80c1-0dd7-4c07-a0b3-cea9fab60c0a,K.Juszczyk,RB,nfl-player-v1,0,6.361,4.725,0.762,0,0,0,0.005
2025,18,2025_18_CAR_TB,TB,00-0039361,b53d67a4-0051-474f-816c-9a3d9b661634,B.Irving,RB,nfl-player-v1,0,48.402,4.331,0.694,0,0.562,0.016,0.4387
2025,18,2025_18_CAR_TB,TB,00-0034855,56c2266e-4dc1-4c37-8f44-6323a36613de,B.Mayfield,QB,nfl-player-v1,115.128,5.824,0,0,0.721,0,0,0.005
2025,18,2025_18_CAR_TB,TB,00-0033921,90fcc742-b736-44f4-994f-094724be0c09,C.Godwin,WR,nfl-player-v1,0,0,6.752,0.789,0,0,0,0.005
2025,18,2025_18_CAR_TB,TB,00-0038129,4f63ff11-fe96-4aa7-9831-9536b01dd6a9,C.Otton,TE,nfl-player-v1,0,0,29.743,3.061,0,0,0.122,0.1152
2025,18,2025_18_CAR_TB,TB,00-0040129,bac91e1b-f24a-431e-a656-d23a3ef5e9f5,E.Egbuka,WR,nfl-player-v1,0,0,10.507,1.198,0,0,0.024,0.0237
2025,18,2025_18_CAR_TB,TB,00-0039855,a1d65e3c-d232-4ad7-84eb-f2484f912af5,J.McMillan,WR,nfl-player-v1,0,0,6.752,0.789,0,0,0,0.005
2025,18,2025_18_CAR_TB,TB,00-0031408,fd9494d8-4d0d-4075-8b31-59c31dbef36f,M.Evans,WR,nfl-player-v1,0,0,9.141,1.049,0,0,0,0.005
2025,18,2025_18_CAR_TB,TB,00-0039050,81d627df-5832-4cbb-aba3-726d68c6fc3d,P.Durham,TE,nfl-player-v1,0,0,6.426,0.755,0,0,0.015,0.015
2025,18,2025_18_CAR_TB,TB,00-0037256,af7855b9-7e3c-41da-a2b8-8c7f6cd88bee,R.White,RB,nfl-player-v1,0,17.187,4.334,0.694,0,0,0,0.005
2025,18,2025_18_CAR_TB,TB,00-0038951,0b1f5016-8cbc-4512-8a82-0d3f67416080,S.Tucker,RB,nfl-player-v1,0,12.131,2.471,0.412,0,0,0,0.005
2025,18,2025_18_CAR_TB,TB,00-0040237,5c294442-eaea-4ed0-a4fd-c33a7509bf48,T.Johnson,WR,nfl-player-v1,0,0.195,6.628,0.772,0,0,0,0.005
2025,18,2025_18_TEN_JAX,TEN,00-0032434,26424a2d-7d01-4e04-a8e5-3d375bd0c281,B.Allen,QB,nfl-player-v1,112.361,4.263,0,0,0.703,0,0,0.005
2025,18,2025_18_TEN_JAX,TEN,00-0040705,f3027194-2b41-4db7-b6e1-10cb47514b73,C.Dike,WR,nfl-player-v1,0,0,12.64,1.434,0,0,0,0.005
2025,18,2025_18_TEN_JAX,TEN,00-0037809,64755288-83b6-45d3-9d82-11807c2f5994,C.Okonkwo,TE,nfl-player-v1,0,0,14.41,1.627,0,0,0,0.005
2025,18,2025_18_TEN_JAX,TEN,00-0040676,f16bf5f1-4c50-449b-b1d4-ad4d66db60cb,C.Ward,QB,nfl-player-v1,102.685,5.667,0,0,0.738,0.053,0,0.0519
2025,18,2025_18_TEN_JAX,TEN,00-0039648,50851ff2-e9f9-45ed-a73b-7efcf44b57ff,D.Martin-Robinson,TE,nfl-player-v1,0,0,10.171,1.174,0,0,0,0.005
2025,18,2025_18_TEN_JAX,TEN,00-0040170,527aee16-44d6-4527-9ec1-b6d981e9e8c1,E.Ayomanor,WR,nfl-player-v1,0,0,26.689,2.877,0,0,0,0.005
2025,18,2025_18_TEN_JAX,TEN,00-0036133,e6562317-152c-443a-bdb1-1a121aba425c,J.Proche,WR,nfl-player-v1,0,0,6.497,0.763,0,0,0,0.005
2025,18,2025_18_TEN_JAX,TEN,00-0035261,61edd687-3a13-4c2f-8e86-d493ced4295b,T.Pollard,RB,nfl-player-v1,0,45.127,5.198,0.832,0,0.612,0.022,0.4697
2025,18,2025_18_TEN_JAX,TEN,00-0039032,90e22076-0605-4b85-8d97-1a83167c5c35,T.Spears,RB,nfl-player-v1,0,14.838,9.489,1.443,0,0,0,0.005
2025,18,2025_18_WAS_PHI,WAS,00-0039912,d51d0bd1-4241-43c7-a184-bd961c56c283,B.Sinnott,TE,nfl-player-v1,0,0,9.398,1.073,0,0,0,0.005
2025,18,2025_18_WAS_PHI,WAS,00-0038611,910e0e65-f202-42a6-afa5-c4a2cebe4b2a,C.Rodriguez,RB,nfl-player-v1,0,31.054,3.572,0.582,0,0.483,0.017,0.3936
2025,18,2025_18_WAS_PHI,WAS,00-0035719,7bb0990e-39c4-4d54-9fd7-b1d9bc9d8288,D.Samuel,WR,nfl-player-v1,0,0.417,17.299,1.881,0,0,0,0.005
2025,18,2025_18_WAS_PHI,WAS,00-0036628,39aece1e-9831-497f-bfe7-f67b9499fc9c,J.Bates,TE,nfl-player-v1,0,0,9.656,1.102,0,0,0.01,0.0096
2025,18,2025_18_WAS_PHI,WAS,00-0040242,25d9ee1b-68c9-4de4-ad0f-25efe8210850,J.Croskey-Merritt,RB,nfl-player-v1,0,25.917,2.524,0.421,0,0.341,0.011,0.2965
2025,18,2025_18_WAS_PHI,WAS,00-0026300,c2a20f37-b06b-49c3-b546-c7c9cd4f12b4,J.Johnson,QB,nfl-player-v1,114.152,7.119,0,0,0.754,0.025,0,0.025
2025,18,2025_18_WAS_PHI,WAS,00-0033955,01c9d65e-2883-4bde-a469-45abe5508fee,J.McNichols,RB,nfl-player-v1,0,7.672,3.481,0.567,0,0,0,0.005
2025,18,2025_18_WAS_PHI,WAS,00-0037742,4c813722-0f2e-4c3b-ae06-bf0e4b32e2f0,T.Burks,WR,nfl-player-v1,0,0,14.905,1.655,0,0,0.014,0.0144
2025,18,2025_18_WAS_PHI,WAS,00-0035659,72729e1e-0b13-4aad-91ac-3d76f92c4685,T.McLaurin,WR,nfl-player-v1,0,0,15.79,1.731,0,0,0,0.005
