season,player_key,player_name,team,position,games_projected,pass_yards_total,rush_yards_total,receiving_yards_total,receptions_total,pass_tds_total,rush_tds_total,rec_tds_total,anytime_td_prob
2026,237a8679-0c0a-480b-870d-514d0c50523f,J.Brissett,ARI,QB,17,3161.66,84.32,0.0,0.0,19.788,0.0,0.0,0.0817
2026,6b202b45-4554-4645-8ff5-4ee830907717,D.Prescott,DAL,QB,17,3039.464,81.651,0.0,0.0,19.023,0.0,0.0,0.0817
2026,3f58a998-2d1f-4f95-9c81-9ccd5fa0c8ec,J.Burrow,CIN,QB,17,3007.402,82.603,0.0,0.0,18.836,0.0,0.0,0.0817
2026,7fc98b95-d8a9-461b-895c-675c835c87a6,M.Stafford,LA,QB,17,3000.857,77.435,0.0,0.0,18.785,0.0,0.0,0.0817
2026,a631bebf-08bd-40de-b474-1e57605a1574,J.Goff,DET,QB,17,2997.695,77.911,0.0,0.0,18.768,0.0,0.0,0.0817
2026,371e6c01-3f61-411c-8675-13539221ddc9,J.Flacco,CIN,QB,17,2986.492,77.605,0.0,0.0,18.7,0.0,0.0,0.0817
2026,d3372f7c-27eb-47ac-9d90-facef898a40f,C.Williams,CHI,QB,17,2970.104,92.973,0.0,0.0,19.227,0.204,0.0,0.1827
2026,40159058-8f61-4120-8323-ec81eaeff8ce,B.Nix,DEN,QB,17,2951.982,91.239,0.0,0.0,18.887,0.136,0.0,0.1201
2026,d0738d0d-7cc8-49b9-882e-a1fb536c47e7,T.Lawrence,JAX,QB,17,2933.775,101.592,0.0,0.0,19.448,0.374,0.0,0.3173
2026,a9854c99-01a8-4aff-ade7-a3dbcff01a05,P.Mahomes,KC,QB,17,2937.974,90.236,0.0,0.0,18.938,0.17,0.0,0.1571
2026,f16bf5f1-4c50-449b-b1d4-ad4d66db60cb,C.Ward,TEN,QB,17,2938.535,83.504,0.0,0.0,18.394,0.0,0.0,0.0817
2026,86721778-e183-4522-8ddc-55e00f17fbe7,J.Herbert,LAC,QB,17,2918.101,92.531,0.0,0.0,18.819,0.187,0.0,0.1643
2026,9cd40a7b-735b-4670-bf0e-4d357c5b3e10,A.Rodgers,PIT,QB,17,2907.068,77.537,0.0,0.0,18.207,0.0,0.0,0.0817
2026,5580f3af-a69b-4d18-aa9e-f9f360bb7daf,C.Stroud,HOU,QB,17,2897.259,84.932,0.0,0.0,18.139,0.0,0.0,0.0817
2026,56c2266e-4dc1-4c37-8f44-6323a36613de,B.Mayfield,TB,QB,17,2872.252,87.805,0.0,0.0,17.986,0.0,0.0,0.0817
2026,154df07d-189d-4473-894a-f65ed36181fc,D.Jones,IND,QB,17,2860.284,89.369,0.0,0.0,18.411,0.153,0.0,0.1454
2026,32369b37-6bce-4910-acfa-f658676697d3,J.Allen,BUF,QB,17,2843.182,104.975,0.0,0.0,18.785,0.374,0.0,0.3101
2026,c6b16d75-657b-44a5-9bf9-033769fc3460,T.Shough,NO,QB,17,2857.258,85.901,0.0,0.0,18.309,0.136,0.0,0.1201
2026,daa42eb7-39f7-4855-9cfb-36e187d1948a,S.Rattler,NO,QB,17,2854.368,83.113,0.0,0.0,18.292,0.119,0.0,0.1156
2026,e4e1a50c-ec36-4d34-aa3f-d930cb755ef1,D.Mills,HOU,QB,17,2839.408,80.614,0.0,0.0,17.782,0.0,0.0,0.0817
2026,c28c1088-1b0f-497f-bfdb-1a7a9cde1e89,B.Young,CAR,QB,17,2830.568,84.898,0.0,0.0,18.445,0.221,0.0,0.1953
2026,71c87791-cb96-4ae5-81b7-b34f7074c8fe,J.Stidham,DEN,QB,17,2824.686,87.686,0.0,0.0,18.071,0.136,0.0,0.1201
2026,ab213147-61d9-49a3-a662-0e2a31cc80f2,M.Penix,ATL,QB,17,2824.006,84.898,0.0,0.0,17.68,0.0,0.0,0.0817
2026,fb4669d0-c27f-4ea4-bd37-8d3bad299f07,B.Purdy,SF,QB,17,2819.45,88.332,0.0,0.0,18.088,0.136,0.0,0.1291
2026,c3485017-7a48-4b69-8957-97f4e26303ea,K.Cousins,LV,QB,17,2804.745,78.455,0.0,0.0,17.561,0.0,0.0,0.0817
2026,3a4bd5d6-8b01-4324-8449-d0f7c2059e36,S.Darnold,SEA,QB,17,2804.252,77.333,0.0,0.0,17.561,0.0,0.0,0.0817
2026,074db5dc-6d97-4108-a542-20e6cb42f4a6,M.Jones,SF,QB,17,2799.152,80.223,0.0,0.0,17.527,0.0,0.0,0.0817
2026,c18b2fe3-1746-464c-9604-91eca99e8c5c,D.Maye,NE,QB,17,2774.077,95.523,0.0,0.0,17.884,0.187,0.0,0.1657
2026,1d4cec7f-feb8-41e0-8087-6a8bb22061a5,J.Browning,TB,QB,17,2788.153,81.243,0.0,0.0,17.459,0.0,0.0,0.0817
2026,0bdc483f-1094-4aa4-a03a-66608c91e9ad,Sean Clifford,CIN,QB,17,2781.659,81.991,0.0,0.0,17.408,0.0,0.0,0.0817
2026,25cc976d-3f53-414e-8503-80d7e5d5a513,T.Tagovailoa,ATL,QB,17,2783.631,78.03,0.0,0.0,17.425,0.0,0.0,0.0817
2026,49d7c62a-b8fd-4c49-a319-1c50f227985e,Sam Howell,DAL,QB,17,2779.262,80.937,0.0,0.0,17.408,0.0,0.0,0.0817
2026,26424a2d-7d01-4e04-a8e5-3d375bd0c281,B.Allen,NYG,QB,17,2784.991,71.995,0.0,0.0,17.442,0.0,0.0,0.0817
2026,de412420-89d8-4955-9d7d-72f809f5077c,A.O'Connell,LV,QB,17,2763.775,79.033,0.0,0.0,17.306,0.0,0.0,0.0817
2026,804fb8c5-835a-428e-9393-c5a043628c24,Deshaun Watson,CLE,QB,17,2744.446,89.607,0.0,0.0,17.663,0.153,0.0,0.1469
2026,2ca5344c-dccd-45a9-b3ae-5d806895fbdf,Stetson Bennett,LA,QB,17,2748.135,81.838,0.0,0.0,17.204,0.0,0.0,0.0817
2026,c565508b-56fc-427f-bbad-c16a7809be60,C.Wentz,MIN,QB,17,2746.129,80.92,0.0,0.0,17.187,0.0,0.0,0.0817
2026,537f0d83-5256-42bf-bc75-f956be1f26c5,J.Love,GB,QB,17,2744.565,81.328,0.0,0.0,17.187,0.0,0.0,0.0817
2026,f7cf1920-b904-4464-9f68-be14df715306,Hendon Hooker,TEN,QB,17,2742.253,82.909,0.0,0.0,17.17,0.0,0.0,0.0817
2026,7650d925-37c0-45d8-8e2b-5702f2999121,Will Levis,TEN,QB,17,2742.253,82.909,0.0,0.0,17.17,0.0,0.0,0.0817
2026,044ed38d-5fae-4410-a8ea-147c6f58c4ad,Luke Altmyer,DET,QB,17,2734.297,83.708,0.0,0.0,17.119,0.0,0.0,0.0817
2026,c415d118-a039-407a-a350-3e89d8042e25,J.Hurts,PHI,QB,17,2715.053,102.765,0.0,0.0,18.003,0.391,0.0,0.3208
2026,5d92de76-6ddc-457b-af93-11751503ee70,Matthew Caldwell,LA,QB,17,2730.965,81.787,0.0,0.0,17.102,0.0,0.0,0.0817
2026,35cc13e2-07c8-47ec-a3f1-171f1c79da4c,K.Murray,MIN,QB,17,2712.163,100.317,0.0,0.0,17.527,0.204,0.0,0.1827
2026,1ff8e5f8-d716-4148-a77e-56917265b3ca,Sam Ehlinger,DEN,QB,17,2730.047,81.362,0.0,0.0,17.476,0.119,0.0,0.108
2026,4aff35b4-e60d-42db-9629-be20e5048c5a,DJ Uiagalelei,LAC,QB,17,2726.749,80.716,0.0,0.0,17.068,0.0,0.0,0.0817
2026,0f1c18b3-e0c7-474f-aa1c-51a83a5cd17f,B.Cook,NYJ,QB,17,2719.83,86.105,0.0,0.0,17.034,0.0,0.0,0.0817
2026,c5bbd366-9213-43f9-b490-dccf9ccffb17,Garrett Nussmeier,KC,QB,17,2723.723,80.988,0.0,0.0,17.561,0.153,0.0,0.141
2026,aee8ae32-940b-4876-9c6b-a7dd7209f14f,Case Keenum,CHI,QB,17,2722.414,81.991,0.0,0.0,17.051,0.0,0.0,0.0817
2026,e14ba624-5b78-48ce-b86c-adaae9fa0d9f,Miller Moss,CHI,QB,17,2722.414,81.991,0.0,0.0,17.051,0.0,0.0,0.0817
2026,4f8a2fd3-6ac4-44ae-9fc2-f775d3ce9d88,Graham Mertz,HOU,QB,17,2723.4,80.291,0.0,0.0,17.527,0.136,0.0,0.1321
2026,d0778b59-dc20-4250-a23a-875e29d27acc,J.Fields,KC,QB,17,2697.152,105.077,0.0,0.0,17.391,0.204,0.0,0.1841
2026,c2a20f37-b06b-49c3-b546-c7c9cd4f12b4,J.Johnson,CIN,QB,17,2708.661,91.987,0.0,0.0,17.493,0.187,0.0,0.17
2026,1882ff1f-822b-421b-9373-213892599b01,Will Howard,PIT,QB,17,2713.812,82.518,0.0,0.0,17.527,0.17,0.0,0.1527
2026,47424b84-c636-49c2-8a25-9d3de0d3b504,G.Smith,NYJ,QB,17,2713.183,81.073,0.0,0.0,16.983,0.0,0.0,0.0817
2026,df2c09c5-74cd-4fdf-907d-3b98983c4c2b,J.Dart,NYG,QB,17,2689.706,98.039,0.0,0.0,17.527,0.255,0.0,0.2239
2026,0645133f-a503-4278-9450-626c1cc04e3c,Carter Bradley,JAX,QB,17,2698.257,86.105,0.0,0.0,16.898,0.0,0.0,0.0817
2026,7d398e15-6a09-4644-ab4f-91521d9c30da,Joey Aguilar,JAX,QB,17,2698.257,86.105,0.0,0.0,16.898,0.0,0.0,0.0817
2026,2dc8197d-32c4-4dd0-b6fe-204644d5c94e,C.Oladokun,KC,QB,17,2703.204,78.455,0.0,0.0,16.932,0.0,0.0,0.0817
2026,61fd21f5-0ef8-4573-817a-bf5165c9e22b,Easton Stick,IND,QB,17,2691.712,83.028,0.0,0.0,16.847,0.0,0.0,0.0817
2026,9dd18fe8-369d-4368-9e6e-337bb9bd4bc2,S.Sanders,CLE,QB,17,2689.315,76.908,0.0,0.0,16.83,0.0,0.0,0.0817
2026,adc23f6f-785f-4c16-b008-399ca48f511f,T.McKee,PHI,QB,17,2675.868,82.756,0.0,0.0,16.745,0.0,0.0,0.0817
2026,179d32c2-fa31-4842-ae82-364d6bdb889a,J.Winston,NYG,QB,17,2676.259,80.801,0.0,0.0,17.102,0.102,0.0,0.0988
2026,23a510e6-15e8-464f-a9ec-036529244b8d,Connor Bazelak,TB,QB,17,2672.519,81.991,0.0,0.0,16.728,0.0,0.0,0.0817
2026,9303116c-7abd-4451-a51a-9c0d93aa1946,Jalon Daniels,TB,QB,17,2672.519,81.991,0.0,0.0,16.728,0.0,0.0,0.0817
2026,47862c44-97a4-41ef-bcd9-aaf2a576df11,T.Bridgewater,DET,QB,17,2677.33,75.718,0.0,0.0,16.762,0.0,0.0,0.0817
2026,4ab431f0-709b-4512-ad97-03665f4a68c8,Taylen Green,CLE,QB,17,2671.125,80.699,0.0,0.0,17.187,0.136,0.0,0.1321
2026,3276bcc4-687a-4601-92a3-35feeb80ba89,J.Daniels,WAS,QB,17,2634.235,112.013,0.0,0.0,17.017,0.221,0.0,0.2022
2026,a095e460-dc7c-43f9-85a7-7e0f116769e0,Kurtis Rourke,SF,QB,17,2663.543,79.815,0.0,0.0,17.085,0.119,0.0,0.1171
2026,7af9c46c-c099-4877-b651-9719ed598171,D.Gabriel,CLE,QB,17,2666.943,76.279,0.0,0.0,16.694,0.0,0.0,0.0817
2026,ef22d8f1-64cd-4744-93ce-caddd88c1f0c,Will Grier,CAR,QB,17,2658.545,84.099,0.0,0.0,16.643,0.0,0.0,0.0817
2026,0e2733d7-c5d0-4ff1-9558-cfa612da4992,Trevor Siemian,ATL,QB,17,2656.913,84.184,0.0,0.0,17.204,0.187,0.0,0.1671
2026,3fd99b33-344b-4486-9235-0a7262f5d491,Jacob Clark,LV,QB,17,2657.066,83.997,0.0,0.0,16.643,0.0,0.0,0.0817
2026,63622685-ecc8-42fb-b7f6-cef0dae39148,G.Minshew,ARI,QB,17,2666.671,71.995,0.0,0.0,16.694,0.0,0.0,0.0817
2026,d744f827-583d-4523-b6b0-a4357ca13013,K.Slovis,ARI,QB,17,2666.671,71.995,0.0,0.0,16.694,0.0,0.0,0.0817
2026,c8b87222-de0c-47cd-8789-283ea158b788,T.Lance,LAC,QB,17,2647.223,89.794,0.0,0.0,16.575,0.0,0.0,0.0817
2026,7e62f9f1-4790-4988-ae97-18e218829d52,Adrian Martinez,SF,QB,17,2648.549,79.73,0.0,0.0,16.575,0.0,0.0,0.0817
2026,f5f2701f-2078-4641-91d4-d7a10b0a1a42,Haynes King,CAR,QB,17,2641.086,83.997,0.0,0.0,16.541,0.0,0.0,0.0817
2026,c72bc914-2e54-447f-8090-707518c33d47,Jack Strand,ATL,QB,17,2637.193,83.997,0.0,0.0,16.507,0.0,0.0,0.0817
2026,5373689c-b587-4579-8d7d-7a76d3f889ee,Behren Morton,NE,QB,17,2637.839,81.447,0.0,0.0,17.0,0.153,0.0,0.1425
2026,657dda04-3090-4b51-a042-ed172ce632f2,Q.Ewers,MIA,QB,17,2627.299,80.121,0.0,0.0,16.456,0.0,0.0,0.0817
2026,3db6460d-a420-4fcd-8a0e-2c55dcd5b3ac,Tommy DeVito,NE,QB,17,2617.388,81.226,0.0,0.0,16.388,0.0,0.0,0.0817
2026,84183f30-4aea-4c0e-a5ee-3e0d078d504e,R.Leonard,IND,QB,17,2616.912,77.452,0.0,0.0,16.388,0.0,0.0,0.0817
2026,88ff447c-585f-4547-b00a-a8b1d9fbfadf,Cole Payton,PHI,QB,17,2606.083,82.178,0.0,0.0,16.796,0.153,0.0,0.1439
2026,b0dc48bd-d95c-4352-a9c5-5e3f113e8b79,J.Milton,DAL,QB,17,2606.321,76.483,0.0,0.0,16.32,0.0,0.0,0.0817
2026,48b54b83-0ee8-4633-88ca-470939b150e0,M.Mariota,WAS,QB,17,2584.442,92.055,0.0,0.0,16.694,0.187,0.0,0.17
2026,32715fee-053d-4cf2-a78a-bf73d0ff253e,Kyle McCord,GB,QB,17,2593.605,80.733,0.0,0.0,16.711,0.153,0.0,0.141
2026,f9967afb-bca8-4808-ae62-c68019bc8c09,Bailey Zappe,NYJ,QB,17,2591.48,82.212,0.0,0.0,16.218,0.0,0.0,0.0817
2026,e8593ab3-6501-47aa-be1b-468960e18cdd,Cade Klubnik,NYJ,QB,17,2591.48,82.212,0.0,0.0,16.218,0.0,0.0,0.0817
2026,6ccddb5c-777e-4767-8920-d6b85d950d14,J.McCarthy,MIN,QB,17,2587.417,82.841,0.0,0.0,16.711,0.17,0.0,0.1599
2026,51bc9571-a821-4045-a21b-20447caa002a,M.Rudolph,PIT,QB,17,2592.262,77.639,0.0,0.0,16.235,0.0,0.0,0.0817
2026,74ed522b-fcc4-4269-90c8-7fca7384072a,T.Taylor,GB,QB,17,2579.903,87.839,0.0,0.0,16.15,0.0,0.0,0.0817
2026,b6f3f025-ca11-4008-8fdc-32ca94ff1246,Cam Miller,MIA,QB,17,2584.272,80.325,0.0,0.0,16.558,0.119,0.0,0.1126
2026,532505a8-4f22-499b-9012-6111242828dc,T.Bagent,CHI,QB,17,2584.765,77.486,0.0,0.0,16.184,0.0,0.0,0.0817
2026,bbed1655-552f-45c4-bea9-d020fadd433f,Kyron Drones,GB,QB,17,2575.84,80.563,0.0,0.0,16.133,0.0,0.0,0.0817
2026,e59787f5-27fb-4c44-8543-4c38c3e63ca5,M.Trubisky,TEN,QB,17,2578.339,71.995,0.0,0.0,16.15,0.0,0.0,0.0817
2026,e88b0d64-b84d-4801-8169-d687a98799bf,Mark Gronowski,MIA,QB,17,2565.402,80.121,0.0,0.0,16.065,0.0,0.0,0.0817
2026,29e85d92-993a-40d0-a282-da55b2d7ef1d,Athan Kaliakmanis,WAS,QB,17,2562.614,81.991,0.0,0.0,16.558,0.17,0.0,0.1527
2026,c45ec253-eb3c-4927-840a-b4719f423791,Z.Wilson,NO,QB,17,2557.854,70.805,0.0,0.0,16.014,0.0,0.0,0.0817
2026,4523b941-fea9-422e-ad6d-c9c69e7cd106,Sam Hartman,WAS,QB,17,2544.543,81.787,0.0,0.0,15.929,0.0,0.0,0.0817
2026,d9f1f072-cfff-4c15-bc52-619b0f28713e,A.Richardson,IND,QB,17,2550.884,72.998,0.0,0.0,15.963,0.0,0.0,0.0817
2026,4c6e84b3-2283-4d86-8f7b-019a185c6764,L.Jackson,BAL,QB,17,2528.58,89.097,0.0,0.0,16.252,0.153,0.0,0.138
2026,ad824cf4-45aa-4678-90a2-b4de8ec1d14f,A.Dalton,PHI,QB,17,2540.633,76.194,0.0,0.0,15.912,0.0,0.0,0.0817
2026,9ac95a2a-0100-4d5e-b1b4-66f539140fab,N.Mullens,JAX,QB,17,2543.676,71.995,0.0,0.0,15.929,0.0,0.0,0.0817
2026,5de9bd7e-1e94-4286-a652-760935b7f982,M.Brosmer,MIN,QB,17,2533.051,70.805,0.0,0.0,15.861,0.0,0.0,0.0817
2026,836f7262-7c9a-4f08-84e8-a40270099a86,Skylar Thompson,BAL,QB,17,2494.886,80.869,0.0,0.0,16.031,0.136,0.0,0.1261
2026,c85912e0-7ec0-44a3-99c5-3ebb79d217a8,M.Willis,MIA,QB,17,2483.989,89.675,0.0,0.0,15.912,0.136,0.0,0.1246
2026,27092ecc-c951-48be-8a2b-2a62afe34557,Diego Pavia,BAL,QB,17,2480.045,80.716,0.0,0.0,15.521,0.0,0.0,0.0817
2026,1d0fe730-b36d-4a29-9d4a-b02aae058cc0,Joe Fagnano,BAL,QB,17,2480.045,80.716,0.0,0.0,15.521,0.0,0.0,0.0817
2026,ed4bbe3b-6b63-4451-a5f2-c6fdeb807037,K.Allen,BUF,QB,17,2485.791,71.995,0.0,0.0,15.555,0.0,0.0,0.0817
2026,ebe0b8de-695b-4d82-984f-1000e7f01541,K.Pickett,CAR,QB,17,2472.956,76.704,0.0,0.0,15.487,0.0,0.0,0.0817
2026,63e3688f-5b3a-4156-b437-bea16e1b4156,S.Buechele,BUF,QB,17,2474.843,68.306,0.0,0.0,15.487,0.0,0.0,0.0817
2026,9ec9efb2-44ce-4711-a31b-28d1fa715294,D.Lock,SEA,QB,17,2433.091,76.211,0.0,0.0,15.232,0.0,0.0,0.0817
2026,c081e2a6-0898-4a64-9835-eb17acc4a418,J.Milroe,SEA,QB,17,2433.091,76.211,0.0,0.0,15.232,0.0,0.0,0.0817
2026,52de0337-a7ef-4589-b345-4ae504e54970,T.Huntley,BAL,QB,17,2369.341,89.811,0.0,0.0,15.606,0.306,0.0,0.2695
2026,8f5e333b-8cac-493f-8be3-093a3f12c027,B.Robinson,ATL,RB,17,0.0,842.758,88.961,14.144,0.0,7.225,0.255,0.9994
2026,d93096a9-946b-4b3c-a3b5-7a1498c91cae,J.Taylor,IND,RB,17,0.0,822.664,64.736,10.54,0.0,7.701,0.204,0.9996
2026,61da158c-dacb-4567-8ec7-9521d0868e5f,J.Cook,BUF,RB,17,0.0,797.249,54.825,9.01,0.0,5.627,0.136,0.9969
2026,b53d67a4-0051-474f-816c-9a3d9b661634,B.Irving,TB,RB,17,0.0,743.665,69.904,11.322,0.0,4.301,0.136,0.9882
2026,29347caa-e7e1-4745-a79a-e2a210fe4fda,J.Gibbs,DET,RB,17,0.0,726.75,86.496,13.804,0.0,7.242,0.289,0.9995
2026,959ec041-e728-44e5-862c-b08ffa61a3f4,A.Jeanty,LV,RB,17,0.0,736.95,68.884,11.186,0.0,5.933,0.187,0.9978
2026,9a93ddfe-033a-4098-acc7-9be147087ec8,S.Barkley,PHI,RB,17,0.0,736.287,59.092,9.656,0.0,5.559,0.153,0.9967
2026,ae3498a3-f309-4ea2-a3c1-031f013cc394,C.McCaffrey,SF,RB,17,0.0,653.48,88.655,14.11,0.0,6.8,0.306,0.9992
2026,d499f341-a8ae-4bc2-a2d0-09cbdcbc82c8,K.Williams,LA,RB,17,0.0,672.894,62.322,10.183,0.0,7.276,0.238,0.9995
2026,49aefcdc-6cec-4beb-84e1-ba08880d15d6,D.Swift,CHI,RB,17,0.0,671.67,63.512,10.336,0.0,5.865,0.187,0.9977
2026,75533a5b-1037-45da-a572-2ccf5f61abc0,J.Williams,DAL,RB,17,0.0,669.154,60.418,9.877,0.0,6.766,0.204,0.9991
2026,5b052584-0cb1-4079-abf3-1c8954958e62,C.Brown,CIN,RB,17,0.0,648.057,79.084,12.75,0.0,5.236,0.221,0.9957
2026,735192a9-d468-49d0-b370-970c18fabac5,B.Hall,NYJ,RB,17,0.0,661.045,60.299,9.843,0.0,4.42,0.136,0.9895
2026,61edd687-3a13-4c2f-8e86-d493ced4295b,T.Pollard,TEN,RB,17,0.0,656.778,54.621,8.993,0.0,2.074,0.068,0.8822
2026,31b668ff-08d5-4913-8678-4c5c2fb906ca,D.Henry,BAL,RB,17,0.0,646.272,48.722,8.058,0.0,5.78,0.153,0.9973
2026,a3ba4d26-3803-47e5-a98f-1895bfccd583,Jeremiyah Love,ARI,RB,17,0.0,619.157,73.95,11.968,0.0,4.386,0.187,0.9896
2026,a5ce07ae-2e77-4060-bb79-b53064c0b349,J.Dobbins,DEN,RB,17,0.0,640.475,47.855,7.922,0.0,2.448,0.068,0.9185
2026,62023d1d-a5ea-44d8-bde5-fe8b08113b5a,Q.Judkins,CLE,RB,17,0.0,621.588,63.24,10.319,0.0,2.941,0.102,0.9525
2026,1d87d00a-50b3-494c-a764-c0ff40e2a701,J.Jacobs,GB,RB,17,0.0,617.406,64.073,10.421,0.0,6.222,0.221,0.9984
2026,23de35af-3a1c-4ae7-9ea4-954a48d78d6a,J.Warren,PIT,RB,17,0.0,593.113,65.858,10.71,0.0,3.213,0.119,0.9642
2026,5247cf70-ccdc-4fee-abb5-56faa544291f,R.Dowdle,PIT,RB,17,0.0,592.841,65.824,10.71,0.0,3.213,0.119,0.9641
2026,593d9bcd-2ae1-41ca-bf16-2d3c62d5b196,K.Walker,KC,RB,17,0.0,595.136,56.338,9.248,0.0,4.522,0.153,0.9907
2026,910e0e65-f202-42a6-afa5-c4a2cebe4b2a,C.Rodriguez,JAX,RB,17,0.0,603.772,42.007,7.004,0.0,4.624,0.119,0.9913
2026,17b3f22e-f45e-4eca-b13a-668a4cd32a8f,C.Skattebo,NYG,RB,17,0.0,570.792,62.203,10.132,0.0,2.958,0.119,0.9535
2026,f169e606-4f09-4947-8eef-b701b27cf612,D.Achane,MIA,RB,17,0.0,556.257,76.449,12.291,0.0,3.315,0.153,0.9687
2026,663c7787-08cb-4ce1-a923-649ef0aa9fa8,Jadarian Price,SEA,RB,17,0.0,564.672,61.659,10.047,0.0,2.856,0.102,0.9479
2026,533082ab-7fe9-4268-80bc-0139989251cf,K.Vidal,LAC,RB,17,0.0,568.038,56.814,9.316,0.0,2.89,0.102,0.9495
2026,16cd7307-da4f-405d-a98d-e8bb22f5599f,O.Hampton,LAC,RB,17,0.0,547.893,72.964,11.781,0.0,4.148,0.187,0.9869
2026,370bcf5e-ca00-4e72-b138-115538bdc569,W.Marks,HOU,RB,17,0.0,549.321,54.825,9.01,0.0,3.927,0.136,0.9829
2026,5f99ad3b-ac4f-409e-8699-ac3ba697ade3,T.Tracy,NYG,RB,17,0.0,542.13,56.882,9.316,0.0,0.935,0.034,0.6225
2026,e4fb467c-29b4-4025-8e7f-05d9ee9ca744,C.Hubbard,CAR,RB,17,0.0,533.239,64.566,10.506,0.0,1.836,0.068,0.8534
2026,08e87151-52f8-40cb-a625-42c1703b9eec,K.Monangai,CHI,RB,17,0.0,541.161,55.93,9.18,0.0,3.179,0.119,0.9629
2026,13c9b1da-11e5-44db-b6e2-2ce94a697d63,T.Etienne,NO,RB,17,0.0,537.149,57.63,9.452,0.0,4.318,0.153,0.9885
2026,f48b3351-0deb-4a52-9790-5631073f3d2c,I.Pacheco,DET,RB,17,0.0,538.101,55.743,9.163,0.0,2.737,0.102,0.9415
2026,d9dae2b6-d82f-4b8c-b7f5-827951dcca69,Jonathon Brooks,CAR,RB,17,0.0,531.777,57.001,9.35,0.0,1.836,0.068,0.852
2026,00f22708-bdef-40e6-814d-886022e9be2c,J.Conner,ARI,RB,17,0.0,513.264,61.064,9.996,0.0,2.448,0.102,0.9215
2026,35923ea3-b4c5-42ac-b0eb-c748169e8cdf,A.Jones,MIN,RB,17,0.0,495.533,62.305,10.166,0.0,1.343,0.051,0.755
2026,cc16131b-26f3-4e7b-8b52-32f7885b2adf,J.Jordan,HOU,RB,17,0.0,500.361,55.029,9.044,0.0,1.19,0.051,0.7109
2026,64641499-cd80-4cac-adcf-0272f37d57cc,R.Stevenson,NE,RB,17,0.0,493.272,61.149,9.979,0.0,2.516,0.102,0.9267
2026,8c7fdfc1-da82-46bd-8059-d38dfc782a85,T.Henderson,NE,RB,17,0.0,492.065,54.757,8.993,0.0,2.516,0.102,0.926
2026,25d9ee1b-68c9-4de4-ad0f-25efe8210850,J.Croskey-Merritt,WAS,RB,17,0.0,497.267,48.722,8.058,0.0,2.72,0.085,0.9401
2026,f30905bf-54ce-4e54-8ae4-38b278499802,R.Harvey,DEN,RB,17,0.0,478.941,66.045,10.744,0.0,2.737,0.136,0.9433
2026,c7b60e7b-fe31-4675-9e2b-66d4d9c7a2d4,A.Kamara,NO,RB,17,0.0,476.595,63.07,10.285,0.0,0.952,0.051,0.6319
2026,e5a46115-0912-415a-b0ef-fc6459391e9c,B.Corum,LA,RB,17,0.0,490.637,48.603,8.041,0.0,1.343,0.051,0.7513
2026,7bb1ecbd-ce2a-443f-881d-e3f993b6a1c0,Z.Charbonnet,SEA,RB,17,0.0,488.274,48.331,7.99,0.0,3.74,0.136,0.979
2026,9d78928b-8c2f-4c2e-84ff-879c358142a1,B.Tuten,JAX,RB,17,0.0,479.536,47.957,7.939,0.0,2.465,0.085,0.9215
2026,8a95e757-cf19-40cd-9cc1-77255bb487f1,K.Gainwell,TB,RB,17,0.0,442.68,77.299,12.427,0.0,2.584,0.153,0.9355
2026,f3080ee8-3085-4c4a-8cb6-73cca736c41b,J.Mason,MIN,RB,17,0.0,468.673,48.671,8.058,0.0,2.567,0.085,0.9303
2026,af7855b9-7e3c-41da-a2b8-8c7f6cd88bee,R.White,WAS,RB,17,0.0,446.505,62.509,10.166,0.0,2.431,0.119,0.9221
2026,65151ce5-a920-4dc2-8bb0-ad8bdeea7a46,D.Montgomery,HOU,RB,17,0.0,450.925,54.825,9.01,0.0,2.159,0.085,0.8949
2026,324eed4d-0d36-4dcf-818b-f956af29d709,M.Carter,TEN,RB,17,0.0,444.21,61.166,10.013,0.0,2.839,0.136,0.9484
2026,63e08a78-18ec-4d1f-ad3d-1816333ddd6f,MarShawn Lloyd,GB,RB,17,0.0,445.944,56.593,9.282,0.0,1.139,0.051,0.6952
2026,efbc865a-57b4-4ae3-ab3d-27d27dffa258,Z.Knight,ARI,RB,17,0.0,435.013,60.741,9.945,0.0,3.128,0.153,0.9621
2026,682f2bcc-ad9a-49fd-b648-fd767ab9c15d,J.Blue,DAL,RB,17,0.0,445.213,42.007,7.004,0.0,1.139,0.034,0.6935
2026,b0836825-5f30-4fe6-91fa-95774f26d30a,Kaelon Black,SF,RB,17,0.0,433.704,52.887,8.704,0.0,0.918,0.034,0.6184
2026,00b3cb74-e58d-4660-b1df-2376a82120b6,B.Robinson,ATL,RB,17,0.0,435.863,49.181,8.126,0.0,1.292,0.051,0.7387
2026,90e22076-0605-4b85-8d97-1a83167c5c35,T.Spears,TEN,RB,17,0.0,414.426,67.609,10.999,0.0,2.635,0.153,0.9385
2026,3d48d76e-acf1-404a-ba84-79e0d1d0e3fc,T.Allgeier,ARI,RB,17,0.0,432.752,48.178,7.99,0.0,2.074,0.085,0.8849
2026,1f577279-8063-42e6-ae7f-366536dfbf3e,T.Benson,ARI,RB,17,0.0,410.856,67.32,10.965,0.0,0.986,0.051,0.645
2026,1d379a0c-ed83-4d32-a6b2-4a0320693183,Mike Washington,LV,RB,17,0.0,417.078,55.029,9.044,0.0,1.139,0.051,0.6974
2026,477881e2-4f41-4c00-9edc-918d69b23eaa,A.Estime,NO,RB,17,0.0,414.341,57.613,9.452,0.0,0.833,0.034,0.5834
2026,a6b87863-1723-4e0e-8113-31708884ce9b,Nicholas Singleton,TEN,RB,17,0.0,411.995,54.434,8.959,0.0,1.326,0.068,0.7486
2026,8b7e765c-715a-49e2-b062-5527b649c39c,S.Perine,CIN,RB,17,0.0,406.147,56.185,9.231,0.0,1.122,0.051,0.6896
2026,2a7219c5-b025-4d51-a479-b367ecf32d5e,Jarquez Hunter,LA,RB,17,0.0,404.753,55.148,9.061,0.0,1.105,0.051,0.6879
2026,a58328de-728b-4d76-84ca-804686864dfc,J.Patterson,LAC,RB,17,0.0,410.431,49.198,8.143,0.0,1.054,0.051,0.6668
2026,e7d55b0c-e17e-4747-9f12-d3c5933b5e3e,D.Singletary,NYG,RB,17,0.0,410.346,46.92,7.769,0.0,0.714,0.034,0.5263
2026,0b1f5016-8cbc-4512-8a82-0d3f67416080,S.Tucker,TB,RB,17,0.0,407.32,48.739,8.058,0.0,2.414,0.102,0.9191
2026,835436b8-2efa-47c1-b062-5211c94de8d0,R.Sanders,CLE,RB,17,0.0,399.194,48.977,8.109,0.0,1.921,0.085,0.8652
2026,53edb104-26c4-438b-8ac5-edf35458e1c6,J.Wright,MIA,RB,17,0.0,399.483,48.62,8.041,0.0,0.816,0.034,0.5697
2026,8e93c634-77ac-49f1-aecb-17b2ab602d38,Jonah Coleman,DEN,RB,17,0.0,394.4,53.669,8.84,0.0,0.765,0.034,0.5485
2026,bbd7a317-7a77-4fa3-978e-cdff95667408,Israel Abanikanda,DAL,RB,17,0.0,393.533,54.077,8.891,0.0,1.003,0.051,0.6526
2026,de14a401-2264-4951-87e1-e7a273cd6d83,T.Chandler,NO,RB,17,0.0,393.295,52.411,8.636,0.0,0.799,0.034,0.5651
2026,da4a6a0c-bcde-4043-b765-212ce0af6745,J'mari Taylor,JAX,RB,17,0.0,396.848,47.957,7.939,0.0,1.02,0.034,0.6545
2026,6572040d-90dd-479c-8d99-faf7175127c3,E.Wilson,SEA,RB,17,0.0,394.162,48.331,7.99,0.0,1.003,0.051,0.6514
2026,75944979-03b0-4936-9ce0-f78298e85deb,Emmett Johnson,KC,RB,17,0.0,386.257,56.117,9.214,0.0,0.986,0.051,0.6469
2026,92fae969-59d0-4086-8077-a13d62318149,K.Nwangwu,NYJ,RB,17,0.0,398.429,42.007,7.004,0.0,1.819,0.068,0.8474
2026,8ff15410-a25d-420e-a8c8-f07173b07ff5,M.Davis,DAL,RB,17,0.0,392.088,47.889,7.939,0.0,1.003,0.034,0.6507
2026,981bf7a4-f422-42e9-9b5d-0034cacff7d7,Eric Gray,NYG,RB,17,0.0,385.475,51.765,8.534,0.0,0.68,0.034,0.5066
2026,f6e1063b-4d79-4005-b44c-7621b0f82a81,T.Bigsby,PHI,RB,17,0.0,394.91,42.007,7.004,0.0,2.04,0.068,0.8789
2026,50a47f49-5490-491b-a098-3f366fbaaac3,B.Brown,CHI,RB,17,0.0,384.523,48.773,8.058,0.0,0.0,0.0,0.0817
2026,e6aac611-c0d8-4331-b362-b8362e9dd683,Michael Burton,CLE,RB,17,0.0,376.108,55.913,9.18,0.0,0.901,0.051,0.6136
2026,14987b56-df82-45d1-bac4-205e0c5e2538,Pierre Strong,GB,RB,17,0.0,374.085,56.338,9.231,0.0,0.952,0.051,0.6352
2026,f76e11c1-5f74-4230-bf44-ca9db807a8a3,Max Bredeson,MIN,RB,17,0.0,374.323,55.301,9.078,0.0,1.037,0.051,0.6607
2026,8c0c7f21-64e6-4f24-bb55-be0ec77cac98,D.Giddens,IND,RB,17,0.0,380.171,42.007,7.004,0.0,0.918,0.034,0.615
2026,f48558ee-b75c-45c2-ac59-92809c0c01fc,P.Mafah,DAL,RB,17,0.0,367.744,54.383,8.942,0.0,0.952,0.051,0.6293
2026,7692e703-0c10-4245-bb50-a88585c6b0f4,K.Miller,NO,RB,17,0.0,372.062,47.175,7.82,0.0,0.765,0.034,0.5461
2026,c16468cf-57e7-4340-8e23-9075fd8d41ba,B.Allen,NYJ,RB,17,0.0,371.161,47.804,7.905,0.0,1.683,0.068,0.8284
2026,336b24bc-b87d-487c-84e4-d396bb82a900,Isaac Guerendo,SF,RB,17,0.0,365.993,52.717,8.687,0.0,0.782,0.034,0.5604
2026,f59ff878-e80a-449e-abe1-afd3a7d89010,B.Brooks,HOU,RB,17,0.0,375.513,42.007,7.004,0.0,0.901,0.034,0.6108
2026,211a6998-c034-43ad-a675-3855e4a173e6,Cash Jones,ATL,RB,17,0.0,367.897,49.181,8.126,0.0,1.088,0.051,0.681
2026,b91a5154-cfae-4c83-8450-84df588beb30,Jabari Small,DET,RB,17,0.0,366.741,48.892,8.092,0.0,0.952,0.051,0.6273
2026,1b0c39b5-7ea1-40a4-8a0a-da7eb9f3bb9a,Kye Robichaux,DET,RB,17,0.0,366.741,48.892,8.092,0.0,0.952,0.051,0.6273
2026,c717d85a-ce32-4128-a828-53555697e6ad,J.James,SF,RB,17,0.0,367.506,47.668,7.905,0.0,0.0,0.0,0.0817
2026,1d7d934d-21bb-4185-8f16-eeba99036de8,Anthony Tyus III,CAR,RB,17,0.0,363.63,49.385,8.16,0.0,1.275,0.051,0.7367
2026,2b7da6f9-668b-4e2d-b784-f95146cfa8d5,Miles Davis,CAR,RB,17,0.0,363.63,49.385,8.16,0.0,1.275,0.051,0.7367
2026,38a24d2f-310f-47b9-b65c-ed661537f295,D.Pierce,PHI,RB,17,0.0,367.489,42.007,7.004,0.0,0.0,0.0,0.0817
2026,4c8b2a02-d4ab-4896-af38-2a000c2591f3,K.Mitchell,LAC,RB,17,0.0,359.601,49.419,8.177,0.0,0.918,0.051,0.6205
2026,45b3fbbc-f2fd-4c9e-9b3b-e5621bb073e9,N.Carter,ATL,RB,17,0.0,366.282,42.007,7.004,0.0,0.0,0.0,0.0817
2026,6355a7d7-5a4b-4c0f-9407-f8d0669ab8c5,D.Neal,NO,RB,17,0.0,352.92,52.411,8.636,0.0,0.714,0.034,0.5288
2026,b8bc6b8e-8dd8-451b-8c57-7ad8f02d418a,Coleman Bennett,CHI,RB,17,0.0,354.467,48.977,8.092,0.0,1.054,0.051,0.668
2026,44b0502e-40b1-4e6e-816a-f1ba9c1a35d4,Salvon Ahmed,CHI,RB,17,0.0,354.467,48.977,8.092,0.0,1.054,0.051,0.668
2026,996ac206-5583-4a68-86d7-597e70d00fd1,Chris Collier,LV,RB,17,0.0,354.603,48.535,8.041,0.0,0.986,0.051,0.6411
2026,218bda92-4877-43bd-bec8-79ac87a9bec2,Roman Hemby,LV,RB,17,0.0,354.603,48.535,8.041,0.0,0.986,0.051,0.6411
2026,3302a359-75fb-465e-ba45-6a80fd04e116,Ben VanSumeren,BUF,RB,17,0.0,354.11,48.229,7.973,0.0,0.85,0.034,0.5915
2026,d436317b-adf4-4392-9330-d2a061928b15,Desmond Reid,BUF,RB,17,0.0,354.11,48.229,7.973,0.0,0.85,0.034,0.5915
2026,02b5be9a-aa0f-4c14-9da0-aef981bb79df,Jackson Acker,BUF,RB,17,0.0,354.11,48.229,7.973,0.0,0.85,0.034,0.5915
2026,51239dbe-c985-42a4-bdb6-e31bea991d12,R.Davis,BUF,RB,17,0.0,353.923,48.229,7.973,0.0,0.0,0.0,0.0817
2026,d056f4ac-cd4e-4ed9-ae55-2578d4598761,T.Jennings,NE,RB,17,0.0,359.159,42.007,7.004,0.0,0.935,0.034,0.6191
2026,32616186-5ef0-43a5-a426-3e0795a46357,Anderson Castle,IND,RB,17,0.0,351.662,49.232,8.143,0.0,0.85,0.034,0.5893
2026,02cd7bae-cb6b-4dc1-8b32-c53662ee37ea,Lincoln Pare,IND,RB,17,0.0,351.662,49.232,8.143,0.0,0.85,0.034,0.5893
2026,0057c468-519d-4408-a057-18a0768cc098,Seth McGowan,IND,RB,17,0.0,351.492,49.232,8.143,0.0,0.85,0.034,0.5893
2026,2bec77c6-ed9d-4186-ab1c-930d0f4d2490,Kadarius Calloway,TB,RB,17,0.0,348.823,48.739,8.058,0.0,1.037,0.051,0.6625
2026,714b13d7-9bb0-4abe-ada1-fce876d79076,Jamal Haynes,CIN,RB,17,0.0,346.868,49.062,8.126,0.0,0.952,0.051,0.6339
2026,059a90b7-b934-4769-b797-6baf0fcb106d,Kentrel Bullock,CIN,RB,17,0.0,346.868,49.062,8.126,0.0,0.952,0.051,0.6339
2026,54a1cf6e-d014-4a2b-ba97-7ff077397e45,Gary Brightwell,CIN,RB,17,0.0,346.732,49.062,8.126,0.0,0.952,0.051,0.6339
2026,6565e7d7-a50a-49b2-9efb-0317d0fe7e19,Dean Connors,LA,RB,17,0.0,346.46,48.603,8.041,0.0,0.952,0.051,0.6333
2026,89adb9de-8d6f-4cd6-8570-a1d7181e932c,Jordan Waters,LA,RB,17,0.0,346.46,48.603,8.041,0.0,0.952,0.051,0.6333
2026,b934c25d-e16b-4088-ade1-894632b8045f,D.Sampson,CLE,RB,17,0.0,329.358,63.24,10.319,0.0,0.0,0.0,0.0817
2026,a12834d2-c750-45ef-8d0c-9782dafe0607,Chip Trayanum,NYJ,RB,17,0.0,343.672,47.974,7.939,0.0,0.782,0.034,0.5589
2026,22341890-ab35-4f25-aabd-ff66f15d4a44,Sam Scott,NYJ,RB,17,0.0,343.672,47.974,7.939,0.0,0.782,0.034,0.5589
2026,de81a074-52e4-452a-a923-496eddc6a5d0,E.Demercado,KC,RB,17,0.0,334.9,56.117,9.214,0.0,0.0,0.0,0.0817
2026,293ab1b7-3c78-42fa-ad30-768212e991b8,Max Hurleman,PIT,RB,17,0.0,340.408,49.742,8.228,0.0,0.935,0.051,0.6266
2026,93f1751a-ee9d-436f-ac3f-e93e1bb6b1bf,Eli Heidenreich,PIT,RB,17,0.0,340.238,49.742,8.228,0.0,0.935,0.051,0.6266
2026,e6976e13-9edb-4d13-9f90-5206efed179f,Lew Nichols III,PIT,RB,17,0.0,340.238,49.742,8.228,0.0,0.935,0.051,0.6266
2026,59628400-7fa2-4f39-9dd8-8042b758dd04,J.Williams,TB,RB,17,0.0,347.395,42.007,7.004,0.0,0.0,0.0,0.0817
2026,25efa30a-35df-4869-91a8-4fbb0311acd5,Carson Steele,PHI,RB,17,0.0,341.411,47.634,7.888,0.0,0.884,0.034,0.6023
2026,edaab52d-788e-4c16-a037-2ce7975efb70,J.Wright,SEA,RB,17,0.0,346.256,42.007,7.004,0.0,0.0,0.0,0.0817
2026,c9efa72c-b0b3-45d7-8af4-a734ef3a1e24,V.Jones,SEA,RB,17,0.0,346.256,42.007,7.004,0.0,0.0,0.0,0.0817
2026,e1343bfe-5cb5-4aae-a57f-d7cc980e0b62,Cody Schrader,DEN,RB,17,0.0,339.643,47.855,7.922,0.0,0.663,0.034,0.4978
2026,8858a6fb-2009-4587-bd05-73fe38f1fd61,Dominic Richardson,DAL,RB,17,0.0,339.065,48.059,7.956,0.0,0.867,0.034,0.6002
2026,5c36d9ad-e706-41e2-901b-a2619071857f,J.McLaughlin,DEN,RB,17,0.0,339.184,47.702,7.905,0.0,0.663,0.034,0.4978
2026,95dca371-4f33-4c03-a618-62f0a1cf1ee7,Robert Henry,WAS,RB,17,0.0,337.654,48.722,8.058,0.0,0.935,0.051,0.6239
2026,c17955f0-d540-40e3-9526-1f9038e485c4,Kaytron Allen,WAS,RB,17,0.0,337.501,48.722,8.058,0.0,0.935,0.051,0.6239
2026,9a377fe5-66a8-4f6b-b847-b9913702d760,Gregory Desrosiers,LAC,RB,17,0.0,334.186,49.419,8.177,0.0,0.867,0.051,0.5951
2026,86c7daed-b0a6-4814-997a-4de042c0f0a4,E.J. Smith,KC,RB,17,0.0,334.203,49.079,8.126,0.0,0.867,0.051,0.5951
2026,52884a7e-2bf2-4f9a-80ca-1f9cab43fd32,Jaydn Ott,KC,RB,17,0.0,334.203,49.079,8.126,0.0,0.867,0.051,0.5951
2026,ea8cef4c-fecb-436d-83ba-211666288521,Brock Lampe,NE,RB,17,0.0,334.849,48.297,7.99,0.0,0.867,0.051,0.5959
2026,3da3802a-b988-4515-b7c5-e81bb2dfff47,Lan Larison,NE,RB,17,0.0,334.849,48.297,7.99,0.0,0.867,0.051,0.5959
2026,04ff844c-c5ec-4858-93fc-1700c74c5ce1,Myles Montgomery,NE,RB,17,0.0,334.849,48.297,7.99,0.0,0.867,0.051,0.5959
2026,2afd87cd-7478-4704-818b-bd88021159b5,Jam Miller,NE,RB,17,0.0,334.713,48.297,7.99,0.0,0.867,0.051,0.5959
2026,4c74f14f-2193-41d1-b3b4-fb34cb116198,Z.Scott,MIN,RB,17,0.0,327.199,55.522,9.129,0.0,0.0,0.0,0.0817
2026,4b6ac9a8-4d3b-4af9-a0be-507ba9e5b25d,Damon Bankston,NYG,RB,17,0.0,333.744,46.92,7.769,0.0,0.595,0.034,0.4591
2026,77f04c13-0127-4d33-9789-f779237bc951,Dante Miller,NYG,RB,17,0.0,333.744,46.92,7.769,0.0,0.595,0.034,0.4591
2026,7927f661-8fb2-47a7-988d-d39a7c8038be,Ty.Johnson,BUF,RB,17,0.0,324.258,54.4,8.942,0.0,0.782,0.051,0.5628
2026,bed670a9-04da-42b3-a416-75b6f81d2de8,Josh Pitsenberger,HOU,RB,17,0.0,328.559,48.433,8.024,0.0,0.799,0.034,0.5659
2026,16510563-b5a1-45f5-92fc-19939c715e15,Noah Whittington,HOU,RB,17,0.0,328.559,48.433,8.024,0.0,0.799,0.034,0.5659
2026,e908b683-2dff-43dd-86e2-08787e9c9466,Ahmani Marshall,CLE,RB,17,0.0,327.471,48.977,8.109,0.0,0.799,0.034,0.5651
2026,79d30dd0-8ab2-4303-b448-c278accd89ff,Davon Booth,CLE,RB,17,0.0,327.471,48.977,8.109,0.0,0.799,0.034,0.5651
2026,98f553fe-0ffb-496b-901c-73c4f468c6d5,T.J. Harden,CLE,RB,17,0.0,327.471,48.977,8.109,0.0,0.799,0.034,0.5651
2026,9aafd9b2-36b4-4fdb-9393-4a24d0708673,Jaden Nixon,GB,RB,17,0.0,326.094,49.181,8.126,0.0,0.833,0.051,0.5863
2026,85a3edc3-68d4-4104-ab56-c12695a1932c,Damien Martinez,GB,RB,17,0.0,325.958,49.181,8.126,0.0,0.833,0.051,0.5863
2026,d7f08e77-2b29-4d78-b9ea-35b94c1df0e5,Kejon Owens,MIN,RB,17,0.0,326.281,48.671,8.058,0.0,0.901,0.051,0.6122
2026,d6ca8974-a049-40a8-8d85-d959da1b410d,Demond Claiborne,MIN,RB,17,0.0,326.162,48.671,8.058,0.0,0.901,0.051,0.6122
2026,da36047b-a068-4cc0-8119-0179cef16707,G.Holani,SEA,RB,17,0.0,324.649,48.331,7.99,0.0,0.833,0.051,0.5849
2026,72dde148-ddfd-4118-8efd-e7f7e1460298,Kenny McIntosh,SEA,RB,17,0.0,324.462,48.331,7.99,0.0,0.833,0.051,0.5849
2026,fe433f72-3d74-450f-97a8-cc4913928371,Dontae McMillan,BAL,RB,17,0.0,322.966,48.722,8.058,0.0,0.731,0.034,0.5379
2026,60a705fa-959e-4ba2-9d2a-406b9aa87417,Elijah Tau-Tolliver,BAL,RB,17,0.0,322.966,48.722,8.058,0.0,0.731,0.034,0.5379
2026,543ab241-f9ab-496e-a7fb-22bc74aad663,Lucas Scott,BAL,RB,17,0.0,322.966,48.722,8.058,0.0,0.731,0.034,0.5379
2026,ecf86371-7adc-441c-bab3-69d5fc525ade,Adam Randall,BAL,RB,17,0.0,322.847,48.722,8.058,0.0,0.731,0.034,0.5379
2026,3a986b7a-a012-40ca-9f01-2aa8cd1484bd,I.Davis,NYJ,RB,17,0.0,316.353,53.89,8.857,0.0,0.714,0.034,0.533
2026,81bd91b8-6b6d-4063-bce2-d63baaa69516,Jordan Mims,SF,RB,17,0.0,320.807,47.379,7.854,0.0,0.697,0.034,0.5161
2026,98b2fbf7-a607-4816-ad63-22a32c245226,Patrick Taylor,SF,RB,17,0.0,320.807,47.379,7.854,0.0,0.697,0.034,0.5161
2026,4931d0d6-e1b8-4ac0-8944-3607d8c46de1,Sincere McCormick,SF,RB,17,0.0,320.807,47.379,7.854,0.0,0.697,0.034,0.5161
2026,01c9d65e-2883-4bde-a469-45abe5508fee,J.McNichols,WAS,RB,17,0.0,312.375,55.658,9.129,0.0,0.0,0.0,0.0817
2026,65158854-c056-46f0-a185-79af3db336de,B.Smith,KC,RB,17,0.0,309.672,56.338,9.248,0.0,0.799,0.051,0.5713
2026,447d3294-a7e2-4673-bc2a-ad0ea834794c,Anthony Hankerson,MIA,RB,17,0.0,315.299,48.535,8.024,0.0,0.646,0.034,0.4915
2026,373f0a08-b1cf-4f68-b360-a4269b17d0d6,Carlos Washington,MIA,RB,17,0.0,315.299,48.535,8.024,0.0,0.646,0.034,0.4915
2026,faa0d14d-97eb-45e7-9b29-117faf7dd43f,D.J. Herman,MIA,RB,17,0.0,315.299,48.535,8.024,0.0,0.646,0.034,0.4915
2026,ee54944f-7d56-440f-9116-5e9f041cc407,Donovan Edwards,MIA,RB,17,0.0,315.299,48.535,8.024,0.0,0.646,0.034,0.4915
2026,f8bf35d0-5847-467f-99a7-376b78e4a5dd,Le'Veon Moss,MIA,RB,17,0.0,315.299,48.535,8.024,0.0,0.646,0.034,0.4915
2026,6f1b239c-9e82-490d-abfd-2aa17a03f3a1,O.Gordon,MIA,RB,17,0.0,314.789,48.331,7.99,0.0,0.646,0.034,0.4915
2026,1fbfbedc-81ed-40ea-8bac-2007ea616902,L.Allen,JAX,RB,17,0.0,314.041,47.957,7.939,0.0,0.0,0.0,0.0817
2026,4912108d-68ff-4114-8809-66ecdb8c9473,C.J. Donaldson,NO,RB,17,0.0,311.967,47.158,7.82,0.0,0.629,0.034,0.4879
2026,34145909-5062-44b5-ba0b-f1ae6844bcde,T.Brooks,CIN,RB,17,0.0,316.931,42.007,7.004,0.0,0.0,0.0,0.0817
2026,d319398e-5718-4df6-ad86-c4a7fcc3ce59,R.Rivers,LA,RB,17,0.0,316.574,42.007,7.004,0.0,0.0,0.0,0.0817
2026,ecbca70b-71e1-43f2-bf2b-218d9cbe26b0,D.Dallas,JAX,RB,17,0.0,313.123,42.007,7.004,0.0,0.0,0.0,0.0817
2026,2ad579e3-eb45-46a7-b5d5-c0449a7bd381,C.Kiner,ARI,RB,17,0.0,306.646,48.025,7.956,0.0,0.0,0.0,0.0817
2026,d4eda4a8-fe86-4f99-a138-c013a635acf3,K.Johnson,PIT,RB,17,0.0,311.899,42.007,7.004,0.0,0.0,0.0,0.0817
2026,48370aff-6673-4368-a31b-5328ac46e109,E.Hull,HOU,RB,17,0.0,303.246,42.007,7.004,0.0,0.0,0.0,0.0817
2026,4bf90f48-14f6-42ab-aa72-7f4e7b87e638,J.Hill,BAL,RB,17,0.0,279.446,62.509,10.166,0.0,0.0,0.0,0.0817
2026,38a43d9a-c7be-4ac0-878f-a7eeced4cbc3,D.Laube,LV,RB,17,0.0,293.165,48.535,8.041,0.0,0.0,0.0,0.0817
2026,3a0091ff-06bf-492a-9528-03ae4f8f866d,J.Ford,WAS,RB,17,0.0,285.974,55.658,9.129,0.0,0.0,0.0,0.0817
2026,67012cb2-bb0d-4618-b654-1ebfe8d27b1a,J.Saylors,DET,RB,17,0.0,298.129,42.007,7.004,0.0,0.0,0.0,0.0817
2026,fb47152c-3c47-4517-aafd-6bb67424d19d,T.Etienne,CAR,RB,17,0.0,296.667,42.007,7.004,0.0,0.0,0.0,0.0817
2026,362301d5-6a24-485e-889d-7f3eafbb66b3,A.Dillon,CAR,RB,17,0.0,296.531,42.007,7.004,0.0,0.0,0.0,0.0817
2026,08786b66-962c-43b2-b93f-257484f8c7fb,J.Chestnut,TEN,RB,17,0.0,290.581,42.007,7.004,0.0,0.935,0.051,0.6279
2026,e479718c-de23-41e9-8178-d38ead666e13,A.Johnson,LAC,RB,17,0.0,282.744,49.198,8.143,0.0,0.0,0.0,0.0817
2026,2ca07564-5314-4c69-a4c4-cd30a9e5d104,K.Milton,CIN,RB,17,0.0,288.371,42.007,7.004,0.0,0.0,0.0,0.0817
2026,18850ce4-973b-4e21-a03e-aa04864658c8,C.Brooks,GB,RB,17,0.0,279.106,49.181,8.126,0.0,0.0,0.0,0.0817
2026,39c8ad89-a95a-4486-8c3d-ef8312e6ac3f,A.Abdullah,JAX,RB,17,0.0,273.292,47.957,7.939,0.0,0.0,0.0,0.0817
2026,e91b7026-2866-4587-96e6-3eba8e3346af,T.Badie,DEN,RB,17,0.0,259.505,53.669,8.84,0.0,0.0,0.0,0.0817
2026,76bf4a32-0924-40a4-91b6-26b69c668fed,R.Johnson,CHI,RB,17,0.0,267.121,42.823,7.14,0.0,0.0,0.0,0.0817
2026,3d12ca35-8ab0-41ad-b980-b7fc82d41bab,T.Goodson,ATL,RB,17,0.0,265.319,42.007,7.004,0.0,0.0,0.0,0.0817
2026,53f7c2dd-3fec-4e55-9991-00e4d7c2fc74,W.Shipley,PHI,RB,17,0.0,259.42,47.634,7.888,0.0,0.0,0.0,0.0817
2026,0dfeace1-56b3-4ada-a16d-60734cb9be80,S.Vaki,DET,RB,17,0.0,265.03,42.007,7.004,0.0,0.0,0.0,0.0817
2026,7d6dc53b-3a2a-4006-8120-947f79a43223,H.Luepke,DAL,RB,17,0.0,258.944,48.059,7.956,0.0,0.0,0.0,0.0817
2026,2e3ef41a-d0ea-473a-b249-559f5a424df1,A.Prentice,DEN,RB,17,0.0,258.604,47.702,7.905,0.0,0.0,0.0,0.0817
2026,04f69e0b-561d-4acd-a4da-f4ed2e8ef151,R.Gilliam,NE,RB,17,0.0,257.839,48.297,7.99,0.0,0.0,0.0,0.0817
2026,e9efa888-9411-4093-b12a-78e40c413745,K.Mullings,TEN,RB,17,0.0,262.225,42.16,7.021,0.0,0.0,0.0,0.0817
2026,4e18e3ca-b72d-4c47-ba00-865ad3e61750,R.Ali,BAL,RB,17,0.0,254.983,48.722,8.058,0.0,0.0,0.0,0.0817
2026,a65460de-bc04-4b41-a3c1-0a130c32fc43,U.Bentley,IND,RB,17,0.0,261.307,42.007,7.004,0.0,0.0,0.0,0.0817
2026,2f438cff-7f2a-46e7-b3b1-0ab1d0fe8aa4,T.Homer,PIT,RB,17,0.0,258.519,42.007,7.004,0.0,0.0,0.0,0.0817
2026,32e836f7-f899-4536-bac2-b6584f55a528,C.Ham,MIN,RB,17,0.0,257.04,42.33,7.055,0.0,0.0,0.0,0.0817
2026,fa88fc04-ab72-4b44-b18f-196905155362,J.Chase,CIN,WR,17,0.0,0.0,295.154,32.861,0.0,0.0,0.323,0.2795
2026,86ed80c1-0dd7-4c07-a0b3-cea9fab60c0a,K.Juszczyk,SF,RB,17,0.0,235.076,53.38,8.789,0.0,0.0,0.0,0.0817
2026,decaa350-cdc1-4d6e-815c-05b1015546b9,F.Gore,BUF,RB,17,0.0,237.15,49.215,8.143,0.0,0.0,0.0,0.0817
2026,8f098248-9e51-459e-9143-391d54b5fa5e,S.Matlock,LAC,RB,17,0.0,233.529,49.657,8.211,0.0,0.0,0.0,0.0817
2026,954d5b41-02ea-4047-8385-515c5118690c,A.Beck,NYJ,RB,17,0.0,234.634,48.467,8.024,0.0,0.0,0.0,0.0817
2026,12e216b4-a162-43d0-ba51-c53c2821df6e,A.Ingold,LAC,RB,17,0.0,232.441,49.419,8.177,0.0,0.0,0.0,0.0817
2026,bfdba9dd-9ada-42df-a194-faabb73703c4,J.Westover,NE,RB,17,0.0,232.356,48.297,7.99,0.0,0.0,0.0,0.0817
2026,b15194e9-dfde-4c31-80f2-cbd7d0bc76ae,B.Russell,SEA,RB,17,0.0,232.152,48.127,7.956,0.0,0.0,0.0,0.0817
2026,85044b35-48a5-43ad-8b8b-525299fb9ac9,R.Ouzts,SEA,RB,17,0.0,232.152,48.127,7.956,0.0,0.0,0.0,0.0817
2026,7ba157fe-8377-41a1-a198-69fa83069f58,P.Ricard,NYG,RB,17,0.0,233.138,46.971,7.786,0.0,0.0,0.0,0.0817
2026,2b0252f9-f656-4c41-9f2d-1a9e06808a4f,E.Mitchell,PHI,RB,17,0.0,232.135,47.464,7.854,0.0,0.0,0.0,0.0817
2026,cc8ed8e0-fd25-4c8f-bc2e-7c8b1975f241,P.Nacua,LA,WR,17,0.0,2.992,266.305,29.648,0.0,0.0,0.289,0.2593
2026,eb2c647e-6138-4708-bd65-35422f29f75c,R.Rice,KC,WR,17,0.0,2.703,256.717,28.747,0.0,0.0,0.544,0.4186
2026,01542f54-ce56-438f-a484-c6bc9b77aabd,A.St. Brown,DET,WR,17,0.0,0.0,251.991,28.22,0.0,0.0,0.527,0.4094
2026,892d7782-1ecc-4137-aeb0-9e80c69e4034,D.London,ATL,WR,17,0.0,0.0,240.159,26.962,0.0,0.0,0.289,0.2516
2026,87b536c6-701f-4a71-b52e-0d8f7d4ec694,T.McBride,ARI,TE,17,0.0,0.0,230.707,26.078,0.0,0.0,0.459,0.3666
2026,8d9cebd3-3534-48a0-a4e9-2c0ebc5c1c94,J.Smith-Njigba,SEA,WR,17,0.0,0.0,223.737,25.041,0.0,0.0,0.238,0.209
2026,36776784-59f3-4a60-a1e7-609889d4b6cb,W.Robinson,TEN,WR,17,0.0,0.0,213.248,24.225,0.0,0.0,0.289,0.2464
2026,c65ab2ea-a913-4981-964e-e6b3c4c5854e,C.Lamb,DAL,WR,17,0.0,0.0,211.531,23.987,0.0,0.0,0.221,0.2008
2026,8b257ca3-4915-4a9f-9cc7-70bd81d7af59,M.Pittman,PIT,WR,17,0.0,0.0,210.358,23.885,0.0,0.0,0.238,0.2118
2026,9bd851b9-cba5-4c2a-989a-792d495db187,J.Jefferson,MIN,WR,17,0.0,0.0,206.431,23.477,0.0,0.0,0.238,0.209
2026,74cc7436-fd66-4ec7-8ce4-61c742ca2f5a,G.Wilson,NYJ,WR,17,0.0,0.0,206.312,23.409,0.0,0.0,0.187,0.1757
2026,bac91e1b-f24a-431e-a656-d23a3ef5e9f5,E.Egbuka,TB,WR,17,0.0,0.0,205.802,23.409,0.0,0.0,0.255,0.2226
2026,6af876b7-d6ca-483e-bfab-51357985a24c,D.Adams,LA,WR,17,0.0,0.0,203.456,23.188,0.0,0.0,0.459,0.371
2026,b8dae940-0938-432d-9b8c-3fc0ae4c8906,N.Collins,HOU,WR,17,0.0,0.0,202.198,23.001,0.0,0.0,0.204,0.1827
2026,3d8e6090-ab45-4750-a145-b5bc16812bc8,C.Olave,NO,WR,17,0.0,0.0,201.79,22.967,0.0,0.0,0.17,0.1556
2026,fe874b96-e2c0-4f68-9815-af65b06e6738,T.McMillan,CAR,WR,17,0.0,0.0,201.671,22.933,0.0,0.0,0.289,0.2528
2026,40dfaab3-2886-438e-a325-a15f68d1f3c8,K.Pitts,ATL,TE,17,0.0,0.0,200.481,22.78,0.0,0.0,0.238,0.2172
2026,e97f648c-f826-40a0-a562-437d2714fd40,A.Brown,NE,WR,17,0.0,0.0,200.464,22.763,0.0,0.0,0.221,0.1911
2026,e72096d9-8234-4879-b3b4-9fd4bf4aac4e,T.Warren,IND,TE,17,0.0,0.0,198.271,22.593,0.0,0.0,0.204,0.1799
2026,a4c95f75-76ae-4729-b36b-053b14fb2a51,Z.Flowers,BAL,WR,17,0.0,2.635,193.681,21.93,0.0,0.0,0.187,0.1671
2026,35484e4c-03b7-453e-80fd-be2fa1ac62aa,G.Pickens,DAL,WR,17,0.0,0.0,194.99,22.253,0.0,0.0,0.204,0.1869
2026,891d5ad8-ad2b-40a2-bd88-2f4c64d4009a,T.Higgins,CIN,WR,17,0.0,0.0,194.429,22.287,0.0,0.0,0.221,0.1994
2026,62719d0e-0efc-456e-8df8-828cc1cf4abe,H.Fannin,CLE,TE,17,0.0,0.0,192.559,22.015,0.0,0.0,0.187,0.1757
2026,118470e6-4c10-41fd-9c53-8f079c8747aa,R.Odunze,CHI,WR,17,0.0,0.0,191.573,21.879,0.0,0.0,0.238,0.2104
2026,4aefe4b3-05d4-4513-8386-ceefefe04e87,D.Metcalf,PIT,WR,17,0.0,0.0,189.091,21.607,0.0,0.0,0.221,0.1939
2026,3e1facee-6951-4b77-b51f-1f7a04250828,B.Bowers,LV,TE,17,0.0,0.0,187.646,21.454,0.0,0.0,0.425,0.3486
2026,7f5bf6e3-b07c-4361-bc95-0311908c7bf8,L.McConkey,LAC,WR,17,0.0,0.0,183.515,21.012,0.0,0.0,0.204,0.1785
2026,eb41f78e-bfc6-47e4-8f04-1d8b1231218f,Q.Johnston,LAC,WR,17,0.0,0.0,183.158,20.944,0.0,0.0,0.204,0.1771
2026,a182f320-892e-4344-8c39-d03ec8d397c4,K.Shakir,BUF,WR,17,0.0,0.0,182.767,20.808,0.0,0.0,0.187,0.1671
2026,d561b61f-7998-40a8-82a4-875cc5706ed4,T.Kraft,GB,TE,17,0.0,0.0,182.07,20.808,0.0,0.0,0.391,0.322
2026,5f5c5229-cf05-4a2f-871b-449570cab445,M.Nabers,NYG,WR,17,0.0,0.0,181.543,20.757,0.0,0.0,0.136,0.1231
2026,ba986501-71a5-4c41-8836-02933c11efda,P.Washington,JAX,WR,17,0.0,4.233,176.766,20.213,0.0,0.0,0.187,0.1757
2026,5da8b083-96f7-43b0-8b97-365397bd59e6,J.Downs,IND,WR,17,0.0,0.0,180.2,20.638,0.0,0.0,0.187,0.1657
2026,befb93dc-de67-4344-9d23-a1fa6a9d682f,Mi.Wilson,ARI,WR,17,0.0,0.0,180.013,20.655,0.0,0.0,0.187,0.1657
2026,0dc926e2-a39e-4c91-8cb2-4fac24a5a605,Carnell Tate,TEN,WR,17,0.0,0.0,179.928,20.655,0.0,0.0,0.238,0.2145
2026,12c85e25-4ab3-432a-8046-7f8b9f971f0e,C.Watson,GB,WR,17,0.0,0.0,179.639,20.587,0.0,0.0,0.187,0.1743
2026,6b78568e-15e7-485d-ab78-b85134c79c82,A.Pierce,IND,WR,17,0.0,0.0,179.435,20.587,0.0,0.0,0.187,0.1643
2026,6de274ce-a940-49a0-82fb-e8f4274e7517,Laquon Treadwell,IND,WR,17,0.0,0.0,178.721,20.502,0.0,0.0,0.187,0.1643
2026,fd9494d8-4d0d-4075-8b31-59c31dbef36f,M.Evans,SF,WR,17,0.0,0.0,178.398,20.468,0.0,0.0,0.153,0.1469
2026,6e6da15e-254a-4ee3-b0c8-2eaf5875f22f,T.Kelce,KC,TE,17,0.0,0.0,178.075,20.451,0.0,0.0,0.187,0.1743
2026,20e5eda2-e6a7-45e5-8ed5-958a5d49a8ae,C.Loveland,CHI,TE,17,0.0,0.0,177.293,20.315,0.0,0.0,0.221,0.1967
2026,55480340-bb90-4518-9695-e85dd3d36015,J.Meyers,JAX,WR,17,0.0,0.0,176.732,20.264,0.0,0.0,0.187,0.1728
2026,975d437e-c293-4704-8573-68420a22d271,J.Williams,DET,WR,17,0.0,0.0,175.355,20.128,0.0,0.0,0.187,0.1714
2026,72729e1e-0b13-4aad-91ac-3d76f92c4685,T.McLaurin,WAS,WR,17,0.0,0.0,175.253,20.06,0.0,0.0,0.204,0.1813
2026,a21afd4b-49cb-4c3e-b7ea-37e1ba6d9815,K.C. Concepcion,CLE,WR,17,0.0,0.0,174.59,20.094,0.0,0.0,0.17,0.1614
2026,90fcc742-b736-44f4-994f-094724be0c09,C.Godwin,TB,WR,17,0.0,0.0,174.199,19.992,0.0,0.0,0.221,0.1939
2026,c669f87b-fdf2-458b-92b9-5fc841b4bec5,J.Jeudy,CLE,WR,17,0.0,0.0,174.097,20.026,0.0,0.0,0.17,0.1614
2026,017301c4-fe49-48a1-a533-db70f693a734,C.Sutton,DEN,WR,17,0.0,0.0,173.536,19.958,0.0,0.0,0.136,0.1306
2026,d0e121df-25e6-4268-9e79-b99acb8e9160,D.Smith,PHI,WR,17,0.0,0.0,172.652,19.771,0.0,0.0,0.187,0.1686
2026,c6167e32-0cee-4e3f-acb3-c49a59870203,A.Okwuegbunam,LV,TE,17,0.0,0.0,171.173,19.652,0.0,0.0,0.204,0.1785
2026,fe4c4fa7-73c1-43b7-8823-e75c27674ec2,D.Schultz,HOU,TE,17,0.0,0.0,170.629,19.584,0.0,0.0,0.17,0.1571
2026,5ce4d5c2-18c4-4c4d-b3a0-039eb4a3d989,J.Addison,MIN,WR,17,0.0,0.0,170.51,19.635,0.0,0.0,0.204,0.1785
2026,046bd3b8-161d-4c19-9816-df5ce3e96947,J.Jennings,MIN,WR,17,0.0,0.0,170.153,19.601,0.0,0.0,0.204,0.1785
2026,1338be17-cad9-477d-8147-858b061c05cf,Jalen Reagor,MIA,WR,17,0.0,0.0,168.606,19.397,0.0,0.0,0.136,0.1336
2026,b02e82e6-ef1a-49a1-84ed-0f05bd29a8f4,Phillip Dorsett,LV,WR,17,0.0,0.0,168.113,19.38,0.0,0.0,0.187,0.1757
2026,a5673ce8-e626-4f8f-a1c0-7864036be6a3,R.Doubs,NE,WR,17,0.0,0.0,167.518,19.244,0.0,0.0,0.187,0.1643
2026,a7d95c35-eb3d-4b5e-a2b2-99a22df56259,J.Reed,GB,WR,17,0.0,2.567,164.407,18.853,0.0,0.0,0.17,0.1643
2026,0a50de21-d75b-4e1e-86c9-191b0dccffec,J.Coker,CAR,WR,17,0.0,0.0,166.702,19.159,0.0,0.0,0.238,0.2158
2026,631385df-a7e6-4eb7-8b2b-e19769a2551f,J.Ferguson,DAL,TE,17,0.0,0.0,163.761,18.836,0.0,0.0,0.17,0.1614
2026,527aee16-44d6-4527-9ec1-b6d981e9e8c1,E.Ayomanor,TEN,WR,17,0.0,0.0,163.37,18.887,0.0,0.0,0.0,0.0817
2026,4c27a10c-963d-444e-b235-b46f4b652866,M.Harrison,ARI,WR,17,0.0,0.0,163.064,18.853,0.0,0.0,0.17,0.1527
2026,13377595-68fc-4870-b538-55539284b2d2,X.Worthy,KC,WR,17,0.0,2.652,159.783,18.428,0.0,0.0,0.0,0.0817
2026,488de04a-f1d9-4499-a21f-dc4021a1a7ba,Kenyon Sadiq,NYJ,TE,17,0.0,0.0,161.789,18.632,0.0,0.0,0.153,0.1425
2026,b741e982-3102-4b26-aeaa-8e1d89ba077e,Jordyn Tyson,NO,WR,17,0.0,0.0,161.568,18.632,0.0,0.0,0.136,0.1276
2026,841bfd08-c9e4-4bf4-8d65-e01b5aa326f4,T.Hunter,JAX,WR,17,0.0,0.0,161.398,18.564,0.0,0.0,0.17,0.1585
2026,2dc8cd75-0a7b-413d-a5a0-3a21b2e1dbc9,B.Thomas,JAX,WR,17,0.0,0.0,161.007,18.564,0.0,0.0,0.17,0.1585
2026,dac982cf-8f63-41ea-86ba-386bebe8e969,Omar Cooper,NYJ,WR,17,0.0,0.0,160.412,18.513,0.0,0.0,0.153,0.141
2026,efba363a-c6ab-4be9-998e-072e065fc2b9,S.LaPorta,DET,TE,17,0.0,0.0,160.225,18.462,0.0,0.0,0.17,0.1585
2026,f6b9b938-482f-4332-96e6-e3e566d9efb2,J.Waddle,DEN,WR,17,0.0,0.0,160.072,18.479,0.0,0.0,0.136,0.1216
2026,128fd135-fb3e-451e-8135-52d9465c4154,T.Franklin,DEN,WR,17,0.0,0.0,159.477,18.394,0.0,0.0,0.136,0.1201
2026,fa192789-c280-45f1-b92c-b3d6a2e97cb5,D.Goedert,PHI,TE,17,0.0,0.0,157.913,18.19,0.0,0.0,0.17,0.1556
2026,b59c0df7-c6c7-412f-8abd-2bf54a74bfa2,T.Tucker,LV,WR,17,0.0,3.57,153.34,17.697,0.0,0.0,0.17,0.1657
2026,4f63ff11-fe96-4aa7-9831-9536b01dd6a9,C.Otton,TB,TE,17,0.0,0.0,156.859,18.088,0.0,0.0,0.0,0.0817
2026,b9acf42d-9d9b-4614-b34c-481edd6156f9,Makai Lemon,PHI,WR,17,0.0,0.0,155.686,17.969,0.0,0.0,0.17,0.1542
2026,64755288-83b6-45d3-9d82-11807c2f5994,C.Okonkwo,WAS,TE,17,0.0,0.0,155.652,17.935,0.0,0.0,0.0,0.0817
2026,6ef21d58-07b4-49a0-9e4b-ab6e4f527023,G.Kittle,SF,TE,17,0.0,0.0,154.802,17.867,0.0,0.0,0.136,0.1291
2026,0a931859-dbbe-4421-8bdc-ee6094237041,R.Shaheed,SEA,WR,17,0.0,2.499,151.317,17.425,0.0,0.0,0.0,0.0817
2026,d366aedd-7ef1-47c6-a3bb-637a4559f332,D.Moore,BUF,WR,17,0.0,3.111,150.586,17.34,0.0,0.0,0.153,0.1439
2026,da658afc-9594-4977-9a7c-3939c1bb4aee,R.Pearsall,SF,WR,17,0.0,0.0,152.575,17.646,0.0,0.0,0.0,0.0817
2026,42465aa3-53c4-4afb-bf91-0ac136659ba3,C.Kupp,SEA,WR,17,0.0,0.0,152.218,17.544,0.0,0.0,0.17,0.1512
2026,927c45e7-007a-40b8-9592-815d97fbc701,M.Hollins,NE,WR,17,0.0,0.0,151.572,17.527,0.0,0.0,0.0,0.0817
2026,835b972d-7fc1-48d2-bfb6-4ad15a30a0a1,H.Henry,NE,TE,17,0.0,0.0,151.215,17.476,0.0,0.0,0.17,0.1512
2026,15497e04-abce-413c-b84b-6928c1f96d77,K.Coleman,BUF,WR,17,0.0,0.0,151.198,17.459,0.0,0.0,0.153,0.141
2026,e10fc805-9026-4fe2-8714-d074bd8ca1be,J.Johnson,NO,TE,17,0.0,0.0,151.045,17.459,0.0,0.0,0.0,0.0817
2026,07b45f1c-fb0a-40db-939b-4ee4836e9343,P.Freiermuth,PIT,TE,17,0.0,0.0,150.229,17.391,0.0,0.0,0.17,0.1599
2026,3e6a412e-f820-4a69-b411-e7cbf41f2937,S.Zylstra,BUF,TE,17,0.0,0.0,149.719,17.289,0.0,0.0,0.153,0.141
2026,80a87ed4-7f37-41e3-80a9-7f6581431750,B.Strange,JAX,TE,17,0.0,0.0,148.58,17.17,0.0,0.0,0.153,0.1483
2026,20728b4d-f625-4cd5-a2a6-9c6c76360516,C.Ridley,TEN,WR,17,0.0,0.0,148.563,17.272,0.0,0.0,0.0,0.0817
2026,aa2229c3-d896-46f6-ab2a-55ca0a5e2a33,Germie Bernard,PIT,WR,17,0.0,0.0,147.985,17.17,0.0,0.0,0.17,0.1585
2026,070528cf-a9c0-48c4-a759-be8a5cd3922f,O.Gadsden,LAC,TE,17,0.0,0.0,147.849,17.136,0.0,0.0,0.153,0.1483
2026,05d9b42e-040e-46c9-8a22-97abfe74c5ce,M.Taylor,NYJ,TE,17,0.0,0.0,146.795,17.0,0.0,0.0,0.136,0.1306
2026,7803b6a3-2944-46a1-a2f7-8c64e92fc82d,D.Njoku,LAC,TE,17,0.0,0.0,146.387,16.966,0.0,0.0,0.153,0.1469
2026,48a86180-2857-4c87-a70a-b3b156f158dc,J.Metchie,CAR,WR,17,0.0,0.0,146.285,16.932,0.0,0.0,0.0,0.0817
2026,7eecbcd6-3fdb-4eb9-af60-48139462997f,Odell Beckham Jr.,NYG,WR,17,0.0,0.0,145.384,16.847,0.0,0.0,0.102,0.1019
2026,87520ab1-0a67-4521-b031-0a45fa108796,A.Mitchell,NYJ,WR,17,0.0,0.0,145.078,16.847,0.0,0.0,0.0,0.0817
2026,f6d0c7ac-8d6e-441b-899c-e21a624ff441,Chris Brazzell,CAR,WR,17,0.0,0.0,144.823,16.796,0.0,0.0,0.221,0.1925
2026,44ecc125-b690-4177-93f9-f03d50825239,E.Engram,DEN,TE,17,0.0,0.0,144.772,16.796,0.0,0.0,0.119,0.111
2026,2f0f3999-0f08-41d7-83f3-7bf733899142,X.Legette,CAR,WR,17,0.0,0.0,144.721,16.796,0.0,0.0,0.221,0.1925
2026,abb5a044-a3c2-46a1-9fac-b6d0ddf8475b,O.Zaccheaus,ATL,WR,17,0.0,0.0,144.585,16.728,0.0,0.0,0.187,0.1643
2026,3c8c24b6-f2b3-4130-86e6-389a16aa6104,M.Andrews,BAL,TE,17,0.0,2.601,141.491,16.337,0.0,0.0,0.136,0.1276
2026,48a61718-24ab-4c6a-946e-56764c8f0206,M.Brown,PHI,WR,17,0.0,0.0,143.208,16.592,0.0,0.0,0.153,0.1439
2026,2c13fedd-2d1a-49af-8794-61bf00446701,T.Kennedy,DET,WR,17,0.0,0.0,142.868,16.541,0.0,0.0,0.0,0.0817
2026,b3e190d9-469f-46e1-ace8-326b5e02e0aa,Zachariah Branch,ATL,WR,17,0.0,0.0,142.868,16.592,0.0,0.0,0.187,0.1643
2026,7f3e9ce8-9c8d-4d38-b381-3e43b24bf041,L.Burden,CHI,WR,17,0.0,0.0,142.528,16.507,0.0,0.0,0.0,0.0817
2026,75916bc5-a3af-4067-9720-00cca5c17ac9,M.Gesicki,CIN,TE,17,0.0,0.0,141.916,16.541,0.0,0.0,0.17,0.1527
2026,a1d65e3c-d232-4ad7-84eb-f2484f912af5,J.McMillan,TB,WR,17,0.0,0.0,141.525,16.422,0.0,0.0,0.0,0.0817
2026,1359d114-9fb9-4783-8101-efdec545f961,A.Barner,SEA,TE,17,0.0,2.533,138.822,16.065,0.0,0.0,0.153,0.141
2026,a83d87f5-9208-48ee-a81c-bba3090ea426,J.Tonges,SF,TE,17,0.0,0.0,141.236,16.388,0.0,0.0,0.119,0.1201
2026,7da25b9b-7510-4f92-98a5-2cb63cd6aa2d,A.Iosivas,CIN,WR,17,0.0,0.0,141.219,16.456,0.0,0.0,0.0,0.0817
2026,1172730c-9d3c-4213-9987-1027d381e7a7,Zavion Thomas,CHI,WR,17,0.0,0.0,141.015,16.388,0.0,0.0,0.17,0.1614
2026,8344bb61-2168-4e90-a527-9885541e19f2,M.Washington,MIA,WR,17,0.0,2.414,138.516,16.048,0.0,0.0,0.119,0.1126
2026,62e7bf1a-d295-4202-808f-0ff339d273f2,Denzel Boston,CLE,WR,17,0.0,0.0,140.692,16.371,0.0,0.0,0.136,0.1336
2026,de90c83e-b445-439c-befe-655f3d2c50d7,V.Jefferson,WAS,WR,17,0.0,0.0,139.995,16.252,0.0,0.0,0.0,0.0817
2026,f9dd5323-f4d9-447e-8f5d-3e07ccece524,C.Kirk,SF,WR,17,0.0,0.0,139.264,16.184,0.0,0.0,0.119,0.1186
2026,5bfdeab0-8d49-4746-a2be-60598dcbcf43,C.Parkinson,LA,TE,17,0.0,0.0,139.264,16.184,0.0,0.0,0.17,0.1498
2026,0993b895-f0b7-4d94-9a83-cb2895cf9093,T.Hockenson,MIN,TE,17,0.0,0.0,139.264,16.184,0.0,0.0,0.17,0.1498
2026,5c4d9a99-496b-400e-89b6-c63de9191896,Ja'Kobi Lane,BAL,WR,17,0.0,0.0,138.873,16.116,0.0,0.0,0.136,0.1246
2026,53f8ef4c-52c2-4b55-8048-938c3caa29cc,Antonio Williams,WAS,WR,17,0.0,0.0,138.856,16.116,0.0,0.0,0.153,0.1483
2026,021a17a3-f302-4e5d-8e88-9a7426efef88,Ted Hurst,TB,WR,17,0.0,0.0,138.652,16.133,0.0,0.0,0.17,0.1599
2026,f3027194-2b41-4db7-b6e1-10cb47514b73,C.Dike,TEN,WR,17,0.0,3.23,135.405,15.725,0.0,0.0,0.187,0.1714
2026,cb3d52be-8be1-4f0f-9853-bb42f129ee5f,G.Dulcich,MIA,TE,17,0.0,0.0,138.465,16.082,0.0,0.0,0.119,0.111
2026,a21c681d-1ae5-4cc3-9b3e-29b4909192bb,T.Higbee,LA,TE,17,0.0,0.0,137.955,16.065,0.0,0.0,0.153,0.1483
2026,44db107c-a7ce-49ae-ba2b-dc3ae85181a0,M.Mayer,LV,TE,17,0.0,0.0,137.887,16.031,0.0,0.0,0.0,0.0817
2026,321f2f7a-617b-4114-867a-7188cd496cff,J.Higgins,HOU,WR,17,0.0,0.0,137.428,15.98,0.0,0.0,0.0,0.0817
2026,d4016f1b-58b9-4c96-ad3e-d01eba462804,Caleb Douglas,MIA,WR,17,0.0,0.0,136.833,15.929,0.0,0.0,0.119,0.111
2026,f24bdffb-7957-4fe9-b466-b3125fea4f10,Chris Bell,MIA,WR,17,0.0,0.0,136.833,15.929,0.0,0.0,0.119,0.111
2026,ccd49da3-1b4e-43d1-a9a1-84ebf00b9863,Terrace Marshall Jr.,MIA,WR,17,0.0,0.0,136.833,15.929,0.0,0.0,0.119,0.111
2026,389896d3-fe13-4951-a2cc-c9cb4ae0d189,K.Austin,NO,WR,17,0.0,0.0,136.595,15.895,0.0,0.0,0.0,0.0817
2026,8a6f4627-ab82-4cb4-92df-699336ac1690,D.Kincaid,BUF,TE,17,0.0,0.0,136.391,15.827,0.0,0.0,0.136,0.1291
2026,e432064c-a8c6-4b83-8119-a0bf2e30fa6f,X.Hutchinson,HOU,WR,17,0.0,0.0,136.221,15.861,0.0,0.0,0.0,0.0817
2026,52a4f01e-5eb6-40e0-ab83-239a7553bdbf,Tank Dell,HOU,WR,17,0.0,0.0,135.881,15.827,0.0,0.0,0.136,0.1291
2026,353c0718-b585-42e4-9fdd-65abf246f4d1,K.Boutte,NE,WR,17,0.0,0.0,135.728,15.793,0.0,0.0,0.0,0.0817
2026,bef80ce6-4ba7-4790-b283-795c1f6d0a25,X.Restrepo,TEN,WR,17,0.0,0.0,135.014,15.759,0.0,0.0,0.0,0.0817
2026,d99e2c6d-aef8-4250-9bec-3a167ae51085,M.Mims,DEN,WR,17,0.0,2.737,131.988,15.351,0.0,0.0,0.0,0.0817
2026,b9c5b95f-dcad-4853-bbe4-c3b2db8b2c1d,R.Flournoy,DAL,WR,17,0.0,0.0,134.589,15.657,0.0,0.0,0.153,0.1366
2026,2e5cbb33-2ffd-4dc1-af97-8edb43d325e6,D.Slayton,NYG,WR,17,0.0,0.0,134.317,15.623,0.0,0.0,0.102,0.0942
2026,7b9ebaff-f7d3-45f1-a0b0-07501c467f39,T.Johnson,NYG,TE,17,0.0,0.0,134.096,15.589,0.0,0.0,0.102,0.0942
2026,77cbc405-dc41-40e4-b0bd-dd8a73396612,K.Bourne,ARI,WR,17,0.0,0.0,133.79,15.623,0.0,0.0,0.0,0.0817
2026,e318bcf4-6f17-4a62-ba7b-9283a4aab86c,D.Mooney,NYG,WR,17,0.0,0.0,133.178,15.504,0.0,0.0,0.102,0.0942
2026,80869be9-a016-466d-8e55-fbd21a0b51ec,I.Williams,NYJ,WR,17,0.0,0.0,132.94,15.47,0.0,0.0,0.0,0.0817
2026,8e0e19a3-5755-4a4b-8aed-f0ace43ae3c4,Parris Campbell,DAL,WR,17,0.0,0.0,132.464,15.453,0.0,0.0,0.136,0.1336
2026,f011864a-8a7b-4638-b49f-d229e07bcfea,D.Washington,PIT,TE,17,0.0,0.0,131.886,15.385,0.0,0.0,0.153,0.1425
2026,de70216e-21b4-4de8-a4e8-1c0e4ed7734b,P.Bryant,DEN,WR,17,0.0,0.0,130.781,15.266,0.0,0.0,0.102,0.1019
2026,a046fb44-6405-44d0-8a4a-fd4190b607a5,Riley Nowakowski,PIT,TE,17,0.0,0.0,130.764,15.249,0.0,0.0,0.0,0.0817
2026,ad1b55b7-d62a-425f-a528-91f946c3fd63,A.T. Perry,PIT,WR,17,0.0,0.0,130.645,15.249,0.0,0.0,0.0,0.0817
2026,373005bf-c42e-4ec6-a6ef-fd6c1328e11e,Kaden Wetjen,PIT,WR,17,0.0,0.0,130.645,15.249,0.0,0.0,0.0,0.0817
2026,24fa8fd8-69ba-45e6-b4b2-b530f48b8c92,L.Humphrey,DEN,WR,17,0.0,0.0,130.611,15.249,0.0,0.0,0.102,0.1019
2026,21d63dde-da33-498d-8984-467c8fa08df0,M.Golden,GB,WR,17,0.0,2.533,127.279,14.807,0.0,0.0,0.0,0.0817
2026,38d1f118-d4b1-4550-932e-ebfebfb25c98,J.Sanders,CAR,TE,17,0.0,0.0,129.693,15.096,0.0,0.0,0.187,0.1743
2026,c2ac0493-43d7-454b-9733-3e8161530921,D.Wicks,PHI,WR,17,0.0,0.0,129.319,15.079,0.0,0.0,0.0,0.0817
2026,ff157432-dabf-43cf-96af-8ff8ebad77a9,T.Harris,LAC,WR,17,0.0,0.0,129.115,15.062,0.0,0.0,0.0,0.0817
2026,f69f2a06-b9b5-4848-bed1-ae6cb0a090cb,B.Covey,PHI,WR,17,0.0,0.0,128.792,15.028,0.0,0.0,0.0,0.0817
2026,8d89d9ff-87bf-47c7-bdb7-6387fd2063b9,G.Dortch,DET,WR,17,0.0,3.468,125.086,14.586,0.0,0.0,0.136,0.1306
2026,51274266-a333-40a5-b7ee-8ffe2b668b89,Ainias Smith,CAR,WR,17,0.0,0.0,128.316,14.96,0.0,0.0,0.0,0.0817
2026,b51c7678-2594-4a59-98df-0fc272274fdf,D.Brown,WAS,WR,17,0.0,2.907,124.253,14.467,0.0,0.0,0.153,0.138
2026,eecf13ae-3c69-487a-b051-b99253b417ce,Deion Burks,IND,WR,17,0.0,0.0,127.143,14.841,0.0,0.0,0.0,0.0817
2026,11222e0d-2ba1-4bb3-9ce7-4dc26daa1f4b,Brenden Rice,GB,WR,17,0.0,0.0,126.99,14.807,0.0,0.0,0.0,0.0817
2026,1c005470-9111-4f2c-9f20-256299b1dbce,D.Drummond,ATL,WR,17,0.0,0.0,126.888,14.807,0.0,0.0,0.153,0.1469
2026,bb9baca2-7a25-4c03-8288-fa500aeb760c,De'Zhaun Stribling,SF,WR,17,0.0,0.0,126.327,14.773,0.0,0.0,0.119,0.108
2026,9fd386e9-b707-4573-8798-228dfd0586cb,J.Walker,CHI,WR,17,0.0,0.0,126.174,14.722,0.0,0.0,0.153,0.1469
2026,4668e3c3-24c8-4f2c-9e07-4f0fe588eae8,Cyrus Allen,KC,WR,17,0.0,0.0,125.97,14.722,0.0,0.0,0.0,0.0817
2026,e815c363-7045-4e2e-af17-8d61ed06e00e,J.Royals,KC,WR,17,0.0,0.0,125.97,14.722,0.0,0.0,0.0,0.0817
2026,d6bb9e59-3e25-468e-9bb1-ea8b5eccfdff,N.Gray,KC,TE,17,0.0,0.0,125.97,14.722,0.0,0.0,0.0,0.0817
2026,33cf9116-000e-4e42-a4bb-00524aa7e1c8,T.Thornton,KC,WR,17,0.0,0.0,125.97,14.722,0.0,0.0,0.0,0.0817
2026,c5ddc36c-396d-4108-9137-e78b64ae84a8,D.Vele,NO,WR,17,0.0,0.0,125.919,14.705,0.0,0.0,0.102,0.1034
2026,f598db0a-f13c-4f1d-8092-71b6d1cfef2e,Colbie Young,CIN,WR,17,0.0,0.0,125.732,14.705,0.0,0.0,0.0,0.0817
2026,cba473da-e8b1-4087-bee6-2aad14ecaa8d,Erick All,CIN,TE,17,0.0,0.0,125.732,14.722,0.0,0.0,0.0,0.0817
2026,67eef9d2-1ef9-4cda-93fd-eacebfde1b22,Cas.Washington,ATL,WR,17,0.0,0.0,125.545,14.688,0.0,0.0,0.0,0.0817
2026,e20adbbe-669d-4d26-b64a-84332cd2acfd,C.Kmet,CHI,TE,17,0.0,0.0,125.528,14.654,0.0,0.0,0.0,0.0817
2026,0b36dce8-d96f-41bf-9a25-a9ebf8c29895,S.Miller,CHI,WR,17,0.0,0.0,125.528,14.654,0.0,0.0,0.0,0.0817
2026,3499209e-2077-4dfc-ab26-41b8dde3dfe5,Joe Royer,CLE,TE,17,0.0,0.0,125.375,14.654,0.0,0.0,0.0,0.0817
2026,4621b9ce-6bc7-4652-9414-16ff576216df,C.Tillman,CLE,WR,17,0.0,0.0,125.341,14.654,0.0,0.0,0.0,0.0817
2026,54bf441b-5cc8-4ffc-9951-89c03d555b42,B.Wright,DET,TE,17,0.0,0.0,125.171,14.62,0.0,0.0,0.0,0.0817
2026,c26820ce-6f1f-4732-b730-0b16164e59c2,Dominic Lovett,DET,WR,17,0.0,0.0,124.814,14.586,0.0,0.0,0.0,0.0817
2026,f8be0f3e-440c-44a5-985a-841484aa4c71,Kendrick Law,DET,WR,17,0.0,0.0,124.814,14.586,0.0,0.0,0.0,0.0817
2026,1af5fe9f-0b86-407e-9071-b814a07c9834,C.Stover,HOU,TE,17,0.0,2.414,122.23,14.263,0.0,0.0,0.119,0.1201
2026,8fa39fd1-f924-44b5-b327-9191f3569c02,M.Tinsley,CIN,WR,17,0.0,0.0,124.576,14.603,0.0,0.0,0.153,0.1366
2026,6d1a6094-34a7-4738-b9fa-beb75a2bd462,Ja'Lynn Polk,NO,WR,17,0.0,0.0,124.287,14.535,0.0,0.0,0.102,0.1019
2026,1c595f86-383f-4657-b7de-b208344ae2d6,R.Bell,NO,WR,17,0.0,0.0,124.287,14.535,0.0,0.0,0.221,0.1925
2026,3193f354-0b23-4321-b879-2e9fcd02ec84,I.Bond,CLE,WR,17,0.0,0.0,124.1,14.535,0.0,0.0,0.0,0.0817
2026,36fe045c-3d23-423b-b52c-a61c84f82dd9,Matthew Hibner,BAL,TE,17,0.0,0.0,124.032,14.467,0.0,0.0,0.0,0.0817
2026,20f93266-8c3a-48cf-bc46-064262a32035,Cornelius Johnson,BAL,WR,17,0.0,0.0,123.947,14.45,0.0,0.0,0.0,0.0817
2026,7b989899-7041-4e5b-a720-3036bf3f7804,Elijah Sarratt,BAL,WR,17,0.0,0.0,123.947,14.45,0.0,0.0,0.0,0.0817
2026,7bc18484-5d6e-4c4a-aa41-59a513b87a2c,LaJohntay Wester,BAL,WR,17,0.0,0.0,123.947,14.45,0.0,0.0,0.0,0.0817
2026,601ce504-9f08-487d-b968-f6e884c7fdfb,D.Sills,TB,WR,17,0.0,0.0,123.828,14.467,0.0,0.0,0.0,0.0817
2026,5c294442-eaea-4ed0-a4fd-c33a7509bf48,T.Johnson,TB,WR,17,0.0,0.0,123.828,14.467,0.0,0.0,0.0,0.0817
2026,95e7d98d-3b0e-42aa-90d3-4ef7b44feba0,T.Wease,MIA,WR,17,0.0,0.0,123.573,14.45,0.0,0.0,0.0,0.0817
2026,83893fcf-5f86-406b-b1c7-8f4f45987702,B.Berrios,NYG,WR,17,0.0,0.0,123.216,14.382,0.0,0.0,0.085,0.0879
2026,2406acdf-802a-4fe9-b889-9501642a63cd,C.J. Daniels,LA,WR,17,0.0,0.0,122.842,14.365,0.0,0.0,0.0,0.0817
2026,4a9a09df-4469-4caf-ae96-b28ce88ecc77,Max Klare,LA,TE,17,0.0,0.0,122.842,14.365,0.0,0.0,0.0,0.0817
2026,d0b8a7dd-373a-4235-a9a5-200086c439bf,Tyler Scott,LA,WR,17,0.0,0.0,122.842,14.365,0.0,0.0,0.0,0.0817
2026,4c813722-0f2e-4c3b-ae06-bf0e4b32e2f0,T.Burks,WAS,WR,17,0.0,0.0,122.621,14.348,0.0,0.0,0.0,0.0817
2026,18c06a21-f854-4f11-89ad-f617293f9cea,R.Bateman,BAL,WR,17,0.0,0.0,122.587,14.331,0.0,0.0,0.119,0.111
2026,f78e2b4f-796b-41c8-9af0-75caf042eb26,A.Thielen,MIN,WR,17,0.0,0.0,122.536,14.365,0.0,0.0,0.0,0.0817
2026,53aa5628-6b76-4a3b-b667-3a0550f7d092,Cole Turner,MIA,TE,17,0.0,0.0,122.519,14.314,0.0,0.0,0.0,0.0817
2026,68f4a835-6990-4ab8-a10f-db8aa110439f,J.Tolbert,MIA,WR,17,0.0,0.0,122.468,14.314,0.0,0.0,0.0,0.0817
2026,2a0ee53b-e715-4e8f-a6ed-c5332701a6e7,Kevin Coleman,MIA,WR,17,0.0,0.0,122.468,14.314,0.0,0.0,0.0,0.0817
2026,2e18ac60-c81a-4844-980f-a88ffd7fedd7,Will Kacmarek,MIA,TE,17,0.0,0.0,122.468,14.314,0.0,0.0,0.0,0.0817
2026,3c26dce6-b5d7-4026-b212-1b22c6b4a9e7,J.Nailor,LV,WR,17,0.0,0.0,122.366,14.314,0.0,0.0,0.136,0.1336
2026,00c54230-9e75-4752-890a-c9d82406f4bc,Justin Shorter,LV,WR,17,0.0,0.0,122.366,14.314,0.0,0.0,0.0,0.0817
2026,731fc1b0-2bef-4eff-a95f-12e2af797eb1,Malik Benson,LV,WR,17,0.0,0.0,122.366,14.314,0.0,0.0,0.0,0.0817
2026,bb6900c7-cf17-450b-b596-4a3542add3ef,C.Austin,NYG,WR,17,0.0,0.0,122.298,14.297,0.0,0.0,0.0,0.0817
2026,ab6d41d3-d8eb-4133-89ec-862cea81cae5,Malachi Fields,NYG,WR,17,0.0,0.0,122.298,14.297,0.0,0.0,0.085,0.0864
2026,7bb83a46-749f-471f-9876-9b2893c636f8,K.Turpin,DAL,WR,17,0.0,2.635,119.527,13.957,0.0,0.0,0.0,0.0817
2026,0adca0ac-3e1d-4437-9009-80d9610561b2,Brevin Jordan,HOU,TE,17,0.0,0.0,121.788,14.246,0.0,0.0,0.0,0.0817
2026,b7d766b6-7c93-4416-99a6-504be177ef26,Jha'Quan Jackson,HOU,WR,17,0.0,0.0,121.771,14.246,0.0,0.0,0.0,0.0817
2026,46e41075-9bfc-4491-8514-1334d65b9016,Lewis Bond,HOU,WR,17,0.0,0.0,121.771,14.246,0.0,0.0,0.0,0.0817
2026,a4916c17-c568-4645-966f-1b1013036d90,Marlin Klein,HOU,TE,17,0.0,0.0,121.771,14.246,0.0,0.0,0.0,0.0817
2026,83978a45-a7da-408d-a462-426f5444a908,D.Knox,BUF,TE,17,0.0,0.0,121.346,14.178,0.0,0.0,0.119,0.1171
2026,bc093a81-2f9d-44f8-85cc-cb7d3f539296,D.Douglas,NE,WR,17,0.0,0.0,121.329,14.178,0.0,0.0,0.0,0.0817
2026,ceb1d94f-7d6e-466a-a744-da15f868e213,Emmanuel Henderson,SEA,WR,17,0.0,0.0,121.329,14.161,0.0,0.0,0.0,0.0817
2026,fd43903b-c61f-40d8-80ec-313d380f318b,Ricky White III,SEA,WR,17,0.0,0.0,121.329,14.161,0.0,0.0,0.0,0.0817
2026,25a7a31f-fff0-4a52-96c3-f40f823c5343,T.Horton,SEA,WR,17,0.0,0.0,121.329,14.161,0.0,0.0,0.136,0.1231
2026,7e6d7376-3ff9-4d2b-8022-f47c0fbc308e,G.Helm,TEN,TE,17,0.0,0.0,121.312,14.195,0.0,0.0,0.0,0.0817
2026,5e310480-4f70-4fd6-9ede-56c1b6664853,D.Thornton,LV,WR,17,0.0,0.0,121.278,14.212,0.0,0.0,0.0,0.0817
2026,90dca55b-70e1-4a02-9705-996220bcb5f4,Eli Raridon,NE,TE,17,0.0,0.0,120.921,14.144,0.0,0.0,0.0,0.0817
2026,df43fb4f-7e20-4384-83d0-fc24bbea7428,J.Palmer,BUF,WR,17,0.0,0.0,120.564,14.076,0.0,0.0,0.0,0.0817
2026,69a223d3-4265-4b61-b5f5-0e9fd61aaf15,Skyler Bell,BUF,WR,17,0.0,0.0,120.564,14.076,0.0,0.0,0.0,0.0817
2026,7160a1da-0c6c-4759-8a31-b8e7600344bc,K.J. Osborn,TEN,WR,17,0.0,0.0,120.326,14.093,0.0,0.0,0.0,0.0817
2026,55b66288-06f6-45b9-9ae4-3142d7fe145c,Ihmir Smith-Marsette,ARI,WR,17,0.0,0.0,119.884,14.059,0.0,0.0,0.0,0.0817
2026,254587e7-6a8c-4ef6-ad58-e4f4cbd49ec5,J.Brooks,ARI,WR,17,0.0,0.0,119.884,14.059,0.0,0.0,0.0,0.0817
2026,f8955ab4-77f0-4c46-b653-e4d932c20f10,Reggie Virgil,ARI,WR,17,0.0,0.0,119.884,14.059,0.0,0.0,0.0,0.0817
2026,05d3f971-d29b-4892-a9fb-9980ab4cb152,Simi Fehoko,ARI,WR,17,0.0,0.0,119.884,14.059,0.0,0.0,0.0,0.0817
2026,39790497-9a9e-4d70-b37b-d42a20915345,Teagan Quitoriano,ARI,TE,17,0.0,0.0,119.884,14.059,0.0,0.0,0.0,0.0817
2026,a4e40f05-c0d6-4d3d-8179-8a72ccc3ef05,Tejhaun Palmer,ARI,WR,17,0.0,0.0,119.884,14.059,0.0,0.0,0.0,0.0817
2026,c6b84341-6e2e-44c6-a2ce-8f7960c64714,Anthony Smith,DAL,WR,17,0.0,0.0,119.238,13.957,0.0,0.0,0.0,0.0817
2026,ce987bc8-98ca-4ce6-85b3-8e9ef51b0a8f,M.Valdes-Scantling,DAL,WR,17,0.0,0.0,119.238,13.957,0.0,0.0,0.0,0.0817
2026,d4ca80e1-d749-43c7-abf1-547b912ee304,Tanner Koziol,JAX,TE,17,0.0,0.0,118.592,13.889,0.0,0.0,0.0,0.0817
2026,cf17b602-cdd2-46fd-a5bc-248ce2b4ff28,C.J. Williams,JAX,WR,17,0.0,0.0,118.575,13.872,0.0,0.0,0.0,0.0817
2026,4c1f7395-32f7-458e-8345-286ae2f90818,Josh Cameron,JAX,WR,17,0.0,0.0,118.575,13.872,0.0,0.0,0.0,0.0817
2026,89552986-7502-46a1-81ec-ad725d68ad94,Nate Boerkircher,JAX,TE,17,0.0,0.0,118.575,13.872,0.0,0.0,0.0,0.0817
2026,f3f91b2d-897e-46d9-828d-2910886add74,Justin Joly,DEN,TE,17,0.0,0.0,117.844,13.821,0.0,0.0,0.0,0.0817
2026,3a4d00ac-eb83-4a8b-bc86-72af2b9e2b60,Mike Woods,DEN,WR,17,0.0,0.0,117.844,13.821,0.0,0.0,0.0,0.0817
2026,db33e16f-340d-4b0b-892f-f5ffce3c0b29,Cameron Latu,PHI,TE,17,0.0,0.0,116.467,13.634,0.0,0.0,0.0,0.0817
2026,5a59bed6-53a2-4fc7-8663-dffe85c2056d,Danny Gray,PHI,WR,17,0.0,0.0,116.467,13.634,0.0,0.0,0.0,0.0817
2026,623750b2-3648-44b2-9229-63285a1c6a40,Eli Stowers,PHI,TE,17,0.0,0.0,116.467,13.634,0.0,0.0,0.0,0.0817
2026,a7af953e-0425-4835-a1db-403451c0534f,Johnny Wilson,PHI,WR,17,0.0,0.0,116.467,13.634,0.0,0.0,0.0,0.0817
2026,3d85634a-2ea4-4365-aae7-5905d0df4cc9,Quez Watkins,PHI,WR,17,0.0,0.0,116.467,13.634,0.0,0.0,0.0,0.0817
2026,7fce1d7a-bc4f-44ed-abde-3efaffde62a4,S.Smartt,PHI,TE,17,0.0,0.0,116.467,13.634,0.0,0.0,0.0,0.0817
2026,2a332a09-6759-48cc-a375-e1e56b106ab0,S.Toure,PHI,WR,17,0.0,0.0,115.464,13.549,0.0,0.0,0.119,0.1186
2026,f13f2ccc-61dd-4815-8417-4b6f780c7f3b,M.Tipton,NO,WR,17,0.0,2.023,113.373,13.277,0.0,0.0,0.0,0.0817
2026,77922ed5-6b51-4d23-8894-56a5ab1b2c1a,Ji.Horn,CAR,WR,17,0.0,3.553,111.673,13.09,0.0,0.0,0.0,0.0817
2026,c47bdce4-dbbc-4aef-b3e0-d259ec337acb,Colton Dowell,SF,WR,17,0.0,0.0,114.682,13.447,0.0,0.0,0.0,0.0817
2026,03ab017e-f181-4486-9661-1c6485dedf19,D.Robinson,SF,WR,17,0.0,0.0,114.682,13.447,0.0,0.0,0.0,0.0817
2026,19f4d5a4-6179-486c-b2e4-7d7f010f1c11,Jacob Cowing,SF,WR,17,0.0,0.0,114.682,13.447,0.0,0.0,0.0,0.0817
2026,ea1733b2-5041-4748-834b-37e08956116f,Junior Bergen,SF,WR,17,0.0,0.0,114.682,13.447,0.0,0.0,0.0,0.0817
2026,332e37c2-22e4-4511-931e-c30035cb108d,N.Fant,NO,TE,17,0.0,0.0,113.968,13.362,0.0,0.0,0.0,0.0817
2026,d286cf56-0b1a-4e4a-ac8c-a56eecc20d61,Jaheim Bell,PIT,TE,17,0.0,0.0,113.832,13.345,0.0,0.0,0.0,0.0817
2026,87bb2a95-de02-40aa-ac15-4e19873c5089,Bryce Lance,NO,WR,17,0.0,0.0,113.152,13.277,0.0,0.0,0.0,0.0817
2026,d698a249-54a7-4884-8750-53e2ec5d369b,Bub Means,NO,WR,17,0.0,0.0,113.152,13.277,0.0,0.0,0.0,0.0817
2026,9dee3caa-6eb5-480a-9632-d47a7b794b1d,Oscar Delp,NO,TE,17,0.0,0.0,113.152,13.277,0.0,0.0,0.0,0.0817
2026,7197a0f5-5879-4ff3-8036-055cc34be574,Trey Palmer,NO,WR,17,0.0,0.0,113.152,13.277,0.0,0.0,0.0,0.0817
2026,fd80a968-a921-45e8-a684-5bea39ff69b1,B.Tremayne,CAR,WR,17,0.0,0.0,112.778,13.226,0.0,0.0,0.0,0.0817
2026,64e38bc7-c821-412a-badb-0f3f99e3a7df,Brandon Smith,PIT,WR,17,0.0,0.0,112.727,13.243,0.0,0.0,0.0,0.0817
2026,d774f5bb-e932-4ee6-ad50-f2f61e77cea9,Cole Burgess,PIT,WR,17,0.0,0.0,112.727,13.243,0.0,0.0,0.0,0.0817
2026,d8fcc17a-bc62-4cc4-bf85-c1e557503219,JJ Galbreath,PIT,TE,17,0.0,0.0,112.625,13.243,0.0,0.0,0.0,0.0817
2026,35249fea-2277-4919-a708-eea8e28f81a7,Lake McRee,PIT,TE,17,0.0,0.0,112.625,13.243,0.0,0.0,0.0,0.0817
2026,b440a63e-d001-42e8-90e2-054da5ac8f79,R.Wilson,PIT,WR,17,0.0,0.0,112.625,13.243,0.0,0.0,0.0,0.0817
2026,2d7eb92c-9618-4cf0-ae6f-cd4e3f9bfcbc,G.Olszewski,NYG,WR,17,0.0,0.0,112.523,13.209,0.0,0.0,0.0,0.0817
2026,2a5af105-ecb4-4ae4-89c6-d47b7b108737,T.Tremble,CAR,TE,17,0.0,0.0,112.353,13.175,0.0,0.0,0.0,0.0817
2026,da501cdf-983b-48c5-9918-7569b745567c,A.Hooper,ATL,TE,17,0.0,0.0,112.285,13.175,0.0,0.0,0.0,0.0817
2026,934d9980-bd65-441a-8b3b-b51144ba8f5a,J.Smith-Schuster,NYG,WR,17,0.0,0.0,111.911,13.124,0.0,0.0,0.085,0.0817
2026,e71f068d-ac9d-4f78-8099-e1eea965dc74,B.Melton,GB,DB,17,0.0,2.533,109.157,12.835,0.0,0.0,0.0,0.0817
2026,ae5846b3-e4d7-42a1-bd13-81760f0a83b2,I.Likely,NYG,TE,17,0.0,0.0,111.69,13.107,0.0,0.0,0.085,0.0817
2026,dce9cd84-7353-418c-969b-4a3ada196987,I.Hodgins,NYG,WR,17,0.0,0.0,111.673,13.107,0.0,0.0,0.085,0.0817
2026,4c908559-bee0-4e03-892b-acb185733f1c,M.Evans,CAR,TE,17,0.0,0.0,111.588,13.107,0.0,0.0,0.0,0.0817
2026,bb8a3825-74f1-4c85-880a-a3108c33b36b,L.Musgrave,GB,TE,17,0.0,0.0,111.503,13.073,0.0,0.0,0.0,0.0817
2026,b7615a83-e6d5-4616-b190-a297c78473e1,J.Keeney-James,GB,WR,17,0.0,0.0,111.435,13.073,0.0,0.0,0.0,0.0817
2026,d5aa696b-b759-4e22-aa2d-f4021089776a,Dalevon Campbell,LAC,WR,17,0.0,0.0,111.282,13.073,0.0,0.0,0.0,0.0817
2026,404e338f-8334-40c9-bddf-4c34ee20b54b,Devonte Ross,LAC,WR,17,0.0,0.0,111.282,13.073,0.0,0.0,0.0,0.0817
2026,50c8e4a7-d428-48e7-8758-cc838c6af9af,JaQuae Jackson,LAC,WR,17,0.0,0.0,111.282,13.073,0.0,0.0,0.0,0.0817
2026,7d6a7038-c068-4ab3-af45-9719bd5b0d14,Jerand Bradley,LAC,WR,17,0.0,0.0,111.282,13.073,0.0,0.0,0.0,0.0817
2026,9399dd74-2912-4b07-9d97-8ae8c73a22a2,Luke Grimm,LAC,WR,17,0.0,0.0,111.282,13.073,0.0,0.0,0.0,0.0817
2026,c2320e7a-fcb9-497c-be52-274754a688d2,Mante Morrow,LAC,WR,17,0.0,0.0,111.282,13.073,0.0,0.0,0.0,0.0817
2026,1d5bcd0a-06e8-42f1-9ffc-56ab0f984e07,Sincere Brown,LAC,WR,17,0.0,0.0,111.282,13.073,0.0,0.0,0.0,0.0817
2026,3bff3efb-2a07-43e4-a045-2c0f8864ff37,Evan Svoboda,LAC,TE,17,0.0,0.0,111.197,13.073,0.0,0.0,0.0,0.0817
2026,fbeaeb30-b807-4ad6-82fe-31dfb89b4cd1,Johnny Pascuzzi,LAC,TE,17,0.0,0.0,111.197,13.073,0.0,0.0,0.0,0.0817
2026,e89ed330-2fe2-43ee-be6c-0fe8db74e4bf,K.Lambert-Smith,LAC,WR,17,0.0,0.0,111.197,13.073,0.0,0.0,0.0,0.0817
2026,3ba7bc44-3da5-4a1a-8886-d4620566222e,Dan Chisena,CAR,WR,17,0.0,0.0,111.18,13.056,0.0,0.0,0.0,0.0817
2026,1809101e-402b-42ca-98f1-d9131905762e,Ja'Seem Reed,CAR,WR,17,0.0,0.0,111.18,13.056,0.0,0.0,0.0,0.0817
2026,8deeced6-80fa-49ee-a444-2758b9d1d521,Kobe Prentice,CAR,WR,17,0.0,0.0,111.18,13.056,0.0,0.0,0.0,0.0817
2026,4bc8d78b-660a-4cec-9358-017f78d4e96e,Malick Meiga,CAR,WR,17,0.0,0.0,111.18,13.056,0.0,0.0,0.0,0.0817
2026,92ad045d-69e4-4b26-a9bb-e92a33ea2ec6,Bryce Pierre,CAR,TE,17,0.0,0.0,111.078,13.056,0.0,0.0,0.0,0.0817
2026,1525a1a7-7b4c-4fc8-82e3-d0e3d8049507,K.Raymond,CHI,WR,17,0.0,0.0,111.044,13.022,0.0,0.0,0.0,0.0817
2026,5a2238a1-78a9-452b-b3b5-2440c6cc7d92,T.Hudson,CIN,TE,17,0.0,0.0,110.993,13.039,0.0,0.0,0.136,0.1216
2026,0ca8c207-4857-4a05-9527-a19648578ed8,J.Hyatt,NYG,WR,17,0.0,0.0,110.823,13.022,0.0,0.0,0.0,0.0817
2026,97978f02-25a5-40fd-972c-1321c2671005,M.Alie-Cox,IND,TE,17,0.0,0.0,110.653,13.005,0.0,0.0,0.119,0.108
2026,f26a48d9-4c2b-40f7-9b10-4d08467bff32,Jack Endries,CIN,TE,17,0.0,0.0,110.551,12.988,0.0,0.0,0.0,0.0817
2026,4c7bc42c-b31d-475a-86c5-b843b41cd215,Ben Nikkel,IND,WR,17,0.0,0.0,110.466,12.971,0.0,0.0,0.0,0.0817
2026,30157b02-08a1-4427-8468-8d0012e68abb,E.J. Horton,IND,WR,17,0.0,0.0,110.466,12.971,0.0,0.0,0.0,0.0817
2026,015bc1c0-f3cb-46ba-919d-3c6705efbc68,Eli Pancol,IND,WR,17,0.0,0.0,110.466,12.971,0.0,0.0,0.0,0.0817
2026,2570fddc-1ba6-4807-9902-b082c70cb8e6,Raylen Sharpe,IND,WR,17,0.0,0.0,110.466,12.971,0.0,0.0,0.0,0.0817
2026,d7831888-b098-412b-b3b1-6d483852a9e9,Sahmir Hagans,IND,WR,17,0.0,0.0,110.466,12.971,0.0,0.0,0.0,0.0817
2026,892369e3-2735-4812-9d7d-e02a4a4d5298,A.Ogletree,IND,TE,17,0.0,0.0,110.364,12.971,0.0,0.0,0.0,0.0817
2026,9a9f8980-f2c4-4d72-93bc-abbab022649e,Carson Towt,IND,TE,17,0.0,0.0,110.364,12.971,0.0,0.0,0.0,0.0817
2026,723099fe-7e45-4cc2-9e19-be47b28fa150,N.Westbrook-Ikhine,IND,WR,17,0.0,0.0,110.364,12.971,0.0,0.0,0.0,0.0817
2026,1496ef18-edc4-49e9-bfe4-d1bd46ad138d,Sean McKeon,IND,TE,17,0.0,0.0,110.364,12.971,0.0,0.0,0.0,0.0817
2026,3e3ae497-c49f-4aeb-9a7d-abdf6f3cf26e,Carsen Ryan,CLE,TE,17,0.0,0.0,110.313,12.954,0.0,0.0,0.0,0.0817
2026,d917300e-8f13-45aa-a3c6-4213f63ac0b2,Isaiah Neyor,GB,WR,17,0.0,0.0,110.296,12.954,0.0,0.0,0.0,0.0817
2026,373f1bd4-d8c9-4691-8ff1-47fc8f44314c,J.Michael Sturdivant,GB,WR,17,0.0,0.0,110.296,12.954,0.0,0.0,0.0,0.0817
2026,7af3599e-c95e-42c9-9b01-6f890ea9b972,Will Sheppard,GB,WR,17,0.0,0.0,110.296,12.954,0.0,0.0,0.0,0.0817
2026,ee63bf6c-3d35-4be4-9f46-286fbc150c8e,Chris Blair,ATL,WR,17,0.0,0.0,110.262,12.954,0.0,0.0,0.0,0.0817
2026,1042d494-cd6a-4b33-b051-2b944f559087,Keelan Marion,ATL,WR,17,0.0,0.0,110.262,12.954,0.0,0.0,0.0,0.0817
2026,d75939cf-2309-454b-a9d4-bbce3ae03d2c,Le'Meke Brockington,ATL,WR,17,0.0,0.0,110.262,12.954,0.0,0.0,0.0,0.0817
2026,d157e361-bbab-40dc-b3e2-e811d5a6350b,Vinny Anthony,ATL,WR,17,0.0,0.0,110.262,12.954,0.0,0.0,0.0,0.0817
2026,705bdb3c-bf37-4be5-965d-9affa7cc9aca,D.Dabney,GB,TE,17,0.0,0.0,110.211,12.954,0.0,0.0,0.119,0.1141
2026,b7c200b0-4cfb-412c-921e-a780f8692b75,L.McCaffrey,WAS,WR,17,0.0,0.0,110.211,12.92,0.0,0.0,0.0,0.0817
2026,471c8d3b-da33-4661-9c36-5b594e1c3e5d,Messiah Swinson,GB,TE,17,0.0,0.0,110.211,12.954,0.0,0.0,0.0,0.0817
2026,de16d360-7378-4ae7-82d3-dbd9a5f626ad,R.J. Maryland,GB,TE,17,0.0,0.0,110.211,12.954,0.0,0.0,0.0,0.0817
2026,2891bcba-4ef0-4ad7-b6b8-01af901d5d25,C.Woerner,ATL,TE,17,0.0,0.0,110.177,12.954,0.0,0.0,0.0,0.0817
2026,6d4cdf27-b583-4056-b59d-95182c15301b,J.Dotson,ATL,WR,17,0.0,0.0,110.177,12.954,0.0,0.0,0.0,0.0817
2026,62c15c13-16ad-47db-b50c-2384d35c4958,Jack Velling,ATL,TE,17,0.0,0.0,110.177,12.954,0.0,0.0,0.0,0.0817
2026,46c02bcb-ddf0-45bf-be48-8dbe84dd34d3,Joshua Simon,ATL,TE,17,0.0,0.0,110.177,12.954,0.0,0.0,0.0,0.0817
2026,5d47c5e4-3a1b-4fdf-8dcf-30267aaca5f5,Andrew Armstrong,KC,WR,17,0.0,0.0,109.735,12.903,0.0,0.0,0.0,0.0817
2026,5de27ee8-d0c5-495a-bff1-0f0b4b27754b,Jacob De Jesus,KC,WR,17,0.0,0.0,109.735,12.903,0.0,0.0,0.0,0.0817
2026,8b407349-b817-42a8-90de-84efe52034fc,Jeff Caldwell,KC,WR,17,0.0,0.0,109.735,12.903,0.0,0.0,0.0,0.0817
2026,6213867a-4928-4798-ad98-77f09bf06f54,Jimmy Holiday,KC,WR,17,0.0,0.0,109.735,12.903,0.0,0.0,0.0,0.0817
2026,c641eed2-db48-4d5a-b05e-da59d6cdd301,Omari Evans,KC,WR,17,0.0,0.0,109.735,12.903,0.0,0.0,0.0,0.0817
2026,ff0a0568-448e-46fb-88fa-838eb9c13099,X.Smith,LA,WR,17,0.0,0.0,109.735,12.886,0.0,0.0,0.0,0.0817
2026,2b0453a9-c9b4-4fe4-aea6-85f7d107c88f,Xavier Loyd,KC,WR,17,0.0,0.0,109.735,12.903,0.0,0.0,0.0,0.0817
2026,f38f78af-bc8e-417c-a045-2070a05cb4de,Jake Briningstool,KC,TE,17,0.0,0.0,109.65,12.903,0.0,0.0,0.0,0.0817
2026,777aa552-24c7-43f7-8637-265f853d1469,John Michael Gyllenborg,KC,TE,17,0.0,0.0,109.65,12.903,0.0,0.0,0.0,0.0817
2026,fe912047-c83c-45fa-82a2-a4d6124e1ae1,Tre Watson,KC,TE,17,0.0,0.0,109.65,12.903,0.0,0.0,0.0,0.0817
2026,d142db23-1f0c-425f-a7b9-110a74318057,Dohnte Meyers,CIN,WR,17,0.0,0.0,109.616,12.903,0.0,0.0,0.0,0.0817
2026,a1ecf0c4-d1a7-4d35-a2ff-a4624d3426d9,Jordan Moore,CIN,WR,17,0.0,0.0,109.616,12.903,0.0,0.0,0.0,0.0817
2026,2cefe5cc-0a2d-4c81-9b1b-dd5f08ffb8d8,Kendric Pryor,CIN,WR,17,0.0,0.0,109.616,12.903,0.0,0.0,0.0,0.0817
2026,b6902af5-1075-44ed-a1d0-5398799fb04a,Noah Thomas,CIN,WR,17,0.0,0.0,109.616,12.903,0.0,0.0,0.0,0.0817
2026,075a223d-f814-4156-8c53-c35949fdffbd,Xavier Johnson,CIN,WR,17,0.0,0.0,109.616,12.903,0.0,0.0,0.0,0.0817
2026,74d11e7b-f3ab-49eb-8b7f-27ca20789099,D.Walker,BAL,WR,17,0.0,0.0,109.582,12.886,0.0,0.0,0.0,0.0817
2026,9505074b-e13e-401f-a269-a589537be748,D.Sample,CIN,TE,17,0.0,0.0,109.548,12.903,0.0,0.0,0.0,0.0817
2026,bbb12542-8417-40b8-aeba-fb34dc817e11,Josh Kattus,CIN,TE,17,0.0,0.0,109.548,12.903,0.0,0.0,0.0,0.0817
2026,6c06b009-f350-4555-95e1-60112d9b6c1d,I.Thomas,LV,TE,17,0.0,0.0,109.514,12.869,0.0,0.0,0.0,0.0817
2026,338b502a-c92e-4247-83ec-bb56ce81ea49,Josh Cuevas,BAL,TE,17,0.0,0.0,109.446,12.835,0.0,0.0,0.0,0.0817
2026,927ee7f8-66ac-4b7a-9998-56e07a422933,A.Firkser,WAS,TE,17,0.0,0.0,109.412,12.835,0.0,0.0,0.136,0.1201
2026,eddd22e1-9ddd-49dd-8b9f-0fb4001688d2,JP Richardson,CHI,WR,17,0.0,0.0,109.412,12.852,0.0,0.0,0.0,0.0817
2026,ee5302a1-1c37-497c-adb9-d2d1d814af7d,Kyron Hudson,CHI,WR,17,0.0,0.0,109.412,12.852,0.0,0.0,0.0,0.0817
2026,a6660970-7269-4508-903f-8f67c01edd23,Maurice Alexander,CHI,WR,17,0.0,0.0,109.412,12.852,0.0,0.0,0.0,0.0817
2026,dd6caa22-d208-4227-9734-a0dff8f2d1eb,Omari Kelly,CHI,WR,17,0.0,0.0,109.412,12.852,0.0,0.0,0.0,0.0817
2026,e08cfa44-debc-4803-9b05-548fab9ba868,Squirrel White,CHI,WR,17,0.0,0.0,109.412,12.852,0.0,0.0,0.0,0.0817
2026,29a222e4-6f25-4abe-b828-1dfd9d9793a6,Bauer Sharp,TB,TE,17,0.0,0.0,109.327,12.835,0.0,0.0,0.0,0.0817
2026,a7acf322-448c-4bb7-8174-898b27683d39,Hayden Large,CHI,TE,17,0.0,0.0,109.327,12.852,0.0,0.0,0.0,0.0817
2026,023c1ae2-8b3b-48fc-a417-0cf0ecd8800b,Ko Kieft,TB,TE,17,0.0,0.0,109.327,12.835,0.0,0.0,0.0,0.0817
2026,d2024365-1946-4bd1-88f0-69c4197d9260,Nikola Kalinic,CHI,TE,17,0.0,0.0,109.327,12.852,0.0,0.0,0.0,0.0817
2026,9e719413-e4bf-4783-a4f1-5baa26771d2e,Qadir Ismail,CHI,TE,17,0.0,0.0,109.327,12.852,0.0,0.0,0.0,0.0817
2026,5aaaf57d-499f-4b56-ab7d-af110bbe28a1,Stephen Carlson,CHI,TE,17,0.0,0.0,109.327,12.852,0.0,0.0,0.0,0.0817
2026,8e9f7364-fb84-41ac-8e50-14dc60709a06,Aaron Anderson,CLE,WR,17,0.0,0.0,109.31,12.852,0.0,0.0,0.0,0.0817
2026,fa840421-bfc3-4db1-8ea2-4ceb9af6b046,Kole Wilson,CLE,WR,17,0.0,0.0,109.31,12.852,0.0,0.0,0.0,0.0817
2026,6eb10660-af6a-4460-acda-a7bcab4f9c91,Luke Floriea,CLE,WR,17,0.0,0.0,109.31,12.852,0.0,0.0,0.0,0.0817
2026,87512936-b0d4-422f-87f4-f28fc56fe703,G.Larvadain,CLE,WR,17,0.0,0.0,109.225,12.852,0.0,0.0,0.0,0.0817
2026,41a0c66a-cf0b-4519-a28d-a12b879a5031,J.Thrash,CLE,WR,17,0.0,0.0,109.225,12.852,0.0,0.0,0.0,0.0817
2026,d51d0bd1-4241-43c7-a184-bd961c56c283,B.Sinnott,WAS,TE,17,0.0,0.0,109.191,12.835,0.0,0.0,0.0,0.0817
2026,0ba399ca-7a7e-4028-b263-6a00e933799b,Jackson Meeks,DET,WR,17,0.0,0.0,109.004,12.818,0.0,0.0,0.0,0.0817
2026,fd8e8ba6-8650-4ac8-9f96-418d3c1ff015,Kyre Duplessis,DET,WR,17,0.0,0.0,109.004,12.818,0.0,0.0,0.0,0.0817
2026,fd31ead1-b7f6-4b53-9658-4b27aabe48d7,Gavin Bartholomew,MIN,TE,17,0.0,0.0,108.987,12.801,0.0,0.0,0.0,0.0817
2026,4933a1b2-3cd6-4268-a60f-3b7b98622bbf,I.TeSlaa,DET,WR,17,0.0,0.0,108.953,12.818,0.0,0.0,0.119,0.1126
2026,39aece1e-9831-497f-bfe7-f67b9499fc9c,J.Bates,WAS,TE,17,0.0,0.0,108.919,12.801,0.0,0.0,0.0,0.0817
2026,30d562b8-8bd4-40b9-ae00-49cf338a8734,C.Wilson,DET,WR,17,0.0,0.0,108.902,12.818,0.0,0.0,0.0,0.0817
2026,2620e2ff-9c1a-4655-ab36-e4ae548ef70a,Miles Kitselman,DET,TE,17,0.0,0.0,108.902,12.818,0.0,0.0,0.0,0.0817
2026,5aff7be5-7bfe-4ff3-b286-81c0f9f0cd16,T.Conklin,DET,TE,17,0.0,0.0,108.902,12.818,0.0,0.0,0.0,0.0817
2026,fdf40d43-0e29-421e-9892-40f984767a74,Thomas Gordon,DET,TE,17,0.0,0.0,108.902,12.818,0.0,0.0,0.0,0.0817
2026,1236e546-1114-42cd-8961-c7bbdc31ebd1,Zach Horton,DET,TE,17,0.0,0.0,108.902,12.818,0.0,0.0,0.0,0.0817
2026,577995aa-5a21-4ce7-a655-476aa3b7d151,D.Allen,LA,TE,17,0.0,0.0,108.664,12.767,0.0,0.0,0.0,0.0817
2026,9f759ea4-6e4c-44b2-9eb1-44640e42493b,T.Washington,MIA,WR,17,0.0,0.0,108.426,12.733,0.0,0.0,0.0,0.0817
2026,ff50ed7d-af17-410c-ae05-c359af44103e,Chris Hilton,WAS,WR,17,0.0,0.0,108.324,12.733,0.0,0.0,0.0,0.0817
2026,5501361f-b757-4ec0-a414-1b39cae0df87,Dean Patterson,TB,WR,17,0.0,0.0,108.324,12.733,0.0,0.0,0.0,0.0817
2026,dbfdc682-3af1-407c-a009-8330505d0f96,Dennis Houston,TB,WR,17,0.0,0.0,108.324,12.733,0.0,0.0,0.0,0.0817
2026,0efb1dd8-7b6f-4222-b5c8-c8f38b469937,Eric Rivers,TB,WR,17,0.0,0.0,108.324,12.733,0.0,0.0,0.0,0.0817
2026,f3ca4673-38ad-4bc1-a422-340aaa7f7f19,Garrett Greene,TB,WR,17,0.0,0.0,108.324,12.733,0.0,0.0,0.0,0.0817
2026,f49d31d5-7af7-4246-bd09-dd9bf49a5fea,J.Bech,LV,WR,17,0.0,0.0,108.324,12.733,0.0,0.0,0.0,0.0817
2026,8f6e73b4-1f9c-4db2-b36b-660751127569,J.Lane,WAS,WR,17,0.0,0.0,108.324,12.733,0.0,0.0,0.0,0.0817
2026,31e9bce6-8848-42c0-b1ed-8ccbf72da8e3,Jaden Bradley,WAS,WR,17,0.0,0.0,108.324,12.733,0.0,0.0,0.0,0.0817
2026,99dfa7a8-0c42-46df-8d43-cc9ee1ca4f6c,Nick Nash,WAS,WR,17,0.0,0.0,108.324,12.733,0.0,0.0,0.0,0.0817
2026,fb25c08b-9285-4d9c-a78a-7073870b254e,Cortez Braham,BAL,WR,17,0.0,0.0,108.307,12.716,0.0,0.0,0.0,0.0817
2026,e298955e-1f8c-4d67-9704-87125763e203,Dayton Wade,BAL,WR,17,0.0,0.0,108.307,12.716,0.0,0.0,0.0,0.0817
2026,4ec0b5d4-995f-477e-9ce8-25c914631508,Octavian Smith,BAL,WR,17,0.0,0.0,108.307,12.716,0.0,0.0,0.0,0.0817
2026,8d49846f-6049-44fd-ac73-396c7bcad782,Ty Pezza,BAL,WR,17,0.0,0.0,108.307,12.716,0.0,0.0,0.0,0.0817
2026,d98133d8-abfb-4ead-b0b3-fd66b1d6a9c4,Xavier Guillory,BAL,WR,17,0.0,0.0,108.307,12.716,0.0,0.0,0.0,0.0817
2026,37f91945-6b1f-4b2b-bf23-e85c0d440c13,Kenny Fletcher,TB,TE,17,0.0,0.0,108.256,12.733,0.0,0.0,0.0,0.0817
2026,9242a171-f0ef-4b07-a145-63e7b6f3999d,D.Smythe,BAL,TE,17,0.0,0.0,108.239,12.716,0.0,0.0,0.0,0.0817
2026,b503543e-c2af-4e42-8742-5b2a92bc2f79,Lawrence Cager,WAS,TE,17,0.0,0.0,108.239,12.733,0.0,0.0,0.0,0.0817
2026,f5940e86-1843-48ef-ada0-172479f1cc86,Quentin Moore,WAS,TE,17,0.0,0.0,108.239,12.733,0.0,0.0,0.0,0.0817
2026,92cb0b66-4a07-426a-87cb-4c104a63b111,J.Oliver,MIN,TE,17,0.0,0.0,108.137,12.733,0.0,0.0,0.119,0.1201
2026,e514b85a-324e-406e-880e-9c49fe37b12d,J.Noel,HOU,WR,17,0.0,0.0,108.035,12.682,0.0,0.0,0.0,0.0817
2026,46c2c147-cc97-4513-a41b-6d3e83e72539,Dillon Bell,MIN,WR,17,0.0,0.0,108.018,12.716,0.0,0.0,0.0,0.0817
2026,f20afe12-5479-4d83-974c-854445e23bb7,Dontae Fleming,MIN,WR,17,0.0,0.0,108.018,12.716,0.0,0.0,0.0,0.0817
2026,c43663c0-5111-446c-8609-4686f4abee4b,Jeshaun Jones,MIN,WR,17,0.0,0.0,108.018,12.716,0.0,0.0,0.0,0.0817
2026,e18d6a5b-7014-4793-85c5-8d59d9dcd99e,Luke Wysong,MIN,WR,17,0.0,0.0,108.018,12.716,0.0,0.0,0.0,0.0817
2026,06dc2757-bc07-4b8f-9e85-456d08c7042c,Marcus Sanders,MIN,WR,17,0.0,0.0,108.018,12.716,0.0,0.0,0.0,0.0817
2026,eed9d633-1212-4332-b996-eedec61b5fc5,Michael Briscoe,MIN,WR,17,0.0,0.0,108.018,12.716,0.0,0.0,0.0,0.0817
2026,2cd27ba2-f909-4d5a-8e7b-24b1e614e3ea,Myles Price,MIN,WR,17,0.0,0.0,108.018,12.716,0.0,0.0,0.0,0.0817
2026,5c7f52ae-e814-4dbe-b5b7-46371358d760,Terrill Davis,MIN,WR,17,0.0,0.0,108.018,12.716,0.0,0.0,0.0,0.0817
2026,b3c42d5c-2795-47aa-be3d-d9965ddcb74b,Trayvon Rudolph,MIN,WR,17,0.0,0.0,108.018,12.716,0.0,0.0,0.0,0.0817
2026,70af0305-a25f-48a2-ab83-31078c98077b,J.Watson,HOU,WR,17,0.0,0.0,107.95,12.682,0.0,0.0,0.119,0.1049
2026,9683fdca-7cc1-4f81-9702-5f4ff823e095,J.Wayne,HOU,WR,17,0.0,0.0,107.95,12.682,0.0,0.0,0.0,0.0817
2026,dfecf1de-d300-4e69-93bc-20c4513f98c0,J.Whittington,LA,WR,17,0.0,0.0,107.95,12.716,0.0,0.0,0.0,0.0817
2026,83acf780-5664-449a-b59b-85014a46c210,B.Yurosek,MIN,TE,17,0.0,0.0,107.933,12.716,0.0,0.0,0.0,0.0817
2026,01ef480d-ace6-483f-b669-3e65a56eb9b3,Bryson Nesbit,MIN,TE,17,0.0,0.0,107.933,12.716,0.0,0.0,0.0,0.0817
2026,7902e063-be70-413b-92a0-7ed450db8b6b,D.Bellinger,TEN,TE,17,0.0,0.0,107.848,12.682,0.0,0.0,0.0,0.0817
2026,71751b00-94d1-4444-9186-87d0ca911ae1,Brennan Presley,LA,WR,17,0.0,0.0,107.729,12.665,0.0,0.0,0.0,0.0817
2026,c41d2015-eef6-4405-b578-a6e4bde77263,Mario Williams,LA,WR,17,0.0,0.0,107.729,12.665,0.0,0.0,0.0,0.0817
2026,45b43deb-42ac-42dd-b8b7-cb4d1c2f65d8,Tru Edwards,LA,WR,17,0.0,0.0,107.729,12.665,0.0,0.0,0.0,0.0817
2026,504cff6d-96bf-4947-9b02-fdeca09ae23a,S.Jackson,LV,WR,17,0.0,0.0,107.712,12.682,0.0,0.0,0.0,0.0817
2026,b55901c9-42b0-4f5c-8151-069f1cc373a4,Dan Villari,LA,TE,17,0.0,0.0,107.644,12.665,0.0,0.0,0.0,0.0817
2026,802a6e31-ba99-42c3-b0dc-94b4eee5aab9,K.Mumpfield,LA,WR,17,0.0,0.0,107.644,12.665,0.0,0.0,0.0,0.0817
2026,4a587c60-e0d4-4b10-b3b9-e77813643916,Mark Redman,LA,TE,17,0.0,0.0,107.644,12.665,0.0,0.0,0.0,0.0817
2026,e76fb77d-a078-49f8-8c9a-90074b6fecc5,Rohan Jones,LA,TE,17,0.0,0.0,107.644,12.665,0.0,0.0,0.0,0.0817
2026,4338c37a-86fe-4f3d-9b1e-af899ef9146b,T.Ferguson,LA,TE,17,0.0,0.0,107.644,12.665,0.0,0.0,0.0,0.0817
2026,9e60cf13-c837-42c5-8456-c2ad9e151ff7,A.J. Henning,MIA,WR,17,0.0,0.0,107.457,12.631,0.0,0.0,0.0,0.0817
2026,6e42a645-b336-496a-8e05-158e58c470b2,Brandon Johnson,LV,WR,17,0.0,0.0,107.457,12.648,0.0,0.0,0.0,0.0817
2026,cacf2f3d-87d3-46f4-ab92-d389f80bace0,Chase Roberts,LV,WR,17,0.0,0.0,107.457,12.648,0.0,0.0,0.0,0.0817
2026,89c07a98-8d05-41b9-a7a6-8bcc03bd9fcd,Corey Rucker,LV,WR,17,0.0,0.0,107.457,12.648,0.0,0.0,0.0,0.0817
2026,97896add-3a86-4fa4-a6c9-4baf37593231,Donaven McCulley,MIA,WR,17,0.0,0.0,107.457,12.631,0.0,0.0,0.0,0.0817
2026,379e29d6-79a3-47bf-b91c-f790b2debd98,E.J. Williams,LV,WR,17,0.0,0.0,107.457,12.648,0.0,0.0,0.0,0.0817
2026,d40e00aa-1be9-40d7-993e-a133781fbff0,Jonathan Brady,LV,WR,17,0.0,0.0,107.457,12.648,0.0,0.0,0.0,0.0817
2026,ae9c14bb-de54-4cc9-8a98-0b1ab5806ae9,B.Sims,MIA,TE,17,0.0,0.0,107.372,12.631,0.0,0.0,0.0,0.0817
2026,54cbf2de-93e4-4d7f-8257-ab81bf4c3b87,Patrick Gurd,LV,TE,17,0.0,0.0,107.372,12.648,0.0,0.0,0.0,0.0817
2026,ee96a79b-a709-457f-a28b-3c704a468920,T.Atwell,MIA,WR,17,0.0,0.0,107.372,12.631,0.0,0.0,0.0,0.0817
2026,ad7e840b-2470-474e-a371-36c62befbf64,E.Saubert,SEA,TE,17,0.0,0.0,107.253,12.614,0.0,0.0,0.119,0.111
2026,bc4c48f3-1f17-4cac-946a-33c73279e5c5,Q.Skinner,NYJ,WR,17,0.0,0.0,107.236,12.631,0.0,0.0,0.102,0.0988
2026,cbf4e427-44ca-43bc-bcb0-76966109ee25,K.Latu,BUF,TE,17,0.0,0.0,107.168,12.58,0.0,0.0,0.0,0.0817
2026,50851ff2-e9f9-45ed-a73b-7efcf44b57ff,D.Martin-Robinson,TEN,TE,17,0.0,0.0,107.1,12.631,0.0,0.0,0.0,0.0817
2026,ba7a8faf-a5e9-49dd-afa4-377d5fca40b1,K.Granson,TEN,TE,17,0.0,0.0,107.1,12.597,0.0,0.0,0.0,0.0817
2026,0f1a5256-687d-472b-a8e9-91b0c24211ab,Daniel Sobkowicz,HOU,WR,17,0.0,0.0,107.032,12.597,0.0,0.0,0.0,0.0817
2026,c8e5537b-75ee-42ad-b163-8f31e61a5359,Josh Kelly,HOU,WR,17,0.0,0.0,107.032,12.597,0.0,0.0,0.0,0.0817
2026,cf7e8553-d49c-4aa8-a8ce-accb32373f87,Treyvhon Saunders,HOU,WR,17,0.0,0.0,107.032,12.597,0.0,0.0,0.0,0.0817
2026,a92f6e26-5816-4740-9c7b-48d981a464b6,Jaren Kanak,TEN,TE,17,0.0,0.0,106.964,12.58,0.0,0.0,0.0,0.0817
2026,9ac19ad8-1078-45e6-8783-41a9c961a221,Layne Pryor,HOU,TE,17,0.0,0.0,106.947,12.597,0.0,0.0,0.0,0.0817
2026,b504cb49-b05f-409a-8b5c-5f0a5493ee20,Louis Hansen,HOU,TE,17,0.0,0.0,106.947,12.597,0.0,0.0,0.0,0.0817
2026,b00bd3b2-8fb1-4c61-b575-87a93b457caf,E.Moore,PHI,WR,17,0.0,2.958,103.734,12.206,0.0,0.0,0.0,0.0817
2026,32da2a16-9174-4a40-886b-f06e972b3067,Irvin Charles,SEA,WR,17,0.0,0.0,106.692,12.529,0.0,0.0,0.0,0.0817
2026,081ca8c3-3ae3-48fd-8787-045bed99a6f5,Montorie Foster Jr,SEA,WR,17,0.0,0.0,106.692,12.529,0.0,0.0,0.0,0.0817
2026,6b350361-ac42-4eff-bf11-bcd77c84b9d6,Rashad Rochelle,SEA,WR,17,0.0,0.0,106.692,12.529,0.0,0.0,0.0,0.0817
2026,b6f9dbbd-6296-4e49-99bb-3d0335af58b3,Tyrone Broden,SEA,WR,17,0.0,0.0,106.692,12.529,0.0,0.0,0.0,0.0817
2026,8f7e57b0-b2c2-4d96-8104-2d9103591819,M.Kinsey,TEN,WR,17,0.0,0.0,106.675,12.58,0.0,0.0,0.0,0.0817
2026,1b207068-6c7e-480f-9923-06f2128115d6,E.Higgins,ARI,TE,17,0.0,0.0,106.658,12.546,0.0,0.0,0.0,0.0817
2026,6705ba1e-91f0-4d99-81fe-b1a147c65a6d,E.Arroyo,SEA,TE,17,0.0,0.0,106.59,12.529,0.0,0.0,0.0,0.0817
2026,da359930-7530-4fbe-95b3-a65e46558c10,H.Bryant,SEA,TE,17,0.0,0.0,106.59,12.529,0.0,0.0,0.0,0.0817
2026,8fd812b1-1fca-4290-9058-73dbe0177dab,Lance Mason,SEA,TE,17,0.0,0.0,106.59,12.529,0.0,0.0,0.0,0.0817
2026,0007cf4b-7ab2-42a0-a8b5-54ac02754320,T.Shavers,BUF,WR,17,0.0,0.0,106.556,12.529,0.0,0.0,0.0,0.0817
2026,8c02d24e-7199-4758-987a-72b33e6a0a5c,Cameron Dorner,NE,WR,17,0.0,0.0,106.454,12.512,0.0,0.0,0.0,0.0817
2026,e89a8475-bdde-4d8d-948e-adbc3677a93a,Jeremiah Webb,NE,WR,17,0.0,0.0,106.454,12.512,0.0,0.0,0.0,0.0817
2026,c0bf10fb-5328-4cae-bfee-f9a05cb14892,Jimmy Kibble,NE,WR,17,0.0,0.0,106.454,12.512,0.0,0.0,0.0,0.0817
2026,d077b9b2-c474-43ff-b3bf-c3d0f506e9a8,Kyle Dixon,NE,WR,17,0.0,0.0,106.454,12.512,0.0,0.0,0.0,0.0817
2026,d6ae5b86-3f4f-46ce-8ea7-fc6eea137383,Nick DeGennaro,NE,WR,17,0.0,0.0,106.454,12.512,0.0,0.0,0.0,0.0817
2026,3443d80c-f874-46d9-acfc-501b4b0ac5c3,CJ Dippre,NE,TE,17,0.0,0.0,106.369,12.512,0.0,0.0,0.0,0.0817
2026,bf7b51db-74d4-4563-aeff-8dc9157a1c69,J.Hill,NE,TE,17,0.0,0.0,106.369,12.512,0.0,0.0,0.0,0.0817
2026,8490b4f2-0ce0-429e-93d9-e5bf60f69adf,K.Williams,NE,WR,17,0.0,0.0,106.369,12.512,0.0,0.0,0.0,0.0817
2026,73dc659c-c020-4769-b4a5-b2299d194a26,Tanner Arkin,NE,TE,17,0.0,0.0,106.369,12.512,0.0,0.0,0.0,0.0817
2026,84527538-ee7c-40da-b6d8-3b098309e0a5,Gabriel Benyard,BUF,WR,17,0.0,0.0,106.216,12.478,0.0,0.0,0.0,0.0817
2026,c93051a8-d22e-4466-8f86-fbffdce0203b,Ja'Mori Maclin,BUF,WR,17,0.0,0.0,106.216,12.478,0.0,0.0,0.0,0.0817
2026,9d31f040-2a6c-4cda-8316-9ed2c2b44fad,Jalen Virgil,BUF,WR,17,0.0,0.0,106.216,12.478,0.0,0.0,0.0,0.0817
2026,727fd0cb-3ace-4859-93d9-07986a9e42fb,Mac Dalena,BUF,WR,17,0.0,0.0,106.216,12.478,0.0,0.0,0.0,0.0817
2026,42d84f79-e486-4f57-9512-c787d7cd9a21,Stephen Gosnell,BUF,WR,17,0.0,0.0,106.216,12.478,0.0,0.0,0.0,0.0817
2026,79571fda-d683-4f99-b6a8-8e3112eaf1c8,Courtney Jackson,TEN,WR,17,0.0,0.0,106.165,12.495,0.0,0.0,0.0,0.0817
2026,49fc7597-9039-4896-87a5-18f3e8436564,Hank Beatty,TEN,WR,17,0.0,0.0,106.165,12.495,0.0,0.0,0.0,0.0817
2026,e2e1a438-fe79-490a-ae64-3ab8d8b93539,Lance McCutcheon,TEN,WR,17,0.0,0.0,106.165,12.495,0.0,0.0,0.0,0.0817
2026,47ab25e5-3eea-46d5-b300-513837272292,Tyren Montgomery,TEN,WR,17,0.0,0.0,106.165,12.495,0.0,0.0,0.0,0.0817
2026,6a5aed59-0210-42bc-b4ae-ce48dcafb19d,Joel Wilson,TEN,TE,17,0.0,0.0,106.08,12.495,0.0,0.0,0.0,0.0817
2026,c9bc4d48-8b89-4565-af15-b88ab15f3a3f,Q.Morris,JAX,TE,17,0.0,0.0,106.012,12.495,0.0,0.0,0.0,0.0817
2026,6ab33105-7309-488f-a85a-1a4888c63122,H.Long,JAX,TE,17,0.0,0.0,105.978,12.461,0.0,0.0,0.119,0.1095
2026,49ad0f0d-981d-4fc4-b589-2f6ecafc1b42,J.Ruckert,NYJ,TE,17,0.0,0.0,105.927,12.461,0.0,0.0,0.0,0.0817
2026,6a1dfb48-3416-4b7a-b895-c48b9f76f5b5,Bryson Green,ARI,WR,17,0.0,0.0,105.91,12.478,0.0,0.0,0.0,0.0817
2026,96d59310-e472-42b3-9911-dc8008cda504,Harrison Wallace,ARI,WR,17,0.0,0.0,105.91,12.478,0.0,0.0,0.0,0.0817
2026,da35f0f0-d8b2-44df-8247-fd33ae3941f6,D.Duvernay,ARI,WR,17,0.0,0.0,105.825,12.478,0.0,0.0,0.0,0.0817
2026,e9bd2deb-f91e-4acf-8783-44095ff3abac,Jameson Geers,ARI,TE,17,0.0,0.0,105.825,12.478,0.0,0.0,0.0,0.0817
2026,98cc90cb-265e-4966-8759-8a66d31e14fb,Rivaldo Fairweather,ARI,TE,17,0.0,0.0,105.825,12.478,0.0,0.0,0.0,0.0817
2026,d5b26815-d0a3-4d18-9a26-297fcfbeae6a,T.Reiman,ARI,TE,17,0.0,0.0,105.825,12.478,0.0,0.0,0.0,0.0817
2026,12f8c048-b279-4f65-b939-fdbe8ede05c4,X.Weaver,ARI,WR,17,0.0,0.0,105.825,12.478,0.0,0.0,0.0,0.0817
2026,b141ab2c-c6c5-49b2-94f4-781604cbeb98,A.Trautman,DEN,TE,17,0.0,0.0,105.757,12.444,0.0,0.0,0.0,0.0817
2026,af08527f-0b2c-4e5e-bbbb-e4402dab957d,Camden Brown,DAL,WR,17,0.0,0.0,105.434,12.41,0.0,0.0,0.0,0.0817
2026,1ecc2ede-6ac6-44fe-8122-ed91539bf9d6,Jaden Smith,DAL,WR,17,0.0,0.0,105.434,12.41,0.0,0.0,0.0,0.0817
2026,ac62b37f-392f-4839-87d0-0a47f408d840,Jordan Hudson,DAL,WR,17,0.0,0.0,105.434,12.41,0.0,0.0,0.0,0.0817
2026,a191c37b-e02b-4c12-8927-284e712094df,Romello Brinson,DAL,WR,17,0.0,0.0,105.434,12.41,0.0,0.0,0.0,0.0817
2026,83cde1a4-2736-4c0b-9e80-52618bba23ba,Traeshon Holden,DAL,WR,17,0.0,0.0,105.434,12.41,0.0,0.0,0.0,0.0817
2026,f1036c2f-62b8-4f5c-8fd6-483819b1ca35,D.J. Rogers,DAL,TE,17,0.0,0.0,105.349,12.41,0.0,0.0,0.0,0.0817
2026,7df365f8-b808-4ecf-8454-fe5ccbc0e2f4,L.Schoonmaker,DAL,TE,17,0.0,0.0,105.349,12.41,0.0,0.0,0.0,0.0817
2026,8cf3f357-09ff-42f4-b40f-26654d1c5409,Michael Trigg,DAL,TE,17,0.0,0.0,105.349,12.41,0.0,0.0,0.0,0.0817
2026,5ba64754-098f-49d1-8d7e-754e1d56baa4,Princeton Fant,DAL,TE,17,0.0,0.0,105.349,12.41,0.0,0.0,0.0,0.0817
2026,7d05ed6f-f9df-44ae-b6d8-9fae7b2f7373,T.Johnson,DAL,WR,17,0.0,0.0,105.349,12.41,0.0,0.0,0.0,0.0817
2026,37c2aadf-8f1f-418f-8d08-7090eda0a76b,Caleb Lohner,DEN,TE,17,0.0,0.0,105.332,12.393,0.0,0.0,0.0,0.0817
2026,cd858ae9-22ee-4890-90c1-ff0f6f971c6a,Dallen Bentley,DEN,TE,17,0.0,0.0,105.332,12.393,0.0,0.0,0.0,0.0817
2026,6d4ad627-0c8f-4380-9545-0d937be0ca6c,M.Hardman,BUF,WR,17,0.0,0.0,105.06,12.393,0.0,0.0,0.0,0.0817
2026,9e710e29-90b4-4d04-a63f-7c559f64c3d7,Caullin Lacy,NYJ,WR,17,0.0,0.0,105.043,12.359,0.0,0.0,0.0,0.0817
2026,07b75233-425d-41fc-b592-788f5f120f2e,D.T. Sheffield,NYJ,WR,17,0.0,0.0,105.043,12.359,0.0,0.0,0.0,0.0817
2026,98335e05-b7a8-49df-9104-bcf1ca7837d8,Gee Scott Jr.,NYJ,WR,17,0.0,0.0,105.043,12.359,0.0,0.0,0.0,0.0817
2026,7b94c7b4-e0b1-4647-8ada-fef38dcf5900,Jalen Walthall,NYJ,WR,17,0.0,0.0,105.043,12.359,0.0,0.0,0.0,0.0817
2026,6f8fdbd8-101e-4c65-8cf2-cc4557f0d45f,Jamaal Pritchett,NYJ,WR,17,0.0,0.0,105.043,12.359,0.0,0.0,0.0,0.0817
2026,4d2d4f0a-e403-4561-91ef-118a8259832d,Malik McClain,NYJ,WR,17,0.0,0.0,105.043,12.359,0.0,0.0,0.0,0.0817
2026,cd745456-8358-44d0-bbc3-7c318a4b875c,Alex Bullock,JAX,WR,17,0.0,0.0,104.992,12.359,0.0,0.0,0.0,0.0817
2026,533936c3-9140-4fd1-9e15-715c16d26141,Ben Patterson,JAX,WR,17,0.0,0.0,104.992,12.359,0.0,0.0,0.0,0.0817
2026,e4e34c70-578b-4061-a4b5-adf7a85395b6,Brady Boyd,JAX,WR,17,0.0,0.0,104.992,12.359,0.0,0.0,0.0,0.0817
2026,377fa5d7-46eb-4568-ba6a-eb364d324de1,Chandler Brayboy,JAX,WR,17,0.0,0.0,104.992,12.359,0.0,0.0,0.0,0.0817
2026,e0e2456a-9886-4544-85a7-5e749bdabcaa,Michael Wortham,JAX,WR,17,0.0,0.0,104.992,12.359,0.0,0.0,0.0,0.0817
2026,8d3d0977-91a1-4526-a02d-58b7c2c95a58,Trebor Pena,JAX,WR,17,0.0,0.0,104.992,12.359,0.0,0.0,0.0,0.0817
2026,e4bc7ad2-632e-4dfd-9802-8d0acfafded8,Chase Curtis,NYJ,TE,17,0.0,0.0,104.975,12.359,0.0,0.0,0.0,0.0817
2026,0d4b90d7-5de5-47f3-a213-f10b8c403998,T.Patrick,NYJ,WR,17,0.0,0.0,104.975,12.359,0.0,0.0,0.102,0.0972
2026,33dd338f-5de8-4760-8d4d-007f071cad8c,A.Trammell,JAX,WR,17,0.0,0.0,104.907,12.359,0.0,0.0,0.0,0.0817
2026,2ec90d0a-965d-444d-b48c-2567c3ed9c99,Ethan Conner,JAX,TE,17,0.0,0.0,104.907,12.359,0.0,0.0,0.0,0.0817
2026,fbda872a-3bbf-4e35-856d-bc0af5233cf1,Patrick Herbert,JAX,TE,17,0.0,0.0,104.907,12.359,0.0,0.0,0.0,0.0817
2026,da99bf06-ca0e-47c2-9e71-2b4ecf7efefe,D.Cooper,PHI,WR,17,0.0,0.0,104.703,12.308,0.0,0.0,0.0,0.0817
2026,9ab3bd93-7b71-44ff-a6f5-4dda9a1cb856,Cam Ross,DEN,WR,17,0.0,0.0,104.55,12.308,0.0,0.0,0.0,0.0817
2026,ea5e086b-4d99-4a60-b00c-502435f238e6,Dane Key,DEN,WR,17,0.0,0.0,104.55,12.308,0.0,0.0,0.0,0.0817
2026,95f7e2da-4c9d-46a0-8232-3e47604d9e45,Joseph Manjack,DEN,WR,17,0.0,0.0,104.55,12.308,0.0,0.0,0.0,0.0817
2026,48f694e4-6a35-4478-b64f-81637f342808,Kolbe Katsis,DEN,WR,17,0.0,0.0,104.55,12.308,0.0,0.0,0.0,0.0817
2026,0c1eb22d-c9fb-4c06-958e-93869891014d,L.Krull,DEN,TE,17,0.0,0.0,104.465,12.308,0.0,0.0,0.0,0.0817
2026,ce124a9f-0d72-4e5f-89b6-3817ee5f738e,N.Adkins,DEN,TE,17,0.0,0.0,104.465,12.308,0.0,0.0,0.0,0.0817
2026,fa295f18-8726-4e3e-9099-ee539b2aef71,J.Woods,NYJ,TE,17,0.0,0.0,104.023,12.274,0.0,0.0,0.0,0.0817
2026,6514eb88-8975-465b-8d25-87b6940cec09,Dae'Quan Wright,PHI,TE,17,0.0,0.0,103.53,12.206,0.0,0.0,0.0,0.0817
2026,ae44f978-1c8c-4312-8f87-ce16186b0da5,E.J. Jenkins,PHI,TE,17,0.0,0.0,103.53,12.206,0.0,0.0,0.0,0.0817
2026,8735f01e-d001-4390-9408-f3de8989eca3,G.Calcaterra,PHI,TE,17,0.0,0.0,103.53,12.206,0.0,0.0,0.0,0.0817
2026,0c3ec903-9025-436a-9ef3-d9eee09e93fb,J.Mundt,PHI,TE,17,0.0,0.0,103.53,12.206,0.0,0.0,0.0,0.0817
2026,9a686418-c8f9-4ecd-a593-e150891ff0b9,Wesley Grimes,SF,WR,17,0.0,0.0,102.493,12.087,0.0,0.0,0.0,0.0817
2026,648c5e30-99ac-49de-b8e0-7bd0523d82f6,Will Pauling,SF,WR,17,0.0,0.0,102.493,12.087,0.0,0.0,0.0,0.0817
2026,010620d9-d1a2-47d2-bda1-92742eb9f9b1,Hayden Rucci,SF,TE,17,0.0,0.0,102.425,12.087,0.0,0.0,0.0,0.0817
2026,30df6512-b05d-4c82-b607-addaf578f91b,J.Watkins,SF,WR,17,0.0,0.0,102.425,12.087,0.0,0.0,0.0,0.0817
2026,b6fad2c8-a530-4555-a5c5-f7c8cb9eb887,Khalil Dinkins,SF,TE,17,0.0,0.0,102.425,12.087,0.0,0.0,0.0,0.0817
2026,d379e74d-8a48-4767-b405-a32b09db1b28,L.Farrell,SF,TE,17,0.0,0.0,102.425,12.087,0.0,0.0,0.0,0.0817
2026,3f1d34f9-68b3-4b58-acce-e0e242578e42,M.Matavao,NO,TE,17,0.0,0.0,102.204,12.036,0.0,0.0,0.0,0.0817
2026,8b3d9907-a163-46f9-b7ed-32e923cad171,Brock Rechsteiner,NO,WR,17,0.0,0.0,101.541,11.968,0.0,0.0,0.0,0.0817
2026,8c2975fc-d2ba-4dff-8424-aec492581673,Damien Alford,NO,WR,17,0.0,0.0,101.541,11.968,0.0,0.0,0.0,0.0817
2026,99ffbdb1-642e-4208-91f4-87573fcade9b,Cody Hardy,NO,TE,17,0.0,0.0,101.456,11.968,0.0,0.0,0.0,0.0817
2026,42cd1491-9eb8-4ad8-a89a-2de093c366af,Treyton Welch,NO,TE,17,0.0,0.0,101.456,11.968,0.0,0.0,0.0,0.0817
2026,c3f3ffa5-6e1f-493d-a217-88ae9097b4a8,Thomas Fidone II,NYG,TE,17,0.0,0.0,101.235,11.917,0.0,0.0,0.0,0.0817
2026,13dec05d-aede-43f0-82b4-9ce63462cf7b,Dalen Cambre,NYG,WR,17,0.0,0.0,100.538,11.849,0.0,0.0,0.0,0.0817
2026,04dda3a3-e83b-4eea-8501-cf828118da40,B.Collins,NYG,WR,17,0.0,0.0,100.47,11.849,0.0,0.0,0.0,0.0817
2026,ec44d32f-0e18-4e07-8eef-dd06b0ff518d,T.Conner,NYG,TE,17,0.0,0.0,100.47,11.849,0.0,0.0,0.0,0.0817
2026,8d74f600-50f8-4f4b-a268-1bc959cc4edd,S.Williams,GB,WR,17,0.0,2.533,95.438,11.254,0.0,0.0,0.0,0.0817
2026,f3dfcb32-2500-4f7d-8e4a-0b276a390d97,M.Corley,CLE,WR,17,0.0,2.533,95.064,11.22,0.0,0.0,0.0,0.0817
2026,54bdcf09-df3b-4101-80b8-bfe0baa1c262,W.Mallory,IND,TE,17,0.0,0.0,97.223,11.492,0.0,0.0,0.0,0.0817
2026,720b8fa0-9650-4034-90bc-a1917b855f01,D.Kinnard,GB,OL,17,0.0,0.0,97.155,11.475,0.0,0.0,0.0,0.0817
2026,c11cc7b3-6b0b-4a40-b6df-d3148f8c2825,B.Skowronek,PIT,WR,17,0.0,0.0,96.849,11.441,0.0,0.0,0.0,0.0817
2026,8d970914-b1a3-4c6d-b937-7eee8bdff2e9,J.Wiley,KC,TE,17,0.0,0.0,96.832,11.458,0.0,0.0,0.0,0.0817
2026,351f4340-a52d-4dfb-bc1e-44e1225ee072,C.Ford,CIN,OL,17,0.0,0.0,96.747,11.441,0.0,0.0,0.0,0.0817
2026,451354cb-0431-4f14-85ae-b71e7cd011a1,R.Tonyan,PIT,TE,17,0.0,0.0,96.39,11.39,0.0,0.0,0.0,0.0817
2026,44f65d6b-bdcb-44b2-9a5e-523f3db5a5f0,S.Anderson,PIT,OL,17,0.0,0.0,96.39,11.39,0.0,0.0,0.0,0.0817
2026,9f1f3b9a-a763-4065-b10e-531b14d8f223,Ja.Jones,WAS,WR,17,0.0,0.0,96.169,11.356,0.0,0.0,0.0,0.0817
2026,ae41f3bb-9647-4e9d-b4eb-83dd26743b2f,D.Culp,TB,TE,17,0.0,0.0,96.135,11.373,0.0,0.0,0.119,0.1156
2026,f7fe4646-ad5e-47d1-a4d7-fc305dd90167,T.Wirfs,TB,OL,17,0.0,0.0,96.135,11.373,0.0,0.0,0.119,0.1156
2026,8bb9ab35-3c9e-4959-bb6a-35b56a8192e9,J.Mitchell,CAR,TE,17,0.0,0.0,96.084,11.356,0.0,0.0,0.0,0.0817
2026,6f5a73e0-41fa-40ec-aa08-ce3f64fad723,C.Kolar,LAC,TE,17,0.0,0.0,96.05,11.356,0.0,0.0,0.0,0.0817
2026,1a3a78db-f384-4fdd-b93c-ba5c57d9c84a,A.Dulin,IND,WR,17,0.0,0.0,95.659,11.288,0.0,0.0,0.0,0.0817
2026,79f29763-a125-4a22-81e1-644de71db7cd,B.Bates,CLE,TE,17,0.0,0.0,95.506,11.288,0.0,0.0,0.0,0.0817
2026,c96a014c-7133-478e-a6dd-12e7f16c195b,A.Gould,IND,WR,17,0.0,0.0,95.268,11.254,0.0,0.0,0.0,0.0817
2026,347e102e-5af8-471f-a451-d916b09ab96c,J.Whyle,GB,TE,17,0.0,0.0,95.234,11.254,0.0,0.0,0.0,0.0817
2026,8939043d-a2ad-4709-9405-058ec7953a0f,B.Oliver,TEN,WR,17,0.0,0.0,94.979,11.237,0.0,0.0,0.0,0.0817
2026,70aaeedf-0d14-40cf-9c67-7f872d887dcc,J.Simmons,TEN,DL,17,0.0,0.0,94.979,11.237,0.0,0.0,0.136,0.1231
2026,0d5bf47b-72d7-40a0-99f0-811112986e77,C.Grandy,CIN,TE,17,0.0,0.0,94.826,11.22,0.0,0.0,0.0,0.0817
2026,9549fdf0-455b-4e22-98ae-4df76cb3cb2b,J.Stoll,CLE,TE,17,0.0,0.0,94.69,11.203,0.0,0.0,0.0,0.0817
2026,adb9f484-c700-4ebd-bc00-daf4daed3f65,T.Wallace,CLE,WR,17,0.0,0.0,94.69,11.203,0.0,0.0,0.0,0.0817
2026,5e766c57-ffa4-4526-84a6-a1a1f1c172e8,C.Yankoff,WAS,TE,17,0.0,0.0,94.673,11.186,0.0,0.0,0.0,0.0817
2026,1812ee0d-0029-49bc-8676-626a59248831,D.Davis,LAC,WR,17,0.0,0.0,94.656,11.22,0.0,0.0,0.0,0.0817
2026,a43e7d8b-3a4c-4082-b4e3-c2e765483bbb,T.Penning,LAC,OL,17,0.0,0.0,94.656,11.22,0.0,0.0,0.102,0.0988
2026,f733b01b-0016-4033-847c-4bfee3b0d450,C.White,SEA,WR,17,0.0,0.0,94.571,11.169,0.0,0.0,0.0,0.0817
2026,d6ce8d4c-60a3-46be-a6b1-704a8044fe57,E.Chism,NE,WR,17,0.0,0.0,94.554,11.169,0.0,0.0,0.0,0.0817
2026,6e757178-0d20-49cf-a88a-c4b47817ff31,S.Moore,GB,WR,17,0.0,0.0,94.503,11.186,0.0,0.0,0.0,0.0817
2026,831a0d8d-2d07-4b29-a029-5956f434d445,T.Felton,MIN,WR,17,0.0,0.0,94.469,11.169,0.0,0.0,0.0,0.0817
2026,b8a66033-9726-4a5c-b7bf-c10e0dc2ea52,M.Moore,NYJ,DB,17,0.0,0.0,94.435,11.169,0.0,0.0,0.0,0.0817
2026,debfc6ae-9544-4137-9f3c-41bc2d7a63e2,T.Jones,JAX,WR,17,0.0,0.0,94.401,11.169,0.0,0.0,0.0,0.0817
2026,c6d8d2bd-0280-4607-8d52-54f84bf7437f,K.Johnson,TB,WR,17,0.0,0.0,94.282,11.135,0.0,0.0,0.0,0.0817
2026,a56be6f4-3ccb-4bcd-ac27-e4b3f1e64dc8,B.Raimann,IND,OL,17,0.0,0.0,94.265,11.169,0.0,0.0,0.102,0.0926
2026,a96a3236-df45-415d-930b-b8bbed7352e7,C.Owen,IND,WR,17,0.0,0.0,94.265,11.169,0.0,0.0,0.0,0.0817
2026,36467445-940d-4b35-97ab-edf17a674fff,D.Young,LV,WR,17,0.0,0.0,94.163,11.135,0.0,0.0,0.0,0.0817
2026,d1f613f3-38fe-4469-aeda-f86839bf9e99,F.Crum,DEN,OL,17,0.0,0.0,94.163,11.152,0.0,0.0,0.085,0.0817
2026,a9459192-652d-45dc-88f6-5c3d5d23f12e,M.Bandy,DEN,WR,17,0.0,0.0,94.163,11.152,0.0,0.0,0.0,0.0817
2026,1fb79462-cc14-4648-8f2a-6322e2a3a0d6,J.Matthews,ATL,OL,17,0.0,0.0,94.146,11.152,0.0,0.0,0.119,0.1126
2026,5a7670a6-35d4-43bb-a12b-9b1580498b35,J.Hawes,BUF,TE,17,0.0,0.0,94.095,11.118,0.0,0.0,0.0,0.0817
2026,4743942f-ce55-45d2-94a2-2a80877bbf90,C.Jones,CIN,WR,17,0.0,0.0,94.01,11.135,0.0,0.0,0.0,0.0817
2026,5e3a0956-5a2e-4aa6-bfdc-d3cf8f4ce3c2,J.Brownlee,KC,WR,17,0.0,0.0,94.01,11.135,0.0,0.0,0.102,0.0988
2026,fd1c9066-b003-40c0-ac6f-6c8cab52d183,B.Whiteheart,CLE,TE,17,0.0,0.0,93.772,11.101,0.0,0.0,0.0,0.0817
2026,1c6fef89-c24b-47e0-abb8-a2e86f461dfa,L.Wypler,CLE,OL,17,0.0,0.0,93.772,11.101,0.0,0.0,0.102,0.0926
2026,3857b399-5103-4bac-8e6f-abc1fbc21c3b,T.Benedet,CHI,OL,17,0.0,0.0,93.755,11.101,0.0,0.0,0.0,0.0817
2026,3226bb94-fe96-4493-a4ab-dde33ae3d73c,C.Runyon,LV,TE,17,0.0,0.0,93.738,11.084,0.0,0.0,0.0,0.0817
2026,b63fdf70-1305-4f5c-9a69-0521e037cafc,J.Bobo,SEA,WR,17,0.0,0.0,93.653,11.067,0.0,0.0,0.0,0.0817
2026,2e81bc65-e42c-4ef5-a59e-e22633ad1100,F.Moreau,HOU,TE,17,0.0,0.0,93.551,11.067,0.0,0.0,0.0,0.0817
2026,81d627df-5832-4cbb-aba3-726d68c6fc3d,P.Durham,TB,TE,17,0.0,0.0,93.296,11.05,0.0,0.0,0.0,0.0817
2026,63d00957-9692-4b74-a2a1-8e12c3869a88,T.Sherfield,BUF,WR,17,0.0,0.0,93.16,11.016,0.0,0.0,0.0,0.0817
2026,237d3676-845c-4673-a697-e3100108cb0b,B.Spann-Ford,DAL,TE,17,0.0,0.0,92.735,10.965,0.0,0.0,0.0,0.0817
2026,fa3a3931-e2a2-4cd4-8c08-c75bfc1098c0,A.Smith,NYJ,WR,17,0.0,0.0,92.633,10.948,0.0,0.0,0.0,0.0817
2026,e80a6410-8da7-42e6-a410-a9eec7de37ca,N.Kallerup,SEA,TE,17,0.0,0.0,92.429,10.948,0.0,0.0,0.102,0.0972
2026,9ccfb4de-aeab-45fa-8e80-3ab0f0811d1f,J.Mingo,DAL,WR,17,0.0,0.0,92.004,10.897,0.0,0.0,0.0,0.0817
2026,43cc4877-ed92-4575-8383-41835f239ca0,G.Bolles,DEN,OL,17,0.0,0.0,91.613,10.846,0.0,0.0,0.068,0.0817
2026,74de3b3f-14d0-48e0-9213-2d443e3aa2b2,C.Colby,SF,OL,17,0.0,0.0,91.273,10.812,0.0,0.0,0.0,0.0817
2026,77e7e669-8692-4170-bf99-1bdbcce99455,Z.Mitchell-Paden,NO,TE,17,0.0,0.0,90.78,10.744,0.0,0.0,0.0,0.0817
2026,f3337878-a66f-4fc4-a338-fe31450161ff,B.Willis,SF,TE,17,0.0,0.0,90.661,10.744,0.0,0.0,0.0,0.0817
2026,90512c81-b774-4f19-89bb-556666504a86,M.Turner,SF,WR,17,0.0,0.0,90.661,10.744,0.0,0.0,0.0,0.0817
2026,ecb77812-97e6-496e-8996-54691e841001,X.Gipson,NYG,WR,17,0.0,0.0,90.287,10.693,0.0,0.0,0.0,0.0817
2026,9a76859b-6062-4c9f-9c62-9bfe7bea924a,C.Manhertz,NYG,TE,17,0.0,0.0,89.709,10.625,0.0,0.0,0.0,0.0817
2026,bf490a90-cd1a-409d-850c-5d87185d3d3a,R.Miller,NYG,WR,17,0.0,0.0,89.709,10.625,0.0,0.0,0.0,0.0817
2026,30c6da1b-b804-40b1-b3fe-df3955e57eff,F.Franks,CAR,TE,17,0.0,3.604,81.634,9.673,0.0,0.0,0.0,0.0817
2026,41db186c-a8d8-47f4-9ed9-26b3f62f1e24,B.Aubrey,DAL,K,17,0.0,2.669,81.634,9.673,0.0,0.0,0.0,0.0817
2026,a79707d2-2448-4350-ace2-f5fb0c48cdfe,R.Thomas,SEA,DB,17,0.0,2.533,81.634,9.673,0.0,0.0,0.0,0.0817
2026,c3cd242e-0ded-4370-b254-f6582de39903,Co.Heyward,LV,TE,17,0.0,3.553,80.495,9.537,0.0,0.0,0.102,0.0942
2026,c6c8cf26-e51f-45d4-8ab8-505690ae925b,I.Pola-Mao,LV,DB,17,0.0,3.536,80.087,9.486,0.0,0.0,0.0,0.0817
2026,52a2bfe6-799a-4eb2-8e15-d087d2093009,M.Cunningham,DET,WR,17,0.0,3.451,80.087,9.486,0.0,0.0,0.0,0.0817
2026,a12ab3ba-14d5-479e-9172-6fceec761f92,K.Williams,CIN,WR,17,0.0,2.958,80.359,9.52,0.0,0.0,0.0,0.0817
2026,b575f10f-9b8e-47d8-a202-f9f3b58d9b44,B.Mann,PHI,P,17,0.0,2.941,80.087,9.486,0.0,0.0,0.0,0.0817
2026,4937c4af-62f6-4d19-81c0-5bb7eb7d7176,G.Stuard,LA,LB,17,0.0,2.89,80.087,9.486,0.0,0.0,0.0,0.0817
2026,1bc93578-d45e-41c1-ac29-61cb5d7b352c,A.McNamara,NYJ,P,17,0.0,0.0,81.634,9.673,0.0,0.0,0.0,0.0817
2026,c42b7cc2-555b-42d9-8f86-e0aebda9aa61,N.Remigio,KC,WR,17,0.0,0.0,81.634,9.673,0.0,0.0,0.0,0.0817
2026,3a1a8a34-5de1-48d3-b312-ce575474dd0d,R.Sanchez,IND,P,17,0.0,0.0,81.634,9.673,0.0,0.0,0.0,0.0817
2026,1de845a1-364f-4144-af8c-24798e6f0697,A'Shawn Robinson,TB,DL,17,0.0,0.0,80.087,9.486,0.0,0.0,0.0,0.0817
2026,bc72d0be-f31f-4224-894c-cecb67d74c63,A.J. Arcuri,LA,OL,17,0.0,0.0,80.087,9.486,0.0,0.0,0.0,0.0817
2026,8efb0b84-5ee9-4135-af5b-fb40e9900d99,A.J. Green,MIA,DB,17,0.0,0.0,80.087,9.486,0.0,0.0,0.0,0.0817
2026,5598bdc6-bf73-4a17-804c-28bb45a96bf9,A.J. Haulcy,IND,DB,17,0.0,0.0,80.087,9.486,0.0,0.0,0.0,0.0817
2026,884a0712-06a6-4518-9f23-b5a712873989,A.J. Terrell,ATL,DB,17,0.0,0.0,80.087,9.486,0.0,0.0,0.0,0.0817
2026,ffb0f0b0-dafb-46da-9d64-21dd7d409573,A.J. Woods,ATL,DB,17,0.0,0.0,80.087,9.486,0.0,0.0,0.0,0.0817
2026,61533b97-d09f-4093-9414-2ef37023aa76,AJ Cole,LV,P,17,0.0,0.0,80.087,9.486,0.0,0.0,0.0,0.0817
2026,785257df-4b74-4013-b955-6fc8cf42f5d8,AJ Finley,SEA,DB,17,0.0,0.0,80.087,9.486,0.0,0.0,0.0,0.0817
2026,0111ccd1-1239-4883-a244-8526e2487b33,Aamaris Brown,DET,DB,17,0.0,0.0,80.087,9.486,0.0,0.0,0.0,0.0817
2026,594a7ad9-d7a3-4379-bc5c-af399c0c2ce0,Aamil Wagner,TEN,OL,17,0.0,0.0,80.087,9.486,0.0,0.0,0.0,0.0817
2026,20698718-b105-4eab-9202-7f9b503297d9,Aaron Banks,GB,OL,17,0.0,0.0,80.087,9.486,0.0,0.0,0.0,0.0817
2026,5736e22e-bfdd-480d-83cc-41c94cbc718c,Aaron Brewer,MIA,OL,17,0.0,0.0,80.087,9.486,0.0,0.0,0.0,0.0817
2026,5cc4abb4-e70e-41be-8206-c8b902b2516c,Aaron Graves,BAL,DL,17,0.0,0.0,80.087,9.486,0.0,0.0,0.0,0.0817
2026,2b62c206-108c-4053-9b8f-c8f46c1abf13,Aaron Hall,CAR,DL,17,0.0,0.0,80.087,9.486,0.0,0.0,0.0,0.0817
2026,978f1c7f-644b-4e3f-8ef8-ecbd78af5aff,Aaron Stinnie,NYG,OL,17,0.0,0.0,80.087,9.486,0.0,0.0,0.0,0.0817
2026,2fd38ffe-e774-4e04-be6d-6f4371ebfc6a,Abdul Carter,NYG,LB,17,0.0,0.0,80.087,9.486,0.0,0.0,0.0,0.0817
2026,7e0cb107-153e-4082-ae75-4747e58f9e1c,Abraham Lucas,SEA,OL,17,0.0,0.0,80.087,9.486,0.0,0.0,0.0,0.0817
2026,bc234801-9f99-4c88-bcf3-66805fda2bdf,Adam Butler,LV,DL,17,0.0,0.0,80.087,9.486,0.0,0.0,0.0,0.0817
2026,bbf75d4b-8112-4c48-a1e5-42f1b499707c,Adedayo Odeleye,DAL,DL,17,0.0,0.0,80.087,9.486,0.0,0.0,0.0,0.0817
2026,263761d9-bdcb-4fef-a159-aab988a0d57a,Adetomiwa Adebawore,IND,DL,17,0.0,0.0,80.087,9.486,0.0,0.0,0.0,0.0817
2026,f73eed22-4d5d-49bb-b856-e4da3190f051,Adin Huntington,CLE,DL,17,0.0,0.0,80.087,9.486,0.0,0.0,0.0,0.0817
2026,db999748-fb7f-4b2d-9ba8-38cf4825cc04,Adisa Isaac,BAL,LB,17,0.0,0.0,80.087,9.486,0.0,0.0,0.0,0.0817
2026,54edb840-7c47-4535-8aea-801958b67a77,Aeneas Peebles,BAL,DL,17,0.0,0.0,80.087,9.486,0.0,0.0,0.0,0.0817
2026,e9bed9c8-7ebc-4309-ae39-1057ff4035f9,Ahkello Witherspoon,WAS,DB,17,0.0,0.0,80.087,9.486,0.0,0.0,0.0,0.0817
2026,e34dd441-1b40-495b-a869-4a6b5287471e,Ahmari Harvey,DEN,DB,17,0.0,0.0,80.087,9.486,0.0,0.0,0.0,0.0817
2026,d64106ce-eb8c-4170-8e04-64a5edfc3e49,Ahmed Hassanein,DET,DL,17,0.0,0.0,80.087,9.486,0.0,0.0,0.0,0.0817
2026,226ab5c6-2343-4fa9-97e9-0cf3f48240aa,Aidan Hubbard,SEA,DL,17,0.0,0.0,80.087,9.486,0.0,0.0,0.0,0.0817
2026,3b36cf8a-1aa1-4445-8177-254c0366e7c3,Aidan Hutchinson,DET,DL,17,0.0,0.0,80.087,9.486,0.0,0.0,0.0,0.0817
2026,b5954912-9ee7-49ff-9f62-74b8098db371,Aidan Keanaaina,DET,DL,17,0.0,0.0,80.087,9.486,0.0,0.0,0.0,0.0817
2026,51e17f5e-6408-47e0-b724-09676a5d9707,Aidan Laros,PIT,P,17,0.0,0.0,80.087,9.486,0.0,0.0,0.0,0.0817
2026,88e4b5fe-1b10-4b23-a570-a42b7e5d6be7,Aiden Fisher,HOU,LB,17,0.0,0.0,80.087,9.486,0.0,0.0,0.0,0.0817
2026,2678cd22-4f69-41be-b831-3187c7d5e00b,Aiden Williams,PIT,OL,17,0.0,0.0,80.087,9.486,0.0,0.0,0.0,0.0817
2026,e27aaee3-d094-4a4b-a3ac-83cb175b544c,Aireontae Ersery,HOU,OL,17,0.0,0.0,80.087,9.486,0.0,0.0,0.0,0.0817
2026,b068b366-18dd-4bed-a5da-913379790476,Ajani Carter,HOU,DB,17,0.0,0.0,80.087,9.486,0.0,0.0,0.0,0.0817
2026,2c4aaaa2-06cc-4215-af6e-0d6059d77bc7,Ajani Cornelius,DAL,OL,17,0.0,0.0,80.087,9.486,0.0,0.0,0.0,0.0817
2026,3556f651-cc3a-4376-819b-372836d49cf0,Akayleb Evans,CAR,DB,17,0.0,0.0,80.087,9.486,0.0,0.0,0.0,0.0817
2026,a526b5ba-0b4b-4d57-a91b-57c473906152,Akeem Davis-Gaither,IND,LB,17,0.0,0.0,80.087,9.486,0.0,0.0,0.0,0.0817
2026,a6c90570-6d00-4f26-966d-e3d28a6e2e5b,Akheem Mesidor,LAC,LB,17,0.0,0.0,80.087,9.486,0.0,0.0,0.0,0.0817
2026,cf433251-c6f0-4d37-ab80-15e72888f5be,Al'zillion Hamilton,LA,DB,17,0.0,0.0,80.087,9.486,0.0,0.0,0.0,0.0817
2026,eb6b8fcb-9b62-4e4b-b333-4e4e2045bdbf,Al-Quadin Muhammad,TB,DL,17,0.0,0.0,80.087,9.486,0.0,0.0,0.0,0.0817
2026,b0d8001c-a9e3-4291-ba4f-7afc5e5496e1,Alan Herron,NO,OL,17,0.0,0.0,80.087,9.486,0.0,0.0,0.0,0.0817
2026,c0d447dc-972c-46bc-9650-97fb12558986,Alaric Jackson,LA,OL,17,0.0,0.0,80.087,9.486,0.0,0.0,0.0,0.0817
2026,7ad5078f-149b-4fdc-95cc-f359339dd460,Albert Reese,CAR,OL,17,0.0,0.0,80.087,9.486,0.0,0.0,0.0,0.0817
2026,fbe465a4-c093-4aa4-b8e4-cf29d5a79af5,Albert Regis,JAX,DL,17,0.0,0.0,80.087,9.486,0.0,0.0,0.0,0.0817
2026,d752eef3-2b89-4c72-9909-97c565529f46,Ale Kaho,WAS,LB,17,0.0,0.0,80.087,9.486,0.0,0.0,0.0,0.0817
2026,5f33fb2d-edbc-4f70-a352-14b4bac88550,Alec Anderson,BUF,OL,17,0.0,0.0,80.087,9.486,0.0,0.0,0.0,0.0817
2026,7b8bc647-aa82-4ec0-9c5b-688bd1b96709,Alex Anzalone,TB,LB,17,0.0,0.0,80.087,9.486,0.0,0.0,0.0,0.0817
2026,f2a26174-18bf-4fba-b205-f47a67f06016,Alex Austin,MIA,DB,17,0.0,0.0,80.087,9.486,0.0,0.0,0.0,0.0817
2026,326af257-c0cf-4110-8af4-627dede53a87,Alex Forsyth,DEN,OL,17,0.0,0.0,80.087,9.486,0.0,0.0,0.0,0.0817
2026,4a008063-54ec-4e60-beec-672931812b82,Alex Harkey,LAC,OL,17,0.0,0.0,80.087,9.486,0.0,0.0,0.0,0.0817
2026,35c5188d-986d-4463-8cf4-f4eb90b20148,Alex Highsmith,PIT,LB,17,0.0,0.0,80.087,9.486,0.0,0.0,0.0,0.0817
2026,b28e7883-7437-4e9c-a314-13d5031a8bc3,Alex Huntley,MIA,DL,17,0.0,0.0,80.087,9.486,0.0,0.0,0.0,0.0817
2026,d65f0410-0f19-4277-9b94-a1a390164f5f,Alex Johnson,LA,DB,17,0.0,0.0,80.087,9.486,0.0,0.0,0.0,0.0817
2026,669a76e5-7059-43c4-b181-52a8e6280873,Alex Palczewski,DEN,OL,17,0.0,0.0,80.087,9.486,0.0,0.0,0.0,0.0817
2026,4b03d676-6b66-4728-b673-3f1041e703d3,Alex Singleton,DEN,LB,17,0.0,0.0,80.087,9.486,0.0,0.0,0.0,0.0817
2026,594b2a25-663f-4ff1-9de3-891965a6c54e,Alex Ward,LV,LS,17,0.0,0.0,80.087,9.486,0.0,0.0,0.0,0.0817
2026,0867bad2-f285-4d3f-bfb5-c1a7869855db,Alex Wollschlaeger,NO,OL,17,0.0,0.0,80.087,9.486,0.0,0.0,0.0,0.0817
2026,82158aaa-fd3d-4f0b-9a8e-ffd6c9a59996,Alex Wright,CLE,DL,17,0.0,0.0,80.087,9.486,0.0,0.0,0.0,0.0817
2026,97008f34-6be7-4f78-bbdd-088408a3f025,Alfred Collins,SF,DL,17,0.0,0.0,80.087,9.486,0.0,0.0,0.0,0.0817
2026,f09d1b8e-4f85-4992-bd1c-0bd43031e2dd,Ali Gaye,HOU,LB,17,0.0,0.0,80.087,9.486,0.0,0.0,0.0,0.0817
2026,fa99bf6c-4ea4-4fa9-a559-cbd5576db5c2,Alijah Clark,DAL,DB,17,0.0,0.0,80.087,9.486,0.0,0.0,0.0,0.0817
2026,c2f4b688-8934-4930-8ac1-be24823a8ed6,Alijah Huzzie,HOU,DB,17,0.0,0.0,80.087,9.486,0.0,0.0,0.0,0.0817
2026,9b0f9661-3d70-4948-9f68-036ee2c47b95,Alijah Vera-Tucker,NE,OL,17,0.0,0.0,80.087,9.486,0.0,0.0,0.0,0.0817
2026,38f4103c-b300-4251-82c8-05b28d4df11e,Alim McNeill,DET,DL,17,0.0,0.0,80.087,9.486,0.0,0.0,0.0,0.0817
2026,63ee7248-6197-4b9a-b471-6a811086726b,Alohi Gilman,KC,DB,17,0.0,0.0,80.087,9.486,0.0,0.0,0.0,0.0817
2026,3cb9107a-cd60-4844-9528-b206f9b23828,Alontae Taylor,TEN,DB,17,0.0,0.0,80.087,9.486,0.0,0.0,0.0,0.0817
2026,8df488c5-d8fd-45e3-9555-304cf516e018,Amani Hooker,TEN,DB,17,0.0,0.0,80.087,9.486,0.0,0.0,0.0,0.0817
2026,268baf3a-e7cf-46ee-aba2-088c59c8dbb5,Amani Oruwariye,BAL,DB,17,0.0,0.0,80.087,9.486,0.0,0.0,0.0,0.0817
2026,8c5a060a-4f3a-4778-8987-aa0b36c52115,Amari Gainer,NE,LB,17,0.0,0.0,80.087,9.486,0.0,0.0,0.0,0.0817
2026,ef1f0a28-f57f-4fbe-92fd-e2a3d4c4a4a9,Amari Kight,SEA,OL,17,0.0,0.0,80.087,9.486,0.0,0.0,0.0,0.0817
2026,3688c9f1-7147-4784-9f6c-803ae4ad7b9e,Amari McNeill,KC,DL,17,0.0,0.0,80.087,9.486,0.0,0.0,0.0,0.0817
2026,51e42fe8-fbc5-479e-88fd-c587ce1da4d6,Amarius Mims,CIN,OL,17,0.0,0.0,80.087,9.486,0.0,0.0,0.0,0.0817
2026,d6ec6c5a-6c45-45f3-8f70-4afe31c27d69,Ambry Thomas,PHI,DB,17,0.0,0.0,80.087,9.486,0.0,0.0,0.0,0.0817
2026,a4ea48a1-510b-41bf-b278-c151980816c7,Amik Robertson,WAS,DB,17,0.0,0.0,80.087,9.486,0.0,0.0,0.0,0.0817
2026,ebbc2cdc-8340-45fc-b1dd-dc54cf2d79fe,Andre Carter II,WAS,LB,17,0.0,0.0,80.087,9.486,0.0,0.0,0.0,0.0817
2026,c5420b5d-196b-4931-a96e-284d90e7c5db,Andre Cisco,NYJ,DB,17,0.0,0.0,80.087,9.486,0.0,0.0,0.0,0.0817
2026,8d0d2726-e321-4cc0-8249-519dd8ffd457,Andre Fuller,SEA,DB,17,0.0,0.0,80.087,9.486,0.0,0.0,0.0,0.0817
2026,135eb698-786e-4ffe-8d0f-b492517507e5,Andre Jones Jr.,BUF,DL,17,0.0,0.0,80.087,9.486,0.0,0.0,0.0,0.0817
2026,9af00951-b353-4a30-b94c-25910b6a770d,Andre Szmyt,CLE,K,17,0.0,0.0,80.087,9.486,0.0,0.0,0.0,0.0817
2026,51baa089-e0f7-44a1-98a9-2fc8b4ce198e,Andre' Sam,PHI,DB,17,0.0,0.0,80.087,9.486,0.0,0.0,0.0,0.0817
2026,15ba2820-6120-4c98-8e8a-65e691209fe8,Andrew Billings,ARI,DL,17,0.0,0.0,80.087,9.486,0.0,0.0,0.0,0.0817
2026,2d874a01-3804-4ddf-a2e2-0fa91de7ce6b,Andrew Coker,CIN,OL,17,0.0,0.0,80.087,9.486,0.0,0.0,0.0,0.0817
2026,8c1129e9-54b2-4a59-942a-b67218cf23fc,Andrew DePaola,MIN,LS,17,0.0,0.0,80.087,9.486,0.0,0.0,0.0,0.0817
2026,3e5eb8a7-8ea0-4ad1-a630-cb8dd1310c7d,Andrew Farmer,SF,LB,17,0.0,0.0,80.087,9.486,0.0,0.0,0.0,0.0817
2026,172e8f23-658e-46ed-be6d-1ee15161e79d,Andrew Meyer,MIA,OL,17,0.0,0.0,80.087,9.486,0.0,0.0,0.0,0.0817
2026,5fe3f526-e988-43d3-98dd-4a6391cd56a7,Andrew Mukuba,PHI,DB,17,0.0,0.0,80.087,9.486,0.0,0.0,0.0,0.0817
2026,13909bf5-5f1d-453e-b0b5-8df493357d99,Andrew Rupcich,NE,OL,17,0.0,0.0,80.087,9.486,0.0,0.0,0.0,0.0817
2026,ee5b3ae6-205d-458e-9825-17d21c2d0e9d,Andrew Stueber,ATL,OL,17,0.0,0.0,80.087,9.486,0.0,0.0,0.0,0.0817
2026,4f49a907-71f3-4195-8efe-45aed9e775dc,Andrew Thomas,NYG,OL,17,0.0,0.0,80.087,9.486,0.0,0.0,0.0,0.0817
2026,8c865937-66a2-4b23-a937-78099351fe16,Andrew Van Ginkel,MIN,LB,17,0.0,0.0,80.087,9.486,0.0,0.0,0.0,0.0817
2026,24f56be7-4c31-4790-9628-80c9d81b7541,Andrew Vorhees,BAL,OL,17,0.0,0.0,80.087,9.486,0.0,0.0,0.0,0.0817
2026,fdf7f9a6-340d-475a-8bd5-210c9de94820,Andrew Wingard,ARI,DB,17,0.0,0.0,80.087,9.486,0.0,0.0,0.0,0.0817
2026,2714a855-2aca-4475-adbf-9f7c6de22bed,Andrew Wylie,WAS,OL,17,0.0,0.0,80.087,9.486,0.0,0.0,0.0,0.0817
2026,338049be-ab6a-4e79-ae7e-8e66018e395c,Andru Phillips,NYG,DB,17,0.0,0.0,80.087,9.486,0.0,0.0,0.0,0.0817
2026,7a3b09a0-632d-4630-89ba-39fb5d31a92c,Andy Borregales,NE,K,17,0.0,0.0,80.087,9.486,0.0,0.0,0.0,0.0817
2026,09e09431-77ba-4792-af89-43a2bd2f4767,Anez Cooper,NYJ,OL,17,0.0,0.0,80.087,9.486,0.0,0.0,0.0,0.0817
2026,3e9a9f2f-80af-4481-8cc8-a1fc39119020,Anfernee Jennings,NO,LB,17,0.0,0.0,80.087,9.486,0.0,0.0,0.0,0.0817
2026,558094db-a2c8-4e75-b7d6-0d89ddf69430,Anquin Barnes,NYG,DL,17,0.0,0.0,80.087,9.486,0.0,0.0,0.0,0.0817
2026,e136f665-0b36-4d8b-bf19-dd1b9800275e,Anterio Thompson,ATL,DL,17,0.0,0.0,80.087,9.486,0.0,0.0,0.0,0.0817
2026,bfe97912-5d6f-4896-87f8-c8a097dbc54a,Anthony Belton,GB,OL,17,0.0,0.0,80.087,9.486,0.0,0.0,0.0,0.0817
2026,a7f683c0-9972-4f95-80f9-70135d1839c6,Anthony Bradford,SEA,OL,17,0.0,0.0,80.087,9.486,0.0,0.0,0.0,0.0817
2026,c0d64ed3-d324-4bce-822b-4fa13ba99d3a,Anthony Campbell,GB,DL,17,0.0,0.0,80.087,9.486,0.0,0.0,0.0,0.0817
2026,1fb8b57d-b438-4100-b62d-345f71ad3cc4,Anthony Dunn,KC,DL,17,0.0,0.0,80.087,9.486,0.0,0.0,0.0,0.0817
2026,0fcad9a8-d30a-4bab-bb8f-66b94c238d88,Anthony Goodlow,PIT,DL,17,0.0,0.0,80.087,9.486,0.0,0.0,0.0,0.0817
2026,2a18d5e3-7562-4b6b-894a-4b183f151859,Anthony Hill,TEN,LB,17,0.0,0.0,80.087,9.486,0.0,0.0,0.0,0.0817
2026,78a5f33d-67c0-416b-b19f-de91d925cde9,Anthony Johnson Jr.,CHI,DB,17,0.0,0.0,80.087,9.486,0.0,0.0,0.0,0.0817
2026,a1265c26-986f-4a5b-ae77-66a8ee379d2c,Anthony Lucas,DET,DL,17,0.0,0.0,80.087,9.486,0.0,0.0,0.0,0.0817
2026,a338845c-76a7-4a09-a1d7-3fd57481fa29,Anthony Nelson,TB,LB,17,0.0,0.0,80.087,9.486,0.0,0.0,0.0,0.0817
2026,934cf3c4-b6b4-44db-80c9-308069799a09,Antoine Winfield Jr.,TB,DB,17,0.0,0.0,80.087,9.486,0.0,0.0,0.0,0.0817
2026,30b4388a-b7d2-49f7-9de5-0dbb55d0a36a,Anton Harrison,JAX,OL,17,0.0,0.0,80.087,9.486,0.0,0.0,0.0,0.0817
2026,cad7783c-8de9-4238-84bc-c7ad557b4d35,Antonio Hamilton,WAS,DB,17,0.0,0.0,80.087,9.486,0.0,0.0,0.0,0.0817
2026,d6183422-02cc-4e6d-9809-3cd523ea7952,Antonio Johnson,JAX,DB,17,0.0,0.0,80.087,9.486,0.0,0.0,0.0,0.0817
2026,ae03c2b9-65a0-4791-8bf7-1bd683a016ee,Antwaun Powell-Ryland,CIN,LB,17,0.0,0.0,80.087,9.486,0.0,0.0,0.0,0.0817
2026,a4f0cbd3-7cde-4dbc-81a1-6f49e349a680,Ar'Darius Washington,NYG,DB,17,0.0,0.0,80.087,9.486,0.0,0.0,0.0,0.0817
2026,0d89bb01-490d-458e-aec0-7d77ba535229,Ar'maj Reed-Adams,BUF,OL,17,0.0,0.0,80.087,9.486,0.0,0.0,0.0,0.0817
2026,3e9e1b17-cda8-4248-a6be-73d0f8f167a0,Arden Key,IND,DL,17,0.0,0.0,80.087,9.486,0.0,0.0,0.0,0.0817
2026,2d79bcea-bcf9-45ff-ae19-4fc88a1c4e78,Arden Walker,MIN,DL,17,0.0,0.0,80.087,9.486,0.0,0.0,0.0,0.0817
2026,59408ef6-bcd0-44a4-b39f-72b61883496f,Arik Armstead,JAX,DL,17,0.0,0.0,80.087,9.486,0.0,0.0,0.0,0.0817
2026,5ec56eb4-22d7-4e1e-ab00-ebd2a4362dd0,Armand Membou,NYJ,OL,17,0.0,0.0,80.087,9.486,0.0,0.0,0.0,0.0817
2026,0c182e10-4adb-426d-b77e-77f3e923e10e,Arnold Ebiketie,PHI,LB,17,0.0,0.0,80.087,9.486,0.0,0.0,0.0,0.0817
2026,e69db59f-95ef-4f2a-8da2-ebc5c9233c4f,Arron Mosby,GB,DL,17,0.0,0.0,80.087,9.486,0.0,0.0,0.0,0.0817
2026,53b18a2d-35a4-4ff8-8ca5-426ba8161930,Art Green,NYG,DB,17,0.0,0.0,80.087,9.486,0.0,0.0,0.0,0.0817
2026,764922fd-52c3-4e4d-9a89-d4ca733cfbfd,Arvell Reese,NYG,LB,17,0.0,0.0,80.087,9.486,0.0,0.0,0.0,0.0817
2026,524e6690-4139-4bf5-8179-c5c339386d4d,Asante Samuel Jr.,PIT,DB,17,0.0,0.0,80.087,9.486,0.0,0.0,0.0,0.0817
2026,040408ce-4401-40f0-bb02-58280f014b71,Ashton Gillotte,KC,DL,17,0.0,0.0,80.087,9.486,0.0,0.0,0.0,0.0817
2026,778562bb-4acb-4f52-9ac2-760434e3529d,Ashtyn Davis,SF,DB,17,0.0,0.0,80.087,9.486,0.0,0.0,0.0,0.0817
2026,4965761a-3a5a-4f03-849b-deffa0ab06d3,Asim Richards,NO,OL,17,0.0,0.0,80.087,9.486,0.0,0.0,0.0,0.0817
2026,a771ebc5-73e7-4713-b4db-7c591a6a4b32,Atonio Mafi,LV,OL,17,0.0,0.0,80.087,9.486,0.0,0.0,0.0,0.0817
2026,ec208f08-9ecf-4b1d-ba7c-ae17a8707d57,Austen Pleasants,SF,OL,17,0.0,0.0,80.087,9.486,0.0,0.0,0.0,0.0817
2026,31b8767b-2922-45b1-b18f-f2ed5941a5ab,Austin Ajiake,IND,LB,17,0.0,0.0,80.087,9.486,0.0,0.0,0.0,0.0817
2026,cd5c82d4-64ad-4dda-94e0-e16fabab43ec,Austin Barber,CLE,OL,17,0.0,0.0,80.087,9.486,0.0,0.0,0.0,0.0817
2026,f31bcb13-4d01-4f50-991f-7e1d5a3c5e2a,Austin Blaske,LA,OL,17,0.0,0.0,80.087,9.486,0.0,0.0,0.0,0.0817
2026,0be4bbc3-494e-4516-a7f6-f4bcb0f6f248,Austin Booker,CHI,DL,17,0.0,0.0,80.087,9.486,0.0,0.0,0.0,0.0817
2026,9ecda7c3-f696-416c-a861-19f4a761fd2d,Austin Brinkman,HOU,LS,17,0.0,0.0,80.087,9.486,0.0,0.0,0.0,0.0817
2026,ddbfb3c9-743a-4365-b9b1-7e8bc3502499,Austin Brown,IND,DB,17,0.0,0.0,80.087,9.486,0.0,0.0,0.0,0.0817
2026,f3ac0efc-ec45-433c-b903-0ce7c3423812,Austin Corbett,BUF,OL,17,0.0,0.0,80.087,9.486,0.0,0.0,0.0,0.0817
2026,a5974729-4591-4bd7-9d53-6d55a85fb9e2,Austin Deculus,TEN,OL,17,0.0,0.0,80.087,9.486,0.0,0.0,0.0,0.0817
2026,c8ee2d11-99cd-4018-a1c2-f9a1af02082a,Austin Jackson,MIA,OL,17,0.0,0.0,80.087,9.486,0.0,0.0,0.0,0.0817
2026,7c627f36-aee6-4dca-a7e6-59561bc40b58,Austin Keys,ARI,LB,17,0.0,0.0,80.087,9.486,0.0,0.0,0.0,0.0817
2026,26df7d17-63db-4234-808d-48657a7f0cf5,Austin Schlottmann,TEN,OL,17,0.0,0.0,80.087,9.486,0.0,0.0,0.0,0.0817
2026,2a13d912-fd49-4eb6-ba38-efd94c33c85c,Avery Smith,LAC,DB,17,0.0,0.0,80.087,9.486,0.0,0.0,0.0,0.0817
2026,3d6c3b4c-fcb7-4ed1-8b9c-f0c6aea7101e,Avieon Terrell,ATL,DB,17,0.0,0.0,80.087,9.486,0.0,0.0,0.0,0.0817
2026,918d77ce-75ff-4690-bbe9-c14e679ec0b6,Avonte Maddox,DET,DB,17,0.0,0.0,80.087,9.486,0.0,0.0,0.0,0.0817
2026,d8349d63-3570-40e8-b431-820d8f54708a,Ayden Garnes,TB,DB,17,0.0,0.0,80.087,9.486,0.0,0.0,0.0,0.0817
2026,666bf7c0-2f72-42e9-ac45-5d268b23427e,Azareye'h Thomas,NYJ,DB,17,0.0,0.0,80.087,9.486,0.0,0.0,0.0,0.0817
2026,a745df66-7161-4cbf-b32c-dda4040343c3,Azeez Al-Shaair,HOU,LB,17,0.0,0.0,80.087,9.486,0.0,0.0,0.0,0.0817
2026,c2c7a782-cbbd-4ef3-b4b3-3f229bd2b2ef,Azeez Ojulari,ATL,LB,17,0.0,0.0,80.087,9.486,0.0,0.0,0.0,0.0817
2026,b9646a62-67a5-4e75-a2e9-9c4c4f9cd5d8,B.J. Hill,CIN,DL,17,0.0,0.0,80.087,9.486,0.0,0.0,0.0,0.0817
2026,85c265c2-80b2-4c51-a884-1ff8479025a2,B.T. Potter,TB,K,17,0.0,0.0,80.087,9.486,0.0,0.0,0.0,0.0817
2026,e1074765-edbb-493b-99ca-630b1897ffb3,BJ Green II,JAX,DL,17,0.0,0.0,80.087,9.486,0.0,0.0,0.0,0.0817
2026,4061e05d-f4b8-4f51-89cc-f5d1c9450231,BJ Ojulari,ARI,LB,17,0.0,0.0,80.087,9.486,0.0,0.0,0.0,0.0817
2026,2d6ba675-9051-4cdf-aace-32cb0de8a42a,Bam Martin-Scott,CAR,LB,17,0.0,0.0,80.087,9.486,0.0,0.0,0.0,0.0817
2026,31df4620-3c06-48bb-a515-a0c63d67197b,Bangally Kamara,MIN,LB,17,0.0,0.0,80.087,9.486,0.0,0.0,0.0,0.0817
2026,34698418-d324-460f-b529-f9971f955910,Barion Brown,NO,KR,17,0.0,0.0,80.087,9.486,0.0,0.0,0.0,0.0817
2026,64f58565-9ef1-4a6e-acae-c6d82085abc7,Baron Browning,ARI,LB,17,0.0,0.0,80.087,9.486,0.0,0.0,0.0,0.0817
2026,7afe8ee7-a988-4b80-b022-c393e10594ed,Barrett Carter,CIN,LB,17,0.0,0.0,80.087,9.486,0.0,0.0,0.0,0.0817
2026,96eb8dcd-8bdd-4a53-90d3-ca95e83fec24,Barry Wesley,NO,OL,17,0.0,0.0,80.087,9.486,0.0,0.0,0.0,0.0817
2026,04fe68d6-4fdb-4175-9115-2f74ef8885f6,Barryn Sorrell,GB,DL,17,0.0,0.0,80.087,9.486,0.0,0.0,0.0,0.0817
2026,9c25f2e9-d8f8-4f4c-b129-f397780c437d,Basil Okoye,BAL,DL,17,0.0,0.0,80.087,9.486,0.0,0.0,0.0,0.0817
2026,82410cf5-66f2-40cb-97e0-a99b3c112cbb,Bayron Matos,IND,OL,17,0.0,0.0,80.087,9.486,0.0,0.0,0.0,0.0817
2026,92dcd873-4f9e-4f56-a743-3d835f2f452b,Beanie Bishop Jr.,NO,DB,17,0.0,0.0,80.087,9.486,0.0,0.0,0.0,0.0817
2026,6abe4080-6aab-4dec-908b-de69d8a7f3a3,Beau Brade,NYG,DB,17,0.0,0.0,80.087,9.486,0.0,0.0,0.0,0.0817
2026,51c2a5ef-7957-4c50-b2bc-a4b9bfd9fb80,Beau Gardner,CHI,LS,17,0.0,0.0,80.087,9.486,0.0,0.0,0.0,0.0817
2026,6073bf2c-e452-46aa-9717-11d92aea0718,Beau Stephens,SEA,OL,17,0.0,0.0,80.087,9.486,0.0,0.0,0.0,0.0817
2026,29813828-530d-4e3d-b1aa-e8682f377b48,Beaux Limmer,LA,OL,17,0.0,0.0,80.087,9.486,0.0,0.0,0.0,0.0817
2026,80a71b01-238e-49f8-9343-eacd18e60d1c,Ben Bartch,DET,OL,17,0.0,0.0,80.087,9.486,0.0,0.0,0.0,0.0817
2026,2b467016-fca1-4a5f-8967-84e33890b270,Ben Barten,NYG,DL,17,0.0,0.0,80.087,9.486,0.0,0.0,0.0,0.0817
2026,2a9eaa4e-7d64-479c-988c-cb370a097f27,Ben Bredeson,TB,OL,17,0.0,0.0,80.087,9.486,0.0,0.0,0.0,0.0817
2026,ad3206e0-1675-4ab3-a43f-4116a29c4605,Ben Brown,NE,OL,17,0.0,0.0,80.087,9.486,0.0,0.0,0.0,0.0817
2026,02402dc7-72c6-47c1-9f4b-10ff5cbb7d62,Ben Cleveland,LAC,OL,17,0.0,0.0,80.087,9.486,0.0,0.0,0.0,0.0817
2026,18bc0b95-e330-4c58-a54a-6d4996e443dc,Ben Mann,NYG,LS,17,0.0,0.0,80.087,9.486,0.0,0.0,0.0,0.0817
2026,611372cc-dc48-4f32-b6a3-dcc6d25147b3,Ben Powers,DEN,OL,17,0.0,0.0,80.087,9.486,0.0,0.0,0.0,0.0817
2026,3c229c9d-8cc8-448a-9688-d9ad9f7afccd,Ben Sauls,NYG,K,17,0.0,0.0,80.087,9.486,0.0,0.0,0.0,0.0817
2026,565a3f0d-913a-4d91-8904-b353c7ea197d,Ben Scott,TB,OL,17,0.0,0.0,80.087,9.486,0.0,0.0,0.0,0.0817
2026,69a62568-e253-4ca3-9b92-c99df67b555f,Benito Jones,LV,DL,17,0.0,0.0,80.087,9.486,0.0,0.0,0.0,0.0817
2026,a1c439a6-b2bf-408d-b256-23a3c017e7ed,Benjamin Chukwuma,TB,OL,17,0.0,0.0,80.087,9.486,0.0,0.0,0.0,0.0817
2026,eb5d92e9-6259-4dcb-b5a8-7078b2bd619e,Benjamin Morrison,TB,DB,17,0.0,0.0,80.087,9.486,0.0,0.0,0.0,0.0817
2026,f08093ce-1523-4b50-b81f-5acc0c9868c9,Benjamin St-Juste,GB,DB,17,0.0,0.0,80.087,9.486,0.0,0.0,0.0,0.0817
2026,a9cd490f-7162-49ce-955f-919898071855,Benton Whitley,CLE,LB,17,0.0,0.0,80.087,9.486,0.0,0.0,0.0,0.0817
2026,92a8fa79-6b03-44a8-96d8-3d14f29b46de,Bilhal Kone,BAL,DB,17,0.0,0.0,80.087,9.486,0.0,0.0,0.0,0.0817
2026,a8a533fd-70b6-4b36-9e5c-fcde8b6578f5,Bill Norton,LA,DL,17,0.0,0.0,80.087,9.486,0.0,0.0,0.0,0.0817
2026,56ffcc70-18b7-4c25-8e97-31f7483db421,Billy Bowman Jr.,ATL,DB,17,0.0,0.0,80.087,9.486,0.0,0.0,0.0,0.0817
2026,1987eb54-a23c-426e-b00a-5f4e5cd790ac,Billy Schrauth,TB,OL,17,0.0,0.0,80.087,9.486,0.0,0.0,0.0,0.0817
2026,cf64942c-7ffa-45eb-b281-502b2c753f11,Bishop Fitzgerald,TEN,DB,17,0.0,0.0,80.087,9.486,0.0,0.0,0.0,0.0817
2026,529a7162-fd9b-4a98-98de-e63a8c6865b7,Blake Brandel,MIN,OL,17,0.0,0.0,80.087,9.486,0.0,0.0,0.0,0.0817
2026,cae8e73c-9f13-4605-9068-ffe92c828390,Blake Cashman,MIN,LB,17,0.0,0.0,80.087,9.486,0.0,0.0,0.0,0.0817
2026,389c02a2-987c-4028-89fe-8b93c172e1c9,Blake Fisher,HOU,OL,17,0.0,0.0,80.087,9.486,0.0,0.0,0.0,0.0817
2026,46582879-af9a-4fe7-a946-1d19b55807e9,Blake Freeland,IND,OL,17,0.0,0.0,80.087,9.486,0.0,0.0,0.0,0.0817
2026,59c908ea-3c4f-4a5d-8187-dfd9c197b70b,Blake Gillikin,ARI,P,17,0.0,0.0,80.087,9.486,0.0,0.0,0.0,0.0817
2026,c9d67afa-6f2d-416b-8b71-3f5e8cf73093,Blake Grupe,IND,K,17,0.0,0.0,80.087,9.486,0.0,0.0,0.0,0.0817
2026,b0090514-7853-48c7-b776-87671f13858f,Blake Miller,DET,OL,17,0.0,0.0,80.087,9.486,0.0,0.0,0.0,0.0817
2026,4e6c7a0e-517c-4bf6-adbd-4e6e76bb3917,Bo Richter,MIN,LB,17,0.0,0.0,80.087,9.486,0.0,0.0,0.0,0.0817
2026,5e0a15f2-d0c3-4351-9bcc-c91dabf4b03e,Bobby Brown III,CAR,DL,17,0.0,0.0,80.087,9.486,0.0,0.0,0.0,0.0817
2026,15aeac78-6270-4bd4-a5a6-e0d34cc87262,Bobby Hart,SEA,OL,17,0.0,0.0,80.087,9.486,0.0,0.0,0.0,0.0817
2026,a565c3e4-bc75-4a17-b8f9-0ea2d6d5be35,Bobby Jamison-Travis,NYG,DL,17,0.0,0.0,80.087,9.486,0.0,0.0,0.0,0.0817
2026,1097b4c2-38c8-49a5-a040-b6416b279df1,Boye Mafe,CIN,LB,17,0.0,0.0,80.087,9.486,0.0,0.0,0.0,0.0817
2026,7f9f242a-db74-4bc7-8906-9215bd113889,Braden Fiske,LA,DL,17,0.0,0.0,80.087,9.486,0.0,0.0,0.0,0.0817
2026,9b78da4e-20c1-45f0-8d95-4270482b87e7,Braden Smith,HOU,OL,17,0.0,0.0,80.087,9.486,0.0,0.0,0.0,0.0817
2026,f0b970f5-9e21-4aff-8202-b7af863ff9df,Bradley Chubb,BUF,LB,17,0.0,0.0,80.087,9.486,0.0,0.0,0.0,0.0817
2026,3f814234-6e52-491a-b387-c0991cfffd4c,Bradley Pinion,MIA,P,17,0.0,0.0,80.087,9.486,0.0,0.0,0.0,0.0817
2026,01309fa6-a237-4229-9c01-ba6ff239d4be,Bradyn Swinson,NE,LB,17,0.0,0.0,80.087,9.486,0.0,0.0,0.0,0.0817
2026,d244479c-4244-46ce-909d-dc3bf5b8173f,Braiden McGregor,NYJ,DL,17,0.0,0.0,80.087,9.486,0.0,0.0,0.0,0.0817
2026,75eb57b0-f1d5-4639-8114-0e1d0c83bb85,Bralen Trice,ATL,LB,17,0.0,0.0,80.087,9.486,0.0,0.0,0.0,0.0817
2026,9bcb29e9-9bd8-4aeb-9a54-1c2cbdcd5259,Bralyn Lux,CIN,DB,17,0.0,0.0,80.087,9.486,0.0,0.0,0.0,0.0817
2026,be198d0d-79ed-4821-a47a-8ebe9451d532,Brandin Echols,PIT,DB,17,0.0,0.0,80.087,9.486,0.0,0.0,0.0,0.0817
2026,93185f4b-d634-437a-88d1-574286c0b5af,Brandon Cisse,GB,DB,17,0.0,0.0,80.087,9.486,0.0,0.0,0.0,0.0817
2026,d41fd231-b640-4a45-9c8b-18ef5ada4702,Brandon Cleveland,LV,DL,17,0.0,0.0,80.087,9.486,0.0,0.0,0.0,0.0817
2026,1733b14a-7ef9-4466-833b-b8cce1912727,Brandon Codrington,HOU,DB,17,0.0,0.0,80.087,9.486,0.0,0.0,0.0,0.0817
2026,e4827b17-4e5f-4bdd-b194-53ee68fc44b1,Brandon Coleman,WAS,OL,17,0.0,0.0,80.087,9.486,0.0,0.0,0.0,0.0817
2026,e1d63278-662d-492d-8507-ea2dbf0ac8a5,Brandon Crenshaw-Dickson,TEN,OL,17,0.0,0.0,80.087,9.486,0.0,0.0,0.0,0.0817
2026,2285ef39-75d6-4b75-961c-280650927e4f,Brandon Crossley,NE,DB,17,0.0,0.0,80.087,9.486,0.0,0.0,0.0,0.0817
2026,6761d9b0-cdcb-4183-af14-d56a0ce87204,Brandon Dorlus,ATL,DL,17,0.0,0.0,80.087,9.486,0.0,0.0,0.0,0.0817
2026,a6f9310b-c49b-4f51-9cfb-b64d6de32947,Brandon Johnson,PHI,DB,17,0.0,0.0,80.087,9.486,0.0,0.0,0.0,0.0817
2026,bd32cd19-c616-422e-9761-4e223b276dc4,Brandon Jones,DEN,DB,17,0.0,0.0,80.087,9.486,0.0,0.0,0.0,0.0817
2026,00dd57e6-b0d5-4eca-bfa7-609c130bd5fb,Brandon Parker,SF,OL,17,0.0,0.0,80.087,9.486,0.0,0.0,0.0,0.0817
2026,bd492f00-6d40-4b09-8290-3a2c9e1aa6fa,Brandon Pili,SEA,DL,17,0.0,0.0,80.087,9.486,0.0,0.0,0.0,0.0817
2026,deedc6cf-ab21-40a0-af54-43b12dc20ecb,Brandon Stephens,NYJ,DB,17,0.0,0.0,80.087,9.486,0.0,0.0,0.0,0.0817
2026,c295bcc2-9bf4-4718-a0ad-f2dc88c7e9aa,Brandon Walton,ATL,OL,17,0.0,0.0,80.087,9.486,0.0,0.0,0.0,0.0817
2026,6bb89af7-c8f7-482a-9407-cfe4eb4b42c2,Branson Combs,JAX,LB,17,0.0,0.0,80.087,9.486,0.0,0.0,0.0,0.0817
2026,341a32d9-21b0-432e-a4eb-9341c4722ff0,Branson Taylor,LAC,OL,17,0.0,0.0,80.087,9.486,0.0,0.0,0.0,0.0817
2026,026b3d5b-d10a-46fd-bc60-4b684bc2d024,Brant Banks,GB,OL,17,0.0,0.0,80.087,9.486,0.0,0.0,0.0,0.0817
2026,d5cd91be-2b25-4642-8d2d-db67b45c320c,Braxton Jones,CHI,OL,17,0.0,0.0,80.087,9.486,0.0,0.0,0.0,0.0817
2026,ab6e5aa7-ea77-46d7-8e5b-8a5a38e59cf4,Brenden Schooler,NE,DB,17,0.0,0.0,80.087,9.486,0.0,0.0,0.0,0.0817
2026,f11ed7a5-535a-40f9-a6bd-b26ebed6785d,Brennan Jackson,LV,LB,17,0.0,0.0,80.087,9.486,0.0,0.0,0.0,0.0817
2026,ed826a4a-0d27-422d-9036-de60c573e554,Brent Austin,DEN,DB,17,0.0,0.0,80.087,9.486,0.0,0.0,0.0,0.0817
2026,765596dd-5d57-4c05-a755-04f2afe8487e,Brenton Cox Jr.,GB,DL,17,0.0,0.0,80.087,9.486,0.0,0.0,0.0,0.0817
2026,aecf9330-19b3-4ca9-b185-86c7d5bd990b,Brett Toth,SF,OL,17,0.0,0.0,80.087,9.486,0.0,0.0,0.0,0.0817
2026,2af3a110-5459-49a8-a437-87004d413157,Brian Branch,DET,DB,17,0.0,0.0,80.087,9.486,0.0,0.0,0.0,0.0817
2026,cd12f095-668e-4c59-bf9e-b8346d0f650e,Brian Burns,NYG,LB,17,0.0,0.0,80.087,9.486,0.0,0.0,0.0,0.0817
2026,a4d7047d-27aa-48ed-8ae5-06de8c836aa8,Brian O'Neill,MIN,OL,17,0.0,0.0,80.087,9.486,0.0,0.0,0.0,0.0817
2026,cbbb3cfd-f553-47c6-8428-51f0c318efa3,Brian Parker,CIN,OL,17,0.0,0.0,80.087,9.486,0.0,0.0,0.0,0.0817
2026,9f9bb85a-07cd-4096-98cb-d273a387de81,Brock Hoffman,PIT,OL,17,0.0,0.0,80.087,9.486,0.0,0.0,0.0,0.0817
2026,ef1a7ec2-13c5-41b0-9ebe-08b29f5a55b9,Broderick Jones,PIT,OL,17,0.0,0.0,80.087,9.486,0.0,0.0,0.0,0.0817
2026,53880b1b-b34c-4662-99ea-de1a227e7ddc,Broderick Washington,BAL,DL,17,0.0,0.0,80.087,9.486,0.0,0.0,0.0,0.0817
2026,5b5f6e0e-5f1c-41f3-ad56-a651cbefe75b,Bruno Fina,BUF,OL,17,0.0,0.0,80.087,9.486,0.0,0.0,0.0,0.0817
2026,107b49b4-1ca8-46fd-a361-056dbcc3e30c,Bryan Anger,DAL,P,17,0.0,0.0,80.087,9.486,0.0,0.0,0.0,0.0817
2026,c16eb426-29a3-4db0-8031-dccfd25300fe,Bryan Bresee,NO,DL,17,0.0,0.0,80.087,9.486,0.0,0.0,0.0,0.0817
2026,2147ad3f-36a6-4751-9ae7-5693458602f3,Bryan Cook,CIN,DB,17,0.0,0.0,80.087,9.486,0.0,0.0,0.0,0.0817
2026,c3bbd308-6921-4ce4-b61b-145264982f26,Bryan Hudson,NYG,OL,17,0.0,0.0,80.087,9.486,0.0,0.0,0.0,0.0817
2026,ff479fe6-d4ad-409e-ace6-23d1200e8e9d,Bryan Thomas,JAX,DL,17,0.0,0.0,80.087,9.486,0.0,0.0,0.0,0.0817
2026,f909b76c-1f35-4834-baac-bc9fdb8f1e38,Bryce Baringer,NE,P,17,0.0,0.0,80.087,9.486,0.0,0.0,0.0,0.0817
2026,07447687-2c2d-4e66-9f0b-e466b9631f37,Bryce Boettcher,IND,LB,17,0.0,0.0,80.087,9.486,0.0,0.0,0.0,0.0817
2026,bf2556b9-c761-4b1b-831a-3435338277b9,Bryce Cabeldue,SEA,OL,17,0.0,0.0,80.087,9.486,0.0,0.0,0.0,0.0817
2026,555e58be-64ee-4776-9d6b-564b6c413f62,Bryce Henderson,LA,OL,17,0.0,0.0,80.087,9.486,0.0,0.0,0.0,0.0817
2026,1a63ca67-f804-40b1-b95e-bcdef32997c6,Bryce Phillips,KC,DB,17,0.0,0.0,80.087,9.486,0.0,0.0,0.0,0.0817
2026,161b67fd-96df-4e0a-9d61-eb766a67e8ff,Bryson Eason,SF,DL,17,0.0,0.0,80.087,9.486,0.0,0.0,0.0,0.0817
2026,b738845b-bb76-46fc-93d3-1f8e788c616d,Bud Clark,SEA,DB,17,0.0,0.0,80.087,9.486,0.0,0.0,0.0,0.0817
2026,343cbed7-75b6-416b-bc03-7e2c687f8e3f,Bud Dupree,LAC,LB,17,0.0,0.0,80.087,9.486,0.0,0.0,0.0,0.0817
2026,be487330-bb4f-4d83-a593-c14ed25ed636,Budda Baker,ARI,DB,17,0.0,0.0,80.087,9.486,0.0,0.0,0.0,0.0817
2026,a292a9fe-5619-4ba7-bf57-aee90860bf7e,Byron Murphy,MIN,DB,17,0.0,0.0,80.087,9.486,0.0,0.0,0.0,0.0817
2026,1781d0a0-4bba-4492-8f77-acf3f406baf4,Byron Murphy II,SEA,DL,17,0.0,0.0,80.087,9.486,0.0,0.0,0.0,0.0817
2026,6713a83a-c86b-4365-8761-252870ddbdd6,Byron Young,LA,LB,17,0.0,0.0,80.087,9.486,0.0,0.0,0.0,0.0817
2026,96b9366c-05ed-4aed-b0d8-b5131ba6eda9,Byron Young,PHI,DL,17,0.0,0.0,80.087,9.486,0.0,0.0,0.0,0.0817
2026,b6d6b176-4233-4ccf-ad9d-5cb88b4b548c,C.Bojorquez,CLE,P,17,0.0,0.0,80.087,9.486,0.0,0.0,0.0,0.0817
2026,7f317934-6c3e-4b87-a160-5fd48a03c62c,C.J. Allen,IND,LB,17,0.0,0.0,80.087,9.486,0.0,0.0,0.0,0.0817
2026,5e568709-f6c8-4850-9c0a-e8bce9e1efbc,C.J. Gardner-Johnson,BUF,DB,17,0.0,0.0,80.087,9.486,0.0,0.0,0.0,0.0817
2026,2e6203b6-fa3a-4faf-8fac-1247bd64fffe,C.J. Hanson,KC,OL,17,0.0,0.0,80.087,9.486,0.0,0.0,0.0,0.0817
2026,0c50ed7f-483b-4d98-b430-e4a7bb007d6e,C.J. Henderson,ATL,DB,17,0.0,0.0,80.087,9.486,0.0,0.0,0.0,0.0817
2026,07944913-c673-4506-894e-667ee9cd710f,C.J. Nunnally,ATL,DL,17,0.0,0.0,80.087,9.486,0.0,0.0,0.0,0.0817
2026,c5a9e317-aad0-403a-a9d6-b65f46e6ba05,C.J. Ravenell,TEN,DL,17,0.0,0.0,80.087,9.486,0.0,0.0,0.0,0.0817
2026,b6241f29-78e2-430e-8fc9-2505871edc7c,CJ West,SF,DL,17,0.0,0.0,80.087,9.486,0.0,0.0,0.0,0.0817
2026,703f1ebd-deae-431a-966b-2181a396dfcb,Cade Denhoff,BUF,DL,17,0.0,0.0,80.087,9.486,0.0,0.0,0.0,0.0817
2026,9a2cdadb-63c7-43f4-b24a-83987b3ddb22,Cade Mays,DET,OL,17,0.0,0.0,80.087,9.486,0.0,0.0,0.0,0.0817
2026,cc3339d1-0fb1-4e7e-82ff-0ad2f2a9840b,Cade York,NYJ,K,17,0.0,0.0,80.087,9.486,0.0,0.0,0.0,0.0817
2026,c4cd152e-3e06-40b1-ae99-b7aa5ca0f22f,Caden Barnett,CHI,OL,17,0.0,0.0,80.087,9.486,0.0,0.0,0.0,0.0817
2026,e846e6d3-cf31-44f2-aea5-6ae62cb8345a,Caden Curry,IND,DL,17,0.0,0.0,80.087,9.486,0.0,0.0,0.0,0.0817
2026,68108fd0-83de-486f-9ebc-0a3b294dd10c,Caden Fordham,TB,LB,17,0.0,0.0,80.087,9.486,0.0,0.0,0.0,0.0817
2026,5dffe16e-2b45-4b70-a215-76614c974c63,Caedan Wallace,NE,OL,17,0.0,0.0,80.087,9.486,0.0,0.0,0.0,0.0817
2026,834b8fb9-6390-489a-82b9-7b5462c0d5b1,Caelen Carson,DAL,DB,17,0.0,0.0,80.087,9.486,0.0,0.0,0.0,0.0817
2026,68ba9067-00c2-4181-91e1-b470fa1cba47,Cairo Santos,CHI,K,17,0.0,0.0,80.087,9.486,0.0,0.0,0.0,0.0817
2026,0626e0f8-afd3-426c-8c88-ab1a4c58b634,Cal Adomitis,PIT,LS,17,0.0,0.0,80.087,9.486,0.0,0.0,0.0,0.0817
2026,e6d36a96-8d37-4efc-881d-b22171bc4713,Calais Campbell,BAL,DL,17,0.0,0.0,80.087,9.486,0.0,0.0,0.0,0.0817
2026,390bd1e8-fb33-4ddb-9cd9-39bc165be8c8,Caleb Banks,MIN,DL,17,0.0,0.0,80.087,9.486,0.0,0.0,0.0,0.0817
2026,73c9e947-3684-4a18-b8b1-c178c15882a5,Caleb Downs,DAL,DB,17,0.0,0.0,80.087,9.486,0.0,0.0,0.0,0.0817
2026,c1505c8e-d586-4dbb-9b42-6317717a7783,Caleb Etienne,MIN,OL,17,0.0,0.0,80.087,9.486,0.0,0.0,0.0,0.0817
2026,645c14a6-e554-4a8f-83aa-85b384902576,Caleb Lomu,NE,OL,17,0.0,0.0,80.087,9.486,0.0,0.0,0.0,0.0817
2026,c820e0f9-51f1-4a1a-98d6-eb68aa082538,Caleb Murphy,NYG,LB,17,0.0,0.0,80.087,9.486,0.0,0.0,0.0,0.0817
2026,a6a7eacf-3886-4c76-b4f0-2b34979940fd,Caleb Offord,LV,DB,17,0.0,0.0,80.087,9.486,0.0,0.0,0.0,0.0817
2026,a4120b32-e31d-4034-b0a6-dea4db8f60bc,Caleb Ransaw,JAX,DB,17,0.0,0.0,80.087,9.486,0.0,0.0,0.0,0.0817
2026,7413f46f-3119-4d05-ae33-142498512aee,Caleb Rogers,LV,OL,17,0.0,0.0,80.087,9.486,0.0,0.0,0.0,0.0817
2026,afb7f81e-f0c8-4221-a796-349f32658c86,Caleb Tiernan,MIN,OL,17,0.0,0.0,80.087,9.486,0.0,0.0,0.0,0.0817
2026,a78cf5ac-e51a-4bd4-94ac-3e2fed217e4c,Calen Bullock,HOU,DB,17,0.0,0.0,80.087,9.486,0.0,0.0,0.0,0.0817
2026,3f723346-64b3-4bdc-b1b1-84927dcc52a9,Calijah Kancey,TB,DL,17,0.0,0.0,80.087,9.486,0.0,0.0,0.0,0.0817
2026,bef412cb-c4ad-48f0-8532-7fb9bba902c5,Calvin Throckmorton,DEN,OL,17,0.0,0.0,80.087,9.486,0.0,0.0,0.0,0.0817
2026,5ec42300-ab20-445d-aefb-232a944f0df0,Cam Hart,LAC,DB,17,0.0,0.0,80.087,9.486,0.0,0.0,0.0,0.0817
2026,6d0a2cec-88cb-4fef-b312-1d291a5d3ccf,Cam Horsley,TEN,DL,17,0.0,0.0,80.087,9.486,0.0,0.0,0.0,0.0817
2026,ff9644aa-6173-42fc-aca4-026b88ec35b8,Cam Jackson,CAR,DL,17,0.0,0.0,80.087,9.486,0.0,0.0,0.0,0.0817
2026,f50496d8-934e-436e-9b70-8bc79b949206,Cam Jones,NYG,LB,17,0.0,0.0,80.087,9.486,0.0,0.0,0.0,0.0817
2026,0ab4285d-87fe-49b7-807f-f2298a493087,Cam Jurgens,PHI,OL,17,0.0,0.0,80.087,9.486,0.0,0.0,0.0,0.0817
2026,65254fd0-8223-4172-8d24-3753b7aac130,Cam Lampkin,LA,DB,17,0.0,0.0,80.087,9.486,0.0,0.0,0.0,0.0817
2026,05d4cd8b-cac9-45fa-9473-f80ba481fae8,Cam Lewis,CHI,DB,17,0.0,0.0,80.087,9.486,0.0,0.0,0.0,0.0817
2026,81609d06-f952-47fa-b67d-580af1445f69,Cam Little,JAX,K,17,0.0,0.0,80.087,9.486,0.0,0.0,0.0,0.0817
2026,857095d3-4731-472f-a755-8e728c291bfb,Cam Miller,CAR,DB,17,0.0,0.0,80.087,9.486,0.0,0.0,0.0,0.0817
2026,7e170b9d-7b64-463a-960c-c1563f2da362,Cam Taylor-Britt,IND,DB,17,0.0,0.0,80.087,9.486,0.0,0.0,0.0,0.0817
2026,1ef4e237-a265-4f58-acde-d0b533cc2971,Cam'Ron Silmon-Craig,JAX,DB,17,0.0,0.0,80.087,9.486,0.0,0.0,0.0,0.0817
2026,f494bc66-32e1-4512-9a49-9d81ba299fe9,Cam'Ron Stewart,MIN,LB,17,0.0,0.0,80.087,9.486,0.0,0.0,0.0,0.0817
2026,df4c3e6e-60f3-4105-a5f0-dd97159ecec7,Cameron Ball,IND,DL,17,0.0,0.0,80.087,9.486,0.0,0.0,0.0,0.0817
2026,a9e1c010-4669-4ea4-b8b2-4f9e6779e78e,Cameron Dicker,LAC,K,17,0.0,0.0,80.087,9.486,0.0,0.0,0.0,0.0817
2026,f24f0079-2641-4ee7-a095-1d47dc70b341,Cameron Goode,MIA,LB,17,0.0,0.0,80.087,9.486,0.0,0.0,0.0,0.0817
2026,cf2e25ff-e4b5-41f2-a319-23f5c634238f,Cameron Heyward,PIT,DL,17,0.0,0.0,80.087,9.486,0.0,0.0,0.0,0.0817
2026,78eceb26-00d6-4354-954d-f8bfadc2a441,Cameron Johnston,PIT,P,17,0.0,0.0,80.087,9.486,0.0,0.0,0.0,0.0817
2026,4b8945e2-df06-4242-a043-e5027b46dbbd,Cameron McGrone,LV,LB,17,0.0,0.0,80.087,9.486,0.0,0.0,0.0,0.0817
2026,b2250577-91a6-4e43-98e9-744991cf6478,Cameron Mitchell,IND,DB,17,0.0,0.0,80.087,9.486,0.0,0.0,0.0,0.0817
2026,fa0bb2a7-1ba8-47ce-9d4f-04d11e8546cc,Cameron Robertson,ARI,LB,17,0.0,0.0,80.087,9.486,0.0,0.0,0.0,0.0817
2026,47f9a6fa-6a11-44eb-839c-034e3f6d0da0,Cameron Sample,SF,DL,17,0.0,0.0,80.087,9.486,0.0,0.0,0.0,0.0817
2026,2f181f4f-7e3d-4291-95ba-f14064ec7237,Cameron Thomas,ATL,DL,17,0.0,0.0,80.087,9.486,0.0,0.0,0.0,0.0817
2026,110b7141-a5a8-4115-bf6f-8d1a426b6ec2,Cameron Williams,PHI,OL,17,0.0,0.0,80.087,9.486,0.0,0.0,0.0,0.0817
2026,d8a5a1f5-fa70-4220-84b7-e74451f5396a,Camryn Bynum,IND,DB,17,0.0,0.0,80.087,9.486,0.0,0.0,0.0,0.0817
2026,a856f08a-ff9e-443f-a493-6f2b019aa198,Car'lin Vigers,WAS,DB,17,0.0,0.0,80.087,9.486,0.0,0.0,0.0,0.0817
2026,38f66fe2-2c37-44f3-b7c8-7c0197e26351,Carl Granderson,NO,LB,17,0.0,0.0,80.087,9.486,0.0,0.0,0.0,0.0817
2026,dbbe321e-d57c-431d-ac81-2fb0da4a49be,Carl Jones,BAL,LB,17,0.0,0.0,80.087,9.486,0.0,0.0,0.0,0.0817
2026,f30a5a32-6f4a-4855-8c64-9f67fc4016c7,Carlos Allen,ATL,DL,17,0.0,0.0,80.087,9.486,0.0,0.0,0.0,0.0817
2026,1a50c04b-fa56-420b-86e6-caf94c858a00,Carlton Davis III,NE,DB,17,0.0,0.0,80.087,9.486,0.0,0.0,0.0,0.0817
2026,7f5ce67a-59bc-4f55-b15e-7132cda8cd60,Carrington Valentine,GB,DB,17,0.0,0.0,80.087,9.486,0.0,0.0,0.0,0.0817
2026,1ca6f0d3-5b26-4d85-b819-8309c993a664,Carson Bruener,PIT,LB,17,0.0,0.0,80.087,9.486,0.0,0.0,0.0,0.0817
2026,249c1126-da90-4041-b83d-c8260a92b827,Carson Schwesinger,CLE,LB,17,0.0,0.0,80.087,9.486,0.0,0.0,0.0,0.0817
2026,689ae16e-b978-4ac4-a3f4-202c83a88a02,Carson Vinson,BAL,OL,17,0.0,0.0,80.087,9.486,0.0,0.0,0.0,0.0817
2026,ca30f0c5-358a-443d-82f7-29234f2f6ec3,Carter Warren,MIA,OL,17,0.0,0.0,80.087,9.486,0.0,0.0,0.0,0.0817
2026,586366f2-efdb-461d-8d67-4ff07920a5f2,Carver Willis,SF,OL,17,0.0,0.0,80.087,9.486,0.0,0.0,0.0,0.0817
2026,d77daeb9-b10b-437e-9a91-6be54f2ebbad,Casey Kreiter,ARI,LS,17,0.0,0.0,80.087,9.486,0.0,0.0,0.0,0.0817
2026,3542fd64-fbea-4e7c-95ab-2d9ef2dae499,Cashius Howell,CIN,DL,17,0.0,0.0,80.087,9.486,0.0,0.0,0.0,0.0817
2026,1a2c69bb-cf02-4585-aa18-98747ff539ff,Cedric Gray,TEN,LB,17,0.0,0.0,80.087,9.486,0.0,0.0,0.0,0.0817
2026,3326f624-242c-4297-87ea-b6c1aed6542c,Cedric Johnson,CIN,DL,17,0.0,0.0,80.087,9.486,0.0,0.0,0.0,0.0817
2026,31c70c3d-bf6f-450d-a5c4-c0f8ed5c2fd0,Cesar Ruiz,NO,OL,17,0.0,0.0,80.087,9.486,0.0,0.0,0.0,0.0817
2026,2f5a27e7-4580-4dea-b78b-d7133e6ef2bf,Ceyair Wright,CIN,DB,17,0.0,0.0,80.087,9.486,0.0,0.0,0.0,0.0817
2026,8d4c7219-8f11-4cbc-a98e-f01a81302eaf,Chad Lindberg,LA,OL,17,0.0,0.0,80.087,9.486,0.0,0.0,0.0,0.0817
2026,54610a1f-cbb3-49b2-bea6-1d478af2dfbc,Chad Muma,NE,LB,17,0.0,0.0,80.087,9.486,0.0,0.0,0.0,0.0817
2026,3ecf0725-4790-4232-a43c-2fda1caf3642,Chad Ryland,ARI,K,17,0.0,0.0,80.087,9.486,0.0,0.0,0.0,0.0817
2026,64d62e58-34a9-4eb7-b2d3-ea2161f1933d,Chamarri Conner,KC,DB,17,0.0,0.0,80.087,9.486,0.0,0.0,0.0,0.0817
2026,0a6a63b9-fc06-4e97-b490-8e58f81a9f4a,Chance Campbell,PHI,LB,17,0.0,0.0,80.087,9.486,0.0,0.0,0.0,0.0817
2026,53c1211b-bbca-4cfb-adb1-936a8d2cc3c5,Chandler Martin,PHI,LB,17,0.0,0.0,80.087,9.486,0.0,0.0,0.0,0.0817
2026,96d79cf3-b0a8-4371-a18a-42c9e59ed862,Chandler Rivers,BAL,DB,17,0.0,0.0,80.087,9.486,0.0,0.0,0.0,0.0817
2026,efc45ad0-a50e-4e17-802e-c19c9f0d00e4,Chandler Zavala,CAR,OL,17,0.0,0.0,80.087,9.486,0.0,0.0,0.0,0.0817
2026,dcc624cf-3f8f-42f0-8d3d-4326a73925bb,Channing Canada,NE,DB,17,0.0,0.0,80.087,9.486,0.0,0.0,0.0,0.0817
2026,7ef4cd84-c5e7-4a0e-ba9f-53f6888d1c2c,Channing Tindall,ATL,LB,17,0.0,0.0,80.087,9.486,0.0,0.0,0.0,0.0817
2026,ae98442a-f5ef-44a1-aca8-17e43a5fa91e,Charles Cross,SEA,OL,17,0.0,0.0,80.087,9.486,0.0,0.0,0.0,0.0817
2026,5f536995-0284-4748-85ad-d65d52654b08,Charles Demmings,MIN,DB,17,0.0,0.0,80.087,9.486,0.0,0.0,0.0,0.0817
2026,cd77c640-9af9-4539-9ec4-5b8914658ef3,Charles Grant,LV,OL,17,0.0,0.0,80.087,9.486,0.0,0.0,0.0,0.0817
2026,43f5a1a5-ccd1-4f80-8909-7dd601a51a4d,Charles Omenihu,WAS,DL,17,0.0,0.0,80.087,9.486,0.0,0.0,0.0,0.0817
2026,52da653f-aa27-4b98-acc5-93cc5e604d3b,Charles Woods,NE,DB,17,0.0,0.0,80.087,9.486,0.0,0.0,0.0,0.0817
2026,877af7b8-e324-460f-bacc-5e3b0fc2feeb,Charlie Heck,MIA,OL,17,0.0,0.0,80.087,9.486,0.0,0.0,0.0,0.0817
2026,6be3b250-1349-4d0c-9f2a-fe9b0eb4b602,Charlie Smyth,NO,K,17,0.0,0.0,80.087,9.486,0.0,0.0,0.0,0.0817
2026,f8d54f8d-53da-4cd2-a454-048e21c93fe1,Charvarius Ward,IND,DB,17,0.0,0.0,80.087,9.486,0.0,0.0,0.0,0.0817
2026,c07ba28d-fcc6-4f99-82d6-52298eecb3e8,Chase Bisontis,ARI,OL,17,0.0,0.0,80.087,9.486,0.0,0.0,0.0,0.0817
2026,87a72679-27a4-442a-8bf9-ad20420e8a92,Chase Lucas,TB,DB,17,0.0,0.0,80.087,9.486,0.0,0.0,0.0,0.0817
2026,acbd5569-bc82-4fcb-bcf2-80ad329f7522,Chase Lundt,BUF,OL,17,0.0,0.0,80.087,9.486,0.0,0.0,0.0,0.0817
2026,6fe6f56d-2543-4fd9-a658-966a354b2f3a,Chase McLaughlin,TB,K,17,0.0,0.0,80.087,9.486,0.0,0.0,0.0,0.0817
2026,446ebafd-d8cc-47ac-af52-774f83948d93,Chase Wilson,NYJ,LB,17,0.0,0.0,80.087,9.486,0.0,0.0,0.0,0.0817
2026,721a69ea-bb69-49ea-a2a9-de00ebb160cf,Chase Young,NO,LB,17,0.0,0.0,80.087,9.486,0.0,0.0,0.0,0.0817
2026,c28411e6-55a1-486c-bbbe-dbe753304d6d,Chau Smith-Wade,CAR,DB,17,0.0,0.0,80.087,9.486,0.0,0.0,0.0,0.0817
2026,997aa48e-de2b-4e23-acbd-505122a6835c,Chauncey Golston,NYG,DL,17,0.0,0.0,80.087,9.486,0.0,0.0,0.0,0.0817
2026,d36c4b2e-0d02-4433-8357-dbda2e5bbb94,Chaz Chambliss,MIN,LB,17,0.0,0.0,80.087,9.486,0.0,0.0,0.0,0.0817
2026,5e215446-4345-4e7e-a17f-6d6db2bd32d4,Chazz Surratt,SEA,LB,17,0.0,0.0,80.087,9.486,0.0,0.0,0.0,0.0817
2026,d9858f0a-5306-4d19-901d-daf57c957107,Chidobe Awuzie,BAL,DB,17,0.0,0.0,80.087,9.486,0.0,0.0,0.0,0.0817
2026,d898fec8-8537-497e-b1de-9bf80e6af1c8,Chigozie Anusiem,LV,DB,17,0.0,0.0,80.087,9.486,0.0,0.0,0.0,0.0817
2026,1eda5131-4666-4721-a9cc-c17c21fb13d7,Chop Robinson,MIA,LB,17,0.0,0.0,80.087,9.486,0.0,0.0,0.0,0.0817
2026,1059a046-ffc5-4704-80ef-8e887e681b3d,Chris Boswell,PIT,K,17,0.0,0.0,80.087,9.486,0.0,0.0,0.0,0.0817
2026,b3caf60d-5329-4d44-8556-6bdbcb3d50e4,Chris Braswell,TB,LB,17,0.0,0.0,80.087,9.486,0.0,0.0,0.0,0.0817
2026,85ee0a51-1ca6-4058-a640-afe2cc4c8f8b,Chris Edmonds,CLE,DB,17,0.0,0.0,80.087,9.486,0.0,0.0,0.0,0.0817
2026,5964653d-6f75-4eb8-b2d4-dc61dc3db5c3,Chris Johnson,MIA,DB,17,0.0,0.0,80.087,9.486,0.0,0.0,0.0,0.0817
2026,5cd088b1-b4f7-441c-8ffb-d0d88c28a2cb,Chris Jones,KC,DL,17,0.0,0.0,80.087,9.486,0.0,0.0,0.0,0.0817
2026,4ca5e5c8-6098-4a25-b3b8-5952f3d6379e,Chris Lindstrom,ATL,OL,17,0.0,0.0,80.087,9.486,0.0,0.0,0.0,0.0817
2026,9112f9b7-1b50-4e69-90df-34ac81227a3f,Chris McClellan,GB,DL,17,0.0,0.0,80.087,9.486,0.0,0.0,0.0,0.0817
2026,3902a2a1-b312-40ac-8216-d8e319a301f8,Chris Paul,WAS,OL,17,0.0,0.0,80.087,9.486,0.0,0.0,0.0,0.0817
2026,d0ca49ba-1af1-43d7-8a62-d4b6fb1d1b75,Chris Rumph II,NO,LB,17,0.0,0.0,80.087,9.486,0.0,0.0,0.0,0.0817
2026,43b383fb-e44d-464f-b1d6-0df552e21656,Chris Smith,DET,DL,17,0.0,0.0,80.087,9.486,0.0,0.0,0.0,0.0817
2026,ee91f5ea-78bb-410d-aace-390e85aa97eb,Chris Stoll,SEA,LS,17,0.0,0.0,80.087,9.486,0.0,0.0,0.0,0.0817
2026,7b9ed328-a8c1-4724-baa1-08103813baa5,Chris Williams,ATL,DL,17,0.0,0.0,80.087,9.486,0.0,0.0,0.0,0.0817
2026,c280703e-7e68-4fde-ba66-d9ce0859349b,Christen Miller,NO,DL,17,0.0,0.0,80.087,9.486,0.0,0.0,0.0,0.0817
2026,3ca8116e-7aaf-4663-afb4-34ebbec813bb,Christian Barmore,NE,DL,17,0.0,0.0,80.087,9.486,0.0,0.0,0.0,0.0817
2026,50b12175-b2ae-4613-aef9-87314005713c,Christian Benford,BUF,DB,17,0.0,0.0,80.087,9.486,0.0,0.0,0.0,0.0817
2026,2d5305a6-57db-4de3-b183-1ac6a1c0f973,Christian Braswell,JAX,DB,17,0.0,0.0,80.087,9.486,0.0,0.0,0.0,0.0817
2026,339ed2e5-f907-4bac-93dc-032323f36fc8,Christian Darrisaw,MIN,OL,17,0.0,0.0,80.087,9.486,0.0,0.0,0.0,0.0817
2026,9e0690a0-0d2e-4ab1-bd93-f051e0972490,Christian Elliss,NE,LB,17,0.0,0.0,80.087,9.486,0.0,0.0,0.0,0.0817
2026,e6e94624-b553-4d7a-82de-91e5ada920f7,Christian Gonzalez,NE,DB,17,0.0,0.0,80.087,9.486,0.0,0.0,0.0,0.0817
2026,f6437e70-b70e-4137-8b66-20fa25e581b5,Christian Harris,ATL,LB,17,0.0,0.0,80.087,9.486,0.0,0.0,0.0,0.0817
2026,61c4a752-0cd8-4f62-8841-6f43871286f9,Christian Haynes,SEA,OL,17,0.0,0.0,80.087,9.486,0.0,0.0,0.0,0.0817
2026,29aa7c60-a9c8-4683-af12-36b95ba429f5,Christian Izien,DET,DB,17,0.0,0.0,80.087,9.486,0.0,0.0,0.0,0.0817
2026,774393ed-271a-46ac-abc7-664d08780dd8,Christian Jones,ARI,OL,17,0.0,0.0,80.087,9.486,0.0,0.0,0.0,0.0817
2026,c532cbe4-f099-4d39-b101-12e240956c31,Christian Jones,CIN,OL,17,0.0,0.0,80.087,9.486,0.0,0.0,0.0,0.0817
2026,3c6f57a9-2f6e-4562-9b68-7d1ba899431c,Christian Kuntz,PIT,LS,17,0.0,0.0,80.087,9.486,0.0,0.0,0.0,0.0817
2026,8c3928b2-8e19-486c-96c3-ca93b4b0c5c0,Christian Mahogany,DET,OL,17,0.0,0.0,80.087,9.486,0.0,0.0,0.0,0.0817
2026,4c48ea74-f5ec-4bba-805c-604c19445460,Christian Roland-Wallace,KC,DB,17,0.0,0.0,80.087,9.486,0.0,0.0,0.0,0.0817
2026,839926bd-f47f-4d27-aa9a-1fb4807b98f8,Christian Rozeboom,TB,LB,17,0.0,0.0,80.087,9.486,0.0,0.0,0.0,0.0817
2026,26f93e10-4bcc-48e0-96b4-f4e3283ccb68,Christian Thomas,LV,LB,17,0.0,0.0,80.087,9.486,0.0,0.0,0.0,0.0817
2026,2d276fcc-0632-47c4-b34f-f611efedf53b,Chuck Clark,DET,DB,17,0.0,0.0,80.087,9.486,0.0,0.0,0.0,0.0817
2026,385b5dc0-bc18-4695-a7d7-d95ea3504f70,Chukwuebuka Godrick,KC,OL,17,0.0,0.0,80.087,9.486,0.0,0.0,0.0,0.0817
2026,032e003f-ce3b-4c02-8d71-126bbeb57bd0,Chukwuma Okorafor,NYJ,OL,17,0.0,0.0,80.087,9.486,0.0,0.0,0.0,0.0817
2026,0e153819-98f5-493f-a7a2-47594fae8187,Chuma Edoga,JAX,OL,17,0.0,0.0,80.087,9.486,0.0,0.0,0.0,0.0817
2026,34389036-c4c9-4721-a221-fe21be51e516,Cian Slone,LV,LB,17,0.0,0.0,80.087,9.486,0.0,0.0,0.0,0.0817
2026,ffcfa2ac-f74e-44dc-abf3-c053f3238865,Clark Phillips III,ATL,DB,17,0.0,0.0,80.087,9.486,0.0,0.0,0.0,0.0817
2026,b3a54661-b599-4551-949c-39d5eb530939,Claudin Cherelus,CAR,LB,17,0.0,0.0,80.087,9.486,0.0,0.0,0.0,0.0817
2026,1ac1110f-043d-4a55-828b-26932d3f8223,Cobee Bryant,ATL,DB,17,0.0,0.0,80.087,9.486,0.0,0.0,0.0,0.0817
2026,de86a599-4cd6-4fc7-bc3c-ca78384b0fcb,Cobie Durant,DAL,DB,17,0.0,0.0,80.087,9.486,0.0,0.0,0.0,0.0817
2026,2cffc09f-722c-40a6-917b-275ec16b83ce,Coby Bryant,CHI,DB,17,0.0,0.0,80.087,9.486,0.0,0.0,0.0,0.0817
2026,c607d1f5-d7c7-491a-b867-635a33b61e7a,Cody Barton,TEN,LB,17,0.0,0.0,80.087,9.486,0.0,0.0,0.0,0.0817
2026,e1a63fae-edc1-4c07-91b5-ac926c52f42f,Cody Lindenberg,LV,LB,17,0.0,0.0,80.087,9.486,0.0,0.0,0.0,0.0817
2026,8cb6581f-109e-4084-80d8-e409b643f070,Cody Mauch,TB,OL,17,0.0,0.0,80.087,9.486,0.0,0.0,0.0,0.0817
2026,4e717692-3883-4ca9-b44e-e4910b76a8c7,Cody Simon,ARI,LB,17,0.0,0.0,80.087,9.486,0.0,0.0,0.0,0.0817
2026,0bf26ba9-3db1-4e00-a16f-0ac8d59d0a30,Colby Sorsdal,DET,OL,17,0.0,0.0,80.087,9.486,0.0,0.0,0.0,0.0817
2026,8255e4f3-40bd-426c-b4a8-6ce98e737cc5,Colby Wooden,IND,DL,17,0.0,0.0,80.087,9.486,0.0,0.0,0.0,0.0817
2026,1fb43ed1-6951-4aae-b6ca-d747e605c5fd,Cole Bishop,BUF,DB,17,0.0,0.0,80.087,9.486,0.0,0.0,0.0,0.0817
2026,dd6e5dfd-998e-4f00-9f3c-611de31dec8f,Cole Brevard,KC,DL,17,0.0,0.0,80.087,9.486,0.0,0.0,0.0,0.0817
2026,600227fe-578b-41aa-91ac-5710c58b8fc3,Cole Christiansen,KC,LB,17,0.0,0.0,80.087,9.486,0.0,0.0,0.0,0.0817
2026,6b363b00-f005-4899-a6d4-08b3fd46bb69,Cole Holcomb,PIT,LB,17,0.0,0.0,80.087,9.486,0.0,0.0,0.0,0.0817
2026,e04bb350-db1c-4dd9-a216-ef25c94bfd5e,Cole Strange,LAC,OL,17,0.0,0.0,80.087,9.486,0.0,0.0,0.0,0.0817
2026,36f51908-2432-4f8e-8b6c-0ec69d64bae4,Cole Van Lanen,JAX,OL,17,0.0,0.0,80.087,9.486,0.0,0.0,0.0,0.0817
2026,f7f56592-0f2c-40ed-8137-21867e2c69d1,Cole Wisniewski,PHI,DB,17,0.0,0.0,80.087,9.486,0.0,0.0,0.0,0.0817
2026,7ec421b2-3965-4330-838c-f1897721651d,Coleman Shelton,LA,OL,17,0.0,0.0,80.087,9.486,0.0,0.0,0.0,0.0817
2026,c110c575-5d82-4c5c-a75f-40e7b6ab8ff8,Collin Oliver,GB,LB,17,0.0,0.0,80.087,9.486,0.0,0.0,0.0,0.0817
2026,aebafe5f-33de-45db-901b-9d2acbd3d467,Collin Wright,HOU,DB,17,0.0,0.0,80.087,9.486,0.0,0.0,0.0,0.0817
2026,154940d6-b766-4bac-9500-a96963690032,Colton Hood,NYG,DB,17,0.0,0.0,80.087,9.486,0.0,0.0,0.0,0.0817
2026,914dbf67-6a7b-4ddc-b3d0-1375e97ec464,Colton McKivitz,SF,OL,17,0.0,0.0,80.087,9.486,0.0,0.0,0.0,0.0817
2026,ebcc6c4f-00ea-4b1f-acba-25349e76665b,Connor Lew,CIN,OL,17,0.0,0.0,80.087,9.486,0.0,0.0,0.0,0.0817
2026,dc48444b-a6fb-4a0b-a399-1df224e938ce,Connor McGovern,BUF,OL,17,0.0,0.0,80.087,9.486,0.0,0.0,0.0,0.0817
2026,e677239f-e5be-42e7-842f-a2dc5be1d837,Connor O'Toole,SEA,LB,17,0.0,0.0,80.087,9.486,0.0,0.0,0.0,0.0817
2026,e428dfc1-0401-447d-a23d-4183fe3cb9d4,Cooper Beebe,DAL,OL,17,0.0,0.0,80.087,9.486,0.0,0.0,0.0,0.0817
2026,4059091b-e1c8-4174-affb-f199807a08d0,Cooper DeJean,PHI,DB,17,0.0,0.0,80.087,9.486,0.0,0.0,0.0,0.0817
2026,a8c93c55-8a38-4d9f-91e1-8d867fb86a4e,Cooper McDonald,KC,LB,17,0.0,0.0,80.087,9.486,0.0,0.0,0.0,0.0817
2026,309c3f2a-a99c-493a-958d-8f4e4c6ffd80,Cordale Flott,TEN,DB,17,0.0,0.0,80.087,9.486,0.0,0.0,0.0,0.0817
2026,875cdb7d-dad0-476a-b628-886c323aea15,Cordell Volson,TEN,OL,17,0.0,0.0,80.087,9.486,0.0,0.0,0.0,0.0817
2026,a2db0e0e-d072-49d7-bf81-ddca45e1d285,Corey Ballentine,DAL,DB,17,0.0,0.0,80.087,9.486,0.0,0.0,0.0,0.0817
2026,46522bf2-dc80-402a-8af8-20ff482ce5ed,Corey Bullock,BAL,OL,17,0.0,0.0,80.087,9.486,0.0,0.0,0.0,0.0817
2026,f10e1ca3-25ac-4390-b32f-590a710f1e92,Corey Levin,ATL,OL,17,0.0,0.0,80.087,9.486,0.0,0.0,0.0,0.0817
2026,865d5ac4-e9c4-4b96-a0c4-6b45e506c0e4,Corey Robinson,CIN,OL,17,0.0,0.0,80.087,9.486,0.0,0.0,0.0,0.0817
2026,9e5a6e81-600b-490a-b4bf-96d803fbf4bf,Corey Thornton,CAR,DB,17,0.0,0.0,80.087,9.486,0.0,0.0,0.0,0.0817
2026,3f55e8d1-3348-4091-8047-4057871e5b70,Corliss Waitman,SF,P,17,0.0,0.0,80.087,9.486,0.0,0.0,0.0,0.0817
2026,cc7026d7-0019-4659-8033-7e18eb509f76,Cory Durden,NE,DL,17,0.0,0.0,80.087,9.486,0.0,0.0,0.0,0.0817
2026,c2b0c6ae-221d-4e9f-9cd8-bb7effa4cc6d,Courtland Ford,NYJ,OL,17,0.0,0.0,80.087,9.486,0.0,0.0,0.0,0.0817
2026,fb413118-8fd5-44d4-8abb-ac1b780418c4,Coziah Izzard,NO,DL,17,0.0,0.0,80.087,9.486,0.0,0.0,0.0,0.0817
2026,575fc675-b483-46fe-8dea-2c658fac15e6,Craig Woodson,NE,DB,17,0.0,0.0,80.087,9.486,0.0,0.0,0.0,0.0817
2026,84d0c988-0334-4f77-bd7f-beaea0f428a7,Creed Humphrey,KC,OL,17,0.0,0.0,80.087,9.486,0.0,0.0,0.0,0.0817
2026,ef3c2683-e3ac-4b3b-aa02-9f28ef03e442,Curtis Robinson,DAL,LB,17,0.0,0.0,80.087,9.486,0.0,0.0,0.0,0.0817
2026,813db7d4-d767-4924-8d79-5950a69d7e39,D'Angelo Ponds,NYJ,DB,17,0.0,0.0,80.087,9.486,0.0,0.0,0.0,0.0817
2026,ab7d2399-68ec-4b08-b206-3bc25b82d2ba,D'Angelo Ross,CLE,DB,17,0.0,0.0,80.087,9.486,0.0,0.0,0.0,0.0817
2026,0447b714-01a9-4cb3-9a6f-5e035e1f7252,D'Anthony Bell,SEA,DB,17,0.0,0.0,80.087,9.486,0.0,0.0,0.0,0.0817
2026,8d7977d2-9d5a-4602-8725-fa78d884e4d5,D'Arco Perkins-McAllister,KC,DB,17,0.0,0.0,80.087,9.486,0.0,0.0,0.0,0.0817
2026,62f7c8b4-5280-4d68-91e3-35caab21f740,D'Marco Jackson,CHI,LB,17,0.0,0.0,80.087,9.486,0.0,0.0,0.0,0.0817
2026,7b9e53c9-9086-44dc-9950-86d30086627b,D'Shawn Jamison,PIT,DB,17,0.0,0.0,80.087,9.486,0.0,0.0,0.0,0.0817
2026,e0915c4f-b813-4728-8b6e-ee16c1dfa5d4,D.J. Campbell,MIA,OL,17,0.0,0.0,80.087,9.486,0.0,0.0,0.0,0.0817
2026,b9cd4d70-6383-4a31-b7a3-e8c7d94546da,D.J. Ivey,CIN,DB,17,0.0,0.0,80.087,9.486,0.0,0.0,0.0,0.0817
2026,7a78de86-f815-4e9f-9940-78038445731c,D.J. Jones,DEN,DL,17,0.0,0.0,80.087,9.486,0.0,0.0,0.0,0.0817
2026,6725e9ba-cf7e-4ea2-a9c6-047241fdd3f3,D.J. Reed,DET,DB,17,0.0,0.0,80.087,9.486,0.0,0.0,0.0,0.0817
2026,3380b553-f1dd-49b8-9d50-0e1fe3b4038f,D.J. Wingfield,DAL,OL,17,0.0,0.0,80.087,9.486,0.0,0.0,0.0,0.0817
2026,8c77d1a7-0908-4fe1-9eed-5097a4e1148b,D.J. Withers,DAL,DL,17,0.0,0.0,80.087,9.486,0.0,0.0,0.0,0.0817
2026,9c5759c9-8c78-489e-ba33-568ffd2ce3ad,D.J. Wonnum,DET,LB,17,0.0,0.0,80.087,9.486,0.0,0.0,0.0,0.0817
2026,3adaa67d-3a25-461b-864f-5345e802ed2a,D.Moore,CAR,WR,17,0.0,0.0,80.087,9.486,0.0,0.0,0.0,0.0817
2026,563b76c8-05e5-4404-a5c1-b2d9fe802411,DJ Davidson,WAS,DL,17,0.0,0.0,80.087,9.486,0.0,0.0,0.0,0.0817
2026,42c9b7dd-6c03-468e-838f-eba5ca9ddb95,DJ Glaze,LV,OL,17,0.0,0.0,80.087,9.486,0.0,0.0,0.0,0.0817
2026,9ad46391-f5d4-46e4-8ef3-c584f180adbc,DJ Johnson,WAS,LB,17,0.0,0.0,80.087,9.486,0.0,0.0,0.0,0.0817
2026,a3acce74-1be0-4e89-9a9d-f8e845550615,DJ Reader,NYG,DL,17,0.0,0.0,80.087,9.486,0.0,0.0,0.0,0.0817
2026,de5a8720-bb6f-455d-b405-e931ab9b42d7,DJ Turner II,CIN,DB,17,0.0,0.0,80.087,9.486,0.0,0.0,0.0,0.0817
2026,8a362dc1-c472-4778-bdde-7b7480d2398b,Da'Metrius Weatherspoon,BUF,OL,17,0.0,0.0,80.087,9.486,0.0,0.0,0.0,0.0817
2026,ac28e093-9335-4688-85e3-2c6ad61ae419,Da'Shawn Hand,ATL,DL,17,0.0,0.0,80.087,9.486,0.0,0.0,0.0,0.0817
2026,f624155a-3901-43de-94f0-9aea9a88f739,Da'Veawn Armstead,MIN,DB,17,0.0,0.0,80.087,9.486,0.0,0.0,0.0,0.0817
2026,1cd7a384-670a-445c-b10c-b4dd7b0d741e,DaRon Bland,DAL,DB,17,0.0,0.0,80.087,9.486,0.0,0.0,0.0,0.0817
2026,fcf48446-470f-446e-9d40-c3824ef56180,DaShawn Jones,NO,DB,17,0.0,0.0,80.087,9.486,0.0,0.0,0.0,0.0817
2026,7fc29165-8a91-4fcb-8dad-f7fba7bb5ffa,DaVon Hamilton,JAX,DL,17,0.0,0.0,80.087,9.486,0.0,0.0,0.0,0.0817
2026,c2037343-9aac-4aa6-b886-3caf48d63806,Dadrion Taylor-Demerson,ARI,DB,17,0.0,0.0,80.087,9.486,0.0,0.0,0.0,0.0817
2026,822db8e3-7a45-448b-99a0-7a736ab71e57,Daequan Hardy,PIT,DB,17,0.0,0.0,80.087,9.486,0.0,0.0,0.0,0.0817
2026,7b92449f-68c5-4ab7-b23a-70971f4ea61e,Daijahn Anthony,CIN,DB,17,0.0,0.0,80.087,9.486,0.0,0.0,0.0,0.0817
2026,d50a4ef6-e465-4d5b-a733-15330d3b48b0,Daiyan Henley,LAC,LB,17,0.0,0.0,80.087,9.486,0.0,0.0,0.0,0.0817
2026,1800ff0f-6434-411f-b0c1-77eae5f22fb7,Dallas Turner,MIN,LB,17,0.0,0.0,80.087,9.486,0.0,0.0,0.0,0.0817
2026,a34d2716-c7c7-43fe-b6ed-97ebc8725eee,Dallis Flowers,CHI,DB,17,0.0,0.0,80.087,9.486,0.0,0.0,0.0,0.0817
2026,7360f1d7-1a27-4a95-880e-4abd0add3fe0,Dalton Cooper,GB,OL,17,0.0,0.0,80.087,9.486,0.0,0.0,0.0,0.0817
2026,f89afe0e-d206-4bb1-9445-4267c8b2caef,Dalton Johnson,LV,DB,17,0.0,0.0,80.087,9.486,0.0,0.0,0.0,0.0817
2026,fe6292f6-9c47-4137-8140-ab9d971c0100,Dalton Risner,CIN,OL,17,0.0,0.0,80.087,9.486,0.0,0.0,0.0,0.0817
2026,8c7e352a-c502-49d0-94da-7c125abffcb3,Dalton Tucker,IND,OL,17,0.0,0.0,80.087,9.486,0.0,0.0,0.0,0.0817
2026,d34f1973-f048-4b7b-b021-ca1fef180b0e,Dalton Wagner,LV,OL,17,0.0,0.0,80.087,9.486,0.0,0.0,0.0,0.0817
2026,93883930-dd52-4ec4-ba32-98c45f67832b,Dalvin Tomlinson,LAC,DL,17,0.0,0.0,80.087,9.486,0.0,0.0,0.0,0.0817
2026,48536e71-8a1b-41e0-80bb-e8f9686e465b,Dalys Beanum,NO,DB,17,0.0,0.0,80.087,9.486,0.0,0.0,0.0,0.0817
2026,9abf0c0b-cce4-4d79-88e0-a1bd5af381d7,Damar Hamlin,BUF,DB,17,0.0,0.0,80.087,9.486,0.0,0.0,0.0,0.0817
2026,04cf38d3-76df-4731-929e-40c6251ffaac,Damarion Williams,TB,DB,17,0.0,0.0,80.087,9.486,0.0,0.0,0.0,0.0817
2026,1469933a-3899-46af-ad9b-4f974fab6cc5,Dametrious Crownover,NE,OL,17,0.0,0.0,80.087,9.486,0.0,0.0,0.0,0.0817
2026,a266adb1-fd15-4ac2-8b7b-4137b5a1867b,Damien Lewis,CAR,OL,17,0.0,0.0,80.087,9.486,0.0,0.0,0.0,0.0817
2026,ae2497fa-4dd8-43aa-9f99-d9c6b1cb833c,Damon Payne,KC,DL,17,0.0,0.0,80.087,9.486,0.0,0.0,0.0,0.0817
2026,0ab96424-0a7c-4c0e-96d1-b5eb2d41dc9a,Damone Clark,DET,LB,17,0.0,0.0,80.087,9.486,0.0,0.0,0.0,0.0817
2026,2c1f8b3c-f39b-487b-8742-e9af06aeb64a,Damonic Williams,ARI,DL,17,0.0,0.0,80.087,9.486,0.0,0.0,0.0,0.0817
2026,8bdfcc3a-18c0-486e-a2d5-118cf647d2d6,Dan Feeney,TB,OL,17,0.0,0.0,80.087,9.486,0.0,0.0,0.0,0.0817
2026,fe1b75ae-fa33-41c6-b62f-c5367c40c275,Dan Jackson,DET,DB,17,0.0,0.0,80.087,9.486,0.0,0.0,0.0,0.0817
2026,67e5d03f-3c56-4b2c-81e5-2fa2f241f1fb,Dan Moore Jr.,TEN,OL,17,0.0,0.0,80.087,9.486,0.0,0.0,0.0,0.0817
2026,fa871bd6-e28a-45a0-b7cb-d7107983a369,Dane Belton,NYJ,DB,17,0.0,0.0,80.087,9.486,0.0,0.0,0.0,0.0817
2026,ef85e87a-2d9d-4c41-85f8-0e489d89bbf7,Dane Jackson,JAX,DB,17,0.0,0.0,80.087,9.486,0.0,0.0,0.0,0.0817
2026,f43f39e6-639c-4e3e-87db-f85e63e39624,Dani Dennis-Sutton,GB,DL,17,0.0,0.0,80.087,9.486,0.0,0.0,0.0,0.0817
2026,b1d6d52a-aa15-45f9-8a2a-b1e1f3a229b4,Daniel Faalele,NYG,OL,17,0.0,0.0,80.087,9.486,0.0,0.0,0.0,0.0817
2026,7ae1b3c1-851c-42d8-a729-313e474e43da,Daniel Hardy,CHI,DL,17,0.0,0.0,80.087,9.486,0.0,0.0,0.0,0.0817
2026,6612f0ec-6139-4a14-9a1a-713787cfd5bb,Daniel Scott,IND,DB,17,0.0,0.0,80.087,9.486,0.0,0.0,0.0,0.0817
2026,a732022e-9c7f-4202-bff8-6f7e66e27c97,Daniel Thomas,CLE,DB,17,0.0,0.0,80.087,9.486,0.0,0.0,0.0,0.0817
2026,2c65b99a-177c-49f0-9df3-3d87914b759a,Daniel Whelan,GB,P,17,0.0,0.0,80.087,9.486,0.0,0.0,0.0,0.0817
2026,c3498e00-c8a9-49f4-afc1-cd33f55c7ca2,Danielle Hunter,HOU,DL,17,0.0,0.0,80.087,9.486,0.0,0.0,0.0,0.0817
2026,d972814a-739b-4640-ba88-388ee9aa0992,Danny Pinter,BAL,OL,17,0.0,0.0,80.087,9.486,0.0,0.0,0.0,0.0817
2026,4ff8b35a-39d2-431a-956e-fee5c7ec5d93,Danny Striggow,JAX,DL,17,0.0,0.0,80.087,9.486,0.0,0.0,0.0,0.0817
2026,b8409296-acaf-41b2-b03e-259a481d23af,Danny Stutsman,NO,LB,17,0.0,0.0,80.087,9.486,0.0,0.0,0.0,0.0817
2026,c4ced392-8bd0-4375-b616-b2bfe4e25606,Dante Fowler Jr.,SEA,DL,17,0.0,0.0,80.087,9.486,0.0,0.0,0.0,0.0817
2026,8b0af732-1fcb-48b6-adeb-352da936aba0,Dante Stills,ARI,DL,17,0.0,0.0,80.087,9.486,0.0,0.0,0.0,0.0817
2026,3c08d9ab-0ce1-44d2-8b97-e83b18bb66a2,Dante Trader Jr.,MIA,DB,17,0.0,0.0,80.087,9.486,0.0,0.0,0.0,0.0817
2026,84eff825-5201-4cbc-9bc0-e4e4a2967c69,Darien Porter,LV,DB,17,0.0,0.0,80.087,9.486,0.0,0.0,0.0,0.0817
2026,7d6a77aa-2a0a-4013-9083-767a0af49fb0,Darius Alexander,NYG,DL,17,0.0,0.0,80.087,9.486,0.0,0.0,0.0,0.0817
2026,5ecfc599-2932-4e3b-9920-70943b74fc45,Darius Muasau,NYG,LB,17,0.0,0.0,80.087,9.486,0.0,0.0,0.0,0.0817
2026,ccd41785-24e6-47e2-aae5-deaa221fd68f,Darius Robinson,ARI,DL,17,0.0,0.0,80.087,9.486,0.0,0.0,0.0,0.0817
2026,efb248c4-f5b4-4e33-b759-66ec7abc3bcc,Darius Rush,WAS,DB,17,0.0,0.0,80.087,9.486,0.0,0.0,0.0,0.0817
2026,93285689-1b32-4d32-bb9c-8a3772348c48,Darnay Holmes,ATL,DB,17,0.0,0.0,80.087,9.486,0.0,0.0,0.0,0.0817
2026,bc0588eb-e035-45a4-8fd9-d1eb5aec3faf,Darnell Savage,PIT,DB,17,0.0,0.0,80.087,9.486,0.0,0.0,0.0,0.0817
2026,e5f73f7c-8ece-471d-a85f-4a26ce305b0e,Darnell Wright,CHI,OL,17,0.0,0.0,80.087,9.486,0.0,0.0,0.0,0.0817
2026,f469ee46-f913-4aab-a6ad-2f42a5d07be8,Daron Payne,WAS,DL,17,0.0,0.0,80.087,9.486,0.0,0.0,0.0,0.0817
2026,dd3a81e3-961d-49bb-aa99-c1cabe9dacf8,Darrell Baker Jr.,MIA,DB,17,0.0,0.0,80.087,9.486,0.0,0.0,0.0,0.0817
2026,8107a74f-31df-4500-800e-544568224df0,Darrell Luter Jr.,SF,DB,17,0.0,0.0,80.087,9.486,0.0,0.0,0.0,0.0817
2026,862d39a4-090f-4ca2-b33a-fe6eb1530d6e,Darren Hall,ATL,DB,17,0.0,0.0,80.087,9.486,0.0,0.0,0.0,0.0817
2026,ea434786-9d33-41ec-86cc-a47aff0cd193,Darrick Forrest,SF,DB,17,0.0,0.0,80.087,9.486,0.0,0.0,0.0,0.0817
2026,d9f6a4d6-228f-4e5f-92d3-b8d4da980b97,Darryl Peterson,LA,LB,17,0.0,0.0,80.087,9.486,0.0,0.0,0.0,0.0817
2026,298e6549-0180-4ed9-8cf8-bc571756030d,Dasan McCullough,DEN,LB,17,0.0,0.0,80.087,9.486,0.0,0.0,0.0,0.0817
2026,40caa27a-42bc-4cd0-9e28-05fef5dcf016,Daveren Rayner,ATL,LB,17,0.0,0.0,80.087,9.486,0.0,0.0,0.0,0.0817
2026,c7d29175-b9ef-454c-b52d-4812bf982582,David Agoha,TEN,DL,17,0.0,0.0,80.087,9.486,0.0,0.0,0.0,0.0817
2026,b7a71305-db0a-4532-8e76-e5c8d7537191,David Bailey,NYJ,LB,17,0.0,0.0,80.087,9.486,0.0,0.0,0.0,0.0817
2026,1ff752ff-5ed6-46ae-b0f0-70495a2b4156,David Blay,NE,DL,17,0.0,0.0,80.087,9.486,0.0,0.0,0.0,0.0817
2026,f5f3359b-4f4f-4279-8af4-96eab2dd9281,David Edwards,NO,OL,17,0.0,0.0,80.087,9.486,0.0,0.0,0.0,0.0817
2026,b534b799-809b-4252-aa30-05ed00541646,David Ojabo,MIA,LB,17,0.0,0.0,80.087,9.486,0.0,0.0,0.0,0.0817
2026,ebf33e35-a741-4395-bcc6-e2921b4619cf,David Olajiga,BAL,DL,17,0.0,0.0,80.087,9.486,0.0,0.0,0.0,0.0817
2026,0441c961-da36-4177-9159-c9202b75a9fb,David Onyemata,NYJ,DL,17,0.0,0.0,80.087,9.486,0.0,0.0,0.0,0.0817
2026,ed0eba05-4530-4eb4-864e-e065f7612add,David Quessenberry,LA,OL,17,0.0,0.0,80.087,9.486,0.0,0.0,0.0,0.0817
2026,ec3e4289-3a26-4bf7-801a-03ccb4b79037,David Walker,TB,LB,17,0.0,0.0,80.087,9.486,0.0,0.0,0.0,0.0817
2026,23c415f0-ec68-4d06-b88d-0029569cc746,Davison Igbinosun,BUF,DB,17,0.0,0.0,80.087,9.486,0.0,0.0,0.0,0.0817
2026,84597167-75c3-4100-aca7-c9b5402e379f,Davon Godchaux,NO,DL,17,0.0,0.0,80.087,9.486,0.0,0.0,0.0,0.0817
2026,417d07fc-801b-445f-9ea3-63c1169415ff,Dawand Jones,CLE,OL,17,0.0,0.0,80.087,9.486,0.0,0.0,0.0,0.0817
2026,822df3ff-c43d-4cc6-9924-fdf90130adae,Daxton Hill,CIN,DB,17,0.0,0.0,80.087,9.486,0.0,0.0,0.0,0.0817
2026,25022161-407a-49ec-b344-5b1521f18842,Daylan Carnell,PIT,DB,17,0.0,0.0,80.087,9.486,0.0,0.0,0.0,0.0817
2026,f9018276-df36-406c-b69f-4a61d0726e0c,Daylen Everette,PIT,DB,17,0.0,0.0,80.087,9.486,0.0,0.0,0.0,0.0817
2026,937f13af-a0fb-4f6e-a754-c6eb6f37e62e,Dayo Odeyingbo,CHI,DL,17,0.0,0.0,80.087,9.486,0.0,0.0,0.0,0.0817
2026,8b877d76-8d26-4af8-a741-8389dfe9b6a0,De'Shawn Rucker,DET,DB,17,0.0,0.0,80.087,9.486,0.0,0.0,0.0,0.0817
2026,f37b3f44-6e9e-421a-bb72-bfc58fb6184e,DeAngelo Malone,ATL,LB,17,0.0,0.0,80.087,9.486,0.0,0.0,0.0,0.0817
2026,9f5e8b70-00b8-4eda-beb5-d147d71daae1,DeForest Buckner,IND,DL,17,0.0,0.0,80.087,9.486,0.0,0.0,0.0,0.0817
2026,7c2cc5c8-aae7-4274-9280-cbc3e6c274da,DeMarcco Hellams,ATL,DB,17,0.0,0.0,80.087,9.486,0.0,0.0,0.0,0.0817
2026,a45afc94-2dd6-4b55-ae10-15a737851187,DeMarcus Lawrence,SEA,LB,17,0.0,0.0,80.087,9.486,0.0,0.0,0.0,0.0817
2026,ce81fef6-f739-4d7f-8657-f57a4edf47be,DeMarvion Overshown,DAL,LB,17,0.0,0.0,80.087,9.486,0.0,0.0,0.0,0.0817
2026,a44e74ab-5f4d-46a1-9816-a0f8fbb368ab,DeMonte Capehart,TB,DL,17,0.0,0.0,80.087,9.486,0.0,0.0,0.0,0.0817
2026,5b19e526-58fc-4527-9b82-c8e0e716b2a8,DeShawn McKnight,TB,DL,17,0.0,0.0,80.087,9.486,0.0,0.0,0.0,0.0817
2026,62b6443e-ed55-4796-94ae-1b4764d2914d,DeShon Elliott,PIT,DB,17,0.0,0.0,80.087,9.486,0.0,0.0,0.0,0.0817
2026,83b066d1-3a4d-4963-83f4-1d6e4a199503,DeShon Singleton,KC,DB,17,0.0,0.0,80.087,9.486,0.0,0.0,0.0,0.0817
2026,8d6fdba2-12b6-4c5a-b30a-0473e987dd5c,DeVonta Smith,CAR,DB,17,0.0,0.0,80.087,9.486,0.0,0.0,0.0,0.0817
2026,fe792a6e-5e26-43e2-9367-caf8993a27c3,DeWayne Carter,BUF,DL,17,0.0,0.0,80.087,9.486,0.0,0.0,0.0,0.0817
2026,86404422-67df-42d1-8bd0-adb0b6a1f6e3,Dean Clark,NYJ,DB,17,0.0,0.0,80.087,9.486,0.0,0.0,0.0,0.0817
2026,98a67a94-210a-4460-9451-5e9e1f2cad0e,Dean Lowry,PIT,DL,17,0.0,0.0,80.087,9.486,0.0,0.0,0.0,0.0817
2026,048c85cf-8853-4512-869c-37ace08ece47,Deane Leonard,LAC,DB,17,0.0,0.0,80.087,9.486,0.0,0.0,0.0,0.0817
2026,096f4294-562e-405f-90d1-c719edb89f93,Deatrich Wise,WAS,DL,17,0.0,0.0,80.087,9.486,0.0,0.0,0.0,0.0817
2026,98890a4f-43bf-408c-8aa7-67d208320776,Decamerion Richardson,LV,DB,17,0.0,0.0,80.087,9.486,0.0,0.0,0.0,0.0817
2026,b87d8c55-c79c-481a-a19c-d75ff6ce899b,Dee Alford,BUF,DB,17,0.0,0.0,80.087,9.486,0.0,0.0,0.0,0.0817
2026,9a9494b4-4785-45aa-8d8c-5d40671c309f,Dee Winters,DAL,LB,17,0.0,0.0,80.087,9.486,0.0,0.0,0.0,0.0817
2026,6b223ebc-73df-4f8f-bd7f-bb47e7d606ae,Del'Shawn Phillips,LAC,LB,17,0.0,0.0,80.087,9.486,0.0,0.0,0.0,0.0817
2026,4912f0f7-970a-4a9d-bdb6-ae49cbb30f52,Delby Lemieux,MIN,OL,17,0.0,0.0,80.087,9.486,0.0,0.0,0.0,0.0817
2026,33077c79-9ae6-4848-aa9e-cd67314ce89e,Dell Pettus,NE,DB,17,0.0,0.0,80.087,9.486,0.0,0.0,0.0,0.0817
2026,b43756f1-d9d7-46d3-af3e-d60736a94e92,Demani Richardson,CAR,DB,17,0.0,0.0,80.087,9.486,0.0,0.0,0.0,0.0817
2026,6a3374de-5c90-4c35-9fc8-4056c9ee1d34,Demario Davis,NYJ,LB,17,0.0,0.0,80.087,9.486,0.0,0.0,0.0,0.0817
2026,2fb46a8c-610b-4349-98eb-bb59de3d9069,Demetrius Flannigan-Fowles,BUF,LB,17,0.0,0.0,80.087,9.486,0.0,0.0,0.0,0.0817
2026,9f437eea-a81a-4dbc-961b-1f7d24a17523,Demetrius Knight Jr.,CIN,LB,17,0.0,0.0,80.087,9.486,0.0,0.0,0.0,0.0817
2026,7ebd4953-470e-42f8-8673-d65c7664b8a8,Demontrey Jacobs,ARI,OL,17,0.0,0.0,80.087,9.486,0.0,0.0,0.0,0.0817
2026,c8828349-56f5-4697-a347-736d2e288395,Dennis Gardeck,JAX,LB,17,0.0,0.0,80.087,9.486,0.0,0.0,0.0,0.0817
2026,86e3781b-528c-409b-ad6c-6eff4b8c16df,Denzel Burke,ARI,DB,17,0.0,0.0,80.087,9.486,0.0,0.0,0.0,0.0817
2026,568336a8-14bb-4e99-b592-96ec1978d8e9,Denzel Perryman,LAC,LB,17,0.0,0.0,80.087,9.486,0.0,0.0,0.0,0.0817
2026,c5f61947-c6f2-40a7-89e8-e661f42e7456,Denzel Ward,CLE,DB,17,0.0,0.0,80.087,9.486,0.0,0.0,0.0,0.0817
2026,a6f8bf02-2109-4887-ab89-11b66dc24355,Deommodore Lenoir,SF,DB,17,0.0,0.0,80.087,9.486,0.0,0.0,0.0,0.0817
2026,c3591078-b9a2-4127-94fb-a0322905fded,Deone Walker,BUF,DL,17,0.0,0.0,80.087,9.486,0.0,0.0,0.0,0.0817
2026,7194edf5-03bf-4306-8ee0-3806ec1e3518,Deontae Lawson,PHI,LB,17,0.0,0.0,80.087,9.486,0.0,0.0,0.0,0.0817
2026,426af369-05be-45ea-ad6c-f310d5797a60,Deonte Banks,NYG,DB,17,0.0,0.0,80.087,9.486,0.0,0.0,0.0,0.0817
2026,b5071fc5-4ccb-46cd-bee7-4ee39f603437,Derek Stingley Jr.,HOU,DB,17,0.0,0.0,80.087,9.486,0.0,0.0,0.0,0.0817
2026,e660fccb-519c-462c-abd4-279e810db2ad,Derick Hall,SEA,LB,17,0.0,0.0,80.087,9.486,0.0,0.0,0.0,0.0817
2026,4a35d40b-abef-4b64-bc35-eb8cafc8307a,Derion Kendrick,DAL,DB,17,0.0,0.0,80.087,9.486,0.0,0.0,0.0,0.0817
2026,88eea843-0e5b-49b9-8735-02ed44c3827c,Derrick Barnes,DET,LB,17,0.0,0.0,80.087,9.486,0.0,0.0,0.0,0.0817
2026,94d6e3c3-5a5c-4e0f-81bb-1162740aa263,Derrick Brown,CAR,DL,17,0.0,0.0,80.087,9.486,0.0,0.0,0.0,0.0817
2026,b57ea254-135c-46d2-972f-3ed7ff6892c6,Derrick Canteen,SF,DB,17,0.0,0.0,80.087,9.486,0.0,0.0,0.0,0.0817
2026,8fd4e1b4-d58d-4d71-9eb8-3d8a019572ad,Derrick Graham,HOU,OL,17,0.0,0.0,80.087,9.486,0.0,0.0,0.0,0.0817
2026,45445388-d55b-4214-98fb-44289e833661,Derrick Harmon,PIT,DL,17,0.0,0.0,80.087,9.486,0.0,0.0,0.0,0.0817
2026,3486cc32-ac84-44eb-8b00-1ddcaf6cc6cc,Derrick Moore,DET,DL,17,0.0,0.0,80.087,9.486,0.0,0.0,0.0,0.0817
2026,1f5ce169-85eb-4d65-8504-695cfdb81fe6,Derrick Nnadi,IND,DL,17,0.0,0.0,80.087,9.486,0.0,0.0,0.0,0.0817
2026,e355efda-64dc-47e2-a5d5-68a6810d8ce9,Derwin James,LAC,DB,17,0.0,0.0,80.087,9.486,0.0,0.0,0.0,0.0817
2026,064e35eb-b296-4079-bda5-e4eb3571d457,Desjuan Johnson,LA,DL,17,0.0,0.0,80.087,9.486,0.0,0.0,0.0,0.0817
2026,f6ed1665-f95b-4e30-b51f-9308fc8137a2,Devan Boykin,PIT,DB,17,0.0,0.0,80.087,9.486,0.0,0.0,0.0,0.0817
2026,6182865d-a1fa-4bed-a51c-f280bf588baf,Deven Eastern,SEA,DL,17,0.0,0.0,80.087,9.486,0.0,0.0,0.0,0.0817
2026,5b4b2281-6bd3-4dbe-858b-f0d85cb9ee7a,Devin Bush,CHI,LB,17,0.0,0.0,80.087,9.486,0.0,0.0,0.0,0.0817
2026,02de47aa-d165-4fb8-a8b3-ef09f4d216c0,Devin Cochran,DET,OL,17,0.0,0.0,80.087,9.486,0.0,0.0,0.0,0.0817
2026,3a2b8524-8d61-4401-bb6b-4e17ad0ef288,Devin Grant,LAC,DB,17,0.0,0.0,80.087,9.486,0.0,0.0,0.0,0.0817
2026,05215e35-d4eb-4d51-8406-e32e114f8d21,Devin Lafayette,LV,DB,17,0.0,0.0,80.087,9.486,0.0,0.0,0.0,0.0817
2026,e52aee68-c0b0-4482-8c09-1242d67d9006,Devin Lloyd,CAR,LB,17,0.0,0.0,80.087,9.486,0.0,0.0,0.0,0.0817
2026,37a64239-c7cd-4dbe-be1f-1675a1bc9b8c,Devin Moore,DAL,DB,17,0.0,0.0,80.087,9.486,0.0,0.0,0.0,0.0817
2026,aac74f3f-7b37-4ff6-907d-faf6f81c3d74,Devin Neal,JAX,DB,17,0.0,0.0,80.087,9.486,0.0,0.0,0.0,0.0817
2026,35d364de-2c83-4a06-aa1f-427287f68678,Devin Veresuk,IND,LB,17,0.0,0.0,80.087,9.486,0.0,0.0,0.0,0.0817
2026,0b9645f9-2095-43e9-b3e9-7bb682ac8ae3,Devon Key,DEN,DB,17,0.0,0.0,80.087,9.486,0.0,0.0,0.0,0.0817
2026,e955fef6-3860-4e66-b36f-425d8d9991d5,Devon Marshall,JAX,DB,17,0.0,0.0,80.087,9.486,0.0,0.0,0.0,0.0817
2026,210b0132-b8c1-487f-bbc5-cbeaac5dd19e,Devon Witherspoon,SEA,DB,17,0.0,0.0,80.087,9.486,0.0,0.0,0.0,0.0817
2026,efc96d5b-734b-475c-8f65-4163e82a9ba2,Devonte Wyatt,GB,DL,17,0.0,0.0,80.087,9.486,0.0,0.0,0.0,0.0817
2026,af0a154a-3ca1-46cd-bd37-63c5d9186f90,Devyn Perkins,LV,DB,17,0.0,0.0,80.087,9.486,0.0,0.0,0.0,0.0817
2026,be8722f9-8e9f-4bd6-b73d-44c65b1b6af3,Dexter Lawrence,CIN,DL,17,0.0,0.0,80.087,9.486,0.0,0.0,0.0,0.0817
2026,44ebe89e-f63e-4fa9-b544-e08456aaddb6,Diego Pounds,BAL,OL,17,0.0,0.0,80.087,9.486,0.0,0.0,0.0,0.0817
2026,1cff1e1d-cfff-4467-87c5-22e610debb61,Dillon Radunz,NO,OL,17,0.0,0.0,80.087,9.486,0.0,0.0,0.0,0.0817
2026,2278e336-bfb1-4581-a913-b9965fb5fef1,Dillon Thieneman,CHI,DB,17,0.0,0.0,80.087,9.486,0.0,0.0,0.0,0.0817
2026,fb69f052-e481-4a74-9904-e3187fff9a85,Dillon Wade,GB,OL,17,0.0,0.0,80.087,9.486,0.0,0.0,0.0,0.0817
2026,b8bbe5ae-3bf2-4185-9b3c-14a9613d3601,Dion Dawkins,BUF,OL,17,0.0,0.0,80.087,9.486,0.0,0.0,0.0,0.0817
2026,e394c885-0386-4463-afcd-fbe37a0e008b,Dion Wilson,BAL,DL,17,0.0,0.0,80.087,9.486,0.0,0.0,0.0,0.0817
2026,f1fdc1b8-377b-4b8f-9259-5392ea735859,Divine Deablo,ATL,LB,17,0.0,0.0,80.087,9.486,0.0,0.0,0.0,0.0817
2026,20f6cac7-49b9-4661-9424-ff3a9723644e,Dom Jones,CLE,DB,17,0.0,0.0,80.087,9.486,0.0,0.0,0.0,0.0817
2026,97105782-6d9e-4445-89a0-8a7db969c691,Domani Jackson,GB,DB,17,0.0,0.0,80.087,9.486,0.0,0.0,0.0,0.0817
2026,e7e80b2b-633e-495b-a57e-ee387e1b84b8,Dominic Bailey,HOU,DL,17,0.0,0.0,80.087,9.486,0.0,0.0,0.0,0.0817
2026,6c5b0c9f-b26a-44b1-acbf-01269cb8a7c3,Dominic DeLuca,BAL,LB,17,0.0,0.0,80.087,9.486,0.0,0.0,0.0,0.0817
2026,e29038f8-e0bd-4614-bd1e-6afb59342c7c,Dominic Zvada,NYG,K,17,0.0,0.0,80.087,9.486,0.0,0.0,0.0,0.0817
2026,d10cafc7-fa90-4cb9-a7e0-e93b53aae461,Dominick Puni,SF,OL,17,0.0,0.0,80.087,9.486,0.0,0.0,0.0,0.0817
2026,ddfa92b7-5445-4ed6-9aa0-a54b532759bb,Dominique Hampton,CHI,DB,17,0.0,0.0,80.087,9.486,0.0,0.0,0.0,0.0817
2026,a50d0e4d-add5-41bf-b3ff-f15639cfbe06,Dominique Robinson,HOU,DL,17,0.0,0.0,80.087,9.486,0.0,0.0,0.0,0.0817
2026,444f2101-be9e-42d5-88a5-51bcc9658ac8,Domonique Orange,MIN,DL,17,0.0,0.0,80.087,9.486,0.0,0.0,0.0,0.0817
2026,3f51e0dc-fb16-4bc6-8e56-f106c1b73970,Dondrea Tillman,DEN,LB,17,0.0,0.0,80.087,9.486,0.0,0.0,0.0,0.0817
2026,21359305-442f-48fd-b03e-d76682d407d7,Doneiko Slaughter,PIT,DB,17,0.0,0.0,80.087,9.486,0.0,0.0,0.0,0.0817
2026,791173e7-6079-4db0-bc6d-4cca57090ba0,Donovan Ezeiruaku,DAL,DL,17,0.0,0.0,80.087,9.486,0.0,0.0,0.0,0.0817
2026,cbed42b5-5050-4966-9ca0-6462782a5438,Donovan Jackson,MIN,OL,17,0.0,0.0,80.087,9.486,0.0,0.0,0.0,0.0817
2026,42eff82d-5c32-400c-bdce-2b7fa319e689,Donovan Jennings,GB,OL,17,0.0,0.0,80.087,9.486,0.0,0.0,0.0,0.0817
2026,a16286f7-5092-4163-a291-5f70f9731233,Donovan McMillon,CLE,DB,17,0.0,0.0,80.087,9.486,0.0,0.0,0.0,0.0817
2026,c74f8a32-5064-4f4a-92ef-9a1f2ad39064,Dontae Manning,CHI,DB,17,0.0,0.0,80.087,9.486,0.0,0.0,0.0,0.0817
2026,af8d08c9-9f49-435b-bee5-b50560a51e3d,Donte Jackson,LAC,DB,17,0.0,0.0,80.087,9.486,0.0,0.0,0.0,0.0817
2026,87d1ef24-6fde-4b25-8f07-44c2fdbebfbe,Donte Kent,PIT,DB,17,0.0,0.0,80.087,9.486,0.0,0.0,0.0,0.0817
2026,5e8c9c55-8a5c-49d3-a700-6cb25e13f42e,Dorance Armstrong,WAS,DL,17,0.0,0.0,80.087,9.486,0.0,0.0,0.0,0.0817
2026,87ea132c-e19f-407d-9b3c-243abe56cac3,Dorian Mausi,TEN,LB,17,0.0,0.0,80.087,9.486,0.0,0.0,0.0,0.0817
2026,c37571a6-652e-43fa-a5b4-216d9ae8ffe2,Dorian Strong,BUF,DB,17,0.0,0.0,80.087,9.486,0.0,0.0,0.0,0.0817
2026,b2888d3d-abc4-4fd3-ac93-0e0c3df9fe42,Dorian Williams,BUF,LB,17,0.0,0.0,80.087,9.486,0.0,0.0,0.0,0.0817
2026,99d86d08-4da3-4589-b5c7-54cc7448b68b,Doug Nester,PIT,OL,17,0.0,0.0,80.087,9.486,0.0,0.0,0.0,0.0817
2026,f4863712-4fcf-4773-8df7-e864839e52de,Drake Jackson,WAS,DL,17,0.0,0.0,80.087,9.486,0.0,0.0,0.0,0.0817
2026,91fd2333-9f5b-4cdc-a000-11e4514f37e0,Drake Nugent,SF,OL,17,0.0,0.0,80.087,9.486,0.0,0.0,0.0,0.0817
2026,25617af0-bc6e-4c65-ab0b-d5bd31fd7017,Drake Thomas,SEA,LB,17,0.0,0.0,80.087,9.486,0.0,0.0,0.0,0.0817
2026,a1dd2a4b-e3d9-4e8b-8983-a552c1300b45,Dre Greenlaw,SF,LB,17,0.0,0.0,80.087,9.486,0.0,0.0,0.0,0.0817
2026,4af8536d-67a7-452b-b5ea-b4c7151bd661,Dre'Mont Jones,NE,LB,17,0.0,0.0,80.087,9.486,0.0,0.0,0.0,0.0817
2026,e934f821-b02a-4e4f-a493-5dcf12a4e904,Drew Kendall,PHI,OL,17,0.0,0.0,80.087,9.486,0.0,0.0,0.0,0.0817
2026,66829ffb-33df-466f-995d-692b7a9a5283,Drew Moss,TEN,OL,17,0.0,0.0,80.087,9.486,0.0,0.0,0.0,0.0817
2026,ad4ceda2-d5fb-429e-8b88-dbb272dc8d85,Drew Sanders,DEN,LB,17,0.0,0.0,80.087,9.486,0.0,0.0,0.0,0.0817
2026,8060ed79-f058-43b4-8979-621b9704cc63,Drew Shelton,DAL,OL,17,0.0,0.0,80.087,9.486,0.0,0.0,0.0,0.0817
2026,65e9c9ff-3f16-4109-b156-24716c5cce41,Drew Stevens,WAS,K,17,0.0,0.0,80.087,9.486,0.0,0.0,0.0,0.0817
2026,8c971289-950a-4dbe-a0da-e0842b5a8548,Drey Norwood,LA,DB,17,0.0,0.0,80.087,9.486,0.0,0.0,0.0,0.0817
2026,9e94adbb-9d0f-40e4-ac48-79050f391fa9,Drue Tranquill,KC,LB,17,0.0,0.0,80.087,9.486,0.0,0.0,0.0,0.0817
2026,bf4187cc-9d87-4ede-9bf6-006ece5b5cec,Durell Nchami,IND,DL,17,0.0,0.0,80.087,9.486,0.0,0.0,0.0,0.0817
2026,d0534a09-17e9-4d3b-81a2-072f5494dcf3,Dwight McGlothern,MIN,DB,17,0.0,0.0,80.087,9.486,0.0,0.0,0.0,0.0817
2026,dc4ee23f-ee83-4f83-8b87-df09ed2d2f7b,Dylan Barrett,GB,OL,17,0.0,0.0,80.087,9.486,0.0,0.0,0.0,0.0817
2026,d1b4348b-a12c-4899-8554-280a1763f196,Dylan Cook,PIT,OL,17,0.0,0.0,80.087,9.486,0.0,0.0,0.0,0.0817
2026,e783238e-87d2-47f8-be35-cfd04503d744,Dylan Fairchild,CIN,OL,17,0.0,0.0,80.087,9.486,0.0,0.0,0.0,0.0817
2026,5876ec52-c2f5-4aca-a717-90823bdd6d89,Dylan Horton,HOU,DL,17,0.0,0.0,80.087,9.486,0.0,0.0,0.0,0.0817
2026,81893f8b-9292-4817-adf8-5f5174aabb4d,Dylan McMahon,LA,OL,17,0.0,0.0,80.087,9.486,0.0,0.0,0.0,0.0817
2026,d591d98d-c784-4d73-bfe6-80a97957c5d6,Dylan Parham,NYJ,OL,17,0.0,0.0,80.087,9.486,0.0,0.0,0.0,0.0817
2026,7e3e7ec7-ee45-46c8-a3a8-57b8f9344141,E.J. Speed,HOU,LB,17,0.0,0.0,80.087,9.486,0.0,0.0,0.0,0.0817
2026,21d5f6d5-4c64-429f-a565-8e41f63f8608,Earnest Brown IV,TEN,DL,17,0.0,0.0,80.087,9.486,0.0,0.0,0.0,0.0817
2026,7a49f844-4c45-4b1a-9154-d050eb4a369e,Easton Kilty,NO,OL,17,0.0,0.0,80.087,9.486,0.0,0.0,0.0,0.0817
2026,916fc62a-dd87-400b-87d2-bde1b10e65e4,Easton Mascarenas-Arnold,CLE,LB,17,0.0,0.0,80.087,9.486,0.0,0.0,0.0,0.0817
2026,82836f62-bb30-4c02-9606-8e892a03ada9,Ed Ingram,HOU,OL,17,0.0,0.0,80.087,9.486,0.0,0.0,0.0,0.0817
2026,934ec6b9-017f-49a0-81ea-ec76265503ee,Ed Oliver,BUF,DL,17,0.0,0.0,80.087,9.486,0.0,0.0,0.0,0.0817
2026,c7e300ed-abad-41b2-9694-98e6117feffb,Eddie Walls,LA,LB,17,0.0,0.0,80.087,9.486,0.0,0.0,0.0,0.0817
2026,a5d4ef81-44e3-4df1-b435-ea09558544c6,Eddy Pineiro,SF,K,17,0.0,0.0,80.087,9.486,0.0,0.0,0.0,0.0817
2026,69ba0e04-31fd-4761-ab59-4e1516be9ae0,Edefuan Ulofoshio,CLE,LB,17,0.0,0.0,80.087,9.486,0.0,0.0,0.0,0.0817
2026,8c41bc92-42f4-46eb-8d41-6be04d6944dd,Edgerrin Cooper,GB,LB,17,0.0,0.0,80.087,9.486,0.0,0.0,0.0,0.0817
2026,9c4690eb-da38-4fc8-aa01-875ef66ea26c,Eku Leota,ARI,LB,17,0.0,0.0,80.087,9.486,0.0,0.0,0.0,0.0817
2026,1139bce8-f3bc-4da6-8551-d890488a2cc8,Elgton Jenkins,CLE,OL,17,0.0,0.0,80.087,9.486,0.0,0.0,0.0,0.0817
2026,94c059b3-69b2-4eab-857f-ccb48bbfb68b,Eli Apple,SF,DB,17,0.0,0.0,80.087,9.486,0.0,0.0,0.0,0.0817
2026,8caa637b-dd3e-4cb7-8ba9-a916c2f53807,Eli Cox,HOU,OL,17,0.0,0.0,80.087,9.486,0.0,0.0,0.0,0.0817
2026,bf91012a-4627-4f53-a9ca-3e50400c8d95,Elias Neal,LA,LB,17,0.0,0.0,80.087,9.486,0.0,0.0,0.0,0.0817
2026,b6dd7abe-27a8-4f13-8f73-0aa7ccedfe30,Elijah Campbell,NYG,DB,17,0.0,0.0,80.087,9.486,0.0,0.0,0.0,0.0817
2026,3a134247-4051-4e81-9570-4f66896efa4f,Elijah Chatman,CLE,DL,17,0.0,0.0,80.087,9.486,0.0,0.0,0.0,0.0817
2026,7b849071-65c4-4340-9b46-d672db7a24a4,Elijah Culp,ARI,DB,17,0.0,0.0,80.087,9.486,0.0,0.0,0.0,0.0817
2026,3811a1d5-e751-4d45-a39f-663c3f2af8b2,Elijah Garcia,ATL,DL,17,0.0,0.0,80.087,9.486,0.0,0.0,0.0,0.0817
2026,10a80c42-f1f1-4302-b5c7-003db2c57f27,Elijah Hicks,CHI,DB,17,0.0,0.0,80.087,9.486,0.0,0.0,0.0,0.0817
2026,aec1bc03-66be-4ee9-94b8-b4bf04ca696f,Elijah Jones,ARI,DB,17,0.0,0.0,80.087,9.486,0.0,0.0,0.0,0.0817
2026,2e99cc7b-85e0-488b-8b2a-07606f344345,Elijah Klein,TB,OL,17,0.0,0.0,80.087,9.486,0.0,0.0,0.0,0.0817
2026,e4dc0f4b-a24f-486d-b6a7-b550c852fbef,Elijah Molden,LAC,DB,17,0.0,0.0,80.087,9.486,0.0,0.0,0.0,0.0817
2026,5763c159-40ad-45cb-9ea2-2ded77a092e1,Elijah Ponder,NE,LB,17,0.0,0.0,80.087,9.486,0.0,0.0,0.0,0.0817
2026,cd55c2c1-8c7a-41a4-bb58-43a280b4a2b2,Elijah Roberts,TB,DL,17,0.0,0.0,80.087,9.486,0.0,0.0,0.0,0.0817
2026,d1ef90f3-245e-44a5-bdfe-a23ef6c0db70,Elijah Simmons,TB,DL,17,0.0,0.0,80.087,9.486,0.0,0.0,0.0,0.0817
2026,fd84e874-81a3-42ba-b949-002585ad4007,Elijah Wilkinson,ARI,OL,17,0.0,0.0,80.087,9.486,0.0,0.0,0.0,0.0817
2026,c501d320-2e9f-42b0-ad86-95077f50f835,Elijah Williams,MIN,DL,17,0.0,0.0,80.087,9.486,0.0,0.0,0.0,0.0817
2026,8d4c682b-0b03-412b-935c-7e7bc7586eab,Elliott Brown,ARI,LB,17,0.0,0.0,80.087,9.486,0.0,0.0,0.0,0.0817
2026,a3f2578c-99c2-4ff8-9260-aaa22e0dd087,Elliott Davison,NO,DB,17,0.0,0.0,80.087,9.486,0.0,0.0,0.0,0.0817
2026,1542f4b1-5f61-4199-bca3-f288b3fe6cf0,Emany Johnson,LAC,LB,17,0.0,0.0,80.087,9.486,0.0,0.0,0.0,0.0817
2026,bcdd0434-ad74-483f-ae1b-777f6d5a0530,Emery Jones Jr.,BAL,OL,17,0.0,0.0,80.087,9.486,0.0,0.0,0.0,0.0817
2026,90de22b0-ac90-43d6-a0df-a7fd48e2ce41,Emmanuel Forbes,LA,DB,17,0.0,0.0,80.087,9.486,0.0,0.0,0.0,0.0817
2026,729cf564-a2c3-43fc-b65d-06d19cdc36da,Emmanuel McNeil-Warren,CLE,DB,17,0.0,0.0,80.087,9.486,0.0,0.0,0.0,0.0817
2026,dbdcf4da-c295-4dd5-9924-697df819dc18,Emmanuel Pregnon,JAX,OL,17,0.0,0.0,80.087,9.486,0.0,0.0,0.0,0.0817
2026,f0b3626d-69c6-486b-865e-6019ec7851ad,Ennis Rakestraw Jr.,DET,DB,17,0.0,0.0,80.087,9.486,0.0,0.0,0.0,0.0817
2026,07fb9a5e-d158-4bed-9879-a85b6da0b508,Enrique Cruz,SF,OL,17,0.0,0.0,80.087,9.486,0.0,0.0,0.0,0.0817
2026,2ab2f312-36b2-4559-a86a-e31f89dc8d76,Ephesians Prysock,SF,DB,17,0.0,0.0,80.087,9.486,0.0,0.0,0.0,0.0817
2026,51ec045c-aa35-4ef3-8c35-978df16e0de2,Eric Gentry,CIN,LB,17,0.0,0.0,80.087,9.486,0.0,0.0,0.0,0.0817
2026,c98c439b-53be-4d16-be8f-6a89b7ffa88b,Eric Gregory,NE,DL,17,0.0,0.0,80.087,9.486,0.0,0.0,0.0,0.0817
2026,59c3f6da-44b7-47a8-b6c9-ca28f7cfd723,Eric Johnson,MIN,DL,17,0.0,0.0,80.087,9.486,0.0,0.0,0.0,0.0817
2026,0ec5a609-f00a-476b-a967-ab96dcb72a49,Eric Murray,JAX,DB,17,0.0,0.0,80.087,9.486,0.0,0.0,0.0,0.0817
2026,5d1ba028-bbb6-4929-aee1-ebdd36df8837,Eric O'Neill,DET,DL,17,0.0,0.0,80.087,9.486,0.0,0.0,0.0,0.0817
2026,c3169b86-c2b3-4c0b-ba16-80fe853569fe,Eric Rogers,LAC,DB,17,0.0,0.0,80.087,9.486,0.0,0.0,0.0,0.0817
2026,58e5e23b-c6d7-4c98-88c4-18abf3010b45,Eric Stokes,LV,DB,17,0.0,0.0,80.087,9.486,0.0,0.0,0.0,0.0817
2026,190d492f-a8c3-4f33-bb46-56f96ad6a182,Eric Watts,NYJ,DL,17,0.0,0.0,80.087,9.486,0.0,0.0,0.0,0.0817
2026,a34f4f24-bd9e-497a-97ac-d25da0f9d68c,Eric Wilson,MIN,LB,17,0.0,0.0,80.087,9.486,0.0,0.0,0.0,0.0817
2026,026d6e98-71e2-454d-a6a9-3cd8f3aa9d83,Erick Hallett,TEN,DB,17,0.0,0.0,80.087,9.486,0.0,0.0,0.0,0.0817
2026,228624a6-1f55-4458-b5aa-e43d4510ca02,Erick Hunter,DET,LB,17,0.0,0.0,80.087,9.486,0.0,0.0,0.0,0.0817
2026,84620936-dfe8-4d3a-961e-470a85f776bc,Erik McCoy,NO,OL,17,0.0,0.0,80.087,9.486,0.0,0.0,0.0,0.0817
2026,58c86c89-138c-4914-9b13-7b451333fe8a,Ernest Jones,SEA,LB,17,0.0,0.0,80.087,9.486,0.0,0.0,0.0,0.0817
2026,bc7daf0b-6a71-48b1-a5b0-2ec059ac177b,Esa Pole,KC,OL,17,0.0,0.0,80.087,9.486,0.0,0.0,0.0,0.0817
2026,12611da9-26a8-4b10-9024-5415acf968c8,Esezi Otomewo,PIT,DL,17,0.0,0.0,80.087,9.486,0.0,0.0,0.0,0.0817
2026,a818b1da-3118-4bf7-b328-636292e920ac,Ethan Bonner,MIA,DB,17,0.0,0.0,80.087,9.486,0.0,0.0,0.0,0.0817
2026,02fdda8d-3700-4521-bd9f-a2623277d7be,Ethan Burke,BAL,DL,17,0.0,0.0,80.087,9.486,0.0,0.0,0.0,0.0817
2026,da1ba41a-c208-49a2-a974-da65f06557cc,Ethan Downs,KC,LB,17,0.0,0.0,80.087,9.486,0.0,0.0,0.0,0.0817
2026,99e295e1-cfac-40fe-97b4-54ac3a5fb1e5,Ethan Driskell,KC,OL,17,0.0,0.0,80.087,9.486,0.0,0.0,0.0,0.0817
2026,c1e63431-bc64-43c8-98e5-3a3f6868e2c5,Ethan Evans,LA,P,17,0.0,0.0,80.087,9.486,0.0,0.0,0.0,0.0817
2026,48c9c7b7-5fe1-4e1c-8283-eafbe1151719,Ethan Onianwa,ATL,OL,17,0.0,0.0,80.087,9.486,0.0,0.0,0.0,0.0817
2026,68bc5f52-bbcb-45d1-a025-d2c817398bbe,Ethan Robinson,MIA,DB,17,0.0,0.0,80.087,9.486,0.0,0.0,0.0,0.0817
2026,b78b2314-a2c2-427f-a426-6d44ddbe0f82,Evan Anderson,SF,DL,17,0.0,0.0,80.087,9.486,0.0,0.0,0.0,0.0817
2026,4ca62c4a-13a7-4e54-a776-93595d56c265,Evan Beerntsen,BAL,OL,17,0.0,0.0,80.087,9.486,0.0,0.0,0.0,0.0817
2026,21ce715a-7c17-49b3-a003-0ae82c9760c5,Evan Brown,HOU,OL,17,0.0,0.0,80.087,9.486,0.0,0.0,0.0,0.0817
2026,3dc0ef5e-e8a7-48fc-abc3-641c784e84ce,Evan Deckers,TB,LS,17,0.0,0.0,80.087,9.486,0.0,0.0,0.0,0.0817
2026,f8565343-9aa1-4de2-b482-ab4d1dc37644,Evan McPherson,CIN,K,17,0.0,0.0,80.087,9.486,0.0,0.0,0.0,0.0817
2026,10e82a16-8ec9-4296-8218-faa27d5d7ea4,Evan Neal,NYG,OL,17,0.0,0.0,80.087,9.486,0.0,0.0,0.0,0.0817
2026,ae1136f6-d086-4cdb-8ce9-d50132a7d6c0,Evan Williams,GB,DB,17,0.0,0.0,80.087,9.486,0.0,0.0,0.0,0.0817
2026,3019fa6e-960c-48be-be66-22fe986b7728,Eyioma Uwazurike,DEN,DL,17,0.0,0.0,80.087,9.486,0.0,0.0,0.0,0.0817
2026,98a825f3-f27c-445d-9b07-94bcd650102a,Ezra Cleveland,JAX,OL,17,0.0,0.0,80.087,9.486,0.0,0.0,0.0,0.0817
2026,c4210280-4974-40d8-ac22-fd54db568038,Fadil Diggs,NO,LB,17,0.0,0.0,80.087,9.486,0.0,0.0,0.0,0.0817
2026,2ff832d1-fa84-45df-838c-934d2a1bc951,Federico Maranges,SEA,OL,17,0.0,0.0,80.087,9.486,0.0,0.0,0.0,0.0817
2026,6fd99b2d-17bf-469b-9bb3-f4d62f6daeff,Felix Anudike-Uzomah,KC,DL,17,0.0,0.0,80.087,9.486,0.0,0.0,0.0,0.0817
2026,09e4d413-dd19-48e5-8310-0af7e14af625,Fernando Carmona,TEN,OL,17,0.0,0.0,80.087,9.486,0.0,0.0,0.0,0.0817
2026,03ab3a5b-de18-4dae-953b-fd7622914be8,Foster Sarell,WAS,OL,17,0.0,0.0,80.087,9.486,0.0,0.0,0.0,0.0817
2026,432983df-8481-4dec-b029-82978c45560f,Foye Oluokun,JAX,LB,17,0.0,0.0,80.087,9.486,0.0,0.0,0.0,0.0817
2026,d5a06ad1-7178-4a16-8175-46eed4777cd8,Francis Mauigoa,NYG,OL,17,0.0,0.0,80.087,9.486,0.0,0.0,0.0,0.0817
2026,10a51d6c-5fdb-4db9-bf83-1ff7d5ffa2bf,Francisco Mauigoa,NYJ,LB,17,0.0,0.0,80.087,9.486,0.0,0.0,0.0,0.0817
2026,81761b0e-0ae9-40bf-853d-57bece239228,Frankie Luvu,WAS,LB,17,0.0,0.0,80.087,9.486,0.0,0.0,0.0,0.0817
2026,d5c8dc39-eaf1-4e96-92f6-3782b002b8e1,Fred Davis,WAS,DB,17,0.0,0.0,80.087,9.486,0.0,0.0,0.0,0.0817
2026,53ea081d-3522-4540-a658-52b75e855351,Fred Johnson,PHI,OL,17,0.0,0.0,80.087,9.486,0.0,0.0,0.0,0.0817
2026,7c20a191-d50e-4ac3-a5fe-66e3238c24a0,Fred Warner,SF,LB,17,0.0,0.0,80.087,9.486,0.0,0.0,0.0,0.0817
2026,2a70629c-a910-4de3-aa72-5cbd22a1df84,Gabe Hall,PHI,DL,17,0.0,0.0,80.087,9.486,0.0,0.0,0.0,0.0817
2026,04f3f0fe-afc7-4bce-87c9-62ec779cc5af,Gabe Rubio,PIT,DL,17,0.0,0.0,80.087,9.486,0.0,0.0,0.0,0.0817
2026,2dfa8a73-a299-45b2-8359-74fc6d082f3d,Gabriel Plascencia,CHI,K,17,0.0,0.0,80.087,9.486,0.0,0.0,0.0,0.0817
2026,dcbf141b-fe82-4144-806b-e2f3f648aa05,Garmon Randolph,LAC,LB,17,0.0,0.0,80.087,9.486,0.0,0.0,0.0,0.0817
2026,d8e75f1d-abf1-49be-a9ee-893368c61cc3,Garret Wallow,SF,LB,17,0.0,0.0,80.087,9.486,0.0,0.0,0.0,0.0817
2026,cbc987e4-f599-4ba0-8d38-e043afc15f80,Garrett Bradbury,CHI,OL,17,0.0,0.0,80.087,9.486,0.0,0.0,0.0,0.0817
2026,d92ad730-6d7b-4e5b-a0af-5bd16666ce20,Garrett Dellinger,TEN,OL,17,0.0,0.0,80.087,9.486,0.0,0.0,0.0,0.0817
2026,7fc49286-ea13-47a7-bbc5-f1d311fc02d6,Garrett DiGiorgio,JAX,OL,17,0.0,0.0,80.087,9.486,0.0,0.0,0.0,0.0817
2026,63451103-62a9-4fa0-9bca-4811f25e1fb6,Garrett Williams,ARI,DB,17,0.0,0.0,80.087,9.486,0.0,0.0,0.0,0.0817
2026,077f422f-88ad-4c9c-b51b-9acaec415236,Garrison Grimes,NYJ,LS,17,0.0,0.0,80.087,9.486,0.0,0.0,0.0,0.0817
2026,8d9aa39d-b4e5-4c45-a07a-1715b11daa3a,Gary Smith,LV,DL,17,0.0,0.0,80.087,9.486,0.0,0.0,0.0,0.0817
2026,1b978195-6625-41a3-b16d-e853f0b65fbc,Gavin Gerhardt,MIN,OL,17,0.0,0.0,80.087,9.486,0.0,0.0,0.0,0.0817
2026,26073f3a-faac-40ca-bb43-0bc570f83e3f,Gavin Ortega,DEN,OL,17,0.0,0.0,80.087,9.486,0.0,0.0,0.0,0.0817
2026,cfde6ef7-9240-458a-a353-e5fa70848af5,Genesis Smith,LAC,DB,17,0.0,0.0,80.087,9.486,0.0,0.0,0.0,0.0817
2026,56ddb7e7-c4f7-4a7b-94e8-1925f1bd2e4a,Gennings Dunker,PIT,OL,17,0.0,0.0,80.087,9.486,0.0,0.0,0.0,0.0817
2026,8ce4bd96-f0eb-4c2a-8fea-91ca2cb5198d,Geno Stone,BUF,DB,17,0.0,0.0,80.087,9.486,0.0,0.0,0.0,0.0817
2026,b21867e8-f104-4b20-ae1b-e80fe6e50317,Geno VanDeMark,IND,OL,17,0.0,0.0,80.087,9.486,0.0,0.0,0.0,0.0817
2026,dce2b1e3-68fa-4d38-a7fc-2f1cf4f90904,George Gumbs,IND,DL,17,0.0,0.0,80.087,9.486,0.0,0.0,0.0,0.0817
2026,9d121381-01f0-4337-b8cf-9150ed9a2a40,George Karlaftis,KC,DL,17,0.0,0.0,80.087,9.486,0.0,0.0,0.0,0.0817
2026,282b68b9-2ac2-4887-ac49-56872a36f866,Gerad Lichtenhan,BAL,OL,17,0.0,0.0,80.087,9.486,0.0,0.0,0.0,0.0817
2026,27607192-859b-4cba-9b75-7e8b04de8efd,Gervarrius Owens,CHI,DB,17,0.0,0.0,80.087,9.486,0.0,0.0,0.0,0.0817
2026,764f3956-4fa8-4825-b3a6-830c86434e7d,Gervon Dexter Sr.,CHI,DL,17,0.0,0.0,80.087,9.486,0.0,0.0,0.0,0.0817
2026,57f8cff5-6bf0-482d-996c-04092cb5437d,Giovanni Manu,DET,OL,17,0.0,0.0,80.087,9.486,0.0,0.0,0.0,0.0817
2026,2ee7f2c6-46b0-4bd9-9b2f-c856dbad3f37,Grady Jarrett,CHI,DL,17,0.0,0.0,80.087,9.486,0.0,0.0,0.0,0.0817
2026,9d009e7a-7b38-4bb9-badf-b3b56b403738,Graham Barton,TB,OL,17,0.0,0.0,80.087,9.486,0.0,0.0,0.0,0.0817
2026,6e811ee4-4e17-49d1-9d48-e7aae903eae9,Grant Delpit,CLE,DB,17,0.0,0.0,80.087,9.486,0.0,0.0,0.0,0.0817
2026,3c3b2b8d-dea4-43f6-8282-7b57483b64c9,Greedy Vance,LV,DB,17,0.0,0.0,80.087,9.486,0.0,0.0,0.0,0.0817
2026,a8235029-9874-49fd-b571-c503689dc9e6,Greg Crippen,PIT,OL,17,0.0,0.0,80.087,9.486,0.0,0.0,0.0,0.0817
2026,2ca3fab8-0531-409e-94dc-c956003e8a2c,Greg Newsome II,NYG,DB,17,0.0,0.0,80.087,9.486,0.0,0.0,0.0,0.0817
2026,99d8a01c-8e0c-4dcc-a950-cf3835441dc8,Greg Rousseau,BUF,DL,17,0.0,0.0,80.087,9.486,0.0,0.0,0.0,0.0817
2026,7902382a-e310-44a9-bb29-6979f1e913b0,Grey Zabel,SEA,OL,17,0.0,0.0,80.087,9.486,0.0,0.0,0.0,0.0817
2026,80d26f7e-c103-4434-8342-75a414e90bc1,Grover Stewart,IND,DL,17,0.0,0.0,80.087,9.486,0.0,0.0,0.0,0.0817
2026,443261d1-7814-4fa8-9e9d-cf7a27725738,Haggai Ndubuisi,TB,DL,17,0.0,0.0,80.087,9.486,0.0,0.0,0.0,0.0817
2026,335d009f-b461-4bc8-8bad-eeb9f612e4b1,Harold Landry III,NE,LB,17,0.0,0.0,80.087,9.486,0.0,0.0,0.0,0.0817
2026,3342e18f-689a-41d7-a87a-0172bbe187e7,Harold Perkins,ATL,LB,17,0.0,0.0,80.087,9.486,0.0,0.0,0.0,0.0817
2026,0134c67e-d8dc-46ac-b15a-c497a21db527,Harrison Butker,KC,K,17,0.0,0.0,80.087,9.486,0.0,0.0,0.0,0.0817
2026,63df8d39-68df-4ce4-9498-19914f085513,Harrison Mevis,LA,K,17,0.0,0.0,80.087,9.486,0.0,0.0,0.0,0.0817
2026,03d29431-346d-4c1e-8127-567e658a9eb8,Harrison Phillips,NYJ,DL,17,0.0,0.0,80.087,9.486,0.0,0.0,0.0,0.0817
2026,88f28a43-8b5b-4b91-b2e0-128c6f3c6aa1,Hayden Conner,ARI,OL,17,0.0,0.0,80.087,9.486,0.0,0.0,0.0,0.0817
2026,53a6be09-c3e0-461a-99e0-3db0520422d5,Henry Byrd,MIN,OL,17,0.0,0.0,80.087,9.486,0.0,0.0,0.0,0.0817
2026,5beefe3f-5290-4b5a-b8ab-30076a808a34,Henry Lutovsky,TB,OL,17,0.0,0.0,80.087,9.486,0.0,0.0,0.0,0.0817
2026,5c1c9602-4436-48b7-8a44-acb14d4f5999,Henry To'oTo'o,HOU,LB,17,0.0,0.0,80.087,9.486,0.0,0.0,0.0,0.0817
2026,1c991f18-3f6e-48a6-9716-631cd43bcca2,Hezekiah Masses,LV,DB,17,0.0,0.0,80.087,9.486,0.0,0.0,0.0,0.0817
2026,5e12b645-ed8d-4eb2-af17-58e97ffa6915,Hjalte Froholdt,ARI,OL,17,0.0,0.0,80.087,9.486,0.0,0.0,0.0,0.0817
2026,2c6809e9-a619-4c85-b76d-d1783e8e997b,Hogan Hatten,DET,LS,17,0.0,0.0,80.087,9.486,0.0,0.0,0.0,0.0817
2026,002a00e3-4c36-4bde-84dd-2531a577d9ef,Hollin Pierce,PHI,OL,17,0.0,0.0,80.087,9.486,0.0,0.0,0.0,0.0817
2026,a69fdc9a-75a9-402d-84b2-ec3b5cc84eec,Howard Cross III,CIN,DL,17,0.0,0.0,80.087,9.486,0.0,0.0,0.0,0.0817
2026,3e732477-a82c-4ee7-a6de-ef1d91e23a76,Hunter Nourzad,KC,OL,17,0.0,0.0,80.087,9.486,0.0,0.0,0.0,0.0817
2026,3fcadc17-3590-45de-a6ed-91c8476e2d95,Hunter Wohler,IND,DB,17,0.0,0.0,80.087,9.486,0.0,0.0,0.0,0.0817
2026,00f66854-d384-4e77-a23f-3b55b987acf8,Ikem Ekwonu,CAR,OL,17,0.0,0.0,80.087,9.486,0.0,0.0,0.0,0.0817
2026,1a6304b4-345b-4408-974f-4c599b2ef46e,Isaac Alarcon,SF,OL,17,0.0,0.0,80.087,9.486,0.0,0.0,0.0,0.0817
2026,933b21aa-6eff-4623-ac67-77d329d680ca,Isaac Seumalo,ARI,OL,17,0.0,0.0,80.087,9.486,0.0,0.0,0.0,0.0817
2026,bd038a01-69d2-4d50-9a53-7d3b4fdd21bb,Isaac Yiadom,NO,DB,17,0.0,0.0,80.087,9.486,0.0,0.0,0.0,0.0817
2026,d2f18e69-a006-4ddb-aa84-216bd39c26d2,Isaia Glass,CAR,OL,17,0.0,0.0,80.087,9.486,0.0,0.0,0.0,0.0817
2026,583774bc-39d5-4f2c-aa9e-4ca34a2aca04,Isaiah Adams,ARI,OL,17,0.0,0.0,80.087,9.486,0.0,0.0,0.0,0.0817
2026,35ce90ef-b994-4ad8-b24d-7e7fe57188c9,Isaiah Foskey,CIN,DL,17,0.0,0.0,80.087,9.486,0.0,0.0,0.0,0.0817
2026,f41156ba-0ac3-4868-95b6-9c62babbde4e,Isaiah Jatta,LV,OL,17,0.0,0.0,80.087,9.486,0.0,0.0,0.0,0.0817
2026,97e9fef4-4276-46f1-9747-cb7fae8caf5c,Isaiah Land,DAL,DL,17,0.0,0.0,80.087,9.486,0.0,0.0,0.0,0.0817
2026,ada79fc2-c89a-41f4-9030-635bf4c275da,Isaiah McDuffie,GB,LB,17,0.0,0.0,80.087,9.486,0.0,0.0,0.0,0.0817
2026,0443837d-bc83-4f65-a936-b4fbe59e340d,Isaiah McGuire,CLE,DL,17,0.0,0.0,80.087,9.486,0.0,0.0,0.0,0.0817
2026,02c0669e-2640-4d13-9dfe-c6fb2df4d909,Isaiah Nwokobia,CIN,DB,17,0.0,0.0,80.087,9.486,0.0,0.0,0.0,0.0817
2026,bc653c11-6e9b-4cf5-85e8-1a2458f941bf,Isaiah Oliver,ARI,DB,17,0.0,0.0,80.087,9.486,0.0,0.0,0.0,0.0817
2026,11ddf86f-a023-4789-b48c-f527d5f272a8,Isaiah Rodgers,MIN,DB,17,0.0,0.0,80.087,9.486,0.0,0.0,0.0,0.0817
2026,b249f3dd-78d9-41d5-8016-a77f9acad9b3,Isaiah Simmons,CAR,LB,17,0.0,0.0,80.087,9.486,0.0,0.0,0.0,0.0817
2026,7e64a75a-9f4c-47e7-b68e-2e2c660646dc,Isaiah Smith,CAR,DL,17,0.0,0.0,80.087,9.486,0.0,0.0,0.0,0.0817
2026,faf541f2-48b2-4a10-b2f7-c67adfdd5d16,Isaiah Stalbird,NO,LB,17,0.0,0.0,80.087,9.486,0.0,0.0,0.0,0.0817
2026,e96436e0-17d8-4be0-b443-d9d7437ea8d3,Isaiah World,LAC,OL,17,0.0,0.0,80.087,9.486,0.0,0.0,0.0,0.0817
2026,6fe31eb9-c7a6-47a1-8a16-aaa98d4473e3,Isaiahh Loudermilk,MIN,DL,17,0.0,0.0,80.087,9.486,0.0,0.0,0.0,0.0817
2026,cdf7df93-2e2d-4cf3-8e36-006058ed9066,Isas Waxter,LAC,DB,17,0.0,0.0,80.087,9.486,0.0,0.0,0.0,0.0817
2026,f25f0a88-be26-48ae-b552-0ef97e85b29d,Isiah King,PHI,LB,17,0.0,0.0,80.087,9.486,0.0,0.0,0.0,0.0817
2026,56d13f52-a655-4317-92ca-4467cbc76fc9,Ivan Pace Jr.,MIN,LB,17,0.0,0.0,80.087,9.486,0.0,0.0,0.0,0.0817
2026,94092420-9a77-4149-b33c-e48a8c2dd1fa,Izavion Miller,CLE,OL,17,0.0,0.0,80.087,9.486,0.0,0.0,0.0,0.0817
2026,2a6fd5b3-d3f7-4121-a732-dd041a63dae8,J.C. Davis,NYG,OL,17,0.0,0.0,80.087,9.486,0.0,0.0,0.0,0.0817
2026,947562b4-5cf1-47a5-bf5c-8c484f269b8a,J.J. Jansen,CAR,LS,17,0.0,0.0,80.087,9.486,0.0,0.0,0.0,0.0817
2026,951ae79f-12be-4242-9396-f161355af967,J.K. Scott,LAC,P,17,0.0,0.0,80.087,9.486,0.0,0.0,0.0,0.0817
2026,9561acf6-6ee6-43f4-8b8f-829c111ef5ca,J.R. Singleton,SEA,DL,17,0.0,0.0,80.087,9.486,0.0,0.0,0.0,0.0817
2026,c2611852-0b8e-4e44-946d-a1e5027d65cb,J.T. Gray,PHI,DB,17,0.0,0.0,80.087,9.486,0.0,0.0,0.0,0.0817
2026,6324c8cd-3665-45d0-822e-95477a32d3cf,JC Latham,TEN,OL,17,0.0,0.0,80.087,9.486,0.0,0.0,0.0,0.0817
2026,b0bca307-cdf2-4758-88ea-b0a184663b3a,JD Bertrand,ATL,LB,17,0.0,0.0,80.087,9.486,0.0,0.0,0.0,0.0817
2026,afb54c82-db1e-4c15-9d44-d9b2e064c603,JJ Pegues,LV,DL,17,0.0,0.0,80.087,9.486,0.0,0.0,0.0,0.0817
2026,c4bb7f42-fea4-468f-a31a-df405e3bb2b9,JJ Roberts,TB,DB,17,0.0,0.0,80.087,9.486,0.0,0.0,0.0,0.0817
2026,099850a5-06e5-4f20-ad41-3f3129ea961f,JL Skinner,DEN,DB,17,0.0,0.0,80.087,9.486,0.0,0.0,0.0,0.0817
2026,40c133ee-080a-4203-b204-33786e4dd21b,JT Tuimoloau,IND,DL,17,0.0,0.0,80.087,9.486,0.0,0.0,0.0,0.0817
2026,e41878a3-bfd4-4832-8173-9a7997ad1f9e,Ja'Marcus Ingram,HOU,DB,17,0.0,0.0,80.087,9.486,0.0,0.0,0.0,0.0817
2026,91264180-9df6-4cd3-9099-7b25d0120f6e,Ja'Markis Weston,SEA,LB,17,0.0,0.0,80.087,9.486,0.0,0.0,0.0,0.0817
2026,ef78c8d8-414e-42f5-9dd1-3b2ebe10ed20,Ja'Quan McMillian,DEN,DB,17,0.0,0.0,80.087,9.486,0.0,0.0,0.0,0.0817
2026,693bf71f-053e-4d76-9c34-fe1bdd0c7897,Ja'Qurious Conley,TB,DB,17,0.0,0.0,80.087,9.486,0.0,0.0,0.0,0.0817
2026,75fe532e-92c7-4507-9343-79007b1430ee,Ja'Sir Taylor,CIN,DB,17,0.0,0.0,80.087,9.486,0.0,0.0,0.0,0.0817
2026,beaa9475-ae2b-4a42-ac1f-a4bdd6354cd3,Ja'Tyre Carter,CAR,OL,17,0.0,0.0,80.087,9.486,0.0,0.0,0.0,0.0817
2026,bb12bed5-1558-4e4f-8748-5dbbd865cfbd,Jabbar Muhammad,JAX,DB,17,0.0,0.0,80.087,9.486,0.0,0.0,0.0,0.0817
2026,b6ec831e-941c-4659-8e62-776e2b3e5a97,Jack Campbell,DET,LB,17,0.0,0.0,80.087,9.486,0.0,0.0,0.0,0.0817
2026,959b942a-c69b-4d80-9684-1c8834acfb87,Jack Cochrane,KC,LB,17,0.0,0.0,80.087,9.486,0.0,0.0,0.0,0.0817
2026,0814216f-4a69-4235-9364-675e5a60b75c,Jack Conley,CLE,OL,17,0.0,0.0,80.087,9.486,0.0,0.0,0.0,0.0817
2026,d02f767d-50df-4586-81da-6dd43b9ac8d0,Jack Dingle,CIN,LB,17,0.0,0.0,80.087,9.486,0.0,0.0,0.0,0.0817
2026,1f6970fc-ec07-44c2-9219-3896b295fb40,Jack Driscoll,PIT,OL,17,0.0,0.0,80.087,9.486,0.0,0.0,0.0,0.0817
2026,9141d678-1aab-4707-9400-795c2d9be072,Jack Fox,DET,P,17,0.0,0.0,80.087,9.486,0.0,0.0,0.0,0.0817
2026,ca7e67f2-45da-4ff4-9d03-18110b0c1685,Jack Gibbens,ARI,LB,17,0.0,0.0,80.087,9.486,0.0,0.0,0.0,0.0817
2026,4b880484-235f-4b6a-a3d1-30dc19d4bf23,Jack Heflin,NYJ,DL,17,0.0,0.0,80.087,9.486,0.0,0.0,0.0,0.0817
2026,b9f69eea-7bdd-4e4d-ac47-554b6b3ba465,Jack Henderson,PIT,DB,17,0.0,0.0,80.087,9.486,0.0,0.0,0.0,0.0817
2026,5f3cfd1a-1e7b-4ae8-bfad-bad50bda4497,Jack Jones,SF,DB,17,0.0,0.0,80.087,9.486,0.0,0.0,0.0,0.0817
2026,208a4e7f-c360-4b2b-a89b-a1af68a392fd,Jack Kelly,NYG,LB,17,0.0,0.0,80.087,9.486,0.0,0.0,0.0,0.0817
2026,2d4dbacd-07bf-4c7f-846b-9554a8f8e18c,Jack Kiser,JAX,LB,17,0.0,0.0,80.087,9.486,0.0,0.0,0.0,0.0817
2026,71da6a5d-0beb-46cf-b478-b689ce7993f3,Jack Nelson,ATL,OL,17,0.0,0.0,80.087,9.486,0.0,0.0,0.0,0.0817
2026,d3c9850c-8a2a-448b-a0ac-3399820548e7,Jack Pyburn,TB,DL,17,0.0,0.0,80.087,9.486,0.0,0.0,0.0,0.0817
2026,15d3a961-c54b-467b-9e51-6da97add00b6,Jack Sanborn,CHI,LB,17,0.0,0.0,80.087,9.486,0.0,0.0,0.0,0.0817
2026,790a98a4-0ccb-424b-a83e-912db75e75b1,Jack Sawyer,PIT,LB,17,0.0,0.0,80.087,9.486,0.0,0.0,0.0,0.0817
2026,92d71077-786a-449e-b33f-e487210b9e07,Jack Stonehouse,HOU,P,17,0.0,0.0,80.087,9.486,0.0,0.0,0.0,0.0817
2026,bfcb2ff9-0574-44f2-b43c-6f233d8a5051,Jackie Marshall,TEN,DL,17,0.0,0.0,80.087,9.486,0.0,0.0,0.0,0.0817
2026,ed7fa9d0-1fe7-40a2-817b-e9dd2f34bb6f,Jackson Kuwatch,CAR,LB,17,0.0,0.0,80.087,9.486,0.0,0.0,0.0,0.0817
2026,89d27024-d1d0-4ee1-9fa8-1fbca8eb43e7,Jackson Powers-Johnson,LV,OL,17,0.0,0.0,80.087,9.486,0.0,0.0,0.0,0.0817
2026,b0c2c68a-0b24-4789-b22b-a3aff8f49ca8,Jackson Sirmon,NO,LB,17,0.0,0.0,80.087,9.486,0.0,0.0,0.0,0.0817
2026,838bac6a-2565-4b05-98f6-706aff778c34,Jackson Slater,TEN,OL,17,0.0,0.0,80.087,9.486,0.0,0.0,0.0,0.0817
2026,c1fda1ab-47ba-4bbf-9d4c-201ded3f3d6d,Jackson Woodard,MIA,LB,17,0.0,0.0,80.087,9.486,0.0,0.0,0.0,0.0817
2026,aaa2f559-cbdb-4361-965b-cfeef5e82595,Jacob Bayer,CIN,OL,17,0.0,0.0,80.087,9.486,0.0,0.0,0.0,0.0817
2026,90847c87-5e9a-4b0b-aa3d-6cc67b9fa63f,Jacob Hummel,HOU,LB,17,0.0,0.0,80.087,9.486,0.0,0.0,0.0,0.0817
2026,b8c170bb-2b0b-4dff-bab5-c9595545b032,Jacob Martin,TEN,DL,17,0.0,0.0,80.087,9.486,0.0,0.0,0.0,0.0817
2026,b165ef34-08a0-49cf-a1c3-2fff0e523f75,Jacob Monk,GB,OL,17,0.0,0.0,80.087,9.486,0.0,0.0,0.0,0.0817
2026,67a3138b-2eb3-4b02-814f-4e48e5adbeb1,Jacob Parrish,TB,DB,17,0.0,0.0,80.087,9.486,0.0,0.0,0.0,0.0817
2026,fcb3d067-b73f-406a-8d65-878e1cbbaad1,Jacob Rizy,NE,OL,17,0.0,0.0,80.087,9.486,0.0,0.0,0.0,0.0817
2026,46edd79f-6a95-49fe-8b33-96301a6889c9,Jacob Roberts,MIN,LB,17,0.0,0.0,80.087,9.486,0.0,0.0,0.0,0.0817
2026,0fa93df9-ac2e-4f2a-b47c-d394e259e84f,Jacob Rodriguez,MIA,LB,17,0.0,0.0,80.087,9.486,0.0,0.0,0.0,0.0817
2026,37e83e0c-37bf-4946-94c5-93dc27eb18f9,Jacob Spomer,LAC,OL,17,0.0,0.0,80.087,9.486,0.0,0.0,0.0,0.0817
2026,9ed82074-45ab-410d-bf5a-7d30c18a4f29,Jacob Thomas,MIN,DB,17,0.0,0.0,80.087,9.486,0.0,0.0,0.0,0.0817
2026,7e4bd41c-6ee0-49d9-a6c1-fc6827c0952e,Jacobian Guillory,LAC,DL,17,0.0,0.0,80.087,9.486,0.0,0.0,0.0,0.0817
2026,d852d0ae-0009-4d0c-9e89-e50b9d9e5911,Jaden Crumedy,GB,DL,17,0.0,0.0,80.087,9.486,0.0,0.0,0.0,0.0817
2026,8d913641-17ee-4b23-9e2e-24826d9aba14,Jaden Davis,ARI,DB,17,0.0,0.0,80.087,9.486,0.0,0.0,0.0,0.0817
2026,861cbf60-2b07-443c-b0e7-1d6e2d01fb30,Jaden Dugger,SF,LB,17,0.0,0.0,80.087,9.486,0.0,0.0,0.0,0.0817
2026,8dcee858-470f-4835-bab1-32a069181edf,Jaden Hicks,KC,DB,17,0.0,0.0,80.087,9.486,0.0,0.0,0.0,0.0817
2026,d58e726d-60ef-430a-9aa6-4e57eb050793,Jaden Keller,NYJ,LB,17,0.0,0.0,80.087,9.486,0.0,0.0,0.0,0.0817
2026,4994072a-557f-4e61-9d4b-84738aae0404,Jaden Robinson,DEN,DB,17,0.0,0.0,80.087,9.486,0.0,0.0,0.0,0.0817
2026,dce808a7-73bf-4c11-894c-a5f97f523203,Jadon Canady,KC,DB,17,0.0,0.0,80.087,9.486,0.0,0.0,0.0,0.0817
2026,fd4b83b6-fc49-44ea-b508-d6ce9288d408,Jaeden Roberts,PHI,OL,17,0.0,0.0,80.087,9.486,0.0,0.0,0.0,0.0817
2026,c63a9452-0da0-45b9-914b-3d88082a7084,Jaelan Phillips,CAR,LB,17,0.0,0.0,80.087,9.486,0.0,0.0,0.0,0.0817
2026,d11a561c-3aeb-4d19-9c5a-3f4fe0068aff,Jager Burton,GB,OL,17,0.0,0.0,80.087,9.486,0.0,0.0,0.0,0.0817
2026,f49fd130-7428-46ff-8ad7-42aa58f1b568,Jahdae Barron,DEN,DB,17,0.0,0.0,80.087,9.486,0.0,0.0,0.0,0.0817
2026,32cd7c0f-24c8-4652-b2cb-737d4c86dafe,Jahfari Harvey,LV,DL,17,0.0,0.0,80.087,9.486,0.0,0.0,0.0,0.0817
2026,7d3c7237-e713-46b9-9568-bd210cef8843,Jahmeer Carter,LAC,DL,17,0.0,0.0,80.087,9.486,0.0,0.0,0.0,0.0817
2026,455e0993-3eb0-4402-b482-79c4e831e74f,Jahquez Robinson,BAL,DB,17,0.0,0.0,80.087,9.486,0.0,0.0,0.0,0.0817
2026,19a56ee4-e7c5-4be6-b000-1ecdec078e37,Jai'Onte' McMillan,IND,DB,17,0.0,0.0,80.087,9.486,0.0,0.0,0.0,0.0817
2026,a5f95218-7b87-4998-bac2-ad041e4dabf3,Jaishawn Barham,DAL,LB,17,0.0,0.0,80.087,9.486,0.0,0.0,0.0,0.0817
2026,88a42044-263f-49ec-bc42-27cd6c806de5,Jake Andrews,HOU,OL,17,0.0,0.0,80.087,9.486,0.0,0.0,0.0,0.0817
2026,8aa984ea-b969-493a-ab54-273860872414,Jake Bailey,ATL,P,17,0.0,0.0,80.087,9.486,0.0,0.0,0.0,0.0817
2026,9644083b-fd1c-4709-bd8d-764c09afc4d6,Jake Bates,DET,K,17,0.0,0.0,80.087,9.486,0.0,0.0,0.0,0.0817
2026,c5b1089a-7715-4bab-8bdd-fdb0ce22aa38,Jake Brendel,SF,OL,17,0.0,0.0,80.087,9.486,0.0,0.0,0.0,0.0817
2026,f4ed2b8f-623e-4349-8fce-51e2ba5de43d,Jake Elliott,PHI,K,17,0.0,0.0,80.087,9.486,0.0,0.0,0.0,0.0817
2026,9cd45f63-e7d9-4ef3-935f-ada92da9295b,Jake Golday,MIN,LB,17,0.0,0.0,80.087,9.486,0.0,0.0,0.0,0.0817
2026,2a9c1918-f1c4-4c31-addf-6b147ff4043c,Jake Hansen,HOU,LB,17,0.0,0.0,80.087,9.486,0.0,0.0,0.0,0.0817
2026,4a4c097d-c7f9-4a9b-bfa5-762ecc350501,Jake Kubas,NYG,OL,17,0.0,0.0,80.087,9.486,0.0,0.0,0.0,0.0817
2026,470e254b-f1c1-435a-af9f-6be5130905c4,Jake Majors,PHI,OL,17,0.0,0.0,80.087,9.486,0.0,0.0,0.0,0.0817
2026,d6e796df-0225-401a-8a31-280bf0489220,Jake Moody,WAS,K,17,0.0,0.0,80.087,9.486,0.0,0.0,0.0,0.0817
2026,29818447-0804-4204-916c-775eed8bf4e7,Jake Slaughter,LAC,OL,17,0.0,0.0,80.087,9.486,0.0,0.0,0.0,0.0817
2026,45c4b04b-910a-408c-b939-9b48aa39c225,Jakob Robinson,SF,DB,17,0.0,0.0,80.087,9.486,0.0,0.0,0.0,0.0817
2026,06278e75-207f-4a86-bc0a-f6bbf4e953d4,Jakobe Thomas,MIN,DB,17,0.0,0.0,80.087,9.486,0.0,0.0,0.0,0.0817
2026,85ade9a8-b8fe-4779-bbce-a44dde536afa,Jakorian Bennett,PHI,DB,17,0.0,0.0,80.087,9.486,0.0,0.0,0.0,0.0817
2026,9f9f6013-2ac8-4a88-a383-d13f28d694ac,Jalan Gaines,SEA,DL,17,0.0,0.0,80.087,9.486,0.0,0.0,0.0,0.0817
2026,fa0dca25-5896-4a49-a84d-90c8ca776aab,Jalen Carter,PHI,DL,17,0.0,0.0,80.087,9.486,0.0,0.0,0.0,0.0817
2026,d8c8eb3f-35ab-4b3d-89ba-24c3e38500a8,Jalen Davis,CIN,DB,17,0.0,0.0,80.087,9.486,0.0,0.0,0.0,0.0817
2026,cd2673a1-2403-49b8-876a-2e38116274c4,Jalen Farmer,IND,OL,17,0.0,0.0,80.087,9.486,0.0,0.0,0.0,0.0817
2026,01dda1e3-2aa1-4d01-8c3a-7a7244b530e3,Jalen Graham,SF,LB,17,0.0,0.0,80.087,9.486,0.0,0.0,0.0,0.0817
2026,b619bf9f-a208-4baf-9d32-bb29bf730b74,Jalen Hunt,JAX,DL,17,0.0,0.0,80.087,9.486,0.0,0.0,0.0,0.0817
2026,a33ed80c-0ce0-49fd-bfc3-7a7a94efccbc,Jalen Huskey,JAX,DB,17,0.0,0.0,80.087,9.486,0.0,0.0,0.0,0.0817
2026,e7b3e579-d110-49f5-a0f9-de9b3c3d2c6c,Jalen Kimber,CIN,DB,17,0.0,0.0,80.087,9.486,0.0,0.0,0.0,0.0817
2026,58882148-de27-477a-ae9a-70b3df0a197f,Jalen McLeod,JAX,LB,17,0.0,0.0,80.087,9.486,0.0,0.0,0.0,0.0817
2026,b7fa28ef-63c6-4835-9106-7b0b54f6b6e8,Jalen McMurray,TEN,DB,17,0.0,0.0,80.087,9.486,0.0,0.0,0.0,0.0817
2026,7b22b821-2433-46bc-9e6f-9a728988c596,Jalen Pitre,HOU,DB,17,0.0,0.0,80.087,9.486,0.0,0.0,0.0,0.0817
2026,56324545-6112-4099-b170-d35c86d49347,Jalen Ramsey,PIT,DB,17,0.0,0.0,80.087,9.486,0.0,0.0,0.0,0.0817
2026,213d4182-44e2-4b7c-b01b-15ee2321536b,Jalen Redmond,MIN,DL,17,0.0,0.0,80.087,9.486,0.0,0.0,0.0,0.0817
2026,5db73bc8-276b-4a0f-aa24-c2b86460943a,Jalen Rivers,CIN,OL,17,0.0,0.0,80.087,9.486,0.0,0.0,0.0,0.0817
2026,327bceb8-cab1-4ea9-8d4f-8da99c1f6699,Jalen Stroman,SF,DB,17,0.0,0.0,80.087,9.486,0.0,0.0,0.0,0.0817
2026,536c472f-4b14-408a-b641-6324c8bb7289,Jalen Sundell,SEA,OL,17,0.0,0.0,80.087,9.486,0.0,0.0,0.0,0.0817
2026,24a56e8b-5988-41ac-ba21-52ca706dea68,Jalen Thompson,DAL,DB,17,0.0,0.0,80.087,9.486,0.0,0.0,0.0,0.0817
2026,42d54b42-c5b2-4634-be44-60f45c4c1297,Jalen Travis,IND,OL,17,0.0,0.0,80.087,9.486,0.0,0.0,0.0,0.0817
2026,9a50833f-02b1-4924-93ba-5356ecd64787,Jalon Kilgore,BUF,DB,17,0.0,0.0,80.087,9.486,0.0,0.0,0.0,0.0817
2026,6b974f6d-bf33-4b59-b40e-7873dd973f52,Jalon Walker,ATL,LB,17,0.0,0.0,80.087,9.486,0.0,0.0,0.0,0.0817
2026,7318344a-c408-48b4-9d63-e16ff06051c8,Jalyx Hunt,PHI,LB,17,0.0,0.0,80.087,9.486,0.0,0.0,0.0,0.0817
2026,2fe295f8-1565-47eb-9c11-25f85563d611,Jamal Hill,HOU,LB,17,0.0,0.0,80.087,9.486,0.0,0.0,0.0,0.0817
2026,713977a8-52db-4f32-a9ed-0cc3bfe92e91,Jamaree Caldwell,LAC,DL,17,0.0,0.0,80.087,9.486,0.0,0.0,0.0,0.0817
2026,d2bb3253-1f11-4764-bb81-be3cb6752252,Jamaree Salyer,MIA,OL,17,0.0,0.0,80.087,9.486,0.0,0.0,0.0,0.0817
2026,4a5f00f1-f501-40f4-97b5-479ee0cf2ff9,Jamel Dean,PIT,DB,17,0.0,0.0,80.087,9.486,0.0,0.0,0.0,0.0817
2026,b7516160-b06d-4eea-8710-db65a008364a,James Brockermeyer,ATL,OL,17,0.0,0.0,80.087,9.486,0.0,0.0,0.0,0.0817
2026,7010dbcc-f64c-4bb7-8867-8b1c6b7ba725,James Ester,MIA,DL,17,0.0,0.0,80.087,9.486,0.0,0.0,0.0,0.0817
2026,19da91ff-18f1-4727-993b-788a85b15b29,James Houston,DAL,DL,17,0.0,0.0,80.087,9.486,0.0,0.0,0.0,0.0817
2026,9032179a-c97b-4c91-b235-9fe8a3255e61,James Hudson,NE,OL,17,0.0,0.0,80.087,9.486,0.0,0.0,0.0,0.0817
2026,74fc4337-9583-46fd-99a7-483869096e6e,James Lynch,CHI,DL,17,0.0,0.0,80.087,9.486,0.0,0.0,0.0,0.0817
2026,47990440-ac79-444e-9e3e-3b7d245e2936,James Neal,HOU,OL,17,0.0,0.0,80.087,9.486,0.0,0.0,0.0,0.0817
2026,a3f1873f-e2a7-4169-b1cd-e6399d7fc918,James Pearce Jr.,ATL,LB,17,0.0,0.0,80.087,9.486,0.0,0.0,0.0,0.0817
2026,0580ebb4-11f7-430e-bb40-a19e53f58ebe,James Pierre,MIN,DB,17,0.0,0.0,80.087,9.486,0.0,0.0,0.0,0.0817
2026,0f90e9bb-a51b-4f78-a763-3636e646ff11,James Thompson,SF,DL,17,0.0,0.0,80.087,9.486,0.0,0.0,0.0,0.0817
2026,dd17af21-1161-41ae-b64f-fd7fdf0077cf,James Williams,TEN,LB,17,0.0,0.0,80.087,9.486,0.0,0.0,0.0,0.0817
2026,9fd7bdab-256c-4b2a-8c9c-87d390addacf,James Winchester,KC,LS,17,0.0,0.0,80.087,9.486,0.0,0.0,0.0,0.0817
2026,69deec98-0b0b-47d5-be78-747a7b133943,Jamie Sheriff,SEA,LB,17,0.0,0.0,80.087,9.486,0.0,0.0,0.0,0.0817
2026,58b882ec-a12e-4930-8d8f-b1d92483e03b,Jamien Sherwood,NYJ,LB,17,0.0,0.0,80.087,9.486,0.0,0.0,0.0,0.0817
2026,6b373fe9-cd3c-4880-94ef-766b29defa79,Jamin Davis,PIT,LB,17,0.0,0.0,80.087,9.486,0.0,0.0,0.0,0.0817
2026,e5d15f19-94b2-4e2a-a721-cd2453054a13,Jammie Robinson,ATL,DB,17,0.0,0.0,80.087,9.486,0.0,0.0,0.0,0.0817
2026,d3da3acf-fc08-4469-8b05-db73a8077cdf,Jamree Kromah,CHI,DL,17,0.0,0.0,80.087,9.486,0.0,0.0,0.0,0.0817
2026,814d7b57-31c8-4809-a2fe-78677f2a225a,Jaquan Brisker,PIT,DB,17,0.0,0.0,80.087,9.486,0.0,0.0,0.0,0.0817
2026,0ed6a726-8063-4468-baae-dfaf37a12966,Jared Bartlett,CAR,LB,17,0.0,0.0,80.087,9.486,0.0,0.0,0.0,0.0817
2026,16f5b73e-c595-4773-80fd-b62c657fd72e,Jared Harrison-Hunte,CAR,DL,17,0.0,0.0,80.087,9.486,0.0,0.0,0.0,0.0817
2026,51feea49-54c6-40fd-91f3-a026ae2be600,Jared Ivey,SEA,LB,17,0.0,0.0,80.087,9.486,0.0,0.0,0.0,0.0817
2026,7a1d8e97-303c-4fae-82c4-0fd04fd386fc,Jared Penning,BAL,OL,17,0.0,0.0,80.087,9.486,0.0,0.0,0.0,0.0817
2026,e45cf32d-45e0-45dd-bc27-6397921bfeb3,Jared Verse,CLE,LB,17,0.0,0.0,80.087,9.486,0.0,0.0,0.0,0.0817
2026,3bfba12a-5a26-4b77-89f9-be1310461d05,Jared Wilson,NE,OL,17,0.0,0.0,80.087,9.486,0.0,0.0,0.0,0.0817
2026,c88a60ea-a026-431c-b590-437fafac3bd6,Jaren Kump,CHI,OL,17,0.0,0.0,80.087,9.486,0.0,0.0,0.0,0.0817
2026,8e4da55c-79ed-47db-af7a-65083c4a081c,Jarius Monroe,NYJ,DB,17,0.0,0.0,80.087,9.486,0.0,0.0,0.0,0.0817
2026,1a0ca77f-9b33-41d8-8dde-ad39bdaa1e75,Jarran Reed,SEA,DL,17,0.0,0.0,80.087,9.486,0.0,0.0,0.0,0.0817
2026,bda3614c-4a90-43a9-a72c-863150f9d60d,Jarrett Kingston,HOU,OL,17,0.0,0.0,80.087,9.486,0.0,0.0,0.0,0.0817
2026,bce3f976-a117-487b-a064-32814cb76259,Jarrett Patterson,HOU,OL,17,0.0,0.0,80.087,9.486,0.0,0.0,0.0,0.0817
2026,ff780d93-10ee-4c89-96d1-f9489439ee77,Jarrian Jones,JAX,DB,17,0.0,0.0,80.087,9.486,0.0,0.0,0.0,0.0817
2026,d1fb7660-6cb1-4d60-99b6-9d0e90b0d4c3,Jarrick Bernard-Converse,NYG,DB,17,0.0,0.0,80.087,9.486,0.0,0.0,0.0,0.0817
2026,3b7de413-b5d6-4fec-a265-1841e122cde9,Jarvis Brownlee Jr.,NYJ,DB,17,0.0,0.0,80.087,9.486,0.0,0.0,0.0,0.0817
2026,9b8f7742-a3e6-48ab-ac87-e9c680617b99,Jason Marshall Jr.,MIA,DB,17,0.0,0.0,80.087,9.486,0.0,0.0,0.0,0.0817
2026,4854353d-b307-4eb5-bfb0-e68d51bdc1ca,Jason Myers,SEA,K,17,0.0,0.0,80.087,9.486,0.0,0.0,0.0,0.0817
2026,285d90d2-c03a-4f22-8a5c-ba620e3d8650,Jason Pinnock,NYG,DB,17,0.0,0.0,80.087,9.486,0.0,0.0,0.0,0.0817
2026,5530fc88-3349-436d-b5e8-d8ae6b97dfe7,Jason Sanders,NYJ,K,17,0.0,0.0,80.087,9.486,0.0,0.0,0.0,0.0817
2026,ddb97e56-d148-469d-a9a2-1e9faea0e59d,Javin Wright,TB,LB,17,0.0,0.0,80.087,9.486,0.0,0.0,0.0,0.0817
2026,d7e74144-0edd-480d-9e30-93e4c4adbb68,Javon Bullard,GB,DB,17,0.0,0.0,80.087,9.486,0.0,0.0,0.0,0.0817
2026,a934ac42-4bd5-437e-b107-cf8c8bd44b1c,Javon Foster,CIN,OL,17,0.0,0.0,80.087,9.486,0.0,0.0,0.0,0.0817
2026,49953960-6da2-4184-ae77-2fac444919e9,Javon Hargrave,GB,DL,17,0.0,0.0,80.087,9.486,0.0,0.0,0.0,0.0817
2026,0af8c8a7-36fa-48d3-9783-9c9c076457f2,Javon Kinlaw,WAS,DL,17,0.0,0.0,80.087,9.486,0.0,0.0,0.0,0.0817
2026,62592a21-d02a-4725-96ef-4313d84a1b11,Javon Solomon,BUF,DL,17,0.0,0.0,80.087,9.486,0.0,0.0,0.0,0.0817
2026,eee6fad8-02a4-444c-9b32-56def376c00e,Javontae Jean-Baptiste,WAS,LB,17,0.0,0.0,80.087,9.486,0.0,0.0,0.0,0.0817
2026,58497507-e380-48ae-9a56-764a41b731fb,Jawaan Taylor,ATL,OL,17,0.0,0.0,80.087,9.486,0.0,0.0,0.0,0.0817
2026,3ce8b831-0112-4c27-9f69-be61d1b291d8,Jaxson Moi,LA,DL,17,0.0,0.0,80.087,9.486,0.0,0.0,0.0,0.0817
2026,25e35f66-6793-4a06-9009-02489b87d1b8,Jay Higgins,BAL,LB,17,0.0,0.0,80.087,9.486,0.0,0.0,0.0,0.0817
2026,bea8633c-efc8-4ee7-9cc6-248ecafc44ab,Jay Toia,DAL,DL,17,0.0,0.0,80.087,9.486,0.0,0.0,0.0,0.0817
2026,cb028d86-c858-42a1-92cf-29c0a1db6f79,Jay Tufele,DET,DL,17,0.0,0.0,80.087,9.486,0.0,0.0,0.0,0.0817
2026,c9bbfdfa-b4da-4364-9325-118d0163607b,Jay Ward,MIN,DB,17,0.0,0.0,80.087,9.486,0.0,0.0,0.0,0.0817
2026,8aaea84e-49e6-4f30-859d-f01d79b49465,Jay'viar Suggs,NO,DL,17,0.0,0.0,80.087,9.486,0.0,0.0,0.0,0.0817
2026,2016ec06-18c4-4ece-b3ce-5198bf9b0527,Jaycee Horn,CAR,DB,17,0.0,0.0,80.087,9.486,0.0,0.0,0.0,0.0817
2026,77d62d5f-61af-4b0f-b242-ba891b9383d9,Jayden Loving,CHI,DL,17,0.0,0.0,80.087,9.486,0.0,0.0,0.0,0.0817
2026,2d745f85-8fd4-4fcd-9364-168224a94e08,Jayden Price,NO,DB,17,0.0,0.0,80.087,9.486,0.0,0.0,0.0,0.0817
2026,08e5a77e-ce88-461f-bcbf-555935dd3fda,Jayden Williams,ARI,OL,17,0.0,0.0,80.087,9.486,0.0,0.0,0.0,0.0817
2026,b9da3780-bbbc-42cf-b760-ad47a734668e,Jaylan Ford,NO,LB,17,0.0,0.0,80.087,9.486,0.0,0.0,0.0,0.0817
2026,c7508090-4ef9-44be-bb36-a8a657993b58,Jaylen Harrell,TEN,LB,17,0.0,0.0,80.087,9.486,0.0,0.0,0.0,0.0817
2026,14d6e8a2-a55b-4ad9-9a5a-1d40b0fab481,Jaylen McCollough,LA,DB,17,0.0,0.0,80.087,9.486,0.0,0.0,0.0,0.0817
2026,36915ae4-032e-4241-93c2-a4d34922e51c,Jaylen Reed,HOU,DB,17,0.0,0.0,80.087,9.486,0.0,0.0,0.0,0.0817
2026,9af16be5-675b-450f-8490-a9c02c18f353,Jaylen Watson,LA,DB,17,0.0,0.0,80.087,9.486,0.0,0.0,0.0,0.0817
2026,0e53b73c-799c-4ce1-8a75-f932b4042b47,Jaylin Simpson,GB,DB,17,0.0,0.0,80.087,9.486,0.0,0.0,0.0,0.0817
2026,6bb6b044-2bbb-417c-9d4d-cc6b181a5760,Jaylin Smith,HOU,DB,17,0.0,0.0,80.087,9.486,0.0,0.0,0.0,0.0817
2026,9222b3b2-76d0-4b42-ab0a-aa6b06d10bd0,Jaylinn Hawkins,BAL,DB,17,0.0,0.0,80.087,9.486,0.0,0.0,0.0,0.0817
2026,175f844e-8292-4a3f-9b3e-6ff6bc2d3dd2,Jaylon Carlies,IND,LB,17,0.0,0.0,80.087,9.486,0.0,0.0,0.0,0.0817
2026,c6a36215-db24-415e-b202-9a1003e25175,Jaylon Guilbeau,CAR,DB,17,0.0,0.0,80.087,9.486,0.0,0.0,0.0,0.0817
2026,edc6481c-62d5-4c1f-bbc8-5d6e8a159734,Jaylon Johnson,CHI,DB,17,0.0,0.0,80.087,9.486,0.0,0.0,0.0,0.0817
2026,a6939013-7577-47fc-8a91-0060287621d0,Jaylon Jones,IND,DB,17,0.0,0.0,80.087,9.486,0.0,0.0,0.0,0.0817
2026,9eb35b1c-650d-4718-8913-1f477ba85cbe,Jaylon Jones,CHI,DB,17,0.0,0.0,80.087,9.486,0.0,0.0,0.0,0.0817
2026,b5be7467-1d61-4d29-8be3-6ccbad4a58c9,Jaylon Moore,KC,OL,17,0.0,0.0,80.087,9.486,0.0,0.0,0.0,0.0817
2026,8bc27ac4-ee94-47a2-a8c1-4c4e85fd5ab9,Jayson Jones,TB,DL,17,0.0,0.0,80.087,9.486,0.0,0.0,0.0,0.0817
2026,0a1522b0-5740-408a-b078-a2e0048d55c6,Jeadyn Lukus,TEN,DB,17,0.0,0.0,80.087,9.486,0.0,0.0,0.0,0.0817
2026,f8233820-effe-4dd8-a76a-efe3cfec02b4,Jedrick Wills,CHI,OL,17,0.0,0.0,80.087,9.486,0.0,0.0,0.0,0.0817
2026,7c6a0b7f-6513-4c1e-aafb-6b07aa6094a0,Jeffrey Bassa,KC,LB,17,0.0,0.0,80.087,9.486,0.0,0.0,0.0,0.0817
2026,026c713b-9ead-4679-a155-2321dbc2375f,Jeffrey M'ba,WAS,DL,17,0.0,0.0,80.087,9.486,0.0,0.0,0.0,0.0817
2026,1b2e0322-7129-4384-ac75-d37b0331fd39,Jer'Zhan Newton,WAS,DL,17,0.0,0.0,80.087,9.486,0.0,0.0,0.0,0.0817
2026,06d0b040-fa6d-45b0-b562-6ab9b96c4c6d,Jeremiah Byers,CLE,OL,17,0.0,0.0,80.087,9.486,0.0,0.0,0.0,0.0817
2026,55e159c6-ae25-4d8d-8768-d973fe366c62,Jeremiah Martin,CHI,DL,17,0.0,0.0,80.087,9.486,0.0,0.0,0.0,0.0817
2026,09a9d231-dec6-4b9a-95fc-aab75ebedf35,Jeremiah Owusu-Koramoah,CLE,LB,17,0.0,0.0,80.087,9.486,0.0,0.0,0.0,0.0817
2026,e2a009eb-7efa-4969-a4d4-6859b2b3bdc5,Jeremiah Pharms Jr.,NE,DL,17,0.0,0.0,80.087,9.486,0.0,0.0,0.0,0.0817
2026,81dd2ad3-9c4e-4372-952f-f5ead5772216,Jeremiah Trotter Jr.,PHI,LB,17,0.0,0.0,80.087,9.486,0.0,0.0,0.0,0.0817
2026,535a3760-468b-41a2-8120-a57228ea2bdf,Jeremiah Wright,NO,OL,17,0.0,0.0,80.087,9.486,0.0,0.0,0.0,0.0817
2026,1e3dc8a4-7065-41ab-be1f-ba3f049d19da,Jeremy Chinn,LV,DB,17,0.0,0.0,80.087,9.486,0.0,0.0,0.0,0.0817
2026,b3a85635-681f-40e5-87c7-9a5aee971240,Jeremy Crawshaw,DEN,P,17,0.0,0.0,80.087,9.486,0.0,0.0,0.0,0.0817
2026,48f71183-a08a-4a99-baa5-0cee5e84c09f,Jeremy Reaves,WAS,DB,17,0.0,0.0,80.087,9.486,0.0,0.0,0.0,0.0817
2026,f0530c6b-928f-4e9e-92c3-2c862c46020c,Jermaine Eluemunor,NYG,OL,17,0.0,0.0,80.087,9.486,0.0,0.0,0.0,0.0817
2026,f3d4b157-0635-4aad-b420-e90232a1e108,Jermaine Johnson II,TEN,LB,17,0.0,0.0,80.087,9.486,0.0,0.0,0.0,0.0817
2026,b5cdfad4-64d4-4dd1-b480-3108418d2bd1,Jerome Carvin,JAX,OL,17,0.0,0.0,80.087,9.486,0.0,0.0,0.0,0.0817
2026,f4a4d827-abe5-4e2a-a869-fc874e8580e1,Jerrick Reed II,TEN,DB,17,0.0,0.0,80.087,9.486,0.0,0.0,0.0,0.0817
2026,a70e34c9-bcfc-4426-b789-822375fdde79,Jerry Tillery,IND,DL,17,0.0,0.0,80.087,9.486,0.0,0.0,0.0,0.0817
2026,96c682de-cd2d-4300-929b-2b2664c0d347,Jesse Luketa,NE,LB,17,0.0,0.0,80.087,9.486,0.0,0.0,0.0,0.0817
2026,eaf51552-3c70-43f9-baf0-4316c833ae5b,Jessie Bates,ATL,DB,17,0.0,0.0,80.087,9.486,0.0,0.0,0.0,0.0817
2026,6ea96f8b-f2d8-4c9f-a23d-e64d60ecfa33,Jevon Holland,NYG,DB,17,0.0,0.0,80.087,9.486,0.0,0.0,0.0,0.0817
2026,7f6ddef1-ca5f-4d46-853c-02f305793b97,Ji'Ayir Brown,SF,DB,17,0.0,0.0,80.087,9.486,0.0,0.0,0.0,0.0817
2026,3f7cc78a-7bbc-48b9-b84d-a67e52f09ecf,Jihaad Campbell,PHI,LB,17,0.0,0.0,80.087,9.486,0.0,0.0,0.0,0.0817
2026,9420626a-c0bf-400b-80e8-0336db09926a,Jim Bonifas,MIA,OL,17,0.0,0.0,80.087,9.486,0.0,0.0,0.0,0.0817
2026,030e5c09-b996-4008-b6d3-857bfac32751,Jimmy Ciarlo,BUF,LB,17,0.0,0.0,80.087,9.486,0.0,0.0,0.0,0.0817
2026,75d6570a-b1d0-44a6-9966-d8991c9a9803,Jimmy Morrissey,IND,OL,17,0.0,0.0,80.087,9.486,0.0,0.0,0.0,0.0817
2026,6f9577d6-d85b-4970-b23a-0a6d2c46ba15,Jimmy Rolder,DET,LB,17,0.0,0.0,80.087,9.486,0.0,0.0,0.0,0.0817
2026,81503dda-934c-408c-a132-47d4a3486926,Jimto Obidegwu,JAX,OL,17,0.0,0.0,80.087,9.486,0.0,0.0,0.0,0.0817
2026,b0d5981a-9297-4f2a-9a11-bbcd5d543413,Joe Alt,LAC,OL,17,0.0,0.0,80.087,9.486,0.0,0.0,0.0,0.0817
2026,3e7303a0-fadd-46bb-973d-04ddba7395c0,Joe Andreessen,BUF,LB,17,0.0,0.0,80.087,9.486,0.0,0.0,0.0,0.0817
2026,f1c45f84-14cf-4d9c-ada0-946abcfa528c,Joe Bachie,DET,LB,17,0.0,0.0,80.087,9.486,0.0,0.0,0.0,0.0817
2026,b7d7426e-1c88-4f32-9c21-9c9da0432d30,Joe Cardona,LA,LS,17,0.0,0.0,80.087,9.486,0.0,0.0,0.0,0.0817
2026,fbfb435d-2c41-48cd-b5ba-d659a68aaaf7,Joe Giles-Harris,CIN,LB,17,0.0,0.0,80.087,9.486,0.0,0.0,0.0,0.0817
2026,5a5e7df7-724a-4f77-9b82-7e30436d9667,Joe Huber,MIN,OL,17,0.0,0.0,80.087,9.486,0.0,0.0,0.0,0.0817
2026,88c1c6a0-4dba-4949-b498-067fe3e50c56,Joe Thuney,CHI,OL,17,0.0,0.0,80.087,9.486,0.0,0.0,0.0,0.0817
2026,b879be6b-6a7e-4dd0-b241-9accdbb0d5c2,Joe Tippmann,NYJ,OL,17,0.0,0.0,80.087,9.486,0.0,0.0,0.0,0.0817
2026,258d063b-585d-4b93-a809-311444818eb4,Joe Tryon-Shoyinka,PHI,DL,17,0.0,0.0,80.087,9.486,0.0,0.0,0.0,0.0817
2026,920636ab-cbd6-4f9b-891c-d94a632d2563,Joey Blount,ARI,DB,17,0.0,0.0,80.087,9.486,0.0,0.0,0.0,0.0817
2026,ea44ba3d-1c3a-4643-81b9-065b9a806fd0,Joey Porter Jr.,PIT,DB,17,0.0,0.0,80.087,9.486,0.0,0.0,0.0,0.0817
2026,5ac3e24a-9925-409c-a15d-3f23b2b579fa,Joey Slye,TEN,K,17,0.0,0.0,80.087,9.486,0.0,0.0,0.0,0.0817
2026,5b095d8b-3045-4d9f-83b7-b193ed8d30d3,John Bullock,TB,LB,17,0.0,0.0,80.087,9.486,0.0,0.0,0.0,0.0817
2026,3aa57b61-57bd-48cd-ac22-32a15dc9c26e,John Franklin-Myers,TEN,DL,17,0.0,0.0,80.087,9.486,0.0,0.0,0.0,0.0817
2026,81d366f4-f35b-461a-82f8-ab928ba651b6,John Jenkins,BAL,DL,17,0.0,0.0,80.087,9.486,0.0,0.0,0.0,0.0817
2026,c5058341-4c05-46a9-86a0-b10e9e30c23f,John Michael Schmitz,NYG,OL,17,0.0,0.0,80.087,9.486,0.0,0.0,0.0,0.0817
2026,be657e4f-654f-407d-b81c-86fd3a27d35f,John Ojukwu,PHI,OL,17,0.0,0.0,80.087,9.486,0.0,0.0,0.0,0.0817
2026,d9590a67-5c6f-4281-8f09-7b8dfe50ba41,John Ridgeway,NO,DL,17,0.0,0.0,80.087,9.486,0.0,0.0,0.0,0.0817
2026,4f3d7fb5-0e6c-4b4e-9150-1387953f7423,John Saunders Jr.,NE,DB,17,0.0,0.0,80.087,9.486,0.0,0.0,0.0,0.0817
2026,cf3ea530-4aab-44d4-87a3-8cf5d110b769,John Simpson,BAL,OL,17,0.0,0.0,80.087,9.486,0.0,0.0,0.0,0.0817
2026,ec0f8042-c5d0-4762-b54f-15a18a49fec1,John Williams,GB,OL,17,0.0,0.0,80.087,9.486,0.0,0.0,0.0,0.0817
2026,34b1d224-4952-411f-87d7-0ad385c3327e,Johnathan Baldwin,GB,DB,17,0.0,0.0,80.087,9.486,0.0,0.0,0.0,0.0817
2026,4637eb04-7220-455b-9791-25200d8a412a,Johnathan Edwards,IND,DB,17,0.0,0.0,80.087,9.486,0.0,0.0,0.0,0.0817
2026,6bb38bb7-46fb-4c38-93d4-8e972614f76b,Johnny Hekker,MIN,P,17,0.0,0.0,80.087,9.486,0.0,0.0,0.0,0.0817
2026,5626191b-49a0-4892-a8ca-6ce3ca94d3d1,Johnny Walker Jr.,DEN,DL,17,0.0,0.0,80.087,9.486,0.0,0.0,0.0,0.0817
2026,2c9582d7-b9e1-40ed-9f65-bfe554451811,Jon Gaines II,ARI,OL,17,0.0,0.0,80.087,9.486,0.0,0.0,0.0,0.0817
2026,c7f9b947-bed9-4093-bbfd-4675407b3e50,Jon Rhattigan,CHI,LB,17,0.0,0.0,80.087,9.486,0.0,0.0,0.0,0.0817
2026,d4805bde-761e-4577-848e-b7c4d46ff698,Jon Runyan,NYG,OL,17,0.0,0.0,80.087,9.486,0.0,0.0,0.0,0.0817
2026,939e6a4e-3174-42b2-8262-d46b53dc60f0,Jon Weeks,SF,LS,17,0.0,0.0,80.087,9.486,0.0,0.0,0.0,0.0817
2026,61f27949-1141-4496-be84-60431dd9a3e5,JonDarius Morgan,NE,OL,17,0.0,0.0,80.087,9.486,0.0,0.0,0.0,0.0817
2026,d2775aff-6838-406e-a20b-2259c30086f1,Jonah Elliss,DEN,LB,17,0.0,0.0,80.087,9.486,0.0,0.0,0.0,0.0817
2026,d66bdbd1-034a-4f78-86dd-2b1d63447067,Jonah Jackson,CHI,OL,17,0.0,0.0,80.087,9.486,0.0,0.0,0.0,0.0817
2026,ecb5da68-b371-471f-bfe6-ca4c2dc44fe0,Jonah Laulu,LV,DL,17,0.0,0.0,80.087,9.486,0.0,0.0,0.0,0.0817
2026,4227a2af-ae95-42da-8dab-6afa05daf3d4,Jonah Monheim,JAX,OL,17,0.0,0.0,80.087,9.486,0.0,0.0,0.0,0.0817
2026,8b5f7dc1-5ae5-4569-8617-34d887c35fcc,Jonah Savaiinaea,MIA,OL,17,0.0,0.0,80.087,9.486,0.0,0.0,0.0,0.0817
2026,98b25fa6-65f3-4e0e-adca-014ba3c49e68,Jonah Williams,ARI,DL,17,0.0,0.0,80.087,9.486,0.0,0.0,0.0,0.0817
2026,e0cb3619-a0e7-4d9a-99f1-3b01ed2f6fab,Jonas Sanker,NO,DB,17,0.0,0.0,80.087,9.486,0.0,0.0,0.0,0.0817
2026,e8f8b3f2-cdab-41e6-81cd-a4bc0b61e86c,Jonathan Allen,CIN,DL,17,0.0,0.0,80.087,9.486,0.0,0.0,0.0,0.0817
2026,5bca50cd-052c-45f8-8f7d-fd6ece8a8738,Jonathan Bullard,DAL,DL,17,0.0,0.0,80.087,9.486,0.0,0.0,0.0,0.0817
2026,80e1defd-3c92-4e53-b73d-3bcbf80cbbe3,Jonathan Ford,GB,DL,17,0.0,0.0,80.087,9.486,0.0,0.0,0.0,0.0817
2026,8733059a-7884-4d42-91b9-2147d25b0e4a,Jonathan Garvin,CHI,LB,17,0.0,0.0,80.087,9.486,0.0,0.0,0.0,0.0817
2026,0583e41e-a6c4-41da-865e-e6f4ede2ca50,Jonathan Greenard,PHI,LB,17,0.0,0.0,80.087,9.486,0.0,0.0,0.0,0.0817
2026,7e29c1a7-51cb-4d58-8c68-7e2647e6c8f0,Jonathan Jones,PHI,DB,17,0.0,0.0,80.087,9.486,0.0,0.0,0.0,0.0817
2026,d6ffe1a1-38db-4840-8df4-4cfc0bfbb7c5,Jonathan Owens,IND,DB,17,0.0,0.0,80.087,9.486,0.0,0.0,0.0,0.0817
2026,411fb805-71b6-4e20-bb02-10c575339846,Jonathon Cooper,DEN,LB,17,0.0,0.0,80.087,9.486,0.0,0.0,0.0,0.0817
2026,66c61e6e-e089-44e4-9b1d-961a55a4c47b,Jordan Battle,CIN,DB,17,0.0,0.0,80.087,9.486,0.0,0.0,0.0,0.0817
2026,89c25d76-3e6d-4605-b4e7-579cfa2004d3,Jordan Burch,ARI,LB,17,0.0,0.0,80.087,9.486,0.0,0.0,0.0,0.0817
2026,65780fed-af97-44b3-84df-4844bf341889,Jordan Clark,NYJ,DB,17,0.0,0.0,80.087,9.486,0.0,0.0,0.0,0.0817
2026,ea829478-c033-47f0-ba9a-052fdcf196ea,Jordan Davis,PHI,DL,17,0.0,0.0,80.087,9.486,0.0,0.0,0.0,0.0817
2026,d176ae73-f0dc-49e8-be65-d9abeb213e78,Jordan Dunbar,BUF,DB,17,0.0,0.0,80.087,9.486,0.0,0.0,0.0,0.0817
2026,c965d662-7908-4a40-92a6-ca1fdc8dd1d3,Jordan Elliott,TEN,DL,17,0.0,0.0,80.087,9.486,0.0,0.0,0.0,0.0817
2026,f6cf43c7-2ac6-4fcf-8d26-c3b3ff2ea3c6,Jordan Hancock,BUF,DB,17,0.0,0.0,80.087,9.486,0.0,0.0,0.0,0.0817
2026,22214375-a426-4bb2-8ea2-4d05e6a0705e,Jordan Howden,NO,DB,17,0.0,0.0,80.087,9.486,0.0,0.0,0.0,0.0817
2026,14965e5d-84a2-46e0-bd18-d039f1ee29c8,Jordan Jackson,DEN,DL,17,0.0,0.0,80.087,9.486,0.0,0.0,0.0,0.0817
2026,c1932b50-121f-4fa9-a2a9-42ccad0e3ca9,Jordan Jefferson,CIN,DL,17,0.0,0.0,80.087,9.486,0.0,0.0,0.0,0.0817
2026,788cfcd0-7681-44f9-8566-f5599afbc596,Jordan Magee,WAS,LB,17,0.0,0.0,80.087,9.486,0.0,0.0,0.0,0.0817
2026,7453f73d-5a99-4a22-8b5a-eed5cd4a1728,Jordan Mailata,PHI,OL,17,0.0,0.0,80.087,9.486,0.0,0.0,0.0,0.0817
2026,4f8c1370-b317-4129-83bc-5230ed7ef475,Jordan McFadden,CHI,OL,17,0.0,0.0,80.087,9.486,0.0,0.0,0.0,0.0817
2026,5f7bdeee-1762-4cb0-ad38-d6e90fc6c3c9,Jordan Meredith,LV,OL,17,0.0,0.0,80.087,9.486,0.0,0.0,0.0,0.0817
2026,df7646f5-90c9-4614-8f58-31dd6a8bf5a7,Jordan Miller,DEN,DL,17,0.0,0.0,80.087,9.486,0.0,0.0,0.0,0.0817
2026,f41cff02-61f7-4fff-8d43-81043dfbab59,Jordan Morgan,GB,OL,17,0.0,0.0,80.087,9.486,0.0,0.0,0.0,0.0817
2026,b93477fb-0023-44c5-a93b-ba903c1619cb,Jordan Phillips,MIA,DL,17,0.0,0.0,80.087,9.486,0.0,0.0,0.0,0.0817
2026,4a139db4-1c61-46a5-9402-32225c8a0f28,Jordan Stout,NYG,P,17,0.0,0.0,80.087,9.486,0.0,0.0,0.0,0.0817
2026,25506f36-7cd1-4ecd-ac3a-e1d664f96feb,Jordan Turner,DEN,LB,17,0.0,0.0,80.087,9.486,0.0,0.0,0.0,0.0817
2026,2824a74d-5a9b-44b7-aeef-8064854d051e,Jordan White,JAX,OL,17,0.0,0.0,80.087,9.486,0.0,0.0,0.0,0.0817
2026,3a1634ec-0766-4c05-9e4b-7e3d3bed376a,Jordan van den Berg,CHI,DL,17,0.0,0.0,80.087,9.486,0.0,0.0,0.0,0.0817
2026,91298a0f-5846-4c78-8bb0-28664539f992,Jordon Riley,GB,DL,17,0.0,0.0,80.087,9.486,0.0,0.0,0.0,0.0817
2026,e7eb25ef-e5a1-421f-b4e1-2d9e0c80a380,Jordyn Brooks,MIA,LB,17,0.0,0.0,80.087,9.486,0.0,0.0,0.0,0.0817
2026,fea22203-4811-49b2-a352-599cbb41ea23,Josaiah Stewart,LA,LB,17,0.0,0.0,80.087,9.486,0.0,0.0,0.0,0.0817
2026,210b821d-2a9a-4f0c-87c2-d04d352a3717,Jose Ramirez,PHI,LB,17,0.0,0.0,80.087,9.486,0.0,0.0,0.0,0.0817
2026,a1c5119b-20c3-4226-850b-59169972a0b2,Joseph Ossai,NYJ,DL,17,0.0,0.0,80.087,9.486,0.0,0.0,0.0,0.0817
2026,97c70dfe-afaa-4b88-910c-d289dc51600c,Josh Blackwell,CHI,DB,17,0.0,0.0,80.087,9.486,0.0,0.0,0.0,0.0817
2026,c693d47a-8654-40c3-a85d-e809988d8667,Josh Butler,DAL,DB,17,0.0,0.0,80.087,9.486,0.0,0.0,0.0,0.0817
2026,2e5248b9-03ac-4126-bd0e-001928614e36,Josh Conerly Jr.,WAS,OL,17,0.0,0.0,80.087,9.486,0.0,0.0,0.0,0.0817
2026,3c790024-9d68-48ec-b558-172dd54dc513,Josh Fryar,ARI,OL,17,0.0,0.0,80.087,9.486,0.0,0.0,0.0,0.0817
2026,179dc212-d1f3-4e55-8464-1b70fd35e01f,Josh Gesky,GB,OL,17,0.0,0.0,80.087,9.486,0.0,0.0,0.0,0.0817
2026,bc988e65-9929-4db6-9b90-e537a432d447,Josh Harris,LAC,LS,17,0.0,0.0,80.087,9.486,0.0,0.0,0.0,0.0817
2026,873c3d04-12c6-47d1-a1a0-8e5de1466a9e,Josh Hayes,TB,DB,17,0.0,0.0,80.087,9.486,0.0,0.0,0.0,0.0817
2026,59a17459-542d-4e70-825f-b1718c5f992e,Josh Hines-Allen,JAX,DL,17,0.0,0.0,80.087,9.486,0.0,0.0,0.0,0.0817
2026,d7b18a49-b462-4c81-8b85-cae4c216f9ef,Josh Jobe,SEA,DB,17,0.0,0.0,80.087,9.486,0.0,0.0,0.0,0.0817
2026,bfa66592-9f46-4331-9d43-70643c694b7c,Josh Jones,SEA,OL,17,0.0,0.0,80.087,9.486,0.0,0.0,0.0,0.0817
2026,2c16b6fa-593b-4f8c-b824-95ed6ca3209b,Josh Kaltenberger,LAC,OL,17,0.0,0.0,80.087,9.486,0.0,0.0,0.0,0.0817
2026,c6817934-03a2-4a0d-a6ec-24f482141f08,Josh Kreutz,IND,OL,17,0.0,0.0,80.087,9.486,0.0,0.0,0.0,0.0817
2026,84354fcd-9526-48c5-a48a-64db02c95d49,Josh Metellus,MIN,DB,17,0.0,0.0,80.087,9.486,0.0,0.0,0.0,0.0817
2026,217bbde8-ffd2-4be1-88d9-b5a506c17df6,Josh Myers,NYJ,OL,17,0.0,0.0,80.087,9.486,0.0,0.0,0.0,0.0817
2026,a02952d0-df98-4ecc-be98-a4bed6338cc6,Josh Newton,CIN,DB,17,0.0,0.0,80.087,9.486,0.0,0.0,0.0,0.0817
2026,bd35fd9a-8ae0-420b-a41c-f6d389766a05,Josh Priebe,MIA,OL,17,0.0,0.0,80.087,9.486,0.0,0.0,0.0,0.0817
2026,92c6823c-9aee-4c85-8054-3964519aacfb,Josh Ross,MIN,LB,17,0.0,0.0,80.087,9.486,0.0,0.0,0.0,0.0817
2026,e0b1a324-75b3-403f-9937-ec0ecc1c8835,Josh Sills,IND,OL,17,0.0,0.0,80.087,9.486,0.0,0.0,0.0,0.0817
2026,83ee5225-40c6-4b5c-a810-65c01d838fbf,Josh Simmons,KC,OL,17,0.0,0.0,80.087,9.486,0.0,0.0,0.0,0.0817
2026,5401a041-b6ea-408a-a20c-860bae4ac9d5,Josh Sweat,ARI,LB,17,0.0,0.0,80.087,9.486,0.0,0.0,0.0,0.0817
2026,f1ef6960-626b-4814-9009-5aa8bb5c876d,Josh Thompson,KC,OL,17,0.0,0.0,80.087,9.486,0.0,0.0,0.0,0.0817
2026,eeb31ccd-5191-4ed2-8555-73767b2b7c03,Josh Tupou,NYG,DL,17,0.0,0.0,80.087,9.486,0.0,0.0,0.0,0.0817
2026,61bcb077-2e77-4527-bc4d-91716ab25342,Josh Wallace,LA,DB,17,0.0,0.0,80.087,9.486,0.0,0.0,0.0,0.0817
2026,93e93abc-bea6-4f6b-90d7-12fb02ed0d41,Joshua Ezeudu,NYG,OL,17,0.0,0.0,80.087,9.486,0.0,0.0,0.0,0.0817
2026,3b796e8a-1814-4702-a54a-237cc762db72,Joshua Farmer,NE,DL,17,0.0,0.0,80.087,9.486,0.0,0.0,0.0,0.0817
2026,49ab6c63-b1aa-443b-a08d-98cbfbc4df18,Joshua Gray,CAR,OL,17,0.0,0.0,80.087,9.486,0.0,0.0,0.0,0.0817
2026,ca5e26b2-19b6-41d4-8730-76fe280b4e08,Joshua Josephs,WAS,LB,17,0.0,0.0,80.087,9.486,0.0,0.0,0.0,0.0817
2026,baf02095-89ce-4b2f-9d9a-f6aa04b9ec92,Joshua Miles,LV,OL,17,0.0,0.0,80.087,9.486,0.0,0.0,0.0,0.0817
2026,f3684500-ef68-4871-b74d-3caaeeea0ac3,Joshua Uche,MIA,LB,17,0.0,0.0,80.087,9.486,0.0,0.0,0.0,0.0817
2026,b5a21ece-233e-4d67-9bc3-f8cf9e987a2d,Joshua Weru,PHI,DL,17,0.0,0.0,80.087,9.486,0.0,0.0,0.0,0.0817
2026,00410aed-3a06-4974-85a2-82c919f14793,Joshua Williams,TEN,DB,17,0.0,0.0,80.087,9.486,0.0,0.0,0.0,0.0817
2026,f2adae77-6964-44fc-89f1-ce1e8d96a0c8,Josiah Green,TB,DL,17,0.0,0.0,80.087,9.486,0.0,0.0,0.0,0.0817
2026,12197afa-8458-4695-b33d-ec4c34fb9930,Josiah Trotter,TB,LB,17,0.0,0.0,80.087,9.486,0.0,0.0,0.0,0.0817
2026,b6ba9d4c-bd9b-4135-a3d2-f0466462af7a,Jourdan Lewis,JAX,DB,17,0.0,0.0,80.087,9.486,0.0,0.0,0.0,0.0817
2026,393c8d03-69df-4599-ace2-423e78eca45a,Jovaughn Gwyn,BAL,OL,17,0.0,0.0,80.087,9.486,0.0,0.0,0.0,0.0817
2026,732316e5-0085-442a-b0e3-577262220a65,Jowon Briggs,NYJ,DL,17,0.0,0.0,80.087,9.486,0.0,0.0,0.0,0.0817
2026,bb38355a-f9d1-457b-a6de-923cdac392eb,Juanyeh Thomas,IND,DB,17,0.0,0.0,80.087,9.486,0.0,0.0,0.0,0.0817
2026,8e0d82b1-cb48-40ce-9c80-3dfc93dbcb9d,Juice Scruggs,DET,OL,17,0.0,0.0,80.087,9.486,0.0,0.0,0.0,0.0817
2026,3b7c22f5-c2c2-4bb6-bbed-dd1c721d35c9,Julian Ashby,NE,LS,17,0.0,0.0,80.087,9.486,0.0,0.0,0.0,0.0817
2026,dc70261e-a360-456c-a88e-a70774fc5dc0,Julian Blackmon,NO,DB,17,0.0,0.0,80.087,9.486,0.0,0.0,0.0,0.0817
2026,da279621-34c6-4bec-a0ac-2fce1a33863c,Julian Good-Jones,WAS,OL,17,0.0,0.0,80.087,9.486,0.0,0.0,0.0,0.0817
2026,5bb543af-bb1f-4ff3-b92d-07112f59452c,Julian Love,SEA,DB,17,0.0,0.0,80.087,9.486,0.0,0.0,0.0,0.0817
2026,89a92c0f-82d0-4f14-b223-bd7b975b5835,Julian Neal,SEA,DB,17,0.0,0.0,80.087,9.486,0.0,0.0,0.0,0.0817
2026,75e1b1ec-53dd-49bb-a1e9-76fccde2633c,Julian Okwara,CLE,LB,17,0.0,0.0,80.087,9.486,0.0,0.0,0.0,0.0817
2026,99123203-810a-428d-ac00-8304a69e6c0f,Julius Brents,MIA,DB,17,0.0,0.0,80.087,9.486,0.0,0.0,0.0,0.0817
2026,ea6b443f-ce0e-456d-b603-da264b45769d,Julius Welschof,PIT,LB,17,0.0,0.0,80.087,9.486,0.0,0.0,0.0,0.0817
2026,384b1dc3-4d04-445b-a1d0-6dea7f203ac9,Julius Wood,DAL,DB,17,0.0,0.0,80.087,9.486,0.0,0.0,0.0,0.0817
2026,3b069f9b-8006-4768-911f-34fb306b4ec2,Junior Colson,LAC,LB,17,0.0,0.0,80.087,9.486,0.0,0.0,0.0,0.0817
2026,7b9236e9-d3fe-4c4c-a9ab-5d4634bca024,Junior Tafuna,HOU,DL,17,0.0,0.0,80.087,9.486,0.0,0.0,0.0,0.0817
2026,96fe1a17-42a9-400c-a892-dc49d1b2ca85,Justin Barron,DAL,LB,17,0.0,0.0,80.087,9.486,0.0,0.0,0.0,0.0817
2026,351d9c14-0c5a-4597-9f86-fc342d4f4b34,Justin Dedich,LA,OL,17,0.0,0.0,80.087,9.486,0.0,0.0,0.0,0.0817
2026,77e5141a-e8a8-4e47-b79c-51bc9e2f47c4,Justin Eboigbe,LAC,DL,17,0.0,0.0,80.087,9.486,0.0,0.0,0.0,0.0817
2026,802b0cf9-42e5-4069-bfe7-02e6b382af31,Justin Jefferson,CLE,LB,17,0.0,0.0,80.087,9.486,0.0,0.0,0.0,0.0817
2026,deb97c96-04df-402e-bdfa-3de672fb2173,Justin Pickett,LV,OL,17,0.0,0.0,80.087,9.486,0.0,0.0,0.0,0.0817
2026,49266422-dd56-419a-b2e0-be567de9b4e4,Justin Reid,NO,DB,17,0.0,0.0,80.087,9.486,0.0,0.0,0.0,0.0817
2026,65350d01-875d-4481-b30b-87d2efbeae8c,Justin Skule,TB,OL,17,0.0,0.0,80.087,9.486,0.0,0.0,0.0,0.0817
2026,2ae0e6c8-4cc7-440d-8d37-8ea9b9cb2d22,Justin Strnad,DEN,LB,17,0.0,0.0,80.087,9.486,0.0,0.0,0.0,0.0817
2026,f37e0939-fb80-4cf6-9591-d1e3d848b09d,Justin Walley,IND,DB,17,0.0,0.0,80.087,9.486,0.0,0.0,0.0,0.0817
2026,dfa946fc-0863-41bc-96d9-c8350e2e471e,K'Lavon Chaisson,WAS,LB,17,0.0,0.0,80.087,9.486,0.0,0.0,0.0,0.0817
2026,cd5d9301-6501-4034-a4b3-53377f6031d7,K'Von Wallace,BAL,DB,17,0.0,0.0,80.087,9.486,0.0,0.0,0.0,0.0817
2026,fbaf9689-8bff-462d-a86d-fa7688d70a60,K.C. Eziomume,CHI,DB,17,0.0,0.0,80.087,9.486,0.0,0.0,0.0,0.0817
2026,90050f05-5a78-43f3-aab7-6687b913c4cf,K.C. Ossai,HOU,LB,17,0.0,0.0,80.087,9.486,0.0,0.0,0.0,0.0817
2026,20eacadb-f65c-4038-b8f5-70e7b3328161,K.J. Britt,NE,LB,17,0.0,0.0,80.087,9.486,0.0,0.0,0.0,0.0817
2026,2c045227-dc17-4fcd-a60f-cef5beddc028,KJ Henry,PIT,DL,17,0.0,0.0,80.087,9.486,0.0,0.0,0.0,0.0817
2026,6d3b0453-c083-4448-86f1-1e83baf74c5a,KT Leveston,CLE,OL,17,0.0,0.0,80.087,9.486,0.0,0.0,0.0,0.0817
2026,514f7230-a15b-47a8-9a12-f003cbd8e706,Ka'ena De Cambra,ARI,OL,17,0.0,0.0,80.087,9.486,0.0,0.0,0.0,0.0817
2026,7760b252-86c5-440d-b3cd-2a1f8badf48b,Ka'imi Fairbairn,HOU,K,17,0.0,0.0,80.087,9.486,0.0,0.0,0.0,0.0817
2026,a5032426-1f17-4e5c-a2ab-d5cfbc4e9f35,Kaden Elliss,NO,LB,17,0.0,0.0,80.087,9.486,0.0,0.0,0.0,0.0817
2026,07f9ea83-9774-4e85-b051-11871989e2ff,Kader Kohou,KC,DB,17,0.0,0.0,80.087,9.486,0.0,0.0,0.0,0.0817
2026,429ffb1d-14b6-4c2c-9e27-5a7a0696706f,Kadyn Proctor,MIA,OL,17,0.0,0.0,80.087,9.486,0.0,0.0,0.0,0.0817
2026,3cb6d83e-5a74-4215-aa48-a9d1074da01b,Kaevon Merriweather,HOU,DB,17,0.0,0.0,80.087,9.486,0.0,0.0,0.0,0.0817
2026,a4f843c9-d9ec-403e-aba3-624ea4dc89d2,Kage Casey,DEN,OL,17,0.0,0.0,80.087,9.486,0.0,0.0,0.0,0.0817
2026,6726cdcf-3cdc-4a04-bf3d-e845e95329e0,Kahlef Hailassie,MIN,DB,17,0.0,0.0,80.087,9.486,0.0,0.0,0.0,0.0817
2026,fc28b3aa-8892-4ac0-9d70-4f061783603c,Kahlil Benson,KC,OL,17,0.0,0.0,80.087,9.486,0.0,0.0,0.0,0.0817
2026,8cb1fb87-e01f-4405-be5a-6861c280dbb7,Kahlil Saunders,MIA,DL,17,0.0,0.0,80.087,9.486,0.0,0.0,0.0,0.0817
2026,1931cd4b-5fad-4e75-99a6-3aa2583bfa9e,Kai Kroeger,HOU,P,17,0.0,0.0,80.087,9.486,0.0,0.0,0.0,0.0817
2026,608a107a-d572-4ebd-8429-f2716be43c04,Kaiir Elam,KC,DB,17,0.0,0.0,80.087,9.486,0.0,0.0,0.0,0.0817
2026,f9268dc1-304b-47e4-a307-a3b6cc6ecb1c,Kaimon Rucker,BAL,DL,17,0.0,0.0,80.087,9.486,0.0,0.0,0.0,0.0817
2026,61324f80-6bb8-45e6-baeb-f5f8274bbe8f,Kain Medrano,WAS,LB,17,0.0,0.0,80.087,9.486,0.0,0.0,0.0,0.0817
2026,a46f27b1-7261-445f-9392-949bc06060b5,Kaleb Elarms-Orr,BUF,LB,17,0.0,0.0,80.087,9.486,0.0,0.0,0.0,0.0817
2026,602efb02-5c26-409b-82f0-9d2330c585d0,Kaleb McGary,ATL,OL,17,0.0,0.0,80.087,9.486,0.0,0.0,0.0,0.0817
2026,8e540173-f955-4862-9378-b4dbde94c6d1,Kalen King,ARI,DB,17,0.0,0.0,80.087,9.486,0.0,0.0,0.0,0.0817
2026,fd8985a2-6218-4667-9cf1-c3d1cddaba90,Kalia Davis,CLE,DL,17,0.0,0.0,80.087,9.486,0.0,0.0,0.0,0.0817
2026,c5fce963-3ae6-4003-8b3f-fb53c6adceab,Kam Arnold,KC,LB,17,0.0,0.0,80.087,9.486,0.0,0.0,0.0,0.0817
2026,307a3011-490f-4d3d-8bf4-8c4a2b7a85cd,Kam Curl,LA,DB,17,0.0,0.0,80.087,9.486,0.0,0.0,0.0,0.0817
2026,a94cc469-911e-4692-b281-1e7120d3961a,Kam Dewberry,ATL,OL,17,0.0,0.0,80.087,9.486,0.0,0.0,0.0,0.0817
2026,917bee28-5815-43dd-866e-acd3809b68fc,Kamal Hadden,GB,DB,17,0.0,0.0,80.087,9.486,0.0,0.0,0.0,0.0817
2026,4cbb92a7-8eab-4fd0-a51d-c4b2fc50beaa,Kamar Missouri,LV,OL,17,0.0,0.0,80.087,9.486,0.0,0.0,0.0,0.0817
2026,2edec0d8-e6fe-4c33-9125-1a88eb687b4c,Kamari Lassiter,HOU,DB,17,0.0,0.0,80.087,9.486,0.0,0.0,0.0,0.0817
2026,5105c630-8ca1-4dec-ac81-7cdf8fd55a10,Kamari Ramsey,HOU,DB,17,0.0,0.0,80.087,9.486,0.0,0.0,0.0,0.0817
2026,c30cb479-2b3d-4954-804e-d02cd61d816d,Kamren Kinchens,LA,DB,17,0.0,0.0,80.087,9.486,0.0,0.0,0.0,0.0817
2026,edb610ab-2761-45af-ae34-b60a9fb79885,Kani Walker,BUF,DB,17,0.0,0.0,80.087,9.486,0.0,0.0,0.0,0.0817
2026,1b789bfa-e458-4fee-b158-194655fdce67,Kapena Gushiken,PHI,DB,17,0.0,0.0,80.087,9.486,0.0,0.0,0.0,0.0817
2026,dc58601f-c8c8-4cbe-ae08-9c5227ab3103,Karene Reid,DEN,LB,17,0.0,0.0,80.087,9.486,0.0,0.0,0.0,0.0817
2026,400ac6f2-04a9-40f5-917b-d7faf481280b,Karl Brooks,GB,DL,17,0.0,0.0,80.087,9.486,0.0,0.0,0.0,0.0817
2026,9a3e2464-19b5-4cae-ba9a-78adcf31c5d7,Karon Prunty,NE,DB,17,0.0,0.0,80.087,9.486,0.0,0.0,0.0,0.0817
2026,58ba061f-0460-4f17-b863-27b3a12777b9,Karsen Barnhart,GB,OL,17,0.0,0.0,80.087,9.486,0.0,0.0,0.0,0.0817
2026,21df5c9b-e668-41f6-8c83-b7bb04cad110,Karson Sharar,ARI,LB,17,0.0,0.0,80.087,9.486,0.0,0.0,0.0,0.0817
2026,ed7865ed-2050-4d62-875c-8560360eca8f,Kayden McDonald,HOU,DL,17,0.0,0.0,80.087,9.486,0.0,0.0,0.0,0.0817
2026,fb31a6b5-1729-46f1-b95e-017c9efa978f,Kayode Awosika,LAC,OL,17,0.0,0.0,80.087,9.486,0.0,0.0,0.0,0.0817
2026,63a5b790-507a-4677-9d94-b4a617d8bbfb,Kayvon Thibodeaux,NYG,LB,17,0.0,0.0,80.087,9.486,0.0,0.0,0.0,0.0817
2026,bc393833-332b-44ce-9d93-378f07c1c900,Keagen Trost,LA,OL,17,0.0,0.0,80.087,9.486,0.0,0.0,0.0,0.0817
2026,2617bd75-e19b-46cd-9744-93f5ef2eac10,Keeanu Benton,PIT,DL,17,0.0,0.0,80.087,9.486,0.0,0.0,0.0,0.0817
2026,097bf6e9-7a60-4b14-9db3-cfb8b36d97f9,Keeshawn Silver,NO,DL,17,0.0,0.0,80.087,9.486,0.0,0.0,0.0,0.0817
2026,8d4f5b77-cd23-4bd5-adcf-c11c3dc36290,Kei'Trel Clark,ARI,DB,17,0.0,0.0,80.087,9.486,0.0,0.0,0.0,0.0817
2026,507f78c5-376a-451f-b866-eed40e639176,Keidron Smith,NYJ,DB,17,0.0,0.0,80.087,9.486,0.0,0.0,0.0,0.0817
2026,0836f4bd-d441-4fa4-bfd2-a6d72470b4af,Keion White,SF,DL,17,0.0,0.0,80.087,9.486,0.0,0.0,0.0,0.0817
2026,1436fd3f-97e6-4ddb-a762-e25a6fcd0378,Keionte Scott,TB,DB,17,0.0,0.0,80.087,9.486,0.0,0.0,0.0,0.0817
2026,dbf0e948-721e-47b9-beca-b404e5ec6c58,Keir Thomas,LA,LB,17,0.0,0.0,80.087,9.486,0.0,0.0,0.0,0.0817
2026,55443ac4-5d1c-454f-8765-f9ec5e1312d7,Keisean Nixon,GB,DB,17,0.0,0.0,80.087,9.486,0.0,0.0,0.0,0.0817
2026,7c3312e1-4778-4598-a062-900a77162286,Keith Abney,DET,DB,17,0.0,0.0,80.087,9.486,0.0,0.0,0.0,0.0817
2026,26bce1fc-e34e-4e2d-83ae-499d460b6b15,Keith Cooper Jr.,MIA,DL,17,0.0,0.0,80.087,9.486,0.0,0.0,0.0,0.0817
2026,9489795e-9866-4031-a6f3-fd94bce263f1,Keith Taylor,JAX,DB,17,0.0,0.0,80.087,9.486,0.0,0.0,0.0,0.0817
2026,b25f4c33-dd50-4d66-a3ff-9f08746658a8,Keivie Rose,JAX,DL,17,0.0,0.0,80.087,9.486,0.0,0.0,0.0,0.0817
2026,c1597ea0-9daa-49ee-a0ed-8d220aaa0f27,Keldric Faulk,TEN,DL,17,0.0,0.0,80.087,9.486,0.0,0.0,0.0,0.0817
2026,791756cb-33b2-449a-91e5-b5fdca21c7ee,Kelee Ringo,PHI,DB,17,0.0,0.0,80.087,9.486,0.0,0.0,0.0,0.0817
2026,82567acf-6bec-4f65-9d51-8d8f61300095,Keli Lawson,MIN,LB,17,0.0,0.0,80.087,9.486,0.0,0.0,0.0,0.0817
2026,9c97fcf8-3df0-4527-9bba-5f8a924d39d9,Kelvin Banks Jr.,NO,OL,17,0.0,0.0,80.087,9.486,0.0,0.0,0.0,0.0817
2026,e5ace61e-9ec3-4301-9c10-5f8fb82e4484,Kelvin Gilliam,DAL,DL,17,0.0,0.0,80.087,9.486,0.0,0.0,0.0,0.0817
2026,688cca07-2ee4-4f93-8b55-1c92fdee76f0,Kemon Hall,TB,DB,17,0.0,0.0,80.087,9.486,0.0,0.0,0.0,0.0817
2026,ef82315b-79bf-4a5a-83e6-f1e401c494d6,Kendal Daniels,ATL,LB,17,0.0,0.0,80.087,9.486,0.0,0.0,0.0,0.0817
2026,d7e7a06f-f67c-4a63-b6e0-5a1c983b1458,Kendall Williamson,LAC,DB,17,0.0,0.0,80.087,9.486,0.0,0.0,0.0,0.0817
2026,341cbb0b-6a8f-489f-851c-174843dfe531,Kendell Brooks,TEN,DB,17,0.0,0.0,80.087,9.486,0.0,0.0,0.0,0.0817
2026,02438776-a6e5-43d3-9b08-759e470ec9a9,Kendrick Green,CLE,OL,17,0.0,0.0,80.087,9.486,0.0,0.0,0.0,0.0817
2026,22f7990e-2e62-4df8-b08f-f22436018d1c,Keni-H Lovely,JAX,DB,17,0.0,0.0,80.087,9.486,0.0,0.0,0.0,0.0817
2026,c3860af7-ff8d-4abf-ab51-b35646f95359,Kenneth Grant,MIA,DL,17,0.0,0.0,80.087,9.486,0.0,0.0,0.0,0.0817
2026,cd562e9c-a0a1-4b2f-a52d-266998e4d8d7,Kenneth Harris,NE,DB,17,0.0,0.0,80.087,9.486,0.0,0.0,0.0,0.0817
2026,9fa9efbc-09d7-4921-a955-822a6ecedd17,Kenny Clark,DAL,DL,17,0.0,0.0,80.087,9.486,0.0,0.0,0.0,0.0817
2026,cfdb90d9-633f-4458-b14d-2bdf3621da7f,Kentavius Street,CHI,DL,17,0.0,0.0,80.087,9.486,0.0,0.0,0.0,0.0817
2026,84667f08-b408-44b6-b0bf-9f22f622d21b,Keondre Jackson,BAL,DB,17,0.0,0.0,80.087,9.486,0.0,0.0,0.0,0.0817
2026,14675070-af51-48cd-8711-0c69b6df3e10,Keonta Jenkins,BUF,LB,17,0.0,0.0,80.087,9.486,0.0,0.0,0.0,0.0817
2026,335e3fa2-3b42-43e1-80ec-d59ce89b871d,Kerby Joseph,DET,DB,17,0.0,0.0,80.087,9.486,0.0,0.0,0.0,0.0817
2026,0432fce6-9720-4468-bc5a-e6d2d6942f09,Kevin Byard,NE,DB,17,0.0,0.0,80.087,9.486,0.0,0.0,0.0,0.0817
2026,ee67e35d-1664-4562-b7dd-00d3ef2d6977,Kevin Cline,MIA,OL,17,0.0,0.0,80.087,9.486,0.0,0.0,0.0,0.0817
2026,096fc9c7-aa59-459c-a38a-85df6fbf460f,Kevin Dotson,LA,OL,17,0.0,0.0,80.087,9.486,0.0,0.0,0.0,0.0817
2026,93a271b2-f3e6-47ce-908e-7b23f732f3b4,Kevin Jobity,PIT,DL,17,0.0,0.0,80.087,9.486,0.0,0.0,0.0,0.0817
2026,fb69fd63-a513-434d-b3cd-ccbe2c4e7068,Kevin Knowles,KC,DB,17,0.0,0.0,80.087,9.486,0.0,0.0,0.0,0.0817
2026,86eb70e9-1518-4d35-a39c-75f92f2aebbf,Kevin Winston Jr.,TEN,DB,17,0.0,0.0,80.087,9.486,0.0,0.0,0.0,0.0817
2026,1b118e91-32d7-40dd-936e-483475daf515,Keydrain Calligan,TEN,DB,17,0.0,0.0,80.087,9.486,0.0,0.0,0.0,0.0817
2026,fdcf7306-3dd5-4090-b31c-9a0b63abdab9,Keylan Rutledge,HOU,OL,17,0.0,0.0,80.087,9.486,0.0,0.0,0.0,0.0817
2026,9a26436e-f544-4c9d-a711-9d4050ab7212,Keyon Martin,BAL,DB,17,0.0,0.0,80.087,9.486,0.0,0.0,0.0,0.0817
2026,410d9a1e-3782-4736-be61-72db67b4d58a,Keyshaun Elliott,CHI,LB,17,0.0,0.0,80.087,9.486,0.0,0.0,0.0,0.0817
2026,2bb26860-60cd-4695-8bcf-8e41ba16aa5d,Keyshawn James-Newby,PHI,LB,17,0.0,0.0,80.087,9.486,0.0,0.0,0.0,0.0817
2026,83b5eaf2-bd6a-470d-9a9b-b8ef0772090c,Khalid Kareem,NYG,DL,17,0.0,0.0,80.087,9.486,0.0,0.0,0.0,0.0817
2026,311703ca-a3fe-4830-acf7-69b4f7fef88a,Khalil Dorsey,DET,DB,17,0.0,0.0,80.087,9.486,0.0,0.0,0.0,0.0817
2026,73d28855-4518-45b5-a641-95d75d7a8766,Khalil Jacobs,NE,LB,17,0.0,0.0,80.087,9.486,0.0,0.0,0.0,0.0817
2026,18b03aba-6186-40cc-b38b-9dd2ff97bee9,Khalil Mack,LAC,LB,17,0.0,0.0,80.087,9.486,0.0,0.0,0.0,0.0817
2026,3f3996fd-9b7e-4c2f-b5bd-083265989e99,Khordae Sydnor,CLE,DL,17,0.0,0.0,80.087,9.486,0.0,0.0,0.0,0.0817
2026,b9376486-d652-4442-9c77-b68d64d2ec42,Khristian Boyd,NO,DL,17,0.0,0.0,80.087,9.486,0.0,0.0,0.0,0.0817
2026,ba77eb7b-92bb-4344-a2c4-58ad30eab745,Khyiris Tonga,KC,DL,17,0.0,0.0,80.087,9.486,0.0,0.0,0.0,0.0817
2026,bfff2543-ddb4-4125-a206-d519acd40c53,Kilian Zierer,JAX,OL,17,0.0,0.0,80.087,9.486,0.0,0.0,0.0,0.0817
2026,73a4524d-6b47-4bef-9770-b9ae94b70673,Kindle Vildor,NE,DB,17,0.0,0.0,80.087,9.486,0.0,0.0,0.0,0.0817
2026,c583f2c3-5837-4b89-90c5-05ba33d38b10,Kingsley Eguakun,CLE,OL,17,0.0,0.0,80.087,9.486,0.0,0.0,0.0,0.0817
2026,6287d7ad-86ff-4dc4-bfbe-c1ee94331c29,Kingsley Enagbare,NYJ,DL,17,0.0,0.0,80.087,9.486,0.0,0.0,0.0,0.0817
2026,c063fd85-4f8e-45eb-9b63-32522c65ae33,Kingsley Jonathan,NYJ,DL,17,0.0,0.0,80.087,9.486,0.0,0.0,0.0,0.0817
2026,ea3bbede-fb09-4845-8d52-b0fb3a03789a,Kingsley Suamataia,KC,OL,17,0.0,0.0,80.087,9.486,0.0,0.0,0.0,0.0817
2026,3d704998-4f45-4614-b682-244670520069,Kion Smith,MIA,OL,17,0.0,0.0,80.087,9.486,0.0,0.0,0.0,0.0817
2026,4c778005-a00a-4c69-92be-dea645961f2a,Kiran Amegadjie,CHI,OL,17,0.0,0.0,80.087,9.486,0.0,0.0,0.0,0.0817
2026,2d30340b-c0a3-4cb8-a60c-5bc6fcbe3885,Kitan Crawford,ARI,DB,17,0.0,0.0,80.087,9.486,0.0,0.0,0.0,0.0817
2026,cfb69440-9655-47cd-8c5b-0ea4406a0feb,Kitan Oladapo,GB,DB,17,0.0,0.0,80.087,9.486,0.0,0.0,0.0,0.0817
2026,9022985e-bb8e-4428-aef5-551958ab63bd,Kobe King,NYJ,LB,17,0.0,0.0,80.087,9.486,0.0,0.0,0.0,0.0817
2026,2b12f6d8-da0f-4016-b92a-5e007ab93add,Kobee Minor,NE,DB,17,0.0,0.0,80.087,9.486,0.0,0.0,0.0,0.0817
2026,51b5b5f3-9890-427c-bf74-39dad7735538,Kobie Turner,LA,DL,17,0.0,0.0,80.087,9.486,0.0,0.0,0.0,0.0817
2026,43b9b2d4-fd85-4795-b6a7-efb5f905e4fd,Kody Huisman,BUF,DL,17,0.0,0.0,80.087,9.486,0.0,0.0,0.0,0.0817
2026,35234062-46b5-4854-a34a-64d70b437106,Kohl Levao,NYJ,OL,17,0.0,0.0,80.087,9.486,0.0,0.0,0.0,0.0817
2026,1e92b547-23de-4ea6-a20e-305c29c6fa63,Kolton Miller,LV,OL,17,0.0,0.0,80.087,9.486,0.0,0.0,0.0,0.0817
2026,b89b6bc1-f821-4f24-9e65-e87db8df9c70,Kool-Aid McKinstry,NO,DB,17,0.0,0.0,80.087,9.486,0.0,0.0,0.0,0.0817
2026,cdd686f7-2c2c-4854-835f-f3bd0e93a3f7,Korie Black,NYG,DB,17,0.0,0.0,80.087,9.486,0.0,0.0,0.0,0.0817
2026,fb245095-27b5-4b51-9ee9-b8a686adeacb,Kris Abrams-Draine,DEN,DB,17,0.0,0.0,80.087,9.486,0.0,0.0,0.0,0.0817
2026,340575a2-0c04-4d51-ba7e-99aa381fba92,Kris Jenkins,CIN,DL,17,0.0,0.0,80.087,9.486,0.0,0.0,0.0,0.0817
2026,1b152ae0-5aa6-4836-98a3-24c3293cec4a,Kristian Fulton,KC,DB,17,0.0,0.0,80.087,9.486,0.0,0.0,0.0,0.0817
2026,5ecbee37-6847-4324-84cd-bc0d5eabe798,Kristian Welch,GB,LB,17,0.0,0.0,80.087,9.486,0.0,0.0,0.0,0.0817
2026,01a1db75-bcc3-48e5-9f2c-61cf7f632a23,Kristian Williams,DEN,DL,17,0.0,0.0,80.087,9.486,0.0,0.0,0.0,0.0817
2026,9c57d942-2758-46d4-8747-6ead21a04023,Kwity Paye,LV,DL,17,0.0,0.0,80.087,9.486,0.0,0.0,0.0,0.0817
2026,c11892a8-c8f1-4131-b53d-f893d38b8a78,Kyle Dugger,CIN,DB,17,0.0,0.0,80.087,9.486,0.0,0.0,0.0,0.0817
2026,03423503-c965-46c3-801e-d7adce70d34d,Kyle Hamilton,BAL,DB,17,0.0,0.0,80.087,9.486,0.0,0.0,0.0,0.0817
2026,01ed3fa8-0390-42d9-a563-6a2afebf83c9,Kyle Hergel,CHI,OL,17,0.0,0.0,80.087,9.486,0.0,0.0,0.0,0.0817
2026,11b49b52-e0f5-49d3-a012-6d45c5e3be87,Kyle Hinton,ATL,OL,17,0.0,0.0,80.087,9.486,0.0,0.0,0.0,0.0817
2026,efec55af-536f-49ba-87de-2799b56649de,Kyle Kennard,LAC,LB,17,0.0,0.0,80.087,9.486,0.0,0.0,0.0,0.0817
2026,d5693adf-1d54-4c24-9b57-c6cbec5f4a3b,Kyle Louis,MIA,LB,17,0.0,0.0,80.087,9.486,0.0,0.0,0.0,0.0817
2026,ce088a87-77ec-4e65-a44d-e58f5bed06ef,Kyler Baugh,PIT,DL,17,0.0,0.0,80.087,9.486,0.0,0.0,0.0,0.0817
2026,340b4dd6-598f-4f30-a34b-0367592a1fb1,Kyler Gordon,CHI,DB,17,0.0,0.0,80.087,9.486,0.0,0.0,0.0,0.0817
2026,39a4e94b-f30c-4c03-ad4d-13d284552da4,Kyonte Hamilton,HOU,DL,17,0.0,0.0,80.087,9.486,0.0,0.0,0.0,0.0817
2026,530eceda-0b4f-4d33-95fc-15edb60e301b,L'Jarius Sneed,KC,DB,17,0.0,0.0,80.087,9.486,0.0,0.0,0.0,0.0817
2026,7266f015-1648-4cf2-b390-4de9f0248c7a,L.J. Collier,ARI,DL,17,0.0,0.0,80.087,9.486,0.0,0.0,0.0,0.0817
2026,8497b360-3c01-4118-9fe7-79a38778d078,L.T. Overton,DAL,DL,17,0.0,0.0,80.087,9.486,0.0,0.0,0.0,0.0817
2026,b08ce2ef-206c-4f99-8924-01083aa57c2c,LaBryan Ray,CAR,DL,17,0.0,0.0,80.087,9.486,0.0,0.0,0.0,0.0817
2026,370d871c-f077-45c7-879b-cdf22a02d36b,LaCale London,ATL,DL,17,0.0,0.0,80.087,9.486,0.0,0.0,0.0,0.0817
2026,ec3c657e-c4b4-4c17-aa68-46f784d8582d,Laekin Vakalahi,LAC,OL,17,0.0,0.0,80.087,9.486,0.0,0.0,0.0,0.0817
2026,cf879f72-40f8-4550-930d-cef015363be6,Laiatu Latu,IND,DL,17,0.0,0.0,80.087,9.486,0.0,0.0,0.0,0.0817
2026,4514f8ba-e265-4bb5-aff2-2623c93f6a42,Laith Marjan,PIT,K,17,0.0,0.0,80.087,9.486,0.0,0.0,0.0,0.0817
2026,690e0b1e-9c83-4e0d-afab-e5787b64e539,Laki Tasi,LV,DL,17,0.0,0.0,80.087,9.486,0.0,0.0,0.0,0.0817
2026,d43c83f6-0336-4772-b385-b568499b4c1e,Lander Barton,LAC,LB,17,0.0,0.0,80.087,9.486,0.0,0.0,0.0,0.0817
2026,570cde42-04a5-49de-817e-8357a9d92d44,Landon Dickerson,PHI,OL,17,0.0,0.0,80.087,9.486,0.0,0.0,0.0,0.0817
2026,7798afdb-cf55-4022-9b95-b7d183c32574,Landon Jackson,BUF,DL,17,0.0,0.0,80.087,9.486,0.0,0.0,0.0,0.0817
2026,b0fe1adf-cbe3-4b0f-893c-f142dec47ede,Landon Robinson,CIN,DL,17,0.0,0.0,80.087,9.486,0.0,0.0,0.0,0.0817
2026,412eed25-7a58-4c74-804a-f6781a805c5b,Landon Young,NYJ,OL,17,0.0,0.0,80.087,9.486,0.0,0.0,0.0,0.0817
2026,eb548e85-0e1b-4d98-b3a3-119640ed3de6,Lane Johnson,PHI,OL,17,0.0,0.0,80.087,9.486,0.0,0.0,0.0,0.0817
2026,69891db0-d094-4e61-b222-0dbb709df3fc,Langston Patterson,DAL,LB,17,0.0,0.0,80.087,9.486,0.0,0.0,0.0,0.0817
2026,4bd2551b-0d08-442c-987c-212c21dc7cdf,Lardarius Webb,BAL,DB,17,0.0,0.0,80.087,9.486,0.0,0.0,0.0,0.0817
2026,2a8c21ca-12d0-412e-b623-538755037650,Laremy Tunsil,WAS,OL,17,0.0,0.0,80.087,9.486,0.0,0.0,0.0,0.0817
2026,22de6d2b-ab13-4aba-9abe-bd247a04403a,Larrell Murchison,LA,DL,17,0.0,0.0,80.087,9.486,0.0,0.0,0.0,0.0817
2026,b9366c18-0a84-431b-bd4d-28c877df6dcc,Larry Borom,DET,OL,17,0.0,0.0,80.087,9.486,0.0,0.0,0.0,0.0817
2026,8d5b3e66-b383-4807-a604-db0ba9e414a5,Larry Worth,SF,DB,17,0.0,0.0,80.087,9.486,0.0,0.0,0.0,0.0817
2026,8804a2bc-f0d1-4e67-ac8d-d0d791700086,Lathan Ransom,CAR,DB,17,0.0,0.0,80.087,9.486,0.0,0.0,0.0,0.0817
2026,3866c6a6-d8f0-4f1a-a314-e621d4fe5e19,Latrell McCutchin,TEN,DB,17,0.0,0.0,80.087,9.486,0.0,0.0,0.0,0.0817
2026,a86cd557-7018-40be-93a6-6db89a9d85fe,Layden Robinson,ATL,OL,17,0.0,0.0,80.087,9.486,0.0,0.0,0.0,0.0817
2026,d36450e3-6e28-460e-9f86-a109513f4cd7,Lee Hunter,CAR,DL,17,0.0,0.0,80.087,9.486,0.0,0.0,0.0,0.0817
2026,34848c02-1645-46d4-b4e7-9514c428d179,Leki Fotu,NYG,DL,17,0.0,0.0,80.087,9.486,0.0,0.0,0.0,0.0817
2026,5b6495ff-c35b-4989-bcab-71a960a226cf,Leo Chenal,WAS,LB,17,0.0,0.0,80.087,9.486,0.0,0.0,0.0,0.0817
2026,00de3e2e-a0ca-4659-941b-40ca60cdc4ee,Leonard Taylor III,NE,DL,17,0.0,0.0,80.087,9.486,0.0,0.0,0.0,0.0817
2026,e82d5ca7-78f6-4ed4-a558-9ecce9ebbfd4,Leonard Williams,SEA,DL,17,0.0,0.0,80.087,9.486,0.0,0.0,0.0,0.0817
2026,6f795962-c628-4049-aab2-f2994cd18c07,Levelle Bailey,DEN,LB,17,0.0,0.0,80.087,9.486,0.0,0.0,0.0,0.0817
2026,779ebe9b-d955-4b5d-9956-afbfb6678838,Levi Drake Rodriguez,MIN,DL,17,0.0,0.0,80.087,9.486,0.0,0.0,0.0,0.0817
2026,5f837abe-4e57-4509-bbe9-261b2dff49d4,Levi Onwuzurike,DET,DL,17,0.0,0.0,80.087,9.486,0.0,0.0,0.0,0.0817
2026,18df8cdf-ea86-4151-a008-1d914a14b2d1,Liam Anderson,CIN,LB,17,0.0,0.0,80.087,9.486,0.0,0.0,0.0,0.0817
2026,dd562d5f-e00d-44a1-87c3-08f99a4fffcf,Liam Brown,CIN,OL,17,0.0,0.0,80.087,9.486,0.0,0.0,0.0,0.0817
2026,078a6c69-07e1-42de-9da4-2e9f8e1749fc,Liam Fornadel,NYJ,OL,17,0.0,0.0,80.087,9.486,0.0,0.0,0.0,0.0817
2026,a38f0442-8ff6-41ce-bbcd-20bcfe36179e,Liam McCullough,ATL,LS,17,0.0,0.0,80.087,9.486,0.0,0.0,0.0,0.0817
2026,359ddb9e-736f-4a27-b921-f5659be38a6e,Lloyd Cushenberry III,BUF,OL,17,0.0,0.0,80.087,9.486,0.0,0.0,0.0,0.0817
2026,9813ba10-c7fc-48ff-bcf5-1807054f6feb,Logan Brown,SEA,OL,17,0.0,0.0,80.087,9.486,0.0,0.0,0.0,0.0817
2026,b5bcc683-b7dc-4fd2-a206-b66d310f57eb,Logan Cooke,JAX,P,17,0.0,0.0,80.087,9.486,0.0,0.0,0.0,0.0817
2026,6dc514bf-cd81-45f4-b7c2-54c004fd4930,Logan Fano,CLE,DL,17,0.0,0.0,80.087,9.486,0.0,0.0,0.0,0.0817
2026,3cbc4745-8cd9-4547-bd26-e1f628dcbb57,Logan Hall,HOU,DL,17,0.0,0.0,80.087,9.486,0.0,0.0,0.0,0.0817
2026,714a1085-8fdc-4afb-90c9-ba49ef85b3c6,Logan Jones,CHI,OL,17,0.0,0.0,80.087,9.486,0.0,0.0,0.0,0.0817
2026,fe046fb1-8753-4c63-bac8-4c322d01591c,Logan Lee,PIT,DL,17,0.0,0.0,80.087,9.486,0.0,0.0,0.0,0.0817
2026,30d2ccc5-db92-4b09-9c10-33a8b69b57d9,Logan Taylor,LAC,OL,17,0.0,0.0,80.087,9.486,0.0,0.0,0.0,0.0817
2026,2461f16e-eaa8-45f9-ba70-705762f261ea,Lonnie Johnson,MIA,DB,17,0.0,0.0,80.087,9.486,0.0,0.0,0.0,0.0817
2026,ac8d8f61-3dbd-4256-9e28-061cf2414acb,Loren Strickland,DET,DB,17,0.0,0.0,80.087,9.486,0.0,0.0,0.0,0.0817
2026,b891e6af-905e-4d75-a3d4-836c1b96a62e,Lorenz Metz,NE,OL,17,0.0,0.0,80.087,9.486,0.0,0.0,0.0,0.0817
2026,c23db418-538f-4a91-902f-1f133f47b08d,Lorenzo Styles,NO,DB,17,0.0,0.0,80.087,9.486,0.0,0.0,0.0,0.0817
2026,5950c301-b216-4c47-9a33-a3d255ffef2f,Lorenzo Thompson,PIT,OL,17,0.0,0.0,80.087,9.486,0.0,0.0,0.0,0.0817
2026,82518220-6793-44c2-a882-759486b6803b,Louis Moore,MIA,DB,17,0.0,0.0,80.087,9.486,0.0,0.0,0.0,0.0817
2026,d4162c1f-cbf8-43cb-9347-124f4cf53ea6,Lucas Havrisik,GB,K,17,0.0,0.0,80.087,9.486,0.0,0.0,0.0,0.0817
2026,b964a9f1-9823-4c70-8dcf-3718fdaef22c,Lucas Patrick,NYG,OL,17,0.0,0.0,80.087,9.486,0.0,0.0,0.0,0.0817
2026,fb7c90ae-b073-459a-ac25-a237187fc5dd,Lukas Van Ness,GB,DL,17,0.0,0.0,80.087,9.486,0.0,0.0,0.0,0.0817
2026,a6a1a6e0-b636-4031-b935-8a0551a8288d,Luke Basso,DEN,LS,17,0.0,0.0,80.087,9.486,0.0,0.0,0.0,0.0817
2026,a5fb7795-8848-4fb7-ad20-5d99d0566563,Luke Elkin,CHI,LS,17,0.0,0.0,80.087,9.486,0.0,0.0,0.0,0.0817
2026,e64f7e4f-32f4-4a6b-8fb4-745701fa3f52,Luke Elzinga,BAL,P,17,0.0,0.0,80.087,9.486,0.0,0.0,0.0,0.0817
2026,2e3276b4-7048-46b0-868b-b387938e42a4,Luke Fortner,CAR,OL,17,0.0,0.0,80.087,9.486,0.0,0.0,0.0,0.0817
2026,a5fa9a6a-09c2-463e-90a4-935265f56324,Luke Gifford,SF,LB,17,0.0,0.0,80.087,9.486,0.0,0.0,0.0,0.0817
2026,5f619af9-69cb-46db-a267-8f28e63ba5b7,Luke Goedeke,TB,OL,17,0.0,0.0,80.087,9.486,0.0,0.0,0.0,0.0817
2026,85f695f4-6a74-451d-8fbb-78c45a803977,Luke Haggard,TB,OL,17,0.0,0.0,80.087,9.486,0.0,0.0,0.0,0.0817
2026,ef76db8c-5f7d-4ff4-b8af-cd4d331487c8,Luke Newman,CHI,OL,17,0.0,0.0,80.087,9.486,0.0,0.0,0.0,0.0817
2026,41b2caf5-fd42-4b4a-acca-fce115b230c3,Luke Rhodes,IND,LS,17,0.0,0.0,80.087,9.486,0.0,0.0,0.0,0.0817
2026,255139a4-fff1-4cac-a257-4c55dfe180c4,Luke Tenuta,IND,OL,17,0.0,0.0,80.087,9.486,0.0,0.0,0.0,0.0817
2026,52f88725-b703-438b-a35e-4e538459dfae,Luke Wattenberg,DEN,OL,17,0.0,0.0,80.087,9.486,0.0,0.0,0.0,0.0817
2026,09ba4ea9-d7cf-4f58-a3ca-bb868501c553,M.J. Stewart,HOU,DB,17,0.0,0.0,80.087,9.486,0.0,0.0,0.0,0.0817
2026,a16a47c2-f03e-4779-8264-6a0b3f3572ca,M.Mapu,HOU,LB,17,0.0,0.0,80.087,9.486,0.0,0.0,0.0,0.0817
2026,d3f68903-0a9c-478c-8551-c05b3ed7e735,MJ Devonshire,GB,DB,17,0.0,0.0,80.087,9.486,0.0,0.0,0.0,0.0817
2026,8ba64dd3-c1f5-4af6-9127-0d6aaaa21081,Maason Smith,ATL,DL,17,0.0,0.0,80.087,9.486,0.0,0.0,0.0,0.0817
2026,4019b58c-ccde-4c92-80fd-0ac1adda9d55,Mac McWilliams,PHI,DB,17,0.0,0.0,80.087,9.486,0.0,0.0,0.0,0.0817
2026,46c0d7d1-e6cc-49c5-b2a4-49f4f9e43680,Mack Wilson,ARI,LB,17,0.0,0.0,80.087,9.486,0.0,0.0,0.0,0.0817
2026,e07deeb7-560a-46bf-8b09-85a314d07073,Maema Njongmeta,CAR,LB,17,0.0,0.0,80.087,9.486,0.0,0.0,0.0,0.0817
2026,fd042b8c-6007-4643-95c8-37d6d501f7cf,Malachi Lawrence,DAL,DL,17,0.0,0.0,80.087,9.486,0.0,0.0,0.0,0.0817
2026,16b7eecd-02e7-44cc-93e4-61e2727bee39,Malaesala Aumavae-Laulu,WAS,OL,17,0.0,0.0,80.087,9.486,0.0,0.0,0.0,0.0817
2026,37c9e54d-01b4-4885-8bbd-c3edccb3495c,Malaki Starks,BAL,DB,17,0.0,0.0,80.087,9.486,0.0,0.0,0.0,0.0817
2026,6e691ce8-7be9-4455-9702-c3fcacc4135e,Malcolm DeWalt,ATL,DB,17,0.0,0.0,80.087,9.486,0.0,0.0,0.0,0.0817
2026,405e595e-cb03-4f53-a45f-5c788fcf5672,Malcolm Koonce,LV,DL,17,0.0,0.0,80.087,9.486,0.0,0.0,0.0,0.0817
2026,28bc4ff6-8685-4c0a-8443-27b45bf091e4,Malcolm Roach,DEN,DL,17,0.0,0.0,80.087,9.486,0.0,0.0,0.0,0.0817
2026,40233975-1e03-43b9-9780-22d77516fd4e,Malcolm Rodriguez,DET,LB,17,0.0,0.0,80.087,9.486,0.0,0.0,0.0,0.0817
2026,435dfb7b-a8ac-4feb-ad95-a679fc406e47,Maliek Collins,CLE,DL,17,0.0,0.0,80.087,9.486,0.0,0.0,0.0,0.0817
2026,915c9877-587d-48ec-b444-125f710f788f,Malik Harrison,PIT,LB,17,0.0,0.0,80.087,9.486,0.0,0.0,0.0,0.0817
2026,3b5cac73-7de0-4097-93ee-28371628ee40,Malik Herring,TEN,DL,17,0.0,0.0,80.087,9.486,0.0,0.0,0.0,0.0817
2026,b6309d1f-8811-46b9-82e2-8b15ac78d196,Malik Hooker,DAL,DB,17,0.0,0.0,80.087,9.486,0.0,0.0,0.0,0.0817
2026,735dd084-a4b6-4f8d-bab0-ef7bccc92044,Malik Muhammad,CHI,DB,17,0.0,0.0,80.087,9.486,0.0,0.0,0.0,0.0817
2026,2294fb47-387f-4d89-a697-16b356172434,Malik Mustapha,SF,DB,17,0.0,0.0,80.087,9.486,0.0,0.0,0.0,0.0817
2026,fd9743ac-9bd4-4e01-9874-7d46a70d900a,Malik Spencer,WAS,DB,17,0.0,0.0,80.087,9.486,0.0,0.0,0.0,0.0817
2026,0da68115-1751-479f-a64e-94cd07d9d03e,Malik Verdon,ATL,LB,17,0.0,0.0,80.087,9.486,0.0,0.0,0.0,0.0817
2026,80d3ec20-2d4f-4a9b-9b2c-7367401c0d0c,Mani Powell,TEN,LB,17,0.0,0.0,80.087,9.486,0.0,0.0,0.0,0.0817
2026,34f72476-d677-4c26-8554-763d7e9dfd6c,Mansoor Delane,KC,DB,17,0.0,0.0,80.087,9.486,0.0,0.0,0.0,0.0817
2026,e91e1c22-9586-48ce-91f7-7b44131cb17f,Mapalo Mwansa,CAR,DL,17,0.0,0.0,80.087,9.486,0.0,0.0,0.0,0.0817
2026,a1ebb781-d95c-4b83-9742-99fbe427ecae,Marcelino McCrary-Ball,NYJ,LB,17,0.0,0.0,80.087,9.486,0.0,0.0,0.0,0.0817
2026,c363e4c3-f997-459f-9fca-96f7d9b47bfe,Marcellas Dial Jr.,NE,DB,17,0.0,0.0,80.087,9.486,0.0,0.0,0.0,0.0817
2026,f4a37202-3244-4e6d-b7f9-f63b03b480ae,Marcellus Johnson,DAL,OL,17,0.0,0.0,80.087,9.486,0.0,0.0,0.0,0.0817
2026,452fadf6-7615-4a69-a7ad-b89a078f0120,Marco Wilson,MIA,DB,17,0.0,0.0,80.087,9.486,0.0,0.0,0.0,0.0817
2026,8a5a19d9-b38e-4d61-8b30-99e2fe3b00f2,Marcus Allen,MIN,DB,17,0.0,0.0,80.087,9.486,0.0,0.0,0.0,0.0817
2026,3d666461-9cfb-4a0e-a119-f3c36942ed40,Marcus Banks,TB,DB,17,0.0,0.0,80.087,9.486,0.0,0.0,0.0,0.0817
2026,a8a82034-c8b6-4250-a6e8-34bfc6c7e8c4,Marcus Bryant,NE,OL,17,0.0,0.0,80.087,9.486,0.0,0.0,0.0,0.0817
2026,d055b15b-e459-4da3-88bc-aa7266f96d29,Marcus Epps,PHI,DB,17,0.0,0.0,80.087,9.486,0.0,0.0,0.0,0.0817
2026,4c5d98ba-075e-42f6-b13d-18af95cce960,Marcus Harris,KC,DL,17,0.0,0.0,80.087,9.486,0.0,0.0,0.0,0.0817
2026,3c8fd42f-f46f-437e-a9c5-bc84f1eeae27,Marcus Harris,TEN,DB,17,0.0,0.0,80.087,9.486,0.0,0.0,0.0,0.0817
2026,bb21b007-5698-456d-a8c5-75bf39fbaf24,Marcus Jones,NE,DB,17,0.0,0.0,80.087,9.486,0.0,0.0,0.0,0.0817
2026,eceb6787-8156-4985-b63a-61094c858da3,Marcus Mbow,NYG,OL,17,0.0,0.0,80.087,9.486,0.0,0.0,0.0,0.0817
2026,a2017c73-2120-47a6-a1c1-c787cc0321a4,Marist Liufau,DAL,LB,17,0.0,0.0,80.087,9.486,0.0,0.0,0.0,0.0817
2026,ef4d9a1a-2f51-4afd-8eac-1a52f1217c1b,Mark Perry,GB,DB,17,0.0,0.0,80.087,9.486,0.0,0.0,0.0,0.0817
2026,781a3134-345b-4eb9-be37-64de7d1c8870,Markees Watts,CLE,LB,17,0.0,0.0,80.087,9.486,0.0,0.0,0.0,0.0817
2026,192cb77b-60b2-4158-af54-ada0e0373c6a,Markquese Bell,DAL,DB,17,0.0,0.0,80.087,9.486,0.0,0.0,0.0,0.0817
2026,dd593729-009a-4c68-9fde-acf400c6ab82,Marlon Humphrey,BAL,DB,17,0.0,0.0,80.087,9.486,0.0,0.0,0.0,0.0817
2026,69c93d15-2ddd-4dcd-a4f4-21b64089e47d,Marlon Jones,GB,DB,17,0.0,0.0,80.087,9.486,0.0,0.0,0.0,0.0817
2026,2a462475-f402-4d21-b41a-39c50128d676,Marlowe Wax,LAC,LB,17,0.0,0.0,80.087,9.486,0.0,0.0,0.0,0.0817
2026,2a12a803-b513-4297-a8aa-64b27f27760c,Marques Cox,MIA,OL,17,0.0,0.0,80.087,9.486,0.0,0.0,0.0,0.0817
2026,3633fa88-faea-4950-a89a-1fd42452c604,Marques Sigle,SF,DB,17,0.0,0.0,80.087,9.486,0.0,0.0,0.0,0.0817
2026,8b59f3bc-2b95-41e1-a8cc-4afacbef66dd,Marquis Hayes,NYJ,OL,17,0.0,0.0,80.087,9.486,0.0,0.0,0.0,0.0817
2026,5e637f0f-c7c8-488a-9ae3-c95ce9d7004b,Marquise Robinson,BAL,DB,17,0.0,0.0,80.087,9.486,0.0,0.0,0.0,0.0817
2026,5c812275-616a-4a29-a5f2-5787fcbb27e1,Marshall Foerner,TB,OL,17,0.0,0.0,80.087,9.486,0.0,0.0,0.0,0.0817
2026,b9fff88d-08a7-4f29-9c75-0ef149619fd2,Martin Emerson,NO,DB,17,0.0,0.0,80.087,9.486,0.0,0.0,0.0,0.0817
2026,5f3147b8-d960-4ef2-967e-f22cd3aadb89,Marvin Jones,SEA,DL,17,0.0,0.0,80.087,9.486,0.0,0.0,0.0,0.0817
2026,7c8bb9c3-1bc5-43cc-a32e-e3f628a20fa9,Mason Graham,CLE,DL,17,0.0,0.0,80.087,9.486,0.0,0.0,0.0,0.0817
2026,c17dc554-3b3c-4e30-8ade-0e8803d30109,Mason McCormick,PIT,OL,17,0.0,0.0,80.087,9.486,0.0,0.0,0.0,0.0817
2026,6356012f-513f-463e-9ce4-56001d2ee97b,Mason Miller,DET,OL,17,0.0,0.0,80.087,9.486,0.0,0.0,0.0,0.0817
2026,96412e64-bb02-4d54-8c57-78b2b3f0cf98,Mason Murphy,CHI,OL,17,0.0,0.0,80.087,9.486,0.0,0.0,0.0,0.0817
2026,79a8a463-5652-48a6-9833-6a2b7cf8aa63,Mason Reiger,MIA,DL,17,0.0,0.0,80.087,9.486,0.0,0.0,0.0,0.0817
2026,5d68d892-ea38-46fa-9ec9-7ba7bc2c898d,Mason Richman,SEA,OL,17,0.0,0.0,80.087,9.486,0.0,0.0,0.0,0.0817
2026,7e679271-c0a0-476a-8908-2b6402efe169,Mason Shipley,NO,K,17,0.0,0.0,80.087,9.486,0.0,0.0,0.0,0.0817
2026,762f296a-3820-4a97-8f31-0a8cd6b612f8,Matt Araiza,KC,P,17,0.0,0.0,80.087,9.486,0.0,0.0,0.0,0.0817
2026,1dc383e9-b829-4690-b181-5d4d3637bfab,Matt Dickerson,JAX,DL,17,0.0,0.0,80.087,9.486,0.0,0.0,0.0,0.0817
2026,b6550054-e10d-4a94-9eb4-17a5bca86d1d,Matt Gay,LV,K,17,0.0,0.0,80.087,9.486,0.0,0.0,0.0,0.0817
2026,49fecddc-39ea-44e5-bffa-d250be42567f,Matt Goncalves,IND,OL,17,0.0,0.0,80.087,9.486,0.0,0.0,0.0,0.0817
2026,bd6b1dfb-40b0-4824-86ca-b096dbe9ecb6,Matt Gulbin,WAS,OL,17,0.0,0.0,80.087,9.486,0.0,0.0,0.0,0.0817
2026,00a8a056-f0e2-4c67-a8f7-0f5b80d40582,Matt Hennessy,DAL,OL,17,0.0,0.0,80.087,9.486,0.0,0.0,0.0,0.0817
2026,af8ee929-dde9-432a-9b77-781a4ade8cf9,Matt Henningsen,DEN,DL,17,0.0,0.0,80.087,9.486,0.0,0.0,0.0,0.0817
2026,a9d230b6-6853-462b-97af-881fa214e20a,Matt Peart,DEN,OL,17,0.0,0.0,80.087,9.486,0.0,0.0,0.0,0.0817
2026,5d5c9c79-ead3-4f47-a608-5449b300a263,Matt Pryor,ARI,OL,17,0.0,0.0,80.087,9.486,0.0,0.0,0.0,0.0817
2026,80da96be-cb9a-45f4-8111-bfade2fb7744,Matt Waletzko,KC,OL,17,0.0,0.0,80.087,9.486,0.0,0.0,0.0,0.0817
2026,2e081f49-fe9f-47d9-9f62-4ba877c5c84a,Matthew Bergeron,ATL,OL,17,0.0,0.0,80.087,9.486,0.0,0.0,0.0,0.0817
2026,971d427d-050f-41ec-8afe-514154fc3f50,Matthew Butler,MIA,DL,17,0.0,0.0,80.087,9.486,0.0,0.0,0.0,0.0817
2026,4ef8f768-34f2-4837-8d9e-75dfbd42191a,Matthew McDoom,BAL,DB,17,0.0,0.0,80.087,9.486,0.0,0.0,0.0,0.0817
2026,d9a85c95-84ee-4c1b-b973-4ea67ba3e4d4,Matthew Orzech,GB,LS,17,0.0,0.0,80.087,9.486,0.0,0.0,0.0,0.0817
2026,632d1aa6-37b5-48a2-9416-b6c351475752,Max Iheanachor,PIT,OL,17,0.0,0.0,80.087,9.486,0.0,0.0,0.0,0.0817
2026,623b29e1-5e43-49c7-9dcf-f4ee45e2d412,Max Llewellyn,MIA,DL,17,0.0,0.0,80.087,9.486,0.0,0.0,0.0,0.0817
2026,0190a4ce-26ad-4e9c-92df-314a52b740ab,Max Melton,ARI,DB,17,0.0,0.0,80.087,9.486,0.0,0.0,0.0,0.0817
2026,c6d552aa-fe31-4bef-9b70-b7eff1d4abbf,Max Mitchell,NYJ,OL,17,0.0,0.0,80.087,9.486,0.0,0.0,0.0,0.0817
2026,9cdee17d-a224-4ea7-86e0-3c462b89e975,Maxen Hook,SEA,DB,17,0.0,0.0,80.087,9.486,0.0,0.0,0.0,0.0817
2026,fd0b312b-cb74-4a1a-a100-ad57e089dcf5,Maximus Pulley,PHI,DB,17,0.0,0.0,80.087,9.486,0.0,0.0,0.0,0.0817
2026,c6b41fd9-22b2-4b36-8eb4-24899bd1e35c,Maxwell Hairston,BUF,DB,17,0.0,0.0,80.087,9.486,0.0,0.0,0.0,0.0817
2026,3f08a92c-b362-4f29-a234-5d8312489c28,Maxx Crosby,LV,DL,17,0.0,0.0,80.087,9.486,0.0,0.0,0.0,0.0817
2026,ba144483-f2de-4641-ba7c-2039e5573611,Mazi Smith,NYJ,DL,17,0.0,0.0,80.087,9.486,0.0,0.0,0.0,0.0817
2026,84ce6f54-e020-48a4-bef8-c350fc5f0360,McKinnley Jackson,CIN,DL,17,0.0,0.0,80.087,9.486,0.0,0.0,0.0,0.0817
2026,75be4ffb-2016-4fc8-b78d-b7f88d64d6bb,Mehki Butler,NE,OL,17,0.0,0.0,80.087,9.486,0.0,0.0,0.0,0.0817
2026,b5fbbe86-4e70-4ea9-9957-79014df8e810,Mekhi Blackmon,IND,DB,17,0.0,0.0,80.087,9.486,0.0,0.0,0.0,0.0817
2026,990bf5fa-d9a6-4107-bcd3-43629962deb0,Mekhi Wingo,DET,DL,17,0.0,0.0,80.087,9.486,0.0,0.0,0.0,0.0817
2026,59eef108-ca05-4170-bd1c-3bbb4182b994,Melvin Priestly,DET,OL,17,0.0,0.0,80.087,9.486,0.0,0.0,0.0,0.0817
2026,065a8659-e7ed-4a31-96a5-61c70709b95e,Melvin Smith Jr.,KC,DB,17,0.0,0.0,80.087,9.486,0.0,0.0,0.0,0.0817
2026,3d377388-4370-40fe-8b55-f987209f7299,Micah McFadden,NYG,LB,17,0.0,0.0,80.087,9.486,0.0,0.0,0.0,0.0817
2026,6cd13e35-2578-4264-939d-98f21fb7c249,Micah Morris,PHI,OL,17,0.0,0.0,80.087,9.486,0.0,0.0,0.0,0.0817
2026,e58d7b63-0790-420c-974c-a32f2df6da89,Micah Parsons,GB,LB,17,0.0,0.0,80.087,9.486,0.0,0.0,0.0,0.0817
2026,8fceac45-1afb-44a8-bfde-13277e94de39,Micah Robinson,TEN,DB,17,0.0,0.0,80.087,9.486,0.0,0.0,0.0,0.0817
2026,89878ea1-1628-454f-8309-d2cc1322451b,Michael Carter II,PHI,DB,17,0.0,0.0,80.087,9.486,0.0,0.0,0.0,0.0817
2026,ffa50f43-fb7b-4536-9a0f-76b9f1f9111e,Michael Coats,CLE,DB,17,0.0,0.0,80.087,9.486,0.0,0.0,0.0,0.0817
2026,142d0e69-9b5d-4152-a720-8ff7aef7e0eb,Michael Danna,BUF,DL,17,0.0,0.0,80.087,9.486,0.0,0.0,0.0,0.0817
2026,33305663-fd93-4a0e-9c82-a712ea844b43,Michael Dansby,SEA,DB,17,0.0,0.0,80.087,9.486,0.0,0.0,0.0,0.0817
2026,25c3df24-4132-4e3e-9bbd-6c7e3649b7ec,Michael Deiter,DEN,OL,17,0.0,0.0,80.087,9.486,0.0,0.0,0.0,0.0817
2026,eae30850-45cd-43e1-b465-3e54cc6e7806,Michael Dickson,SEA,P,17,0.0,0.0,80.087,9.486,0.0,0.0,0.0,0.0817
2026,8d98c570-2afa-4883-aaab-8d82e75cb98e,Michael Heldman,NO,DL,17,0.0,0.0,80.087,9.486,0.0,0.0,0.0,0.0817
2026,79696655-066e-410a-959c-ede6ef6248ae,Michael Hoecht,BUF,LB,17,0.0,0.0,80.087,9.486,0.0,0.0,0.0,0.0817
2026,41d7e8a9-5f78-44f4-ac69-4205c37b64d6,Michael Jerrell,ATL,OL,17,0.0,0.0,80.087,9.486,0.0,0.0,0.0,0.0817
2026,ede10f5a-52ba-4b1d-a919-fcc934d032ee,Michael Jurgens,MIN,OL,17,0.0,0.0,80.087,9.486,0.0,0.0,0.0,0.0817
2026,75e7e81d-97bf-4329-988b-c4c593f9bff0,Michael Niese,DET,OL,17,0.0,0.0,80.087,9.486,0.0,0.0,0.0,0.0817
2026,5a927082-3035-4525-a092-4a4bf6251a0e,Michael Reid,CAR,DB,17,0.0,0.0,80.087,9.486,0.0,0.0,0.0,0.0817
2026,983b1df5-4948-4c30-af51-d39e3065ae96,Michael Taaffe,MIA,DB,17,0.0,0.0,80.087,9.486,0.0,0.0,0.0,0.0817
2026,4bea4d4a-6aac-448b-9d1a-72375e456551,Micheal Clemons,IND,DL,17,0.0,0.0,80.087,9.486,0.0,0.0,0.0,0.0817
2026,4c705700-7b23-49bd-b181-da4d852784c1,Mikail Kamara,SF,DL,17,0.0,0.0,80.087,9.486,0.0,0.0,0.0,0.0817
2026,c7e4cd0d-1c69-469c-99e5-077180ff7fce,Mike Brown,NE,DB,17,0.0,0.0,80.087,9.486,0.0,0.0,0.0,0.0817
2026,3b747e17-6bcc-430a-b585-9edb0f81bbad,Mike Caliendo,KC,OL,17,0.0,0.0,80.087,9.486,0.0,0.0,0.0,0.0817
2026,012538c6-99e7-478f-872d-bce634ac91ed,Mike Ford,ATL,DB,17,0.0,0.0,80.087,9.486,0.0,0.0,0.0,0.0817
2026,e94aa1fe-1d5c-4039-aae9-ade854fcac9e,Mike Green,BAL,LB,17,0.0,0.0,80.087,9.486,0.0,0.0,0.0,0.0817
2026,d643878f-db13-4721-869d-88e21a8af7a9,Mike Hall Jr.,CLE,DL,17,0.0,0.0,80.087,9.486,0.0,0.0,0.0,0.0817
2026,c81b6527-ea7b-4600-8be9-2e7a7a78749d,Mike Hughes,ATL,DB,17,0.0,0.0,80.087,9.486,0.0,0.0,0.0,0.0817
2026,323f22a3-6c86-40e3-98bf-4a19e97ed8ee,Mike Jackson,CAR,DB,17,0.0,0.0,80.087,9.486,0.0,0.0,0.0,0.0817
2026,fd1aa653-5a3c-43ba-8d3a-6f11ac0f27f3,Mike Jordan,PHI,OL,17,0.0,0.0,80.087,9.486,0.0,0.0,0.0,0.0817
2026,dc8a962c-c1e7-4e47-adb8-68c46c50e41d,Mike McGlinchey,DEN,OL,17,0.0,0.0,80.087,9.486,0.0,0.0,0.0,0.0817
2026,1f175528-5aad-4ce6-8492-9e128bb4ab7a,Mike Morris,SEA,DL,17,0.0,0.0,80.087,9.486,0.0,0.0,0.0,0.0817
2026,dcb7e607-fa14-425c-805e-959acdba76ae,Mike Onwenu,NE,OL,17,0.0,0.0,80.087,9.486,0.0,0.0,0.0,0.0817
2026,b62f5ad8-b1fa-4933-aeb9-1f4eab8bfa0f,Mike Sainristil,WAS,DB,17,0.0,0.0,80.087,9.486,0.0,0.0,0.0,0.0817
2026,dfd64a3e-d070-4ff2-883a-c26ba86c00a8,Miles Battle,MIA,DB,17,0.0,0.0,80.087,9.486,0.0,0.0,0.0,0.0817
2026,56a68e5f-f204-41ed-bc29-f57368e32a82,Miles Frazier,DET,OL,17,0.0,0.0,80.087,9.486,0.0,0.0,0.0,0.0817
2026,fd4301a4-703e-4787-87f5-40ce91a95de2,Miles Killebrew,TB,DB,17,0.0,0.0,80.087,9.486,0.0,0.0,0.0,0.0817
2026,a1ce8e60-74a3-4e22-9f81-c75f16f0e06d,Miles Scott,DEN,DB,17,0.0,0.0,80.087,9.486,0.0,0.0,0.0,0.0817
2026,bd68554e-b860-4a1f-9198-031f94a8fade,Milton Williams,NE,DL,17,0.0,0.0,80.087,9.486,0.0,0.0,0.0,0.0817
2026,7fba1b6b-fdda-4784-a5be-314ef16bb46a,Minkah Fitzpatrick,NYJ,DB,17,0.0,0.0,80.087,9.486,0.0,0.0,0.0,0.0817
2026,db868692-092e-4fd5-9dbf-cc1ffd2f7d73,Mitch Wishnowsky,BUF,P,17,0.0,0.0,80.087,9.486,0.0,0.0,0.0,0.0817
2026,2d66fd7a-63da-4f7c-8db9-d983fce9619f,Mitchell Fraboni,DEN,LS,17,0.0,0.0,80.087,9.486,0.0,0.0,0.0,0.0817
2026,174f750b-4b68-4ce1-bd85-424bc45bb395,Mitchell Melton,IND,DL,17,0.0,0.0,80.087,9.486,0.0,0.0,0.0,0.0817
2026,69e44f75-51bf-4128-9843-2410b96cdf7c,Mohamed Kamara,TB,LB,17,0.0,0.0,80.087,9.486,0.0,0.0,0.0,0.0817
2026,3eb84e8b-618f-412b-b1cc-547c3f65b0b9,Mohamoud Diabate,TEN,LB,17,0.0,0.0,80.087,9.486,0.0,0.0,0.0,0.0817
2026,9316a481-7768-4321-8f4d-e5e5d9294998,Monkell Goodwine,MIN,DL,17,0.0,0.0,80.087,9.486,0.0,0.0,0.0,0.0817
2026,98ae3875-34e8-4b1f-9c90-b7b88e77cf9b,Monroe Freeling,CAR,OL,17,0.0,0.0,80.087,9.486,0.0,0.0,0.0,0.0817
2026,e6ae67ce-0e6c-44a0-9cbf-413ecd9d2e87,Montaric Brown,JAX,DB,17,0.0,0.0,80.087,9.486,0.0,0.0,0.0,0.0817
2026,32b3d2d5-7bdf-41e0-b055-23c60e61292e,Montez Sweat,CHI,DL,17,0.0,0.0,80.087,9.486,0.0,0.0,0.0,0.0817
2026,d8dd7f38-50ac-4fbb-9aa2-2e35c7dfcd35,Morgan Cox,TEN,LS,17,0.0,0.0,80.087,9.486,0.0,0.0,0.0,0.0817
2026,8b85e631-9a7e-4112-9119-32cf11d8a2f5,Morgan Moses,NE,OL,17,0.0,0.0,80.087,9.486,0.0,0.0,0.0,0.0817
2026,e4e6ae9d-709c-42b2-bf6a-55b713f11c13,Moro Ojomo,PHI,DL,17,0.0,0.0,80.087,9.486,0.0,0.0,0.0,0.0817
2026,6aa49a6d-fdf5-47a0-8380-b19ae2b63362,Mory Bamba,NYJ,DB,17,0.0,0.0,80.087,9.486,0.0,0.0,0.0,0.0817
2026,846f0151-f7b4-4759-8200-b7fa67bce359,Murvin Kenion,GB,DB,17,0.0,0.0,80.087,9.486,0.0,0.0,0.0,0.0817
2026,0bab689a-1bfa-4773-afe5-57466fa3808d,Mykal Walker,NYJ,LB,17,0.0,0.0,80.087,9.486,0.0,0.0,0.0,0.0817
2026,b61e475b-ad61-4fab-874a-c351d57c2350,Mykel Williams,SF,DL,17,0.0,0.0,80.087,9.486,0.0,0.0,0.0,0.0817
2026,8f59dde6-5861-4fe6-836b-177b2c742a38,Myles Adams,DET,DL,17,0.0,0.0,80.087,9.486,0.0,0.0,0.0,0.0817
2026,117055c8-7880-4a0b-8fd4-6526e7d55f70,Myles Bryant,CLE,DB,17,0.0,0.0,80.087,9.486,0.0,0.0,0.0,0.0817
2026,26777139-e02f-4504-a324-1e922a4398eb,Myles Cole,NO,DL,17,0.0,0.0,80.087,9.486,0.0,0.0,0.0,0.0817
2026,2c01229e-c0fb-43b4-81b0-0f3861e8fb25,Myles Garrett,LA,DL,17,0.0,0.0,80.087,9.486,0.0,0.0,0.0,0.0817
2026,a40290f2-fbde-4abc-a048-ec0d7288e00a,Myles Harden,CLE,DB,17,0.0,0.0,80.087,9.486,0.0,0.0,0.0,0.0817
2026,86f90f0f-7847-4717-bcce-3c8aabd92a92,Myles Hinton,PHI,OL,17,0.0,0.0,80.087,9.486,0.0,0.0,0.0,0.0817
2026,7375918b-aa92-442a-a830-d032e4843038,Myles Murphy,CIN,DL,17,0.0,0.0,80.087,9.486,0.0,0.0,0.0,0.0817
2026,5d65ada3-2512-454e-8fbd-c6b028e89d1b,Myles Purchase,LAC,DB,17,0.0,0.0,80.087,9.486,0.0,0.0,0.0,0.0817
2026,f2979cca-83d4-4c9f-aca6-c30c848993a6,Nadame Tucker,LAC,DL,17,0.0,0.0,80.087,9.486,0.0,0.0,0.0,0.0817
2026,a1a4c77a-65d1-4bdf-8922-c983bdfb9d1c,Nahshon Wright,NYJ,DB,17,0.0,0.0,80.087,9.486,0.0,0.0,0.0,0.0817
2026,08c928d5-c93a-40ea-aac8-e1719215334f,Nakobe Dean,LV,LB,17,0.0,0.0,80.087,9.486,0.0,0.0,0.0,0.0817
2026,e0a1869e-2561-4cb0-8cc3-5919a2c7d172,Namdi Obiazor,NE,LB,17,0.0,0.0,80.087,9.486,0.0,0.0,0.0,0.0817
2026,b75882e6-d40e-42a9-b9c1-241ba4b35bb3,Naquan Jones,HOU,DL,17,0.0,0.0,80.087,9.486,0.0,0.0,0.0,0.0817
2026,e77257f0-68c2-46ca-8ca3-58429f21ee96,Nash Hutmacher,TB,DL,17,0.0,0.0,80.087,9.486,0.0,0.0,0.0,0.0817
2026,28523936-95e0-424b-8311-dd4f54e4f64d,Nash Jones,DEN,OL,17,0.0,0.0,80.087,9.486,0.0,0.0,0.0,0.0817
2026,cd13fab5-5812-40be-ab6c-b88845b074fd,Nate Evans,CLE,DB,17,0.0,0.0,80.087,9.486,0.0,0.0,0.0,0.0817
2026,429a7ef1-61bd-4240-9cb1-6e4886a3a36a,Nate Hobbs,SF,DB,17,0.0,0.0,80.087,9.486,0.0,0.0,0.0,0.0817
2026,751253ba-1f32-4a0c-a4b9-5eea1bce0a34,Nate Landman,LA,LB,17,0.0,0.0,80.087,9.486,0.0,0.0,0.0,0.0817
2026,bc2ec8c5-9bb8-43da-9137-8117e12e20e7,Nate Valcarcel,LA,DB,17,0.0,0.0,80.087,9.486,0.0,0.0,0.0,0.0817
2026,94e9391d-dd05-4e7b-af49-b48a33e53015,Nate Wiggins,BAL,DB,17,0.0,0.0,80.087,9.486,0.0,0.0,0.0,0.0817
2026,847c9d3c-9983-48fc-b360-09db00e0909d,Nathan Shepherd,NO,DL,17,0.0,0.0,80.087,9.486,0.0,0.0,0.0,0.0817
2026,edf1fe9e-c17c-449a-869b-632ecd11c8d0,Nathan Thomas,DAL,OL,17,0.0,0.0,80.087,9.486,0.0,0.0,0.0,0.0817
2026,687f37fd-1d15-43b3-91c8-096331ee618d,Nathan Voorhis,NYJ,DL,17,0.0,0.0,80.087,9.486,0.0,0.0,0.0,0.0817
2026,0009f6ce-b0a2-47a7-b213-6d6d52d021aa,Nathaniel Watson,CLE,LB,17,0.0,0.0,80.087,9.486,0.0,0.0,0.0,0.0817
2026,0e632fde-859c-445a-b745-576b97f5eb3a,Natrone Brooks,ATL,DB,17,0.0,0.0,80.087,9.486,0.0,0.0,0.0,0.0817
2026,943650d4-ca8b-4656-9056-87cc8b65046f,Nazir Stackhouse,GB,DL,17,0.0,0.0,80.087,9.486,0.0,0.0,0.0,0.0817
2026,9dfd19c1-bc08-461c-99b4-576cd9d04f4f,Nehemiah Pritchett,SEA,DB,17,0.0,0.0,80.087,9.486,0.0,0.0,0.0,0.0817
2026,2aeed2d4-46e6-44b5-b4f3-42975c97f010,Nephi Sewell,CHI,LB,17,0.0,0.0,80.087,9.486,0.0,0.0,0.0,0.0817
2026,ab359c4a-2fa3-403a-971c-79bc0f816740,Neville Gallimore,CHI,DL,17,0.0,0.0,80.087,9.486,0.0,0.0,0.0,0.0817
2026,58a1d8a5-37d0-46d0-834f-d207185d57e8,Nic Jones,NYG,DB,17,0.0,0.0,80.087,9.486,0.0,0.0,0.0,0.0817
2026,66da803e-2cfa-477a-9b79-5515dce6d454,Nic Scourton,CAR,LB,17,0.0,0.0,80.087,9.486,0.0,0.0,0.0,0.0817
2026,32799328-588d-4bde-a1c1-a29c00e25499,Nick Allegretti,WAS,OL,17,0.0,0.0,80.087,9.486,0.0,0.0,0.0,0.0817
2026,f0398e95-cff9-4f78-b90f-e5c7ac451928,Nick Andersen,LA,DB,17,0.0,0.0,80.087,9.486,0.0,0.0,0.0,0.0817
2026,42ec314e-14f5-4f96-a4a7-b362a2d90613,Nick Barrett,LAC,DL,17,0.0,0.0,80.087,9.486,0.0,0.0,0.0,0.0817
2026,7a821bfe-f8bb-4bc4-8ed2-d422ea37432a,Nick Bellore,WAS,LB,17,0.0,0.0,80.087,9.486,0.0,0.0,0.0,0.0817
2026,9b231036-2d1d-4d4a-bb10-610bdf55ebe3,Nick Bolton,KC,LB,17,0.0,0.0,80.087,9.486,0.0,0.0,0.0,0.0817
2026,41d93482-99e9-439e-81c6-b03dae6080ca,Nick Bosa,SF,DL,17,0.0,0.0,80.087,9.486,0.0,0.0,0.0,0.0817
2026,b85306b8-e6e6-41b2-af61-fa77f7c51415,Nick Broeker,BUF,OL,17,0.0,0.0,80.087,9.486,0.0,0.0,0.0,0.0817
2026,f918a3dc-a7e5-47ad-ba15-ad272023c5c0,Nick Cross,WAS,DB,17,0.0,0.0,80.087,9.486,0.0,0.0,0.0,0.0817
2026,467946b5-bfe7-4950-9a23-721d0bba78f0,Nick Dawkins,BAL,OL,17,0.0,0.0,80.087,9.486,0.0,0.0,0.0,0.0817
2026,7b545106-015a-4d26-8fd3-6cec40a8fe36,Nick Emmanwori,SEA,DB,17,0.0,0.0,80.087,9.486,0.0,0.0,0.0,0.0817
2026,6d34b3e1-2770-4768-8472-0da5c4b6af5b,Nick Folk,ATL,K,17,0.0,0.0,80.087,9.486,0.0,0.0,0.0,0.0817
2026,99c16cfa-d1db-4d15-8d62-aeea796f1dc0,Nick Gargiulo,DEN,OL,17,0.0,0.0,80.087,9.486,0.0,0.0,0.0,0.0817
2026,4303a45e-d1ec-4365-943d-2b79705e907c,Nick Hampton,CAR,LB,17,0.0,0.0,80.087,9.486,0.0,0.0,0.0,0.0817
2026,1256efbd-38d7-4c4e-98e5-a644a74d2ca9,Nick Herbig,PIT,LB,17,0.0,0.0,80.087,9.486,0.0,0.0,0.0,0.0817
2026,017f152a-6c09-4b29-aeb8-2b96517956fc,Nick Jackson,TB,LB,17,0.0,0.0,80.087,9.486,0.0,0.0,0.0,0.0817
2026,1dac15fb-9079-4016-9ada-c366e97ef259,Nick Leverett,DAL,OL,17,0.0,0.0,80.087,9.486,0.0,0.0,0.0,0.0817
2026,2f091dc8-361b-4ff1-bac0-eeef9a8df7ff,Nick Martin,SF,LB,17,0.0,0.0,80.087,9.486,0.0,0.0,0.0,0.0817
2026,8248616b-6068-4e6a-ac60-b0a1cae23bfb,Nick Moore,BAL,LS,17,0.0,0.0,80.087,9.486,0.0,0.0,0.0,0.0817
2026,445969f8-33d4-47e6-b01a-6f860ba5ccfb,Nick Niemann,GB,LB,17,0.0,0.0,80.087,9.486,0.0,0.0,0.0,0.0817
2026,5982a262-acfd-4c87-9ac2-290e1fe744a5,Nick Saldiveri,NO,OL,17,0.0,0.0,80.087,9.486,0.0,0.0,0.0,0.0817
2026,f6ab3b24-e7e4-4c7c-8ac5-6c07e4e93d5f,Nick Samac,CAR,OL,17,0.0,0.0,80.087,9.486,0.0,0.0,0.0,0.0817
2026,4c350f5a-bbcc-4693-8f0b-9d31cb7e47e8,Nick Scott,CAR,DB,17,0.0,0.0,80.087,9.486,0.0,0.0,0.0,0.0817
2026,542f7831-5850-4c65-9c46-e848b072455e,Nick Whiteside,DET,DB,17,0.0,0.0,80.087,9.486,0.0,0.0,0.0,0.0817
2026,eed70093-2665-40ed-886a-d4487d613efe,Nick Zakelj,SF,OL,17,0.0,0.0,80.087,9.486,0.0,0.0,0.0,0.0817
2026,07e7033c-6963-4c67-bbc5-9c4c92c84b6c,Nik Bonitto,DEN,LB,17,0.0,0.0,80.087,9.486,0.0,0.0,0.0,0.0817
2026,640698bd-8a31-42af-b626-99fc68b22082,Nik Constantinou,CLE,P,17,0.0,0.0,80.087,9.486,0.0,0.0,0.0,0.0817
2026,4a850afb-38af-435d-9bfa-2f545b9a7269,Nikhai Hill-Green,LA,LB,17,0.0,0.0,80.087,9.486,0.0,0.0,0.0,0.0817
2026,c08314cb-6cfb-4811-9e26-db3d59b974ce,Nikko Reed,LAC,DB,17,0.0,0.0,80.087,9.486,0.0,0.0,0.0,0.0817
2026,665aab89-d25b-49a1-bea7-665d621b2678,Niklas Henning,LV,OL,17,0.0,0.0,80.087,9.486,0.0,0.0,0.0,0.0817
2026,f07ef9ef-d747-43b3-b588-4b3a2b7855bf,Nnamdi Madubuike,BAL,DL,17,0.0,0.0,80.087,9.486,0.0,0.0,0.0,0.0817
2026,94483f98-ff08-4eb1-bb88-9c4c55b4ae4f,Noah Avinger,LAC,DB,17,0.0,0.0,80.087,9.486,0.0,0.0,0.0,0.0817
2026,f94d5252-836a-4b8f-b29d-c77e994ed73f,Noah Igbinoghene,SEA,DB,17,0.0,0.0,80.087,9.486,0.0,0.0,0.0,0.0817
2026,3d5ee9b6-c717-4932-8d18-bbef317676c9,Noah Sewell,CHI,LB,17,0.0,0.0,80.087,9.486,0.0,0.0,0.0,0.0817
2026,8bf67206-3316-4307-8445-bcfd23e4a499,Nohl Williams,KC,DB,17,0.0,0.0,80.087,9.486,0.0,0.0,0.0,0.0817
2026,c9051b2d-61ea-45e0-a14b-28c1ff21051a,Nolan Rucci,IND,OL,17,0.0,0.0,80.087,9.486,0.0,0.0,0.0,0.0817
2026,c68dd68e-5188-4970-bb48-ef5567079bf2,Nolan Smith,PHI,LB,17,0.0,0.0,80.087,9.486,0.0,0.0,0.0,0.0817
2026,524e971f-7326-4fdc-a615-a50e2bd339c4,Nyjalik Kelly,GB,DL,17,0.0,0.0,80.087,9.486,0.0,0.0,0.0,0.0817
2026,2db73bd4-b929-44f1-addc-54d3b2210def,Nyzier Fourqurean,LA,DB,17,0.0,0.0,80.087,9.486,0.0,0.0,0.0,0.0817
2026,39bfb34a-f0ad-474d-802f-827c88b92ff4,O'Cyrus Torrence,BUF,OL,17,0.0,0.0,80.087,9.486,0.0,0.0,0.0,0.0817
2026,cb755311-6568-4063-b9aa-6fa0b45f61bf,Odafe Oweh,WAS,LB,17,0.0,0.0,80.087,9.486,0.0,0.0,0.0,0.0817
2026,173d16f3-d650-48a5-bda5-b137b24a30e0,Olaivavega Ioane,BAL,OL,17,0.0,0.0,80.087,9.486,0.0,0.0,0.0,0.0817
2026,0deba39c-9c5d-477e-b551-6f4c3b78bac3,Olisaemeka Udoh,ARI,OL,17,0.0,0.0,80.087,9.486,0.0,0.0,0.0,0.0817
2026,f26591d0-01a7-4d83-abe7-d5b23cb35918,Olu Oluwatimi,SEA,OL,17,0.0,0.0,80.087,9.486,0.0,0.0,0.0,0.0817
2026,5275cad3-4520-4109-b945-569861a122a3,Olumuyiwa Fashanu,NYJ,OL,17,0.0,0.0,80.087,9.486,0.0,0.0,0.0,0.0817
2026,dba3f785-1874-44a7-b466-9b1415bfd68e,Oluwafemi Oladejo,TEN,LB,17,0.0,0.0,80.087,9.486,0.0,0.0,0.0,0.0817
2026,69ced2b6-1eea-4e91-8ecf-8b7aad903bde,Omar Brown,MIA,DB,17,0.0,0.0,80.087,9.486,0.0,0.0,0.0,0.0817
2026,886fdc65-65f3-4fa2-a674-9a9ad60695f4,Omar Speights,LA,LB,17,0.0,0.0,80.087,9.486,0.0,0.0,0.0,0.0817
2026,83071e78-f81c-4a84-a682-272b74f889e8,Omarr Norman-Lott,KC,DL,17,0.0,0.0,80.087,9.486,0.0,0.0,0.0,0.0817
2026,2ba73627-1d2d-4d86-bdb0-9ef48da1df16,Oren Burks,CIN,LB,17,0.0,0.0,80.087,9.486,0.0,0.0,0.0,0.0817
2026,d76116a8-fc88-4eb7-9559-20703759fc0a,Orlando Brown,CIN,OL,17,0.0,0.0,80.087,9.486,0.0,0.0,0.0,0.0817
2026,420596b2-23f4-4bc8-adec-25b3cca97af8,Osa Odighizuwa,SF,DL,17,0.0,0.0,80.087,9.486,0.0,0.0,0.0,0.0817
2026,a91c160a-34b1-4932-a2ce-70b69c4673ed,Otis Reese,NE,LB,17,0.0,0.0,80.087,9.486,0.0,0.0,0.0,0.0817
2026,2e460db1-d0b0-41a5-8173-91d501e2451c,Otito Ogbonnia,DAL,DL,17,0.0,0.0,80.087,9.486,0.0,0.0,0.0,0.0817
2026,bac9fce9-14b6-47be-94cb-1788cb2b7b3c,Owen Pappoe,ARI,LB,17,0.0,0.0,80.087,9.486,0.0,0.0,0.0,0.0817
2026,7dcf37b7-c4e8-4f73-ae7c-af4a391fcdbc,Ozzy Trapilo,CHI,OL,17,0.0,0.0,80.087,9.486,0.0,0.0,0.0,0.0817
2026,f046ac0a-a1e7-42db-b583-2c79eb4ade04,P.J. Locke,DAL,DB,17,0.0,0.0,80.087,9.486,0.0,0.0,0.0,0.0817
2026,2ed282cd-253f-40cd-abb9-6e9b89484098,PJ Jules,CIN,DB,17,0.0,0.0,80.087,9.486,0.0,0.0,0.0,0.0817
2026,325b100b-0feb-436b-8ad9-9a0ba19e64fe,PJ Mustipher,ARI,DL,17,0.0,0.0,80.087,9.486,0.0,0.0,0.0,0.0817
2026,b93fdb39-bba2-4120-ac9a-9a273852619a,Paris Johnson Jr.,ARI,OL,17,0.0,0.0,80.087,9.486,0.0,0.0,0.0,0.0817
2026,f40bd300-8ace-40ef-948e-5d8000b79ca7,Parker Brailsford,CLE,OL,17,0.0,0.0,80.087,9.486,0.0,0.0,0.0,0.0817
2026,ef0f45a3-1639-47ee-97ae-c1dc1b004ad5,Parker Hughes,JAX,LB,17,0.0,0.0,80.087,9.486,0.0,0.0,0.0,0.0817
2026,58f1ed7a-8b76-4f34-98cd-40358e19091d,Parker Petersen,CAR,DL,17,0.0,0.0,80.087,9.486,0.0,0.0,0.0,0.0817
2026,7a6de7e9-43bc-469d-a78b-94729acd355b,Parker Robertson,DEN,DB,17,0.0,0.0,80.087,9.486,0.0,0.0,0.0,0.0817
2026,e9f1c546-fcdd-4cea-80a8-2ca35e1cc484,Paschal Ekeji,NYJ,DL,17,0.0,0.0,80.087,9.486,0.0,0.0,0.0,0.0817
2026,aae53f5f-6e3c-4572-9f2b-913fc62f2a5b,Pat Coogan,TEN,OL,17,0.0,0.0,80.087,9.486,0.0,0.0,0.0,0.0817
2026,bf6e8a65-7afe-4ddc-80a3-59233b13e748,Pat Surtain II,DEN,DB,17,0.0,0.0,80.087,9.486,0.0,0.0,0.0,0.0817
2026,0984dfe9-4111-451d-9c71-23da459054c5,Patrick Jones II,CAR,LB,17,0.0,0.0,80.087,9.486,0.0,0.0,0.0,0.0817
2026,bed1a11d-a50f-4652-9336-f25cd45c00a8,Patrick McMorris,SF,DB,17,0.0,0.0,80.087,9.486,0.0,0.0,0.0,0.0817
2026,3276e644-2976-4465-a9d4-fb21fb32a6a0,Patrick Mekari,JAX,OL,17,0.0,0.0,80.087,9.486,0.0,0.0,0.0,0.0817
2026,fcefa2f2-ecfb-4303-b4ef-0dead3c20d28,Patrick O'Connell,SEA,LB,17,0.0,0.0,80.087,9.486,0.0,0.0,0.0,0.0817
2026,5fa05617-604f-4e03-93d3-3bea6517097e,Patrick Paul,MIA,OL,17,0.0,0.0,80.087,9.486,0.0,0.0,0.0,0.0817
2026,63e5edbe-dfe6-4831-b267-60885fd2eca2,Patrick Queen,PIT,LB,17,0.0,0.0,80.087,9.486,0.0,0.0,0.0,0.0817
2026,e54352ac-e32b-4c68-ab23-4bf9a93696c4,Paul Manning,DEN,DB,17,0.0,0.0,80.087,9.486,0.0,0.0,0.0,0.0817
2026,61d507f8-a33d-4e68-9515-19542a3dfec2,Paulson Adebo,NYG,DB,17,0.0,0.0,80.087,9.486,0.0,0.0,0.0,0.0817
2026,c6d3be14-885f-42fd-b4c8-9bbc701746ae,Payton Page,NYJ,DL,17,0.0,0.0,80.087,9.486,0.0,0.0,0.0,0.0817
2026,bc71eb1f-88e8-4b12-838d-e7e2dfa17b2c,Payton Turner,DET,DL,17,0.0,0.0,80.087,9.486,0.0,0.0,0.0,0.0817
2026,b551f56c-7f1c-4b95-b015-558c361967a2,Payton Wilson,PIT,LB,17,0.0,0.0,80.087,9.486,0.0,0.0,0.0,0.0817
2026,2166d0bf-582c-40e5-bae2-441dd6b470c6,Payton Zdroik,LA,DL,17,0.0,0.0,80.087,9.486,0.0,0.0,0.0,0.0817
2026,b6987a21-5abf-46cb-8bd5-fa9a5c6c447f,Penei Sewell,DET,OL,17,0.0,0.0,80.087,9.486,0.0,0.0,0.0,0.0817
2026,77032cf7-b41c-452c-bb97-9eb245954628,Percy Butler,WAS,DB,17,0.0,0.0,80.087,9.486,0.0,0.0,0.0,0.0817
2026,166644f4-15cf-4c76-9f78-1efb926c76ce,Pete Nygra,KC,OL,17,0.0,0.0,80.087,9.486,0.0,0.0,0.0,0.0817
2026,ea59baac-ac3f-4615-85f1-e9ee7b407aed,Pete Werner,NO,LB,17,0.0,0.0,80.087,9.486,0.0,0.0,0.0,0.0817
2026,daaf0e2e-f491-4193-b660-e042f423e2d2,Peter Manuma,NE,DB,17,0.0,0.0,80.087,9.486,0.0,0.0,0.0,0.0817
2026,6bf6d3c6-67a5-4a9f-bfae-d87b0d6b79b0,Peter Skoronski,TEN,OL,17,0.0,0.0,80.087,9.486,0.0,0.0,0.0,0.0817
2026,6569bb33-598f-4128-9abe-37bf9ab6ec6c,Peter Woods,KC,DL,17,0.0,0.0,80.087,9.486,0.0,0.0,0.0,0.0817
2026,bde09bf9-49a5-4806-b25b-10d619f1ffce,Phidarian Mathis,BUF,DL,17,0.0,0.0,80.087,9.486,0.0,0.0,0.0,0.0817
2026,2d00dde2-d52c-4f40-ac43-3819f3997844,Philip Florenzo,ATL,LS,17,0.0,0.0,80.087,9.486,0.0,0.0,0.0,0.0817
2026,fd54c438-8254-43ed-96b6-cbf52f85a78c,Pooh Paul Jr.,SEA,LB,17,0.0,0.0,80.087,9.486,0.0,0.0,0.0,0.0817
2026,bb4aa81b-c277-4704-b665-dac604d103c8,Poona Ford,LA,DL,17,0.0,0.0,80.087,9.486,0.0,0.0,0.0,0.0817
2026,c2e402fa-46df-44da-b446-4b7d4260a0ec,Preston Hodge,JAX,DB,17,0.0,0.0,80.087,9.486,0.0,0.0,0.0,0.0817
2026,425c9056-758d-4e09-bc87-2e065d2a1526,Princely Umanmielen,CAR,LB,17,0.0,0.0,80.087,9.486,0.0,0.0,0.0,0.0817
2026,51763b91-2997-43a4-b939-99556beb2ded,Quan Martin,WAS,DB,17,0.0,0.0,80.087,9.486,0.0,0.0,0.0,0.0817
2026,ce730307-54ed-4803-85b1-23a837ac735a,Quay Walker,LV,LB,17,0.0,0.0,80.087,9.486,0.0,0.0,0.0,0.0817
2026,7a19c90c-4fe6-45b3-b169-fe4fae773874,Que Robinson,DEN,LB,17,0.0,0.0,80.087,9.486,0.0,0.0,0.0,0.0817
2026,f8bda137-7e70-4653-98fd-bdd373c26b38,Quentin Lake,LA,DB,17,0.0,0.0,80.087,9.486,0.0,0.0,0.0,0.0817
2026,340eb1cd-65d0-48ab-85c1-1e68e301cf2e,Quenton Nelson,IND,OL,17,0.0,0.0,80.087,9.486,0.0,0.0,0.0,0.0817
2026,46beee1f-49dc-43b1-bdc6-2bfb007d2075,Quincy Riley,NO,DB,17,0.0,0.0,80.087,9.486,0.0,0.0,0.0,0.0817
2026,f883b457-12a1-4ea4-9f0e-38d6a9227ae3,Quincy Williams,CLE,LB,17,0.0,0.0,80.087,9.486,0.0,0.0,0.0,0.0817
2026,88b39444-9727-44ff-89a4-0be26f3c3a37,Quindarius Dunnigan,JAX,DL,17,0.0,0.0,80.087,9.486,0.0,0.0,0.0,0.0817
2026,20d1780e-ef54-4999-a3bf-c38629629ac4,Quinn Meinerz,DEN,OL,17,0.0,0.0,80.087,9.486,0.0,0.0,0.0,0.0817
2026,610864ba-65ac-4268-b385-c471f8665716,Quinnen Williams,DAL,DL,17,0.0,0.0,80.087,9.486,0.0,0.0,0.0,0.0817
2026,1602bbe3-51e0-476d-a7ed-f6e4a4b1f654,Quinshon Judkins,GB,DL,17,0.0,0.0,80.087,9.486,0.0,0.0,0.0,0.0817
2026,01caf403-fcd2-414e-af8c-ce235280eefd,Quintayvious Hutchins,NE,LB,17,0.0,0.0,80.087,9.486,0.0,0.0,0.0,0.0817
2026,2450eeb0-27db-4b2b-86e7-6c1986e5fa45,Quinton Bohanna,JAX,DL,17,0.0,0.0,80.087,9.486,0.0,0.0,0.0,0.0817
2026,0c7a1b32-1eaa-4e69-bcf1-51f9d0a29852,Quinyon Mitchell,PHI,DB,17,0.0,0.0,80.087,9.486,0.0,0.0,0.0,0.0817
2026,5fa9c756-e939-4c14-85fb-ec0e8003173b,Qwan'tez Stiggers,NYJ,DB,17,0.0,0.0,80.087,9.486,0.0,0.0,0.0,0.0817
2026,61c7a683-fe08-49ee-991d-a3d6e16ed0b1,Qwuantrezz Knight,WAS,DB,17,0.0,0.0,80.087,9.486,0.0,0.0,0.0,0.0817
2026,e6fe10b2-8ff5-4b78-bb78-ffe9a5127348,R Mason Thomas,KC,DL,17,0.0,0.0,80.087,9.486,0.0,0.0,0.0,0.0817
2026,cf7fa029-236b-49c2-a73c-5ec2471fb156,R.J. Mickens,LAC,DB,17,0.0,0.0,80.087,9.486,0.0,0.0,0.0,0.0817
2026,b56aeaef-5fed-4b6c-a616-948e391c918d,Raheem Layne,NYG,DB,17,0.0,0.0,80.087,9.486,0.0,0.0,0.0,0.0817
2026,d27938a0-7c2f-45c8-9531-8924a9cb8d33,Rakeem Nunez-Roches,TB,DL,17,0.0,0.0,80.087,9.486,0.0,0.0,0.0,0.0817
2026,03a884f0-9ab2-4c5f-b8ff-9f605d1fdf41,Rashad Wisdom,TB,DB,17,0.0,0.0,80.087,9.486,0.0,0.0,0.0,0.0817
2026,7b758245-365d-47ab-abab-a1f837fdc170,Rashan Gary,DAL,DL,17,0.0,0.0,80.087,9.486,0.0,0.0,0.0,0.0817
2026,f20b2d88-ffd4-4c19-827d-ca48478a5265,Rashawn Slater,LAC,OL,17,0.0,0.0,80.087,9.486,0.0,0.0,0.0,0.0817
2026,e843a799-0926-4cf7-b750-5cd6d33f7786,Rasheed Miller,TEN,OL,17,0.0,0.0,80.087,9.486,0.0,0.0,0.0,0.0817
2026,52750226-f077-43bd-a8bc-a9ce715ec9f7,Rasheed Walker,CAR,OL,17,0.0,0.0,80.087,9.486,0.0,0.0,0.0,0.0817
2026,73b2f4e2-3de2-47f0-ac4f-6f2f98667185,Rayshaun Benny,BAL,DL,17,0.0,0.0,80.087,9.486,0.0,0.0,0.0,0.0817
2026,b39a874f-521d-4e5e-bd94-4503441f44b5,Rayuan Lane III,JAX,DB,17,0.0,0.0,80.087,9.486,0.0,0.0,0.0,0.0817
2026,39ac999d-d5b0-40f3-8efb-2828f3ba4bba,Red Murdock,DEN,LB,17,0.0,0.0,80.087,9.486,0.0,0.0,0.0,0.0817
2026,bc136e37-29aa-4473-904b-26ea967ae97b,Reddy Steward,DAL,DB,17,0.0,0.0,80.087,9.486,0.0,0.0,0.0,0.0817
2026,c46c8d02-5a45-44d0-91c0-034dc5f45e4e,Reed Blankenship,HOU,DB,17,0.0,0.0,80.087,9.486,0.0,0.0,0.0,0.0817
2026,c6032d2d-a71d-480a-b9a5-0544116abe08,Reese Taylor,DEN,DB,17,0.0,0.0,80.087,9.486,0.0,0.0,0.0,0.0817
2026,26af9d7a-c37a-4aeb-a4d7-c536bc7d00ee,Reid Carrico,CLE,LB,17,0.0,0.0,80.087,9.486,0.0,0.0,0.0,0.0817
2026,6bbc011c-50b7-4eec-9a2c-547d80ec0285,Reid Ferguson,BUF,LS,17,0.0,0.0,80.087,9.486,0.0,0.0,0.0,0.0817
2026,d677090f-c3a6-400f-90a3-195518138028,Reid Williford,BAL,LB,17,0.0,0.0,80.087,9.486,0.0,0.0,0.0,0.0817
2026,a5195c4b-b41f-4323-aa3e-c4d25d7e878b,Rejzohn Wright,NO,DB,17,0.0,0.0,80.087,9.486,0.0,0.0,0.0,0.0817
2026,1a43047f-0677-436f-99c7-83ac3e610690,Renardo Green,SF,DB,17,0.0,0.0,80.087,9.486,0.0,0.0,0.0,0.0817
2026,bd5991c4-0889-46ab-8723-8a7cba6e4799,Rene Konga,MIA,DL,17,0.0,0.0,80.087,9.486,0.0,0.0,0.0,0.0817
2026,8419b310-4c65-4719-979d-453138973c1a,Reuben Lowery,IND,DB,17,0.0,0.0,80.087,9.486,0.0,0.0,0.0,0.0817
2026,f5433603-0ed3-4089-87e0-28c29a5c69f1,Rex Sunahara,CLE,LS,17,0.0,0.0,80.087,9.486,0.0,0.0,0.0,0.0817
2026,d094381b-81cf-4a12-81bb-24896ba1f7ba,Ricky Barber,WAS,DL,17,0.0,0.0,80.087,9.486,0.0,0.0,0.0,0.0817
2026,a25c1fc7-1523-45bc-8b42-5bc78f7b4e94,Ricky Lee,JAX,OL,17,0.0,0.0,80.087,9.486,0.0,0.0,0.0,0.0817
2026,6ebe489f-72ff-4ff6-a07a-205cdd55c41c,Rico Payton,NYG,DB,17,0.0,0.0,80.087,9.486,0.0,0.0,0.0,0.0817
2026,d75e4238-d69e-4f66-93dc-82ea2d049d4a,Riley Dixon,TB,P,17,0.0,0.0,80.087,9.486,0.0,0.0,0.0,0.0817
2026,105c65cc-e659-4ebe-a561-ecd37a28dfff,Riley Mahlman,ATL,OL,17,0.0,0.0,80.087,9.486,0.0,0.0,0.0,0.0817
2026,43a7da2d-ac4d-4a6e-b2ab-1a97ad8af0c8,Riley Moss,DEN,DB,17,0.0,0.0,80.087,9.486,0.0,0.0,0.0,0.0817
2026,6a367d19-f0d5-42d7-b671-7a48ee79e884,Riley Patterson,MIA,K,17,0.0,0.0,80.087,9.486,0.0,0.0,0.0,0.0817
2026,2c09eae9-b5d0-44f7-926f-444e85629ccc,Riq Woolen,PHI,DB,17,0.0,0.0,80.087,9.486,0.0,0.0,0.0,0.0817
2026,253f7d0b-67c3-4735-994e-859ad4bfaaa0,Rob Carter,IND,DB,17,0.0,0.0,80.087,9.486,0.0,0.0,0.0,0.0817
2026,6508b7b3-8d5b-4667-bf6a-74eb55acd5b0,Robert Beal Jr.,MIA,DL,17,0.0,0.0,80.087,9.486,0.0,0.0,0.0,0.0817
2026,461112c6-8c90-437a-930b-2dd509d21546,Robert Hainsey,JAX,OL,17,0.0,0.0,80.087,9.486,0.0,0.0,0.0,0.0817
2026,2bbb83ae-ea3c-4fc7-abe5-800a9e295858,Robert Hunt,CAR,OL,17,0.0,0.0,80.087,9.486,0.0,0.0,0.0,0.0817
2026,c801a40e-7e29-4240-a030-67bab305b648,Robert Jones,SF,OL,17,0.0,0.0,80.087,9.486,0.0,0.0,0.0,0.0817
2026,78a28bf2-d8fc-4fc6-a32c-413af37986d1,Robert Longerbeam,BAL,DB,17,0.0,0.0,80.087,9.486,0.0,0.0,0.0,0.0817
2026,2895012c-41db-424f-99a8-03bdce0972a0,Robert McDaniel,WAS,DB,17,0.0,0.0,80.087,9.486,0.0,0.0,0.0,0.0817
2026,ff80432b-3945-4080-8442-7ec497ff9f49,Robert Rochell,CAR,DB,17,0.0,0.0,80.087,9.486,0.0,0.0,0.0,0.0817
2026,88d3e472-0932-481b-babf-a2d960c4e086,Robert Spears-Jennings,PIT,DB,17,0.0,0.0,80.087,9.486,0.0,0.0,0.0,0.0817
2026,204ddfc4-50e1-450e-ae81-fbf7414ddb87,Robert Spillane,NE,LB,17,0.0,0.0,80.087,9.486,0.0,0.0,0.0,0.0817
2026,00dc112e-31b4-423d-8aa0-23207ca55ce4,Rocco Underwood,PHI,LS,17,0.0,0.0,80.087,9.486,0.0,0.0,0.0,0.0817
2026,79d00db8-9a3c-43d6-ac76-84d59a7de40d,Rock Ya-Sin,DET,DB,17,0.0,0.0,80.087,9.486,0.0,0.0,0.0,0.0817
2026,9e9178ce-b32e-4dde-b53d-b0b6609ff308,Rodney McGraw,MIA,DL,17,0.0,0.0,80.087,9.486,0.0,0.0,0.0,0.0817
2026,cd28de4b-1354-4b53-8375-06dfcc205d33,Rodney Shelley,LAC,DB,17,0.0,0.0,80.087,9.486,0.0,0.0,0.0,0.0817
2026,bb8aeffd-e454-4c08-a35b-730974880aa1,Roger McCreary,DET,DB,17,0.0,0.0,80.087,9.486,0.0,0.0,0.0,0.0817
2026,56ca83cb-c021-44b4-ae72-8df26a47f0f0,Roger Rosengarten,BAL,OL,17,0.0,0.0,80.087,9.486,0.0,0.0,0.0,0.0817
2026,1092d3fc-7339-45c9-9bb3-9a4c565360b4,Ronnie Harrison,MIA,LB,17,0.0,0.0,80.087,9.486,0.0,0.0,0.0,0.0817
2026,460519da-2645-4f32-b6d1-e5683b5723dd,Ronnie Hickman,CLE,DB,17,0.0,0.0,80.087,9.486,0.0,0.0,0.0,0.0817
2026,d3e166bc-f37d-4fed-92a4-067f16ad18ad,Ronnie Stanley,BAL,OL,17,0.0,0.0,80.087,9.486,0.0,0.0,0.0,0.0817
2026,aae9cecc-b400-4b6d-975d-bc9a6c2048e8,Roquan Smith,BAL,LB,17,0.0,0.0,80.087,9.486,0.0,0.0,0.0,0.0817
2026,966b1b12-d668-48d3-bcae-c5e4698e956a,Ross Blacklock,ATL,DL,17,0.0,0.0,80.087,9.486,0.0,0.0,0.0,0.0817
2026,b5710ec3-5339-4e79-b97a-6fc8903a9cc4,Ross Matiscik,JAX,LS,17,0.0,0.0,80.087,9.486,0.0,0.0,0.0,0.0817
2026,f3a2b8f2-a3ec-4bea-9268-5fb26edbc1e3,Roy Lopez,ARI,DL,17,0.0,0.0,80.087,9.486,0.0,0.0,0.0,0.0817
2026,d94e20ad-a945-4281-b8f8-32196b6905cb,Roy Robertson-Harris,NYG,DL,17,0.0,0.0,80.087,9.486,0.0,0.0,0.0,0.0817
2026,0b0aa3c1-800f-47db-90e2-38426017b816,Ruben Hyppolite II,CHI,LB,17,0.0,0.0,80.087,9.486,0.0,0.0,0.0,0.0817
2026,d740cabf-a492-4c08-8ccb-45b331e3ab57,Rueben Bain,TB,LB,17,0.0,0.0,80.087,9.486,0.0,0.0,0.0,0.0817
2026,6cc5b7af-76a2-4fe2-841b-e654353c9dcc,Ruke Orhorhoro,JAX,DL,17,0.0,0.0,80.087,9.486,0.0,0.0,0.0,0.0817
2026,dc568fb2-d8c2-4d36-a1ad-d253f1d833c3,Russ Yeast,CIN,DB,17,0.0,0.0,80.087,9.486,0.0,0.0,0.0,0.0817
2026,6838708d-9466-4bdf-ab91-fd8a631228ae,Ryan Eckley,BAL,P,17,0.0,0.0,80.087,9.486,0.0,0.0,0.0,0.0817
2026,c7ab9b5d-0cd6-45db-94f2-8564114ba552,Ryan Fitzgerald,CAR,K,17,0.0,0.0,80.087,9.486,0.0,0.0,0.0,0.0817
2026,72ac3f42-f89b-4ad0-90f1-f23d25bf706c,Ryan Hayes,TEN,OL,17,0.0,0.0,80.087,9.486,0.0,0.0,0.0,0.0817
2026,e589d456-8d4e-41ca-99ac-ad4e17662d2e,Ryan McCollum,PIT,OL,17,0.0,0.0,80.087,9.486,0.0,0.0,0.0,0.0817
2026,ae72b7bd-0835-423e-8f1f-eac58163aa29,Ryan Neuzil,ATL,OL,17,0.0,0.0,80.087,9.486,0.0,0.0,0.0,0.0817
2026,42f3e814-85e4-45da-9dff-f6805f703d39,Ryan Rehkow,CIN,P,17,0.0,0.0,80.087,9.486,0.0,0.0,0.0,0.0817
2026,025a33d8-a181-4750-8f79-8985e0037475,Ryan Schernecke,NYG,OL,17,0.0,0.0,80.087,9.486,0.0,0.0,0.0,0.0817
2026,3fbd357b-f646-443e-8ea5-42c2226efaf4,Ryan Van Demark,MIN,OL,17,0.0,0.0,80.087,9.486,0.0,0.0,0.0,0.0817
2026,6452f227-3684-40bd-8eaa-77fe5d52f3f1,Ryan Wright,NO,P,17,0.0,0.0,80.087,9.486,0.0,0.0,0.0,0.0817
2026,94b08af1-6571-4b76-907a-8c2bb7256a4c,Rylie Mills,SEA,DL,17,0.0,0.0,80.087,9.486,0.0,0.0,0.0,0.0817
2026,6ce51157-c448-4c5f-befe-6ca77d09809e,Saahdiq Charles,CAR,OL,17,0.0,0.0,80.087,9.486,0.0,0.0,0.0,0.0817
2026,3d2a18f9-ebdd-4aa4-bf3d-4f01fc1af215,Sabastian Harsh,HOU,DL,17,0.0,0.0,80.087,9.486,0.0,0.0,0.0,0.0817
2026,3c77587c-5eee-4e51-a83b-1d1d51ef0ac6,Sai'vion Jones,DEN,DL,17,0.0,0.0,80.087,9.486,0.0,0.0,0.0,0.0817
2026,cc6fa566-2d98-4461-bb3e-a9a7c020c8a5,Sam Cosmi,WAS,OL,17,0.0,0.0,80.087,9.486,0.0,0.0,0.0,0.0817
2026,41acc773-a598-422d-a516-378cfd0f8965,Sam Franklin Jr.,BUF,DB,17,0.0,0.0,80.087,9.486,0.0,0.0,0.0,0.0817
2026,7797a13d-62db-4026-aee8-0a0e7f646320,Sam Hagen,HOU,OL,17,0.0,0.0,80.087,9.486,0.0,0.0,0.0,0.0817
2026,70948879-7566-4049-972f-fec9e44cd795,Sam Hecht,CAR,OL,17,0.0,0.0,80.087,9.486,0.0,0.0,0.0,0.0817
2026,99999baf-4b9e-4af5-b451-fe0277d93635,Sam Kamara,CLE,DL,17,0.0,0.0,80.087,9.486,0.0,0.0,0.0,0.0817
2026,7e4b9c09-6b52-4726-b054-b99d9d03f5a1,Sam Martin,CAR,P,17,0.0,0.0,80.087,9.486,0.0,0.0,0.0,0.0817
2026,c1b018d2-9cec-4546-a75f-75c6ce01d6be,Sam Okuayinonu,SF,DL,17,0.0,0.0,80.087,9.486,0.0,0.0,0.0,0.0817
2026,7591cd9e-da7a-4b1e-97b3-639165e2b016,Sam Roberts,NYG,DL,17,0.0,0.0,80.087,9.486,0.0,0.0,0.0,0.0817
2026,3d6b8dbf-f58c-4955-90d0-d5cb08569723,Sam Williams,DAL,DL,17,0.0,0.0,80.087,9.486,0.0,0.0,0.0,0.0817
2026,90114cfe-e8c8-44d4-ae26-45fc4bb9ce1d,Samson Ebukam,ATL,DL,17,0.0,0.0,80.087,9.486,0.0,0.0,0.0,0.0817
2026,eedbbdbe-e8d7-40c3-8fe7-aaf2e91be11c,Samuel Womack,NYJ,DB,17,0.0,0.0,80.087,9.486,0.0,0.0,0.0,0.0817
2026,90717ca8-8c14-4597-9594-a21eccd8a931,Sanoussi Kane,TEN,DB,17,0.0,0.0,80.087,9.486,0.0,0.0,0.0,0.0817
2026,67667028-d9ad-4884-b9c1-255ac032a8da,Sauce Gardner,IND,DB,17,0.0,0.0,80.087,9.486,0.0,0.0,0.0,0.0817
2026,2a77b551-2834-42a9-8096-f683cc7c64d4,Scott Daly,TB,LS,17,0.0,0.0,80.087,9.486,0.0,0.0,0.0,0.0817
2026,334a5d7d-a170-4ed2-a00e-b212dd322ae5,Sean Brown,TEN,LB,17,0.0,0.0,80.087,9.486,0.0,0.0,0.0,0.0817
2026,150395cb-728a-40ad-b6b9-c615d6aac0b8,Sean Murphy-Bunting,ARI,DB,17,0.0,0.0,80.087,9.486,0.0,0.0,0.0,0.0817
2026,6575d64a-a356-40d6-99a8-174391ef862b,Sean Rhyan,GB,OL,17,0.0,0.0,80.087,9.486,0.0,0.0,0.0,0.0817
2026,11cd41d3-1429-4dcb-ab90-3839b2e23075,Sebastian Castro,PIT,DB,17,0.0,0.0,80.087,9.486,0.0,0.0,0.0,0.0817
2026,f1df3141-883f-4544-abd5-451bfee64918,Sebastian Gutierrez,NE,OL,17,0.0,0.0,80.087,9.486,0.0,0.0,0.0,0.0817
2026,4b23bb81-a441-4e4f-939c-8d7af1052867,Sebastian Joseph-Day,PIT,DL,17,0.0,0.0,80.087,9.486,0.0,0.0,0.0,0.0817
2026,053ff69a-43ed-4ca0-98d6-902b1537e826,Sebastian Valdez,SF,DL,17,0.0,0.0,80.087,9.486,0.0,0.0,0.0,0.0817
2026,7c20c98a-3f96-4390-86f4-b5b63d4f037b,Sedrick Van Pran-Granger,BUF,OL,17,0.0,0.0,80.087,9.486,0.0,0.0,0.0,0.0817
2026,c92da150-df1f-44fc-80e9-779b5dd4e441,Segun Olubi,LV,LB,17,0.0,0.0,80.087,9.486,0.0,0.0,0.0,0.0817
2026,45cc0f96-6463-49bf-94f6-05ce05324f84,Seth Coleman,MIA,DL,17,0.0,0.0,80.087,9.486,0.0,0.0,0.0,0.0817
2026,f5f02fb4-4f19-4698-a4f6-e8285bed88e4,Seth McLaughlin,DET,OL,17,0.0,0.0,80.087,9.486,0.0,0.0,0.0,0.0817
2026,f2d5763c-c7ec-4ac6-b4f4-6357150ec3bc,Shad Banks,TEN,LB,17,0.0,0.0,80.087,9.486,0.0,0.0,0.0,0.0817
2026,ac7a4efb-4cd3-4206-9dcf-d7555562a559,Shaka Heyward,CIN,LB,17,0.0,0.0,80.087,9.486,0.0,0.0,0.0,0.0817
2026,22a818e9-b0d8-46e1-bb9b-1efd4256e1f0,Shaun Dolac,LA,LB,17,0.0,0.0,80.087,9.486,0.0,0.0,0.0,0.0817
2026,761685fa-5a0f-45a6-bfc0-97d2f2a6305b,Shavon Revel Jr.,DAL,DB,17,0.0,0.0,80.087,9.486,0.0,0.0,0.0,0.0817
2026,bd09acca-b2ff-4281-9e91-6006896e705d,Shelby Harris,NYG,DL,17,0.0,0.0,80.087,9.486,0.0,0.0,0.0,0.0817
2026,d2e4598b-ec95-4373-876c-84fedee491a4,Sheldon Rankins,HOU,DL,17,0.0,0.0,80.087,9.486,0.0,0.0,0.0,0.0817
2026,815902a1-47a3-4759-b35f-1abe086b65ae,Shemar Bartholomew,GB,DB,17,0.0,0.0,80.087,9.486,0.0,0.0,0.0,0.0817
2026,66b99c18-cf0f-4ae8-bee5-6f1f8e35f8d0,Shemar James,DAL,LB,17,0.0,0.0,80.087,9.486,0.0,0.0,0.0,0.0817
2026,80a5eefd-c9a0-4f83-bbed-3d666c696488,Shemar Jean-Charles,SEA,DB,17,0.0,0.0,80.087,9.486,0.0,0.0,0.0,0.0817
2026,c40cd76b-4cd5-4847-9bde-afea8dcf0eee,Shemar Stewart,CIN,DL,17,0.0,0.0,80.087,9.486,0.0,0.0,0.0,0.0817
2026,394004a3-c67f-4d10-8de7-6925dd701ec3,Shemar Turner,CHI,DL,17,0.0,0.0,80.087,9.486,0.0,0.0,0.0,0.0817
2026,20f69919-a0f2-4e52-9f8e-8f60db96c477,Shiyazh Pete,DAL,OL,17,0.0,0.0,80.087,9.486,0.0,0.0,0.0,0.0817
2026,8362e873-3542-4863-b0aa-88f0e92cb01e,Shy Tuttle,WAS,DL,17,0.0,0.0,80.087,9.486,0.0,0.0,0.0,0.0817
2026,f47261dc-b31b-4607-b584-6ef485bca7b9,Silas Walters,BAL,DB,17,0.0,0.0,80.087,9.486,0.0,0.0,0.0,0.0817
2026,aabf6099-0fe4-4db5-8cd4-79dd02ea2347,SirVocea Dennis,TB,LB,17,0.0,0.0,80.087,9.486,0.0,0.0,0.0,0.0817
2026,ea7e4a22-e315-42ea-854f-eba07e55c0a6,Siran Neal,SF,DB,17,0.0,0.0,80.087,9.486,0.0,0.0,0.0,0.0817
2026,2aed857d-05db-4af1-a308-30e6710659b1,Skyler Gill-Howard,DET,DL,17,0.0,0.0,80.087,9.486,0.0,0.0,0.0,0.0817
2026,17f8df91-566f-4109-9b52-2e4a0350ab34,Skyler Thomas,CHI,DB,17,0.0,0.0,80.087,9.486,0.0,0.0,0.0,0.0817
2026,7565b61d-366d-4c5a-996a-e931f3658fff,Smael Mondon Jr.,PHI,LB,17,0.0,0.0,80.087,9.486,0.0,0.0,0.0,0.0817
2026,3c8818c1-2d0d-4afc-8a13-3179a774f5a5,Smith Vilbert,MIN,DL,17,0.0,0.0,80.087,9.486,0.0,0.0,0.0,0.0817
2026,5cb24bb9-c162-412d-b28b-479f2903a0ea,Solomon Byrd,HOU,DL,17,0.0,0.0,80.087,9.486,0.0,0.0,0.0,0.0817
2026,5c0eb59f-6258-40c5-844a-89fb40532fd5,Solomon Thomas,TEN,DL,17,0.0,0.0,80.087,9.486,0.0,0.0,0.0,0.0817
2026,c23c46f3-3a77-435b-82f1-2d80f9c98f94,Sonny Styles,WAS,LB,17,0.0,0.0,80.087,9.486,0.0,0.0,0.0,0.0817
2026,50503094-c81e-441e-98b6-55cfffbbaa00,Spencer Brown,BUF,OL,17,0.0,0.0,80.087,9.486,0.0,0.0,0.0,0.0817
2026,d760d01b-8bb5-4e99-ade5-fc7b630d07ca,Spencer Burford,LV,OL,17,0.0,0.0,80.087,9.486,0.0,0.0,0.0,0.0817
2026,4548bb1b-604b-4a60-80bb-838afe6c51dd,Spencer Fano,CLE,OL,17,0.0,0.0,80.087,9.486,0.0,0.0,0.0,0.0817
2026,5937c41a-3efb-41e6-a4b9-1b755a68ddbe,Spencer Shrader,IND,K,17,0.0,0.0,80.087,9.486,0.0,0.0,0.0,0.0817
2026,577fa814-dbe0-4769-a02c-3a8b8cc10758,Starling Thomas V,ARI,DB,17,0.0,0.0,80.087,9.486,0.0,0.0,0.0,0.0817
2026,c1cdbdef-d481-4100-91f5-50111a2ead8c,Stephen Dix,ARI,LB,17,0.0,0.0,80.087,9.486,0.0,0.0,0.0,0.0817
2026,1de24bf7-ed55-40b2-93bf-fb26c6acfa3f,Stephen Hall,HOU,DB,17,0.0,0.0,80.087,9.486,0.0,0.0,0.0,0.0817
2026,f8041029-169f-4fb8-83c7-fb2b5de64ee4,Steve Avila,LA,OL,17,0.0,0.0,80.087,9.486,0.0,0.0,0.0,0.0817
2026,7b3d2e08-d6a6-48f0-a7e4-ee0d1c7decfa,Steven Jones,PIT,OL,17,0.0,0.0,80.087,9.486,0.0,0.0,0.0,0.0817
2026,e2cfe202-ce85-4d40-b43f-49fc4477afce,Stone Forsythe,CAR,OL,17,0.0,0.0,80.087,9.486,0.0,0.0,0.0,0.0817
2026,af0a3b57-bafb-4ef1-ab55-887b73ee5bd6,Storm Duck,MIA,DB,17,0.0,0.0,80.087,9.486,0.0,0.0,0.0,0.0817
2026,f44afad2-6bd6-4cb3-8a1c-cdd305354ee8,Storm Norton,ATL,OL,17,0.0,0.0,80.087,9.486,0.0,0.0,0.0,0.0817
2026,610052d9-86ce-4715-b735-2f9f42b215ca,Swayze Bozeman,CIN,LB,17,0.0,0.0,80.087,9.486,0.0,0.0,0.0,0.0817
2026,c5f74c72-511c-433d-9b7e-b81cc38fbe6a,Sydney Brown,ATL,DB,17,0.0,0.0,80.087,9.486,0.0,0.0,0.0,0.0817
2026,3d5b54cb-34cc-4707-9ed7-0f4662ae8280,T'Vondre Sweat,NYJ,DL,17,0.0,0.0,80.087,9.486,0.0,0.0,0.0,0.0817
2026,208ec310-516e-4e5e-8194-185b442fa401,T.J. Bollers,JAX,DL,17,0.0,0.0,80.087,9.486,0.0,0.0,0.0,0.0817
2026,478b64e8-242c-41f6-904d-84662a21952a,T.J. Edwards,CHI,LB,17,0.0,0.0,80.087,9.486,0.0,0.0,0.0,0.0817
2026,d41a72af-5eb8-46bd-87c3-76e3f708f982,T.J. Hall,NO,DB,17,0.0,0.0,80.087,9.486,0.0,0.0,0.0,0.0817
2026,104f438a-59f8-49c9-bda6-ac711c71c35b,T.J. Maguranyanga,WAS,DL,17,0.0,0.0,80.087,9.486,0.0,0.0,0.0,0.0817
2026,78242586-e585-4d4c-9f5c-9b30e3804e5b,T.J. Parker,BUF,LB,17,0.0,0.0,80.087,9.486,0.0,0.0,0.0,0.0817
2026,d803bf5c-119d-4059-a0a0-848331a87c64,T.J. Quinn,GB,LB,17,0.0,0.0,80.087,9.486,0.0,0.0,0.0,0.0817
2026,683bf0b0-9a26-425a-8391-a6e33c738b1c,T.J. Sanders,BUF,DL,17,0.0,0.0,80.087,9.486,0.0,0.0,0.0,0.0817
2026,fdc37aff-9315-4555-9614-da3e1806a874,T.J. Tampa,BAL,DB,17,0.0,0.0,80.087,9.486,0.0,0.0,0.0,0.0817
2026,93f9b6ba-dc23-4c33-b39d-71874196b2e3,T.J. Watt,PIT,LB,17,0.0,0.0,80.087,9.486,0.0,0.0,0.0,0.0817
2026,95ae2939-6b6c-4e96-b407-9386c55fe51b,TJ Bass,DAL,OL,17,0.0,0.0,80.087,9.486,0.0,0.0,0.0,0.0817
2026,8c5e8945-38ab-4030-b1d5-1d44bdbf75d3,Ta'Quon Graham,PHI,DL,17,0.0,0.0,80.087,9.486,0.0,0.0,0.0,0.0817
2026,2bb437f6-1c4d-4a66-aa1b-8eb228bf332a,Tacario Davis,CIN,DB,17,0.0,0.0,80.087,9.486,0.0,0.0,0.0,0.0817
2026,48c23297-32fb-4b57-868c-2922db3f542a,Tahj Chambers,IND,LB,17,0.0,0.0,80.087,9.486,0.0,0.0,0.0,0.0817
2026,bf6f0216-2d08-4593-8849-019883a2fc30,Taki Taimani,MIN,DL,17,0.0,0.0,80.087,9.486,0.0,0.0,0.0,0.0817
2026,99a33d37-aafd-4e56-9c61-576791f6c5d0,Talanoa Hufanga,DEN,DB,17,0.0,0.0,80.087,9.486,0.0,0.0,0.0,0.0817
2026,ed54b840-53b2-43e0-bc60-a9ce1b974e7b,Taliese Fuaga,NO,OL,17,0.0,0.0,80.087,9.486,0.0,0.0,0.0,0.0817
2026,986717f1-d753-4745-a6cd-04b5f46d8987,Tamon Lynum,PIT,DB,17,0.0,0.0,80.087,9.486,0.0,0.0,0.0,0.0817
2026,4c6c2dcd-cc05-4677-b16c-f05158616e62,Tanner Ingle,LA,DB,17,0.0,0.0,80.087,9.486,0.0,0.0,0.0,0.0817
2026,aeb08234-ad12-4353-be92-8e01bc9a89f5,Tanner McCalister,KC,DB,17,0.0,0.0,80.087,9.486,0.0,0.0,0.0,0.0817
2026,33a58147-7da1-4137-909b-ae5b856d9b24,Tanner Wall,LV,DB,17,0.0,0.0,80.087,9.486,0.0,0.0,0.0,0.0817
2026,a17a4538-33c3-4686-8020-481f356d04b3,Tanoa Togiai,WAS,DL,17,0.0,0.0,80.087,9.486,0.0,0.0,0.0,0.0817
2026,0e6d3b70-371b-4d64-848c-245d60c271a9,Tanor Bortolini,IND,OL,17,0.0,0.0,80.087,9.486,0.0,0.0,0.0,0.0817
2026,4af6f35d-c58b-428d-9065-cfd48d9428e7,Tarheeb Still,LAC,DB,17,0.0,0.0,80.087,9.486,0.0,0.0,0.0,0.0817
2026,a7e3c0b0-f48f-4f97-8e41-c8217ada52de,Tariq Castro-Fields,PHI,DB,17,0.0,0.0,80.087,9.486,0.0,0.0,0.0,0.0817
2026,9a2dae3c-8310-47d0-acd1-887f524888c6,Taron Johnson,LV,DB,17,0.0,0.0,80.087,9.486,0.0,0.0,0.0,0.0817
2026,10b5576f-4644-4806-8f19-b09c4df2a743,Tate Ratledge,DET,OL,17,0.0,0.0,80.087,9.486,0.0,0.0,0.0,0.0817
2026,2ab9bad6-28df-42a4-9c87-feee41acc7e7,Tatum Bethune,SF,LB,17,0.0,0.0,80.087,9.486,0.0,0.0,0.0,0.0817
2026,3d7fba19-4557-4c8b-b090-9a445d57c2a1,Taurean York,DEN,LB,17,0.0,0.0,80.087,9.486,0.0,0.0,0.0,0.0817
2026,cd64dda4-1c32-4160-b08b-c1d46c383272,Tavierre Thomas,MIN,DB,17,0.0,0.0,80.087,9.486,0.0,0.0,0.0,0.0817
2026,c272573a-aa6c-48f2-a67d-9834a21e7458,Tavius Robinson,BAL,LB,17,0.0,0.0,80.087,9.486,0.0,0.0,0.0,0.0817
2026,7c4fbcdc-1064-47fb-9b94-275ca7f6654f,Taylor Moton,CAR,OL,17,0.0,0.0,80.087,9.486,0.0,0.0,0.0,0.0817
2026,2be70d8b-5508-4d63-af9e-fbb0d6b4bedf,Te'Cory Couch,BUF,DB,17,0.0,0.0,80.087,9.486,0.0,0.0,0.0,0.0817
2026,cc68ed50-6162-4a12-8fbc-f5fc940441fe,TeRah Edwards,LAC,DL,17,0.0,0.0,80.087,9.486,0.0,0.0,0.0,0.0817
2026,cff034ee-251d-4e77-9112-21ef0f3b5565,Teair Tart,LAC,DL,17,0.0,0.0,80.087,9.486,0.0,0.0,0.0,0.0817
2026,104fb5dc-6047-4d6f-9a61-d8dd106e3412,Ted Karras,CIN,OL,17,0.0,0.0,80.087,9.486,0.0,0.0,0.0,0.0817
2026,e3ad05bc-6d1e-4d0c-b205-e0512873f38d,Tedarrell Slaton,CIN,DL,17,0.0,0.0,80.087,9.486,0.0,0.0,0.0,0.0817
2026,6e888baf-047a-4871-9cbe-1f9520afb97d,Teddye Buchanan,BAL,LB,17,0.0,0.0,80.087,9.486,0.0,0.0,0.0,0.0817
2026,6a88f4f3-6589-4f56-b1ac-f017b6ffcebf,Terell Smith,CHI,DB,17,0.0,0.0,80.087,9.486,0.0,0.0,0.0,0.0817
2026,f2aa3ff7-cd06-4d4c-9cf6-2dfb04bfc517,Terence Steele,DAL,OL,17,0.0,0.0,80.087,9.486,0.0,0.0,0.0,0.0817
2026,c8779048-e8f9-4562-bf0d-eae7a63b9c89,Terrel Bernard,BUF,LB,17,0.0,0.0,80.087,9.486,0.0,0.0,0.0,0.0817
2026,ceaee0ff-f80b-4ed8-ae78-eb64a451abb8,Terrell Burgess,NO,DB,17,0.0,0.0,80.087,9.486,0.0,0.0,0.0,0.0817
2026,5770b2c9-4ce2-46f5-9aa3-d7abb8cd83a6,Terrion Arnold,DET,DB,17,0.0,0.0,80.087,9.486,0.0,0.0,0.0,0.0817
2026,0d23438c-748a-4c6c-95e5-515857310fbe,Terry Webb,LAC,DL,17,0.0,0.0,80.087,9.486,0.0,0.0,0.0,0.0817
2026,67336950-bf66-4532-be9c-e98b27804db6,Tershawn Wharton,CAR,DL,17,0.0,0.0,80.087,9.486,0.0,0.0,0.0,0.0817
2026,de6ea952-aa0b-4010-b15d-d8c5ea82a95d,Teven Jenkins,CLE,OL,17,0.0,0.0,80.087,9.486,0.0,0.0,0.0,0.0817
2026,6602a7e7-dad9-4ff1-a615-6672d0373497,Thaddeus Dixon,NYG,DB,17,0.0,0.0,80.087,9.486,0.0,0.0,0.0,0.0817
2026,ecf376dd-56e5-43da-b235-bef6eee01f76,Theo Jackson,MIN,DB,17,0.0,0.0,80.087,9.486,0.0,0.0,0.0,0.0817
2026,ed2f6f61-5557-4d2d-bfcd-20fdcba0ddfe,Theron Gaines,BUF,LB,17,0.0,0.0,80.087,9.486,0.0,0.0,0.0,0.0817
2026,0826c8cb-690b-4780-bcbf-36160a80d5d7,Thomas Booker,LV,DL,17,0.0,0.0,80.087,9.486,0.0,0.0,0.0,0.0817
2026,ee724943-1981-4d73-8d99-d92a7a63dd38,Thomas Harper,DET,DB,17,0.0,0.0,80.087,9.486,0.0,0.0,0.0,0.0817
2026,343181d3-0ec0-4a8d-842e-d6d8edef945b,Thomas Hennessy,NYJ,LS,17,0.0,0.0,80.087,9.486,0.0,0.0,0.0,0.0817
2026,16ff02e6-c017-43ff-a146-8fed967d388f,Thomas Incoom,CAR,LB,17,0.0,0.0,80.087,9.486,0.0,0.0,0.0,0.0817
2026,a3359509-7fbf-4969-ba2c-9dffd8675d23,Tim Keenan,LA,DL,17,0.0,0.0,80.087,9.486,0.0,0.0,0.0,0.0817
2026,2bb384b9-8809-4055-a41a-1aaec3f6d0e7,Tim Settle,WAS,DL,17,0.0,0.0,80.087,9.486,0.0,0.0,0.0,0.0817
2026,98b4f732-e4f9-4538-b9c9-aaf5131b766c,Tim Smith,IND,DL,17,0.0,0.0,80.087,9.486,0.0,0.0,0.0,0.0817
2026,ecbed1db-491c-43e1-8657-688490c9057f,Timmy Horne,TEN,DL,17,0.0,0.0,80.087,9.486,0.0,0.0,0.0,0.0817
2026,44b29e32-45bb-4547-bdb0-833740f963ae,Timothy McKay,WAS,OL,17,0.0,0.0,80.087,9.486,0.0,0.0,0.0,0.0817
2026,94b70a68-8e40-4cad-8fc1-75f55c2fc6ff,Tomas Rimac,MIN,OL,17,0.0,0.0,80.087,9.486,0.0,0.0,0.0,0.0817
2026,d97e69df-b506-40e2-af2d-f61d14a971f8,Tommy Akingbesote,BUF,DL,17,0.0,0.0,80.087,9.486,0.0,0.0,0.0,0.0817
2026,37855972-8be3-4635-bdc8-897d4e4a4cec,Tommy Doman,BUF,P,17,0.0,0.0,80.087,9.486,0.0,0.0,0.0,0.0817
2026,e9e19da2-731b-4a46-9efd-226060abdbe9,Tommy Dunn,DAL,DL,17,0.0,0.0,80.087,9.486,0.0,0.0,0.0,0.0817
2026,2666c8ea-9a22-4d9c-86cc-75d0e75fb5b3,Tommy Eichenberg,LV,LB,17,0.0,0.0,80.087,9.486,0.0,0.0,0.0,0.0817
2026,ade07172-117f-402d-93ba-7dee5bae7a49,Tommy Togiai,HOU,DL,17,0.0,0.0,80.087,9.486,0.0,0.0,0.0,0.0817
2026,e0006796-b5b3-41ed-be6d-1640c408e4c7,Tommy Townsend,TEN,P,17,0.0,0.0,80.087,9.486,0.0,0.0,0.0,0.0817
2026,24bbd903-14f4-49c6-9855-03545e0c53b9,Tomon Fox,LA,LB,17,0.0,0.0,80.087,9.486,0.0,0.0,0.0,0.0817
2026,1d01ece5-3415-469e-a475-f45778c7e935,Tonka Hemingway,LV,DL,17,0.0,0.0,80.087,9.486,0.0,0.0,0.0,0.0817
2026,e37607a9-4bb5-4787-b154-61baca3b5652,Tony Adams,TEN,DB,17,0.0,0.0,80.087,9.486,0.0,0.0,0.0,0.0817
2026,210551d7-6e83-4612-bc59-15713d4ea0b7,Tony Jefferson,LAC,DB,17,0.0,0.0,80.087,9.486,0.0,0.0,0.0,0.0817
2026,2a1b750a-f25a-47a6-8789-70c48101a97f,Toriano Pride,BUF,DB,17,0.0,0.0,80.087,9.486,0.0,0.0,0.0,0.0817
2026,5c0ec806-293b-4198-975f-a2dec5f3d042,Torricelli Simpkins III,NO,OL,17,0.0,0.0,80.087,9.486,0.0,0.0,0.0,0.0817
2026,c63cd673-5cf1-4c6f-9995-a56dab471235,Tory Taylor,CHI,P,17,0.0,0.0,80.087,9.486,0.0,0.0,0.0,0.0817
2026,6c2a522c-5982-478c-99b4-6b0d47fc298f,Trace Ford,NYG,LB,17,0.0,0.0,80.087,9.486,0.0,0.0,0.0,0.0817
2026,aed2bb48-9fc5-4ee7-a15e-4e9e48b8dc44,Travis Burke,LAC,OL,17,0.0,0.0,80.087,9.486,0.0,0.0,0.0,0.0817
2026,bf4469a7-c79c-497c-a32c-90c828b79120,Travis Clayton,BUF,OL,17,0.0,0.0,80.087,9.486,0.0,0.0,0.0,0.0817
2026,7134ffb0-379f-46d8-93b5-62620c31f03b,Travis Glover,GB,OL,17,0.0,0.0,80.087,9.486,0.0,0.0,0.0,0.0817
2026,f99ee423-1f62-4c99-9aa4-8f48561143fd,Travis Jones,BAL,DL,17,0.0,0.0,80.087,9.486,0.0,0.0,0.0,0.0817
2026,62b388cf-966c-48c9-9fe3-70ea4405d183,Travis Shaw,NE,DL,17,0.0,0.0,80.087,9.486,0.0,0.0,0.0,0.0817
2026,3ec6ff4b-0b3f-49c6-b91e-07c90ecbe38f,Travon Walker,JAX,DL,17,0.0,0.0,80.087,9.486,0.0,0.0,0.0,0.0817
2026,33eed17b-34a9-44a3-866d-c867d0d07c64,Tre Avery,CLE,DB,17,0.0,0.0,80.087,9.486,0.0,0.0,0.0,0.0817
2026,bf2469f3-da50-4405-a633-96fca8e42bb5,Tre Brown,NYJ,DB,17,0.0,0.0,80.087,9.486,0.0,0.0,0.0,0.0817
2026,50ddeeb2-be4a-4f35-9798-ebdde55a3ec4,Tre Hawkins III,WAS,DB,17,0.0,0.0,80.087,9.486,0.0,0.0,0.0,0.0817
2026,0ac46a27-fb72-45e5-a53c-575a4d0ef931,Tre'von Moehrig,CAR,DB,17,0.0,0.0,80.087,9.486,0.0,0.0,0.0,0.0817
2026,d0cccee5-0252-4b06-9a6d-9068c902ca8c,Tremaine Edmunds,NYG,LB,17,0.0,0.0,80.087,9.486,0.0,0.0,0.0,0.0817
2026,ee51bb0f-ba0a-47af-8fb4-a1c9994211ad,Tremon Smith,HOU,DB,17,0.0,0.0,80.087,9.486,0.0,0.0,0.0,0.0817
2026,6c81f738-d771-40e7-8b52-d58a042bbf7a,Trent Brown,HOU,OL,17,0.0,0.0,80.087,9.486,0.0,0.0,0.0,0.0817
2026,cb32abc2-7b29-4f98-af5a-e77789a663e6,Trent McDuffie,LA,DB,17,0.0,0.0,80.087,9.486,0.0,0.0,0.0,0.0817
2026,ddd191f4-8c5d-467d-9160-4c5b6e1b8261,Trent Scott,WAS,OL,17,0.0,0.0,80.087,9.486,0.0,0.0,0.0,0.0817
2026,5d6e28c1-be55-494c-a93b-2b733d1a0fa3,Trent Sieg,DAL,LS,17,0.0,0.0,80.087,9.486,0.0,0.0,0.0,0.0817
2026,fdefcdd1-aea4-49d2-b45b-82e5cb887725,Trent Williams,SF,OL,17,0.0,0.0,80.087,9.486,0.0,0.0,0.0,0.0817
2026,42769ac8-8d08-40d4-a776-10e006f61ff6,Trenton Simpson,BAL,LB,17,0.0,0.0,80.087,9.486,0.0,0.0,0.0,0.0817
2026,9e6fba8c-9a42-4ae3-8d97-f09ad212b9b7,Tress Way,WAS,P,17,0.0,0.0,80.087,9.486,0.0,0.0,0.0,0.0817
2026,b9528b30-a3d6-46db-a69a-598bf3b91d6f,Treven Ma'ae,LV,DL,17,0.0,0.0,80.087,9.486,0.0,0.0,0.0,0.0817
2026,a40d5b9d-b6a0-47e4-9ca3-f424f5a0a341,Trevian Thomas,JAX,DB,17,0.0,0.0,80.087,9.486,0.0,0.0,0.0,0.0817
2026,7d9c9fda-7d67-488b-a6f1-e59a3382d3f5,Trevin Wallace,CAR,LB,17,0.0,0.0,80.087,9.486,0.0,0.0,0.0,0.0817
2026,693740c2-c3c9-4dbd-b076-fb41c3f534ae,Trevis Gipson,CAR,DL,17,0.0,0.0,80.087,9.486,0.0,0.0,0.0,0.0817
2026,90d8bf07-ec6f-4901-b541-afd0ecab4aa2,Trevor Keegan,DAL,OL,17,0.0,0.0,80.087,9.486,0.0,0.0,0.0,0.0817
2026,26d39415-3eaf-48bb-8f0c-0917b3c55a73,Trevor Nowaske,DET,LB,17,0.0,0.0,80.087,9.486,0.0,0.0,0.0,0.0817
2026,c6e24a14-0e76-4075-bf27-62c5021d5e14,Trey Amos,WAS,DB,17,0.0,0.0,80.087,9.486,0.0,0.0,0.0,0.0817
2026,ba28970e-5bac-4437-bb31-907d90b96c0e,Trey Hendrickson,BAL,DL,17,0.0,0.0,80.087,9.486,0.0,0.0,0.0,0.0817
2026,981dd5a0-f05f-45da-b4fa-da3f7748acc6,Trey Hill,TEN,OL,17,0.0,0.0,80.087,9.486,0.0,0.0,0.0,0.0817
2026,c7ab7eca-08d4-449c-8a42-b37508242d5c,Trey Moore,MIA,LB,17,0.0,0.0,80.087,9.486,0.0,0.0,0.0,0.0817
2026,0145d7b4-834c-4b54-8baf-d6b7cf273e6c,Trey Pipkins,LAC,OL,17,0.0,0.0,80.087,9.486,0.0,0.0,0.0,0.0817
2026,a4a9a46d-45ec-44f0-b20b-860ad91c3c80,Trey Smack,GB,K,17,0.0,0.0,80.087,9.486,0.0,0.0,0.0,0.0817
2026,2b88a9ac-f2a3-415f-a486-ad878be45f3a,Trey Smith,KC,OL,17,0.0,0.0,80.087,9.486,0.0,0.0,0.0,0.0817
2026,717e9ee4-2c72-411e-aff3-f26b90066b10,Trey Washington,IND,DB,17,0.0,0.0,80.087,9.486,0.0,0.0,0.0,0.0817
2026,f92343fa-90f8-42e5-90aa-e220c4ea2678,Trey Zuhn,LV,OL,17,0.0,0.0,80.087,9.486,0.0,0.0,0.0,0.0817
2026,14cb3042-4cde-4289-9dab-964c262b4f64,Treydan Stukes,LV,DB,17,0.0,0.0,80.087,9.486,0.0,0.0,0.0,0.0817
2026,a8550cda-b4e8-4fe2-a402-54d21b448ac3,Trikweze Bridges,DAL,DB,17,0.0,0.0,80.087,9.486,0.0,0.0,0.0,0.0817
2026,f6ad2c10-4345-4e16-9892-8df7b9277284,Tristan Leigh,MIN,OL,17,0.0,0.0,80.087,9.486,0.0,0.0,0.0,0.0817
2026,323c4cab-9998-4786-a448-15f24621e46d,Tristin McCollum,LV,DB,17,0.0,0.0,80.087,9.486,0.0,0.0,0.0,0.0817
2026,7610ea74-1611-47eb-93a8-45678b677054,Troy Andersen,ATL,LB,17,0.0,0.0,80.087,9.486,0.0,0.0,0.0,0.0817
2026,394d7fe1-ece5-4a72-9268-283c2e2c94cc,Troy Dye,LAC,LB,17,0.0,0.0,80.087,9.486,0.0,0.0,0.0,0.0817
2026,5b3e7006-9141-4043-8747-c41cb9993fd9,Troy Fautanu,PIT,OL,17,0.0,0.0,80.087,9.486,0.0,0.0,0.0,0.0817
2026,12bc763a-b41c-4404-9052-d111c6e98995,Truman Jones,TEN,LB,17,0.0,0.0,80.087,9.486,0.0,0.0,0.0,0.0817
2026,e01f4bf2-1f64-4482-a1b6-62855e4ca803,Trystan Colon,JAX,OL,17,0.0,0.0,80.087,9.486,0.0,0.0,0.0,0.0817
2026,160ee194-7b9e-47f2-af0e-f49e467ab0e4,Tucker Addington,MIA,LS,17,0.0,0.0,80.087,9.486,0.0,0.0,0.0,0.0817
2026,564f6682-37a8-442c-a102-0b94d436be2a,Tucker Large,PHI,DB,17,0.0,0.0,80.087,9.486,0.0,0.0,0.0,0.0817
2026,ad342d91-2b9a-4535-b1d9-affb6dadea63,Tuli Tuipulotu,LAC,LB,17,0.0,0.0,80.087,9.486,0.0,0.0,0.0,0.0817
2026,177b0cf7-02e3-4a5d-9075-aca12a55840d,Ty Hamilton,LA,DL,17,0.0,0.0,80.087,9.486,0.0,0.0,0.0,0.0817
2026,f97afdf0-4ecb-4d60-9bfe-0c8446284ade,Ty Okada,SEA,DB,17,0.0,0.0,80.087,9.486,0.0,0.0,0.0,0.0817
2026,394772f0-ba33-47dc-a8e3-e9ec3b26f442,Ty Robinson,PHI,DL,17,0.0,0.0,80.087,9.486,0.0,0.0,0.0,0.0817
2026,6061af91-5212-4c0b-a290-b04bb096280c,Ty'Ron Hopper,GB,LB,17,0.0,0.0,80.087,9.486,0.0,0.0,0.0,0.0817
2026,365d0d9f-e37f-4d86-aeba-f4b73b14c7cd,Tycen Anderson,DEN,DB,17,0.0,0.0,80.087,9.486,0.0,0.0,0.0,0.0817
2026,df222458-1567-4188-a878-624cfdb9d282,Tykee Smith,TB,DB,17,0.0,0.0,80.087,9.486,0.0,0.0,0.0,0.0817
2026,1de9fc8b-4df1-4cb5-b8b2-68d6b951b843,Tylan Grable,BUF,OL,17,0.0,0.0,80.087,9.486,0.0,0.0,0.0,0.0817
2026,835a4a6c-e83a-4a27-8be3-f20cbcdacf30,Tyleik Williams,DET,DL,17,0.0,0.0,80.087,9.486,0.0,0.0,0.0,0.0817
2026,7e3e62e1-f6ad-4399-822d-d4cc1f3212f0,Tyler Baron,NYJ,DL,17,0.0,0.0,80.087,9.486,0.0,0.0,0.0,0.0817
2026,1b32e769-8f4c-40c4-8456-f0a1a26d48f9,Tyler Bass,BUF,K,17,0.0,0.0,80.087,9.486,0.0,0.0,0.0,0.0817
2026,f612ee2f-0920-480c-aeb8-40d99244b1e1,Tyler Batty,MIN,LB,17,0.0,0.0,80.087,9.486,0.0,0.0,0.0,0.0817
2026,91fd83b9-7190-4484-b129-3820727f78ef,Tyler Biadasz,LAC,OL,17,0.0,0.0,80.087,9.486,0.0,0.0,0.0,0.0817
2026,299de816-df07-40de-9952-a5cf2863307a,Tyler Booker,DAL,OL,17,0.0,0.0,80.087,9.486,0.0,0.0,0.0,0.0817
2026,0d20c5a5-620b-4d68-aaf3-f01348b5ea2a,Tyler Cooper,WAS,OL,17,0.0,0.0,80.087,9.486,0.0,0.0,0.0,0.0817
2026,a1907624-ab3c-489a-b766-fecad94a5ba7,Tyler Davis,LA,DL,17,0.0,0.0,80.087,9.486,0.0,0.0,0.0,0.0817
2026,2aacb39f-3a03-4f99-bd11-190c603e743f,Tyler Duzansky,LV,LS,17,0.0,0.0,80.087,9.486,0.0,0.0,0.0,0.0817
2026,c9dfd978-26a9-4831-ba87-4b1d7662156f,Tyler Guyton,DAL,OL,17,0.0,0.0,80.087,9.486,0.0,0.0,0.0,0.0817
2026,58236cf1-e2a2-4383-927d-f95d2ab3cf0b,Tyler Lacy,DET,DL,17,0.0,0.0,80.087,9.486,0.0,0.0,0.0,0.0817
2026,00f9ab47-ac35-4574-adf4-dd477267bb08,Tyler Linderbaum,LV,OL,17,0.0,0.0,80.087,9.486,0.0,0.0,0.0,0.0817
2026,440849e7-a3b2-4d94-b440-b895bb01301e,Tyler Loop,BAL,K,17,0.0,0.0,80.087,9.486,0.0,0.0,0.0,0.0817
2026,b3859564-c02a-4765-843d-576d5d0fc1a5,Tyler Miller,DEN,OL,17,0.0,0.0,80.087,9.486,0.0,0.0,0.0,0.0817
2026,401bb50a-25fc-43c6-b6c5-f1194213c967,Tyler Nubin,NYG,DB,17,0.0,0.0,80.087,9.486,0.0,0.0,0.0,0.0817
2026,e0281e60-c8b4-414c-a618-36b7bb2c8273,Tyler Ott,WAS,LS,17,0.0,0.0,80.087,9.486,0.0,0.0,0.0,0.0817
2026,7a7842d6-a35e-4970-8dee-bef77a009636,Tyler Owens,WAS,DB,17,0.0,0.0,80.087,9.486,0.0,0.0,0.0,0.0817
2026,fb04db41-7806-4243-8e98-7343204d13d1,Tyler Smith,DAL,OL,17,0.0,0.0,80.087,9.486,0.0,0.0,0.0,0.0817
2026,c566227a-2827-4958-b923-c6f5e703a031,Tyler Steen,PHI,OL,17,0.0,0.0,80.087,9.486,0.0,0.0,0.0,0.0817
2026,9f68d401-e434-4150-b399-ee11a810bdd2,Tyre Phillips,CLE,OL,17,0.0,0.0,80.087,9.486,0.0,0.0,0.0,0.0817
2026,cb18d582-7b1f-4718-b859-abffa96a08c6,Tyre West,DET,DL,17,0.0,0.0,80.087,9.486,0.0,0.0,0.0,0.0817
2026,0ad51a50-144d-4dd2-9a44-6fdb97c9a911,Tyreak Sapp,CLE,DL,17,0.0,0.0,80.087,9.486,0.0,0.0,0.0,0.0817
2026,11e26a89-989f-420c-88fb-ac63bbec16fd,Tyree Wilson,NO,DL,17,0.0,0.0,80.087,9.486,0.0,0.0,0.0,0.0817
2026,94994d00-2f1a-4857-8ef3-eed45422c3d6,Tyreek Chappell,MIN,DB,17,0.0,0.0,80.087,9.486,0.0,0.0,0.0,0.0817
2026,c060b733-22c9-4c75-9d81-292a941de0de,Tyrek Funderburk,CAR,DB,17,0.0,0.0,80.087,9.486,0.0,0.0,0.0,0.0817
2026,0f7eac2c-51cf-4d68-85ae-b616fa47cf1f,Tyreke Smith,KC,LB,17,0.0,0.0,80.087,9.486,0.0,0.0,0.0,0.0817
2026,87dfe0c7-5541-4b8e-9de2-162e660c4cac,Tyrel Dodson,MIA,LB,17,0.0,0.0,80.087,9.486,0.0,0.0,0.0,0.0817
2026,ec585fd0-337c-4ef3-bc3d-15c40c9d422e,Tyrice Knight,SEA,LB,17,0.0,0.0,80.087,9.486,0.0,0.0,0.0,0.0817
2026,acf44c54-49c0-4433-be29-59376499e709,Tyrion Ingram-Dawkins,MIN,DL,17,0.0,0.0,80.087,9.486,0.0,0.0,0.0,0.0817
2026,a903171d-bbbc-4a95-8b4d-4677ff092066,Tyrique Stevenson,CHI,DB,17,0.0,0.0,80.087,9.486,0.0,0.0,0.0,0.0817
2026,790eb4ca-0544-4fa3-92de-df946b1660bd,Tyron Herring,CLE,DB,17,0.0,0.0,80.087,9.486,0.0,0.0,0.0,0.0817
2026,a02a945e-5f54-45da-8bd6-498ca16a689b,Tyrus Wheat,DAL,DL,17,0.0,0.0,80.087,9.486,0.0,0.0,0.0,0.0817
2026,13b26277-ccf1-4757-9e0d-a28a9eb7f286,Tyson Campbell,CLE,DB,17,0.0,0.0,80.087,9.486,0.0,0.0,0.0,0.0817
2026,16e6da77-3b07-4901-851d-343bef8b9ba6,Tytus Howard,CLE,OL,17,0.0,0.0,80.087,9.486,0.0,0.0,0.0,0.0817
2026,aac16bc3-263f-4047-b2a3-2de8fc91713f,Tywone Malone,CAR,DL,17,0.0,0.0,80.087,9.486,0.0,0.0,0.0,0.0817
2026,25d63f79-30a0-44a7-b08c-6238a201b7e9,Uchenna Nwosu,SEA,LB,17,0.0,0.0,80.087,9.486,0.0,0.0,0.0,0.0817
2026,2cccb415-b7ba-4a50-bfa6-ee1273342835,Upton Stout,SF,DB,17,0.0,0.0,80.087,9.486,0.0,0.0,0.0,0.0817
2026,9c8e7618-d7e4-4df5-a93c-cfba82634b09,Uso Seumalo,SEA,DL,17,0.0,0.0,80.087,9.486,0.0,0.0,0.0,0.0817
2026,36949169-b183-4ac9-ac98-b7423f9e86a8,Valentin Senn,ARI,OL,17,0.0,0.0,80.087,9.486,0.0,0.0,0.0,0.0817
2026,d9191afc-8ea8-4431-8d87-1f71948422d3,Vederian Lowe,SF,OL,17,0.0,0.0,80.087,9.486,0.0,0.0,0.0,0.0817
2026,fbc8e8c7-0ed6-44c1-9dab-ce7f773b23ea,Ventrell Miller,JAX,LB,17,0.0,0.0,80.087,9.486,0.0,0.0,0.0,0.0817
2026,03fe6d00-87ef-4265-9193-3997774c7324,Vernon Broughton,NO,DL,17,0.0,0.0,80.087,9.486,0.0,0.0,0.0,0.0817
2026,b9aa2233-f3f2-4664-b68d-edc0479ab59f,Vershon Lee,MIN,OL,17,0.0,0.0,80.087,9.486,0.0,0.0,0.0,0.0817
2026,19f626f5-0fbd-446a-a31d-55e6729a747c,Victor Payne,NYJ,DB,17,0.0,0.0,80.087,9.486,0.0,0.0,0.0,0.0817
2026,10d3ec7c-cb00-43a0-8fca-6a79c6177333,Vincent Anthony,KC,DL,17,0.0,0.0,80.087,9.486,0.0,0.0,0.0,0.0817
2026,9793c5d3-ac4b-4aff-8e75-7b5efbf0c6a2,Vita Vea,TB,DL,17,0.0,0.0,80.087,9.486,0.0,0.0,0.0,0.0817
2026,98fdb6c8-7ced-4ca1-a52f-2207ce396fc2,Wade Woodaz,HOU,LB,17,0.0,0.0,80.087,9.486,0.0,0.0,0.0,0.0817
2026,4778ba3b-7e32-45ec-b601-ab1ddb3e1117,Walker Little,JAX,OL,17,0.0,0.0,80.087,9.486,0.0,0.0,0.0,0.0817
2026,13fb8346-9b6b-4825-a3f3-3e25160b5fb1,Walter Nolen,ARI,DL,17,0.0,0.0,80.087,9.486,0.0,0.0,0.0,0.0817
2026,c6a8446b-a2e1-4e10-a41c-f9233965610d,Walter Rouse,MIN,OL,17,0.0,0.0,80.087,9.486,0.0,0.0,0.0,0.0817
2026,e2979e39-90c1-483c-81d4-816ea27b16f1,Wande Owens,BUF,DB,17,0.0,0.0,80.087,9.486,0.0,0.0,0.0,0.0817
2026,bfc5bad5-c9ec-4f42-a7a3-bf7ef473fb03,Wanya Morris,KC,OL,17,0.0,0.0,80.087,9.486,0.0,0.0,0.0,0.0817
2026,4a361ef7-3677-4753-8943-e65e02305813,Warren Brinson,GB,DL,17,0.0,0.0,80.087,9.486,0.0,0.0,0.0,0.0817
2026,9e1da125-c0d2-4a8f-9a65-fc2e52175604,Warren McClendon Jr.,LA,OL,17,0.0,0.0,80.087,9.486,0.0,0.0,0.0,0.0817
2026,0cb09090-2878-4b54-8688-9cb361225ee9,Wayne Matthews,CHI,LB,17,0.0,0.0,80.087,9.486,0.0,0.0,0.0,0.0817
2026,006048f6-545d-4174-b336-3008c2bc2146,Wes Pahl,CLE,P,17,0.0,0.0,80.087,9.486,0.0,0.0,0.0,0.0817
2026,66930967-b702-4c62-9799-c9b91b54ac65,Wesley Bailey,LA,DL,17,0.0,0.0,80.087,9.486,0.0,0.0,0.0,0.0817
2026,f73864ac-4e91-41db-85cd-37c235ed44cd,Wesley Bissainthe,KC,LB,17,0.0,0.0,80.087,9.486,0.0,0.0,0.0,0.0817
2026,fa64a552-80a1-4985-bb2f-9bef915f578b,Wesley Williams,JAX,DL,17,0.0,0.0,80.087,9.486,0.0,0.0,0.0,0.0817
2026,b42fba4e-a697-4e62-bb7a-2423be248dc5,West Weeks,IND,LB,17,0.0,0.0,80.087,9.486,0.0,0.0,0.0,0.0817
2026,04984bd9-dd86-4828-8768-cc4395b67746,Wil Lutz,DEN,K,17,0.0,0.0,80.087,9.486,0.0,0.0,0.0,0.0817
2026,33d386a0-9600-4084-98a6-ea9b33dadb8d,Will Anderson Jr.,HOU,DL,17,0.0,0.0,80.087,9.486,0.0,0.0,0.0,0.0817
2026,9d2fdb32-6753-4525-83ee-7e2beeeb300b,Will Bradley-King,SF,DL,17,0.0,0.0,80.087,9.486,0.0,0.0,0.0,0.0817
2026,50f042c2-7b9c-4322-a324-4a409291d26d,Will Campbell,NE,OL,17,0.0,0.0,80.087,9.486,0.0,0.0,0.0,0.0817
2026,c5bd1aa1-4721-4b9d-885e-a6a7cd7d0452,Will Fries,MIN,OL,17,0.0,0.0,80.087,9.486,0.0,0.0,0.0,0.0817
2026,6c0b6e60-82a4-4767-9883-e1ded82bb77a,Will Harris,WAS,DB,17,0.0,0.0,80.087,9.486,0.0,0.0,0.0,0.0817
2026,0b65f12d-974b-4377-b60c-e0ff0f4d50ab,Will Johnson,ARI,DB,17,0.0,0.0,80.087,9.486,0.0,0.0,0.0,0.0817
2026,5d2aed46-6565-4337-8ead-62857dcfa91a,Will Lee,CAR,DB,17,0.0,0.0,80.087,9.486,0.0,0.0,0.0,0.0817
2026,fc0a347f-7af0-4bbd-b10b-ecd91daa4c23,Will McDonald IV,NYJ,DL,17,0.0,0.0,80.087,9.486,0.0,0.0,0.0,0.0817
2026,6b8c0f39-6ed1-405d-970d-3f6b9186b9a8,Will Putnam,LV,OL,17,0.0,0.0,80.087,9.486,0.0,0.0,0.0,0.0817
2026,6726cf1b-79fc-4aa6-9911-1df9888e6a97,Will Reichard,MIN,K,17,0.0,0.0,80.087,9.486,0.0,0.0,0.0,0.0817
2026,284d7a3c-10a9-4521-979b-731753036263,Will Sherman,NO,OL,17,0.0,0.0,80.087,9.486,0.0,0.0,0.0,0.0817
2026,10d8bc3b-95ac-4743-bf84-0d0684263ed6,William Wagner,CIN,LS,17,0.0,0.0,80.087,9.486,0.0,0.0,0.0,0.0817
2026,b0bc1bf0-187b-47a3-80b2-8280887f657d,Willie Gay Jr.,MIA,LB,17,0.0,0.0,80.087,9.486,0.0,0.0,0.0,0.0817
2026,a8998ee7-cb2d-4540-ad58-c97b00b237a0,Willie Lampkin,PHI,OL,17,0.0,0.0,80.087,9.486,0.0,0.0,0.0,0.0817
2026,b693274a-a741-4c23-aa2c-671178db26cd,Winston Reid,CLE,LB,17,0.0,0.0,80.087,9.486,0.0,0.0,0.0,0.0817
2026,d6fffbbb-28df-456f-85d8-aa2f84d60376,Wy'Kevious Thomas,SEA,DL,17,0.0,0.0,80.087,9.486,0.0,0.0,0.0,0.0817
2026,360c8f50-b9cd-431a-b884-5f07439fcb40,Wyatt Bowles,LA,OL,17,0.0,0.0,80.087,9.486,0.0,0.0,0.0,0.0817
2026,bdc0cf4f-5c4c-4d04-b7e3-bf040341f270,Wyatt Milum,JAX,OL,17,0.0,0.0,80.087,9.486,0.0,0.0,0.0,0.0817
2026,1ad96d56-4bfd-47a5-b39b-3a2b697e3440,Wyatt Teller,HOU,OL,17,0.0,0.0,80.087,9.486,0.0,0.0,0.0,0.0817
2026,bc75f218-83c8-4120-9cdc-30e55e123c88,Wydett Williams,ARI,DB,17,0.0,0.0,80.087,9.486,0.0,0.0,0.0,0.0817
2026,afddd266-dbd3-4d9d-86f2-51642b1e7622,Xavian Sorey,LV,LB,17,0.0,0.0,80.087,9.486,0.0,0.0,0.0,0.0817
2026,33f1fddc-3919-4481-86d6-a571fa9b3b61,Xavier Hill,NYJ,OL,17,0.0,0.0,80.087,9.486,0.0,0.0,0.0,0.0817
2026,2baa5b0d-8e54-4234-9dd3-a171ef4af241,Xavier Holmes,NE,DL,17,0.0,0.0,80.087,9.486,0.0,0.0,0.0,0.0817
2026,391782a5-6d10-4838-a23b-280a015dc87d,Xavier McKinney,GB,DB,17,0.0,0.0,80.087,9.486,0.0,0.0,0.0,0.0817
2026,faf7082f-44da-410e-9a50-7d02234cf939,Xavier Newman-Johnson,NYJ,OL,17,0.0,0.0,80.087,9.486,0.0,0.0,0.0,0.0817
2026,08070291-242e-4bfe-9504-655cd97db9ca,Xavier Nwankpa,KC,DB,17,0.0,0.0,80.087,9.486,0.0,0.0,0.0,0.0817
2026,40a3446b-2f40-404e-8099-29556cc4a215,Xavier Thomas,HOU,LB,17,0.0,0.0,80.087,9.486,0.0,0.0,0.0,0.0817
2026,d5ea3d33-73e4-4e7d-8d22-ddb9886d9416,Xavier Truss,NO,OL,17,0.0,0.0,80.087,9.486,0.0,0.0,0.0,0.0817
2026,3c36bf2e-6d2c-418b-a0c5-403554c7a59e,Xavier Watts,ATL,DB,17,0.0,0.0,80.087,9.486,0.0,0.0,0.0,0.0817
2026,8c83d66b-df70-427b-8c22-38969be3b171,Yahya Black,PIT,DL,17,0.0,0.0,80.087,9.486,0.0,0.0,0.0,0.0817
2026,86299798-297a-4cee-b5cd-64dd9fcf2745,Yasir Abdullah,JAX,LB,17,0.0,0.0,80.087,9.486,0.0,0.0,0.0,0.0817
2026,a30391b9-202d-4819-b971-8ea655b633b5,Yasir Holmes,TB,DL,17,0.0,0.0,80.087,9.486,0.0,0.0,0.0,0.0817
2026,251e2c3e-e1aa-4da6-9962-79e7f2c5e86d,Yaya Diaby,TB,LB,17,0.0,0.0,80.087,9.486,0.0,0.0,0.0,0.0817
2026,bd3127a5-8a49-4c42-8880-6eb97e2f759b,Zacch Pickens,NYG,DL,17,0.0,0.0,80.087,9.486,0.0,0.0,0.0,0.0817
2026,6a926016-2ecd-4e70-b126-4f740bf3624e,Zach Allen,DEN,DL,17,0.0,0.0,80.087,9.486,0.0,0.0,0.0,0.0817
2026,19497a6f-3dca-455c-ad7d-4bdfc408dcab,Zach Durfee,JAX,DL,17,0.0,0.0,80.087,9.486,0.0,0.0,0.0,0.0817
2026,da5f2377-03aa-493b-a04c-a7f00c43f63a,Zach Frazier,PIT,OL,17,0.0,0.0,80.087,9.486,0.0,0.0,0.0,0.0817
2026,b70d757b-b138-4d7d-93c3-7db9eca46d8e,Zach Harrison,ATL,DL,17,0.0,0.0,80.087,9.486,0.0,0.0,0.0,0.0817
2026,8335e309-327e-4612-9b2e-e68df405a229,Zach Sieler,MIA,DL,17,0.0,0.0,80.087,9.486,0.0,0.0,0.0,0.0817
2026,5ae47f27-3bdf-446a-8cdf-2d7201a39fc4,Zach Thomas,SF,OL,17,0.0,0.0,80.087,9.486,0.0,0.0,0.0,0.0817
2026,0c12834d-cbb1-49ea-a14c-2a5a06b9bb86,Zach Tom,GB,OL,17,0.0,0.0,80.087,9.486,0.0,0.0,0.0,0.0817
2026,9d921822-250c-428f-b99d-5eaa4ccf945e,Zach Wood,NO,LS,17,0.0,0.0,80.087,9.486,0.0,0.0,0.0,0.0817
2026,90d9ea46-4ea4-4e9a-9372-fe7e9a0188c1,Zachary Carter,ARI,DL,17,0.0,0.0,80.087,9.486,0.0,0.0,0.0,0.0817
2026,afbdba74-53e3-4c1d-ab10-883ba2c91e25,Zack Baun,PHI,LB,17,0.0,0.0,80.087,9.486,0.0,0.0,0.0,0.0817
2026,4b40ee06-2f37-47c9-b787-9d196f2fca1c,Zaire Barnes,NYG,LB,17,0.0,0.0,80.087,9.486,0.0,0.0,0.0,0.0817
2026,015fa59e-a7d6-483d-acab-2df5eeb4b7c8,Zaire Franklin,GB,LB,17,0.0,0.0,80.087,9.486,0.0,0.0,0.0,0.0817
2026,a526773a-0404-497a-ab74-8bb3c2d90cf6,Zak Zinter,CLE,OL,17,0.0,0.0,80.087,9.486,0.0,0.0,0.0,0.0817
2026,4c8a7217-c951-4639-b482-df242c605efc,Zakee Wheatley,CAR,DB,17,0.0,0.0,80.087,9.486,0.0,0.0,0.0,0.0817
2026,a60b4860-8013-4ebc-a335-d8e4ecf13708,Zane Durant,BUF,DL,17,0.0,0.0,80.087,9.486,0.0,0.0,0.0,0.0817
2026,4d019189-ec76-40e6-9e3a-c54093dc1cf2,Zane Gonzalez,MIA,K,17,0.0,0.0,80.087,9.486,0.0,0.0,0.0,0.0817
2026,3745e1fe-090f-4b7b-bda0-033ebf97ff1a,Zaven Collins,ARI,LB,17,0.0,0.0,80.087,9.486,0.0,0.0,0.0,0.0817
2026,801f0f77-eb65-4f35-b563-c6d92c4b3a5c,Zayne Anderson,MIA,DB,17,0.0,0.0,80.087,9.486,0.0,0.0,0.0,0.0817
2026,88a75ea7-edd1-4fef-b249-2c75a2984e2d,Zeek Biggers,MIA,DL,17,0.0,0.0,80.087,9.486,0.0,0.0,0.0,0.0817
2026,9f693ce3-f54a-4f34-895d-2168d70f5f26,Zelmar Vedder,KC,DB,17,0.0,0.0,80.087,9.486,0.0,0.0,0.0,0.0817
2026,9dd7155e-bd24-4190-ac7f-6e50f4518fe8,Zemaiah Vaughn,MIN,DB,17,0.0,0.0,80.087,9.486,0.0,0.0,0.0,0.0817
2026,7f25873d-454f-401e-838d-4d2572534441,Zion Childress,DAL,DB,17,0.0,0.0,80.087,9.486,0.0,0.0,0.0,0.0817
2026,1ba48fae-e867-44ac-bc3c-674897b8af42,Zion Johnson,CLE,OL,17,0.0,0.0,80.087,9.486,0.0,0.0,0.0,0.0817
2026,fcc52611-71a6-41e9-a5eb-bd5607d24156,Zion Logue,BUF,DL,17,0.0,0.0,80.087,9.486,0.0,0.0,0.0,0.0817
2026,c49eb679-c1a4-4b5f-b931-e0e495e1aa69,Zion Washington,CLE,DB,17,0.0,0.0,80.087,9.486,0.0,0.0,0.0,0.0817
2026,1cf717d5-c092-4128-ae8a-2beb31cc2b72,Zion Wilson,PHI,DL,17,0.0,0.0,80.087,9.486,0.0,0.0,0.0,0.0817
2026,6b173a81-f49a-42a9-affb-95873373819a,Zion Young,BAL,LB,17,0.0,0.0,80.087,9.486,0.0,0.0,0.0,0.0817
2026,f7a3a13c-bb0b-457d-a715-6a3bcf25eb94,Zxavian Harris,NO,DL,17,0.0,0.0,80.087,9.486,0.0,0.0,0.0,0.0817
2026,94f2ace9-543c-4f9e-ba13-ec7168193b1e,Zyon McCollum,TB,DB,17,0.0,0.0,80.087,9.486,0.0,0.0,0.0,0.0817
