season,week,game_date,key,home,away,home_score,away_score,actual_spread_home,actual_total,market_spread_home,market_total,packaged_spread,packaged_total,trailing_spread,trailing_total,record_spread,record_total,packaged_spread_err,packaged_total_err,trailing_spread_err,trailing_total_err,market_spread_err,market_total_err,pickem_spread_err,hfa_only_spread_err,divisional,early_season,roof,packaged_epa_gap,trailing_epa_gap
2013,1,2013-09-08,ARI@STL,STL,ARI,27.0,24.0,-3.0,51.0,-3.5,42.5,,,,,-1.05,44.8435,,,,,-0.5,-8.5,3.0,1.95,,True,dome,no_prior_season_situational_for_packaged_priors,rolling_features_unavailable_pre_2023
2013,1,2013-09-08,ATL@NO,NO,ATL,23.0,17.0,-6.0,40.0,-3.5,54.5,,,,,-1.05,44.8435,,,,,2.5,14.5,6.0,4.95,True,True,dome,no_prior_season_situational_for_packaged_priors,rolling_features_unavailable_pre_2023
2013,1,2013-09-05,BAL@DEN,DEN,BAL,49.0,27.0,-22.0,76.0,-7.5,48.5,,,,,-1.05,44.8435,,,,,14.5,-27.5,22.0,20.95,False,True,outdoors,no_prior_season_situational_for_packaged_priors,rolling_features_unavailable_pre_2023
2013,1,2013-09-08,CIN@CHI,CHI,CIN,24.0,21.0,-3.0,45.0,-3.0,41.5,,,,,-1.05,44.8435,,,,,0.0,-3.5,3.0,1.95,False,True,outdoors,no_prior_season_situational_for_packaged_priors,rolling_features_unavailable_pre_2023
2013,1,2013-09-08,GB@SF,SF,GB,34.0,28.0,-6.0,62.0,-5.0,47.0,,,,,-1.05,44.8435,,,,,1.0,-15.0,6.0,4.95,False,True,outdoors,no_prior_season_situational_for_packaged_priors,rolling_features_unavailable_pre_2023
2013,1,2013-09-09,HOU@SD,SD,HOU,28.0,31.0,3.0,59.0,5.0,44.0,,,,,-1.05,44.8435,,,,,2.0,-15.0,-3.0,-4.05,,True,outdoors,no_prior_season_situational_for_packaged_priors,rolling_features_unavailable_pre_2023
2013,1,2013-09-08,KC@JAX,JAX,KC,2.0,28.0,26.0,30.0,3.5,42.5,,,,,-1.05,44.8435,,,,,-22.5,12.5,-26.0,-27.05,False,True,outdoors,no_prior_season_situational_for_packaged_priors,rolling_features_unavailable_pre_2023
2013,1,2013-09-08,MIA@CLE,CLE,MIA,10.0,23.0,13.0,33.0,-2.5,40.5,,,,,-1.05,44.8435,,,,,-15.5,7.5,-13.0,-14.05,False,True,outdoors,no_prior_season_situational_for_packaged_priors,rolling_features_unavailable_pre_2023
2013,1,2013-09-08,MIN@DET,DET,MIN,34.0,24.0,-10.0,58.0,-4.0,46.0,,,,,-1.05,44.8435,,,,,6.0,-12.0,10.0,8.95,True,True,dome,no_prior_season_situational_for_packaged_priors,rolling_features_unavailable_pre_2023
2013,1,2013-09-08,NE@BUF,BUF,NE,21.0,23.0,2.0,44.0,10.0,50.5,,,,,-1.05,44.8435,,,,,8.0,6.5,-2.0,-3.05,True,True,outdoors,no_prior_season_situational_for_packaged_priors,rolling_features_unavailable_pre_2023
2013,1,2013-09-08,NYG@DAL,DAL,NYG,36.0,31.0,-5.0,67.0,-3.5,49.5,,,,,-1.05,44.8435,,,,,1.5,-17.5,5.0,3.95,True,True,closed,no_prior_season_situational_for_packaged_priors,rolling_features_unavailable_pre_2023
2013,1,2013-09-08,OAK@IND,IND,OAK,21.0,17.0,-4.0,38.0,-11.0,45.0,,,,,-1.05,44.8435,,,,,-7.0,7.0,4.0,2.95,,True,closed,no_prior_season_situational_for_packaged_priors,rolling_features_unavailable_pre_2023
2013,1,2013-09-09,PHI@WSH,WSH,PHI,27.0,33.0,6.0,60.0,-4.0,51.0,,,,,-1.05,44.8435,,,,,-10.0,-9.0,-6.0,-7.05,True,True,outdoors,no_prior_season_situational_for_packaged_priors,rolling_features_unavailable_pre_2023
2013,1,2013-09-08,SEA@CAR,CAR,SEA,7.0,12.0,5.0,19.0,3.0,44.5,,,,,-1.05,44.8435,,,,,-2.0,25.5,-5.0,-6.05,False,True,outdoors,no_prior_season_situational_for_packaged_priors,rolling_features_unavailable_pre_2023
2013,1,2013-09-08,TB@NYJ,NYJ,TB,18.0,17.0,-1.0,35.0,4.0,40.0,,,,,-1.05,44.8435,,,,,5.0,5.0,1.0,-0.050000000000000044,False,True,outdoors,no_prior_season_situational_for_packaged_priors,rolling_features_unavailable_pre_2023
2013,1,2013-09-08,TEN@PIT,PIT,TEN,9.0,16.0,7.0,25.0,-6.0,42.0,,,,,-1.05,44.8435,,,,,-13.0,17.0,-7.0,-8.05,False,True,outdoors,no_prior_season_situational_for_packaged_priors,rolling_features_unavailable_pre_2023
2013,2,2013-09-15,CAR@BUF,BUF,CAR,24.0,23.0,-1.0,47.0,3.5,43.5,,,,,-1.05,44.8435,,,,,4.5,-3.5,1.0,-0.050000000000000044,False,True,outdoors,no_prior_season_situational_for_packaged_priors,rolling_features_unavailable_pre_2023
2013,2,2013-09-15,CLE@BAL,BAL,CLE,14.0,6.0,-8.0,20.0,-5.5,43.5,,,,,-1.05,44.8435,,,,,2.5,23.5,8.0,6.95,True,True,outdoors,no_prior_season_situational_for_packaged_priors,rolling_features_unavailable_pre_2023
2013,2,2013-09-15,DAL@KC,KC,DAL,17.0,16.0,-1.0,33.0,-3.0,45.0,,,,,-1.05,45.3,,,,,-2.0,12.0,1.0,-0.050000000000000044,False,True,outdoors,no_prior_season_situational_for_packaged_priors,rolling_features_unavailable_pre_2023
2013,2,2013-09-15,DEN@NYG,NYG,DEN,23.0,41.0,18.0,64.0,3.5,52.5,,,,,5.45,45.5201,,,,,-14.5,-11.5,-18.0,-19.05,False,True,outdoors,no_prior_season_situational_for_packaged_priors,rolling_features_unavailable_pre_2023
2013,2,2013-09-15,DET@ARI,ARI,DET,25.0,21.0,-4.0,46.0,1.0,47.5,,,,,5.45,45.5201,,,,,5.0,1.5,4.0,2.95,False,True,closed,no_prior_season_situational_for_packaged_priors,rolling_features_unavailable_pre_2023
2013,2,2013-09-15,JAX@OAK,OAK,JAX,19.0,9.0,-10.0,28.0,-3.5,40.5,,,,,-1.05,44.8435,,,,,6.5,12.5,10.0,8.95,,True,outdoors,no_prior_season_situational_for_packaged_priors,rolling_features_unavailable_pre_2023
2013,2,2013-09-15,MIA@IND,IND,MIA,20.0,24.0,4.0,44.0,-1.0,43.5,,,,,-1.05,45.3,,,,,-5.0,-0.5,-4.0,-5.05,False,True,open,no_prior_season_situational_for_packaged_priors,rolling_features_unavailable_pre_2023
2013,2,2013-09-15,MIN@CHI,CHI,MIN,31.0,30.0,-1.0,61.0,-6.0,41.0,,,,,-7.55,45.5201,,,,,-5.0,-20.0,1.0,-0.050000000000000044,True,True,outdoors,no_prior_season_situational_for_packaged_priors,rolling_features_unavailable_pre_2023
2013,2,2013-09-15,NO@TB,TB,NO,14.0,16.0,2.0,30.0,3.0,48.5,,,,,5.45,45.5201,,,,,1.0,18.5,-2.0,-3.05,True,True,outdoors,no_prior_season_situational_for_packaged_priors,rolling_features_unavailable_pre_2023
2013,2,2013-09-12,NYJ@NE,NE,NYJ,13.0,10.0,-3.0,23.0,-10.5,43.0,,,,,-1.05,45.3,,,,,-7.5,20.0,3.0,1.95,True,True,outdoors,no_prior_season_situational_for_packaged_priors,rolling_features_unavailable_pre_2023
2013,2,2013-09-16,PIT@CIN,CIN,PIT,20.0,10.0,-10.0,30.0,-7.0,40.0,,,,,-1.05,44.8435,,,,,3.0,10.0,10.0,8.95,True,True,outdoors,no_prior_season_situational_for_packaged_priors,rolling_features_unavailable_pre_2023
2013,2,2013-09-15,SD@PHI,PHI,SD,30.0,33.0,3.0,63.0,-7.5,51.0,,,,,-7.55,45.5201,,,,,-10.5,-12.0,-3.0,-4.05,,True,outdoors,no_prior_season_situational_for_packaged_priors,rolling_features_unavailable_pre_2023
2013,2,2013-09-15,SF@SEA,SEA,SF,29.0,3.0,-26.0,32.0,-3.0,43.5,,,,,-1.05,45.3,,,,,23.0,11.5,26.0,24.95,True,True,outdoors,no_prior_season_situational_for_packaged_priors,rolling_features_unavailable_pre_2023
2013,2,2013-09-15,STL@ATL,ATL,STL,31.0,24.0,-7.0,55.0,-4.0,47.5,,,,,5.45,45.5201,,,,,3.0,-7.5,7.0,5.95,,True,dome,no_prior_season_situational_for_packaged_priors,rolling_features_unavailable_pre_2023
2013,2,2013-09-15,TEN@HOU,HOU,TEN,30.0,24.0,-6.0,54.0,-7.5,42.5,,,,,-1.05,45.3,,,,,-1.5,-11.5,6.0,4.95,True,True,closed,no_prior_season_situational_for_packaged_priors,rolling_features_unavailable_pre_2023
2013,2,2013-09-15,WSH@GB,GB,WSH,38.0,20.0,-18.0,58.0,-9.0,48.5,,,,,-1.05,44.8435,,,,,9.0,-9.5,18.0,16.95,False,True,outdoors,no_prior_season_situational_for_packaged_priors,rolling_features_unavailable_pre_2023
2013,3,2013-09-22,ARI@NO,NO,ARI,31.0,7.0,-24.0,38.0,-8.0,48.5,,,,,-4.1901,45.2982,,,,,16.0,10.5,24.0,22.95,False,True,dome,no_prior_season_situational_for_packaged_priors,rolling_features_unavailable_pre_2023
2013,3,2013-09-22,ATL@MIA,MIA,ATL,27.0,23.0,-4.0,50.0,-3.0,45.5,,,,,-4.1901,45.2982,,,,,1.0,-4.5,4.0,2.95,False,True,outdoors,no_prior_season_situational_for_packaged_priors,rolling_features_unavailable_pre_2023
2013,3,2013-09-22,BUF@NYJ,NYJ,BUF,27.0,20.0,-7.0,47.0,-2.5,41.0,,,,,-1.05,45.0941,,,,,4.5,-6.0,7.0,5.95,True,True,outdoors,no_prior_season_situational_for_packaged_priors,rolling_features_unavailable_pre_2023
2013,3,2013-09-22,CHI@PIT,PIT,CHI,23.0,40.0,17.0,63.0,2.5,40.5,,,,,5.45,45.5201,,,,,-14.5,-22.5,-17.0,-18.05,False,True,outdoors,no_prior_season_situational_for_packaged_priors,rolling_features_unavailable_pre_2023
2013,3,2013-09-22,CLE@MIN,MIN,CLE,27.0,31.0,4.0,58.0,-7.0,40.0,,,,,-1.05,44.8435,,,,,-11.0,-18.0,-4.0,-5.05,False,True,dome,no_prior_season_situational_for_packaged_priors,rolling_features_unavailable_pre_2023
2013,3,2013-09-22,DET@WSH,WSH,DET,20.0,27.0,7.0,47.0,1.0,48.5,,,,,2.3976,45.0919,,,,,-6.0,1.5,-7.0,-8.05,False,True,outdoors,no_prior_season_situational_for_packaged_priors,rolling_features_unavailable_pre_2023
2013,3,2013-09-22,GB@CIN,CIN,GB,34.0,30.0,-4.0,64.0,3.0,49.5,,,,,-1.05,45.0941,,,,,7.0,-14.5,4.0,2.95,False,True,outdoors,no_prior_season_situational_for_packaged_priors,rolling_features_unavailable_pre_2023
2013,3,2013-09-22,HOU@BAL,BAL,HOU,30.0,9.0,-21.0,39.0,-1.0,44.5,,,,,2.0901,45.2982,,,,,20.0,5.5,21.0,19.95,False,True,outdoors,no_prior_season_situational_for_packaged_priors,rolling_features_unavailable_pre_2023
2013,3,2013-09-22,IND@SF,SF,IND,7.0,27.0,20.0,34.0,-10.5,45.5,,,,,-1.05,45.0941,,,,,-30.5,11.5,-20.0,-21.05,False,True,outdoors,no_prior_season_situational_for_packaged_priors,rolling_features_unavailable_pre_2023
2013,3,2013-09-22,JAX@SEA,SEA,JAX,45.0,17.0,-28.0,62.0,-19.5,39.0,,,,,-7.55,45.5201,,,,,8.5,-23.0,28.0,26.95,False,True,outdoors,no_prior_season_situational_for_packaged_priors,rolling_features_unavailable_pre_2023
2013,3,2013-09-19,KC@PHI,PHI,KC,16.0,26.0,10.0,42.0,-3.0,50.0,,,,,2.0901,45.2982,,,,,-13.0,8.0,-10.0,-11.05,False,True,outdoors,no_prior_season_situational_for_packaged_priors,rolling_features_unavailable_pre_2023
2013,3,2013-09-22,NYG@CAR,CAR,NYG,38.0,0.0,-38.0,38.0,1.0,46.5,,,,,-1.05,44.8435,,,,,39.0,8.5,38.0,36.95,False,True,outdoors,no_prior_season_situational_for_packaged_priors,rolling_features_unavailable_pre_2023
2013,3,2013-09-23,OAK@DEN,DEN,OAK,37.0,21.0,-16.0,58.0,-16.0,48.5,,,,,-4.1901,45.2982,,,,,0.0,-9.5,16.0,14.95,,True,outdoors,no_prior_season_situational_for_packaged_priors,rolling_features_unavailable_pre_2023
2013,3,2013-09-22,SD@TEN,TEN,SD,20.0,17.0,-3.0,37.0,-3.0,43.0,,,,,-1.05,45.0941,,,,,0.0,6.0,3.0,1.95,,True,outdoors,no_prior_season_situational_for_packaged_priors,rolling_features_unavailable_pre_2023
2013,3,2013-09-22,STL@DAL,DAL,STL,31.0,7.0,-24.0,38.0,-3.5,47.5,,,,,-1.05,45.0941,,,,,20.5,9.5,24.0,22.95,,True,closed,no_prior_season_situational_for_packaged_priors,rolling_features_unavailable_pre_2023
2013,3,2013-09-22,TB@NE,NE,TB,23.0,3.0,-20.0,26.0,-7.5,44.5,,,,,-7.55,45.5201,,,,,12.5,18.5,20.0,18.95,False,True,outdoors,no_prior_season_situational_for_packaged_priors,rolling_features_unavailable_pre_2023
2013,4,2013-09-29,ARI@TB,TB,ARI,10.0,13.0,3.0,23.0,-2.5,40.0,,,,,1.2829,44.9864,,,,,-5.5,17.0,-3.0,-4.05,False,True,outdoors,no_prior_season_situational_for_packaged_priors,rolling_features_unavailable_pre_2023
2013,4,2013-09-29,BAL@BUF,BUF,BAL,23.0,20.0,-3.0,43.0,4.0,45.0,,,,,1.1382,45.141,,,,,7.0,2.0,3.0,1.95,False,True,outdoors,no_prior_season_situational_for_packaged_priors,rolling_features_unavailable_pre_2023
2013,4,2013-09-29,CHI@DET,DET,CHI,40.0,32.0,-8.0,72.0,-3.0,48.0,,,,,1.0103,45.2771,,,,,5.0,-24.0,8.0,6.95,True,True,dome,no_prior_season_situational_for_packaged_priors,rolling_features_unavailable_pre_2023
2013,4,2013-09-29,CIN@CLE,CLE,CIN,17.0,6.0,-11.0,23.0,3.5,42.5,,,,,1.1382,45.141,,,,,14.5,19.5,11.0,9.95,True,True,outdoors,no_prior_season_situational_for_packaged_priors,rolling_features_unavailable_pre_2023
2013,4,2013-09-29,DAL@SD,SD,DAL,30.0,21.0,-9.0,51.0,1.0,47.0,,,,,1.1382,45.141,,,,,10.0,-4.0,9.0,7.95,,True,outdoors,no_prior_season_situational_for_packaged_priors,rolling_features_unavailable_pre_2023
2013,4,2013-09-29,IND@JAX,JAX,IND,3.0,37.0,34.0,40.0,9.5,42.5,,,,,3.482,45.2172,,,,,-24.5,2.5,-34.0,-35.05,True,True,outdoors,no_prior_season_situational_for_packaged_priors,rolling_features_unavailable_pre_2023
2013,4,2013-09-30,MIA@NO,NO,MIA,38.0,17.0,-21.0,55.0,-7.0,48.5,,,,,-1.05,45.3,,,,,14.0,-6.5,21.0,19.95,False,True,dome,no_prior_season_situational_for_packaged_priors,rolling_features_unavailable_pre_2023
2013,4,2013-09-29,NE@ATL,ATL,NE,23.0,30.0,7.0,53.0,-3.0,49.0,,,,,3.2074,45.3439,,,,,-10.0,-4.0,-7.0,-8.05,False,True,dome,no_prior_season_situational_for_packaged_priors,rolling_features_unavailable_pre_2023
2013,4,2013-09-29,NYG@KC,KC,NYG,31.0,7.0,-24.0,38.0,-3.5,43.5,,,,,-7.55,45.5201,,,,,20.5,5.5,24.0,22.95,False,True,outdoors,no_prior_season_situational_for_packaged_priors,rolling_features_unavailable_pre_2023
2013,4,2013-09-29,NYJ@TEN,TEN,NYJ,38.0,13.0,-25.0,51.0,-3.5,40.5,,,,,-1.05,45.1671,,,,,21.5,-10.5,25.0,23.95,False,True,outdoors,no_prior_season_situational_for_packaged_priors,rolling_features_unavailable_pre_2023
2013,4,2013-09-29,PHI@DEN,DEN,PHI,52.0,20.0,-32.0,72.0,-10.5,57.5,,,,,-5.3074,45.3439,,,,,21.5,-14.5,32.0,30.95,False,True,outdoors,no_prior_season_situational_for_packaged_priors,rolling_features_unavailable_pre_2023
2013,4,2013-09-29,PIT@MIN,MIN,PIT,34.0,27.0,-7.0,61.0,3.0,41.5,,,,,-1.05,44.8435,,,,,10.0,-19.5,7.0,5.95,False,True,outdoors,no_prior_season_situational_for_packaged_priors,rolling_features_unavailable_pre_2023
2013,4,2013-09-29,SEA@HOU,HOU,SEA,20.0,23.0,3.0,43.0,1.0,41.0,,,,,1.0103,45.2771,,,,,-2.0,-2.0,-3.0,-4.05,False,True,closed,no_prior_season_situational_for_packaged_priors,rolling_features_unavailable_pre_2023
2013,4,2013-09-26,SF@STL,STL,SF,11.0,35.0,24.0,46.0,3.0,43.0,,,,,-1.05,45.0162,,,,,-21.0,-3.0,-24.0,-25.05,,True,dome,no_prior_season_situational_for_packaged_priors,rolling_features_unavailable_pre_2023
2013,4,2013-09-29,WSH@OAK,OAK,WSH,14.0,24.0,10.0,38.0,3.5,45.5,,,,,-3.3829,44.9864,,,,,-6.5,7.5,-10.0,-11.05,,True,outdoors,no_prior_season_situational_for_packaged_priors,rolling_features_unavailable_pre_2023
2013,5,2013-10-06,BAL@MIA,MIA,BAL,23.0,26.0,3.0,49.0,-2.5,42.5,,,,,-2.6531,45.1745,,,,,-5.5,-6.5,-3.0,-4.05,False,False,outdoors,no_prior_season_situational_for_packaged_priors,rolling_features_unavailable_pre_2023
2013,5,2013-10-03,BUF@CLE,CLE,BUF,37.0,24.0,-13.0,61.0,-3.5,40.5,,,,,-1.05,45.0941,,,,,9.5,-20.5,13.0,11.95,False,False,outdoors,no_prior_season_situational_for_packaged_priors,rolling_features_unavailable_pre_2023
2013,5,2013-10-06,CAR@ARI,ARI,CAR,22.0,6.0,-16.0,28.0,3.0,41.0,,,,,-2.1604,45.0679,,,,,19.0,13.0,16.0,14.95,False,False,closed,no_prior_season_situational_for_packaged_priors,rolling_features_unavailable_pre_2023
2013,5,2013-10-06,DEN@DAL,DAL,DEN,48.0,51.0,3.0,99.0,7.5,56.5,,,,,2.0901,45.2982,,,,,4.5,-42.5,-3.0,-4.05,False,False,closed,no_prior_season_situational_for_packaged_priors,rolling_features_unavailable_pre_2023
2013,5,2013-10-06,DET@GB,GB,DET,22.0,9.0,-13.0,31.0,-10.0,53.0,,,,,1.6658,45.185,,,,,3.0,22.0,13.0,11.95,True,False,outdoors,no_prior_season_situational_for_packaged_priors,rolling_features_unavailable_pre_2023
2013,5,2013-10-06,HOU@SF,SF,HOU,34.0,3.0,-31.0,37.0,-4.0,43.0,,,,,-1.05,45.0941,,,,,27.0,6.0,31.0,29.95,False,False,outdoors,no_prior_season_situational_for_packaged_priors,rolling_features_unavailable_pre_2023
2013,5,2013-10-06,JAX@STL,STL,JAX,34.0,20.0,-14.0,54.0,-11.0,40.5,,,,,-2.8133,44.9417,,,,,3.0,-13.5,14.0,12.95,,False,dome,no_prior_season_situational_for_packaged_priors,rolling_features_unavailable_pre_2023
2013,5,2013-10-06,KC@TEN,TEN,KC,17.0,26.0,9.0,43.0,2.5,38.0,,,,,0.4834,45.275,,,,,-6.5,-5.0,-9.0,-10.05,False,False,outdoors,no_prior_season_situational_for_packaged_priors,rolling_features_unavailable_pre_2023
2013,5,2013-10-06,NE@CIN,CIN,NE,13.0,6.0,-7.0,19.0,2.0,45.5,,,,,2.0901,45.2982,,,,,9.0,26.5,7.0,5.95,False,False,outdoors,no_prior_season_situational_for_packaged_priors,rolling_features_unavailable_pre_2023
2013,5,2013-10-06,NO@CHI,CHI,NO,18.0,26.0,8.0,44.0,-1.0,50.5,,,,,0.4834,45.275,,,,,-9.0,6.5,-8.0,-9.05,False,False,outdoors,no_prior_season_situational_for_packaged_priors,rolling_features_unavailable_pre_2023
2013,5,2013-10-07,NYJ@ATL,ATL,NYJ,28.0,30.0,2.0,58.0,-10.0,45.0,,,,,0.6294,45.0639,,,,,-12.0,-13.0,-2.0,-3.05,False,False,dome,no_prior_season_situational_for_packaged_priors,rolling_features_unavailable_pre_2023
2013,5,2013-10-06,PHI@NYG,NYG,PHI,21.0,36.0,15.0,57.0,1.0,53.5,,,,,0.7133,44.9417,,,,,-14.0,-3.5,-15.0,-16.05,True,False,outdoors,no_prior_season_situational_for_packaged_priors,rolling_features_unavailable_pre_2023
2013,5,2013-10-06,SD@OAK,OAK,SD,27.0,17.0,-10.0,44.0,6.0,46.0,,,,,0.6294,45.0639,,,,,16.0,2.0,10.0,8.95,,False,outdoors,no_prior_season_situational_for_packaged_priors,rolling_features_unavailable_pre_2023
2013,5,2013-10-06,SEA@IND,IND,SEA,34.0,28.0,-6.0,62.0,3.0,43.5,,,,,0.4834,45.275,,,,,9.0,-18.5,6.0,4.95,False,False,closed,no_prior_season_situational_for_packaged_priors,rolling_features_unavailable_pre_2023
2013,6,2013-10-13,ARI@SF,SF,ARI,32.0,20.0,-12.0,52.0,-10.0,40.5,,,,,-1.05,45.1385,,,,,2.0,-11.5,12.0,10.95,True,False,outdoors,no_prior_season_situational_for_packaged_priors,rolling_features_unavailable_pre_2023
2013,6,2013-10-13,CAR@MIN,MIN,CAR,10.0,35.0,25.0,45.0,-2.5,44.5,,,,,-1.05,44.9753,,,,,-27.5,-0.5,-25.0,-26.05,False,False,dome,no_prior_season_situational_for_packaged_priors,rolling_features_unavailable_pre_2023
2013,6,2013-10-13,CIN@BUF,BUF,CIN,24.0,27.0,3.0,51.0,6.0,41.0,,,,,0.262,45.111,,,,,3.0,-10.0,-3.0,-4.05,False,False,outdoors,no_prior_season_situational_for_packaged_priors,rolling_features_unavailable_pre_2023
2013,6,2013-10-13,DET@CLE,CLE,DET,17.0,31.0,14.0,48.0,1.0,44.0,,,,,-1.05,45.1385,,,,,-13.0,-4.0,-14.0,-15.05,False,False,outdoors,no_prior_season_situational_for_packaged_priors,rolling_features_unavailable_pre_2023
2013,6,2013-10-13,GB@BAL,BAL,GB,17.0,19.0,2.0,36.0,1.0,48.5,,,,,-1.6998,45.1206,,,,,-1.0,12.5,-2.0,-3.05,False,False,outdoors,no_prior_season_situational_for_packaged_priors,rolling_features_unavailable_pre_2023
2013,6,2013-10-14,IND@SD,SD,IND,19.0,9.0,-10.0,28.0,1.0,50.5,,,,,1.529,45.2036,,,,,11.0,22.5,10.0,8.95,,False,outdoors,no_prior_season_situational_for_packaged_priors,rolling_features_unavailable_pre_2023
2013,6,2013-10-13,JAX@DEN,DEN,JAX,35.0,19.0,-16.0,54.0,-27.0,53.0,,,,,-7.55,45.5201,,,,,-11.0,-1.0,16.0,14.95,False,False,outdoors,no_prior_season_situational_for_packaged_priors,rolling_features_unavailable_pre_2023
2013,6,2013-10-13,NO@NE,NE,NO,30.0,27.0,-3.0,57.0,-2.5,51.5,,,,,0.1712,45.2764,,,,,0.5,-5.5,3.0,1.95,False,False,outdoors,no_prior_season_situational_for_packaged_priors,rolling_features_unavailable_pre_2023
2013,6,2013-10-10,NYG@CHI,CHI,NYG,27.0,21.0,-6.0,48.0,-9.5,46.5,,,,,-5.1517,45.1648,,,,,-3.5,-1.5,6.0,4.95,False,False,outdoors,no_prior_season_situational_for_packaged_priors,rolling_features_unavailable_pre_2023
2013,6,2013-10-13,OAK@KC,KC,OAK,24.0,7.0,-17.0,31.0,-7.5,41.0,,,,,-4.8557,45.3225,,,,,9.5,10.0,17.0,15.95,,False,outdoors,no_prior_season_situational_for_packaged_priors,rolling_features_unavailable_pre_2023
2013,6,2013-10-13,PHI@TB,TB,PHI,20.0,31.0,11.0,51.0,2.5,44.5,,,,,1.7326,45.0261,,,,,-8.5,-6.5,-11.0,-12.05,False,False,outdoors,no_prior_season_situational_for_packaged_priors,rolling_features_unavailable_pre_2023
2013,6,2013-10-13,PIT@NYJ,NYJ,PIT,6.0,19.0,13.0,25.0,1.0,40.5,,,,,-5.1517,45.1648,,,,,-12.0,15.5,-13.0,-14.05,False,False,outdoors,no_prior_season_situational_for_packaged_priors,rolling_features_unavailable_pre_2023
2013,6,2013-10-13,STL@HOU,HOU,STL,13.0,38.0,25.0,51.0,-9.5,43.0,,,,,-1.05,45.048,,,,,-34.5,-8.0,-25.0,-26.05,,False,closed,no_prior_season_situational_for_packaged_priors,rolling_features_unavailable_pre_2023
2013,6,2013-10-13,TEN@SEA,SEA,TEN,20.0,13.0,-7.0,33.0,-11.0,42.0,,,,,-2.315,45.1968,,,,,-4.0,9.0,7.0,5.95,False,False,outdoors,no_prior_season_situational_for_packaged_priors,rolling_features_unavailable_pre_2023
2013,6,2013-10-13,WSH@DAL,DAL,WSH,31.0,16.0,-15.0,47.0,-5.5,52.0,,,,,-2.0669,45.0223,,,,,9.5,5.0,15.0,13.95,True,False,closed,no_prior_season_situational_for_packaged_priors,rolling_features_unavailable_pre_2023
2013,7,2013-10-20,BAL@PIT,PIT,BAL,19.0,16.0,-3.0,35.0,-2.5,41.0,,,,,0.9755,45.0645,,,,,0.5,6.0,3.0,1.95,True,False,outdoors,no_prior_season_situational_for_packaged_priors,rolling_features_unavailable_pre_2023
2013,7,2013-10-20,BUF@MIA,MIA,BUF,21.0,23.0,2.0,44.0,-6.0,43.5,,,,,-2.8108,45.1094,,,,,-8.0,-0.5,-2.0,-3.05,True,False,outdoors,no_prior_season_situational_for_packaged_priors,rolling_features_unavailable_pre_2023
2013,7,2013-10-20,CHI@WSH,WSH,CHI,45.0,41.0,-4.0,86.0,1.0,47.5,,,,,2.0552,45.158,,,,,5.0,-38.5,4.0,2.95,False,False,outdoors,no_prior_season_situational_for_packaged_priors,rolling_features_unavailable_pre_2023
2013,7,2013-10-20,CIN@DET,DET,CIN,24.0,27.0,3.0,51.0,-2.5,45.5,,,,,-1.05,45.1671,,,,,-5.5,-5.5,-3.0,-4.05,False,False,dome,no_prior_season_situational_for_packaged_priors,rolling_features_unavailable_pre_2023
2013,7,2013-10-20,CLE@GB,GB,CLE,31.0,13.0,-18.0,44.0,-7.5,45.0,,,,,-1.6998,45.1206,,,,,10.5,1.0,18.0,16.95,False,False,outdoors,no_prior_season_situational_for_packaged_priors,rolling_features_unavailable_pre_2023
2013,7,2013-10-20,DAL@PHI,PHI,DAL,3.0,17.0,14.0,20.0,-3.0,55.0,,,,,-1.05,45.0941,,,,,-17.0,35.0,-14.0,-15.05,True,False,outdoors,no_prior_season_situational_for_packaged_priors,rolling_features_unavailable_pre_2023
2013,7,2013-10-20,DEN@IND,IND,DEN,39.0,33.0,-6.0,72.0,6.0,54.5,,,,,1.0103,45.2771,,,,,12.0,-17.5,6.0,4.95,False,False,open,no_prior_season_situational_for_packaged_priors,rolling_features_unavailable_pre_2023
2013,7,2013-10-20,HOU@KC,KC,HOU,17.0,16.0,-1.0,33.0,-7.0,38.5,,,,,-5.3074,45.3439,,,,,-6.0,5.5,1.0,-0.050000000000000044,False,False,outdoors,no_prior_season_situational_for_packaged_priors,rolling_features_unavailable_pre_2023
2013,7,2013-10-21,MIN@NYG,NYG,MIN,23.0,7.0,-16.0,30.0,-4.0,47.5,,,,,0.3674,44.9177,,,,,12.0,17.5,16.0,14.95,False,False,outdoors,no_prior_season_situational_for_packaged_priors,rolling_features_unavailable_pre_2023
2013,7,2013-10-20,NE@NYJ,NYJ,NE,30.0,27.0,-3.0,57.0,3.5,43.0,,,,,1.0723,45.2112,,,,,6.5,-14.0,3.0,1.95,True,False,outdoors,no_prior_season_situational_for_packaged_priors,rolling_features_unavailable_pre_2023
2013,7,2013-10-20,SD@JAX,JAX,SD,6.0,24.0,18.0,30.0,7.5,44.5,,,,,2.3976,45.0919,,,,,-10.5,14.5,-18.0,-19.05,,False,outdoors,no_prior_season_situational_for_packaged_priors,rolling_features_unavailable_pre_2023
2013,7,2013-10-17,SEA@ARI,ARI,SEA,22.0,34.0,12.0,56.0,5.0,41.0,,,,,1.0723,45.2112,,,,,-7.0,-15.0,-12.0,-13.05,True,False,closed,no_prior_season_situational_for_packaged_priors,rolling_features_unavailable_pre_2023
2013,7,2013-10-20,SF@TEN,TEN,SF,17.0,31.0,14.0,48.0,3.0,41.0,,,,,0.0265,45.1425,,,,,-11.0,-7.0,-14.0,-15.05,False,False,outdoors,no_prior_season_situational_for_packaged_priors,rolling_features_unavailable_pre_2023
2013,7,2013-10-20,STL@CAR,CAR,STL,30.0,15.0,-15.0,45.0,-8.0,42.0,,,,,-0.388,45.0756,,,,,7.0,-3.0,15.0,13.95,,False,outdoors,no_prior_season_situational_for_packaged_priors,rolling_features_unavailable_pre_2023
2013,7,2013-10-20,TB@ATL,ATL,TB,31.0,23.0,-8.0,54.0,-6.0,43.0,,,,,-2.4674,44.9177,,,,,2.0,-11.0,8.0,6.95,True,False,dome,no_prior_season_situational_for_packaged_priors,rolling_features_unavailable_pre_2023
2013,8,2013-10-27,ATL@ARI,ARI,ATL,27.0,13.0,-14.0,40.0,-2.5,44.5,,,,,-1.6887,45.043,,,,,11.5,4.5,14.0,12.95,False,False,closed,no_prior_season_situational_for_packaged_priors,rolling_features_unavailable_pre_2023
2013,8,2013-10-27,BUF@NO,NO,BUF,35.0,17.0,-18.0,52.0,-10.5,48.0,,,,,-3.6451,45.2177,,,,,7.5,-4.0,18.0,16.95,False,False,dome,no_prior_season_situational_for_packaged_priors,rolling_features_unavailable_pre_2023
2013,8,2013-10-24,CAR@TB,TB,CAR,13.0,31.0,18.0,44.0,6.5,39.0,,,,,2.3976,45.0919,,,,,-11.5,-5.0,-18.0,-19.05,True,False,outdoors,no_prior_season_situational_for_packaged_priors,rolling_features_unavailable_pre_2023
2013,8,2013-10-27,CLE@KC,KC,CLE,23.0,17.0,-6.0,40.0,-7.0,39.0,,,,,-4.6641,45.3146,,,,,-1.0,-1.0,6.0,4.95,False,False,outdoors,no_prior_season_situational_for_packaged_priors,rolling_features_unavailable_pre_2023
2013,8,2013-10-27,DAL@DET,DET,DAL,31.0,30.0,-1.0,61.0,-3.0,51.0,,,,,-1.05,45.126,,,,,-2.0,-10.0,1.0,-0.050000000000000044,False,False,dome,no_prior_season_situational_for_packaged_priors,rolling_features_unavailable_pre_2023
2013,8,2013-10-27,GB@MIN,MIN,GB,31.0,44.0,13.0,75.0,7.0,47.5,,,,,2.2886,45.165,,,,,-6.0,-27.5,-13.0,-14.05,True,False,dome,no_prior_season_situational_for_packaged_priors,rolling_features_unavailable_pre_2023
2013,8,2013-10-27,MIA@NE,NE,MIA,27.0,17.0,-10.0,44.0,-6.5,46.5,,,,,-2.4283,45.1602,,,,,3.5,2.5,10.0,8.95,True,False,outdoors,no_prior_season_situational_for_packaged_priors,rolling_features_unavailable_pre_2023
2013,8,2013-10-27,NYG@PHI,PHI,NYG,7.0,15.0,8.0,22.0,-5.5,49.0,,,,,-3.0029,45.0305,,,,,-13.5,27.0,-8.0,-9.05,True,False,outdoors,no_prior_season_situational_for_packaged_priors,rolling_features_unavailable_pre_2023
2013,8,2013-10-27,NYJ@CIN,CIN,NYJ,49.0,9.0,-40.0,58.0,-6.0,40.5,,,,,-1.9627,45.1651,,,,,34.0,-17.5,40.0,38.95,False,False,outdoors,no_prior_season_situational_for_packaged_priors,rolling_features_unavailable_pre_2023
2013,8,2013-10-27,PIT@OAK,OAK,PIT,21.0,18.0,-3.0,39.0,2.5,40.0,,,,,-1.05,45.0162,,,,,5.5,1.0,3.0,1.95,,False,outdoors,no_prior_season_situational_for_packaged_priors,rolling_features_unavailable_pre_2023
2013,8,2013-10-28,SEA@STL,STL,SEA,9.0,14.0,5.0,23.0,13.0,43.0,,,,,1.6923,45.2305,,,,,8.0,20.0,-5.0,-6.05,,False,dome,no_prior_season_situational_for_packaged_priors,rolling_features_unavailable_pre_2023
2013,8,2013-10-27,SF@JAX,JAX,SF,10.0,42.0,32.0,52.0,16.0,40.0,,,,,3.7867,45.2563,,,,,-16.0,-12.0,-32.0,-33.05,False,False,outdoors,no_prior_season_situational_for_packaged_priors,rolling_features_unavailable_pre_2023
2013,8,2013-10-27,WSH@DEN,DEN,WSH,45.0,21.0,-24.0,66.0,-11.0,58.0,,,,,-4.4337,45.2483,,,,,13.0,-8.0,24.0,22.95,False,False,outdoors,no_prior_season_situational_for_packaged_priors,rolling_features_unavailable_pre_2023
2013,9,2013-11-03,ATL@CAR,CAR,ATL,34.0,10.0,-24.0,44.0,-10.0,46.5,,,,,-2.9503,45.0968,,,,,14.0,2.5,24.0,22.95,True,False,outdoors,no_prior_season_situational_for_packaged_priors,rolling_features_unavailable_pre_2023
2013,9,2013-11-03,BAL@CLE,CLE,BAL,24.0,18.0,-6.0,42.0,1.0,41.5,,,,,-0.6922,45.0501,,,,,7.0,-0.5,6.0,4.95,True,False,outdoors,no_prior_season_situational_for_packaged_priors,rolling_features_unavailable_pre_2023
2013,9,2013-11-04,CHI@GB,GB,CHI,20.0,27.0,7.0,47.0,-10.0,50.5,,,,,-1.9627,45.1651,,,,,-17.0,3.5,-7.0,-8.05,True,False,outdoors,no_prior_season_situational_for_packaged_priors,rolling_features_unavailable_pre_2023
2013,9,2013-10-31,CIN@MIA,MIA,CIN,22.0,20.0,-2.0,42.0,3.0,42.0,,,,,1.0254,45.176,,,,,5.0,0.0,2.0,0.95,False,False,outdoors,no_prior_season_situational_for_packaged_priors,rolling_features_unavailable_pre_2023
2013,9,2013-11-03,IND@HOU,HOU,IND,24.0,27.0,3.0,51.0,1.0,42.5,,,,,1.7653,45.1717,,,,,-2.0,-8.5,-3.0,-4.05,True,False,closed,no_prior_season_situational_for_packaged_priors,rolling_features_unavailable_pre_2023
2013,9,2013-11-03,KC@BUF,BUF,KC,13.0,23.0,10.0,36.0,4.5,40.5,,,,,2.9243,45.33,,,,,-5.5,4.5,-10.0,-11.05,False,False,outdoors,no_prior_season_situational_for_packaged_priors,rolling_features_unavailable_pre_2023
2013,9,2013-11-03,MIN@DAL,DAL,MIN,27.0,23.0,-4.0,50.0,-10.0,51.0,,,,,-3.4755,45.0682,,,,,-6.0,1.0,4.0,2.95,False,False,closed,no_prior_season_situational_for_packaged_priors,rolling_features_unavailable_pre_2023
2013,9,2013-11-03,NO@NYJ,NYJ,NO,26.0,20.0,-6.0,46.0,6.0,45.5,,,,,1.2193,45.2225,,,,,12.0,-0.5,6.0,4.95,False,False,outdoors,no_prior_season_situational_for_packaged_priors,rolling_features_unavailable_pre_2023
2013,9,2013-11-03,PHI@OAK,OAK,PHI,20.0,49.0,29.0,69.0,1.0,45.5,,,,,-1.4078,45.0501,,,,,-28.0,-23.5,-29.0,-30.05,,False,outdoors,no_prior_season_situational_for_packaged_priors,rolling_features_unavailable_pre_2023
2013,9,2013-11-03,PIT@NE,NE,PIT,55.0,31.0,-24.0,86.0,-5.5,42.5,,,,,-4.0907,45.1927,,,,,18.5,-43.5,24.0,22.95,False,False,outdoors,no_prior_season_situational_for_packaged_priors,rolling_features_unavailable_pre_2023
2013,9,2013-11-03,SD@WSH,WSH,SD,30.0,24.0,-6.0,54.0,-1.0,49.5,,,,,0.8503,45.0968,,,,,5.0,-4.5,6.0,4.95,,False,outdoors,no_prior_season_situational_for_packaged_priors,rolling_features_unavailable_pre_2023
2013,9,2013-11-03,TB@SEA,SEA,TB,27.0,24.0,-3.0,51.0,-16.0,40.0,,,,,-6.8993,45.3989,,,,,-13.0,-11.0,3.0,1.95,False,False,outdoors,no_prior_season_situational_for_packaged_priors,rolling_features_unavailable_pre_2023
2013,9,2013-11-03,TEN@STL,STL,TEN,21.0,28.0,7.0,49.0,3.0,41.0,,,,,-0.6922,45.0501,,,,,-4.0,-8.0,-7.0,-8.05,,False,dome,no_prior_season_situational_for_packaged_priors,rolling_features_unavailable_pre_2023
2013,10,2013-11-10,BUF@PIT,PIT,BUF,23.0,10.0,-13.0,33.0,-3.0,42.5,,,,,-0.4815,44.9991,,,,,10.0,9.5,13.0,11.95,False,False,outdoors,no_prior_season_situational_for_packaged_priors,rolling_features_unavailable_pre_2023
2013,10,2013-11-10,CAR@SF,SF,CAR,9.0,10.0,1.0,19.0,-6.0,43.0,,,,,-1.8422,45.182,,,,,-7.0,24.0,-1.0,-2.05,False,False,outdoors,no_prior_season_situational_for_packaged_priors,rolling_features_unavailable_pre_2023
2013,10,2013-11-10,CIN@BAL,BAL,CIN,20.0,17.0,-3.0,37.0,-1.0,44.0,,,,,0.8568,45.1391,,,,,2.0,7.0,3.0,1.95,True,False,outdoors,no_prior_season_situational_for_packaged_priors,rolling_features_unavailable_pre_2023
2013,10,2013-11-10,DAL@NO,NO,DAL,49.0,17.0,-32.0,66.0,-6.0,54.0,,,,,-2.2903,45.1762,,,,,26.0,-12.0,32.0,30.95,False,False,dome,no_prior_season_situational_for_packaged_priors,rolling_features_unavailable_pre_2023
2013,10,2013-11-10,DEN@SD,SD,DEN,20.0,28.0,8.0,48.0,7.0,56.0,,,,,1.3293,45.2313,,,,,-1.0,8.0,-8.0,-9.05,,False,outdoors,no_prior_season_situational_for_packaged_priors,rolling_features_unavailable_pre_2023
2013,10,2013-11-10,DET@CHI,CHI,DET,19.0,21.0,2.0,40.0,1.0,52.0,,,,,-1.05,45.1493,,,,,-1.0,12.0,-2.0,-3.05,True,False,outdoors,no_prior_season_situational_for_packaged_priors,rolling_features_unavailable_pre_2023
2013,10,2013-11-10,HOU@ARI,ARI,HOU,27.0,24.0,-3.0,51.0,-4.0,41.5,,,,,-2.7294,45.0639,,,,,-1.0,-9.5,3.0,1.95,False,False,closed,no_prior_season_situational_for_packaged_priors,rolling_features_unavailable_pre_2023
2013,10,2013-11-10,JAX@TEN,TEN,JAX,27.0,29.0,2.0,56.0,-11.5,41.5,,,,,-4.4976,45.0919,,,,,-13.5,-14.5,-2.0,-3.05,True,False,outdoors,no_prior_season_situational_for_packaged_priors,rolling_features_unavailable_pre_2023
2013,10,2013-11-11,MIA@TB,TB,MIA,22.0,19.0,-3.0,41.0,1.0,39.0,,,,,2.3976,45.0919,,,,,4.0,-2.0,3.0,1.95,False,False,outdoors,no_prior_season_situational_for_packaged_priors,rolling_features_unavailable_pre_2023
2013,10,2013-11-10,OAK@NYG,NYG,OAK,24.0,20.0,-4.0,44.0,-7.5,41.0,,,,,-0.2006,45.0132,,,,,-3.5,-3.0,4.0,2.95,,False,outdoors,no_prior_season_situational_for_packaged_priors,rolling_features_unavailable_pre_2023
2013,10,2013-11-10,PHI@GB,GB,PHI,13.0,27.0,14.0,40.0,1.0,47.0,,,,,-2.2268,45.1233,,,,,-13.0,7.0,-14.0,-15.05,False,False,outdoors,no_prior_season_situational_for_packaged_priors,rolling_features_unavailable_pre_2023
2013,10,2013-11-10,SEA@ATL,ATL,SEA,10.0,33.0,23.0,43.0,3.5,47.0,,,,,3.102,45.2935,,,,,-19.5,4.0,-23.0,-24.05,False,False,dome,no_prior_season_situational_for_packaged_priors,rolling_features_unavailable_pre_2023
2013,10,2013-11-10,STL@IND,IND,STL,8.0,38.0,30.0,46.0,-7.5,43.0,,,,,-3.7658,45.185,,,,,-37.5,-3.0,-30.0,-31.05,,False,closed,no_prior_season_situational_for_packaged_priors,rolling_features_unavailable_pre_2023
2013,10,2013-11-07,WSH@MIN,MIN,WSH,34.0,27.0,-7.0,61.0,1.0,48.0,,,,,0.6703,45.0044,,,,,8.0,-13.0,7.0,5.95,False,False,dome,no_prior_season_situational_for_packaged_priors,rolling_features_unavailable_pre_2023
2013,11,2013-11-17,ARI@JAX,JAX,ARI,14.0,27.0,13.0,41.0,9.5,40.5,,,,,1.9637,45.1053,,,,,-3.5,-0.5,-13.0,-14.05,False,False,outdoors,no_prior_season_situational_for_packaged_priors,rolling_features_unavailable_pre_2023
2013,11,2013-11-17,ATL@TB,TB,ATL,41.0,28.0,-13.0,69.0,-1.0,44.0,,,,,-0.2732,44.9388,,,,,12.0,-25.0,13.0,11.95,True,False,outdoors,no_prior_season_situational_for_packaged_priors,rolling_features_unavailable_pre_2023
2013,11,2013-11-17,BAL@CHI,CHI,BAL,23.0,20.0,-3.0,43.0,-4.0,41.0,,,,,-1.7787,45.0993,,,,,-1.0,-2.0,3.0,1.95,False,False,outdoors,no_prior_season_situational_for_packaged_priors,rolling_features_unavailable_pre_2023
2013,11,2013-11-17,CLE@CIN,CIN,CLE,41.0,20.0,-21.0,61.0,-4.0,40.0,,,,,-2.0661,45.1142,,,,,17.0,-21.0,21.0,19.95,True,False,outdoors,no_prior_season_situational_for_packaged_priors,rolling_features_unavailable_pre_2023
2013,11,2013-11-17,DET@PIT,PIT,DET,37.0,27.0,-10.0,64.0,3.0,45.0,,,,,1.1382,45.141,,,,,13.0,-19.0,10.0,8.95,False,False,outdoors,no_prior_season_situational_for_packaged_priors,rolling_features_unavailable_pre_2023
2013,11,2013-11-17,GB@NYG,NYG,GB,27.0,13.0,-14.0,40.0,-3.5,41.0,,,,,0.4231,45.09,,,,,10.5,1.0,14.0,12.95,False,False,outdoors,no_prior_season_situational_for_packaged_priors,rolling_features_unavailable_pre_2023
2013,11,2013-11-14,IND@TEN,TEN,IND,27.0,30.0,3.0,57.0,2.5,42.0,,,,,0.393,45.1394,,,,,-0.5,-15.0,-3.0,-4.05,True,False,outdoors,no_prior_season_situational_for_packaged_priors,rolling_features_unavailable_pre_2023
2013,11,2013-11-17,KC@DEN,DEN,KC,27.0,17.0,-10.0,44.0,-7.5,48.5,,,,,-0.3769,45.2834,,,,,2.5,4.5,10.0,8.95,True,False,outdoors,no_prior_season_situational_for_packaged_priors,rolling_features_unavailable_pre_2023
2013,11,2013-11-17,MIN@SEA,SEA,MIN,41.0,20.0,-21.0,61.0,-13.0,45.0,,,,,-5.4636,45.3116,,,,,8.0,-16.0,21.0,19.95,False,False,outdoors,no_prior_season_situational_for_packaged_priors,rolling_features_unavailable_pre_2023
2013,11,2013-11-18,NE@CAR,CAR,NE,24.0,20.0,-4.0,44.0,-3.0,46.5,,,,,-0.3502,45.1952,,,,,1.0,2.5,4.0,2.95,False,False,outdoors,no_prior_season_situational_for_packaged_priors,rolling_features_unavailable_pre_2023
2013,11,2013-11-17,NYJ@BUF,BUF,NYJ,37.0,14.0,-23.0,51.0,1.0,39.5,,,,,0.6497,45.0893,,,,,24.0,-11.5,23.0,21.95,True,False,outdoors,no_prior_season_situational_for_packaged_priors,rolling_features_unavailable_pre_2023
2013,11,2013-11-17,OAK@HOU,HOU,OAK,23.0,28.0,5.0,51.0,-10.5,41.0,,,,,-0.2899,44.9947,,,,,-15.5,-10.0,-5.0,-6.05,,False,closed,no_prior_season_situational_for_packaged_priors,rolling_features_unavailable_pre_2023
2013,11,2013-11-17,SD@MIA,MIA,SD,20.0,16.0,-4.0,36.0,2.5,44.0,,,,,-1.05,45.0687,,,,,6.5,8.0,4.0,2.95,,False,outdoors,no_prior_season_situational_for_packaged_priors,rolling_features_unavailable_pre_2023
2013,11,2013-11-17,SF@NO,NO,SF,23.0,20.0,-3.0,43.0,-3.5,50.0,,,,,-1.7498,45.1952,,,,,-0.5,7.0,3.0,1.95,False,False,dome,no_prior_season_situational_for_packaged_priors,rolling_features_unavailable_pre_2023
2013,11,2013-11-17,WSH@PHI,PHI,WSH,24.0,16.0,-8.0,40.0,-4.5,54.5,,,,,-2.1604,45.0679,,,,,3.5,14.5,8.0,6.95,True,False,outdoors,no_prior_season_situational_for_packaged_priors,rolling_features_unavailable_pre_2023
2013,12,2013-11-24,CAR@MIA,MIA,CAR,16.0,20.0,4.0,36.0,4.5,40.0,,,,,0.2381,45.1547,,,,,0.5,4.0,-4.0,-5.05,False,False,outdoors,no_prior_season_situational_for_packaged_priors,rolling_features_unavailable_pre_2023
2013,12,2013-11-24,CHI@STL,STL,CHI,42.0,21.0,-21.0,63.0,-1.0,46.0,,,,,0.262,45.111,,,,,20.0,-17.0,21.0,19.95,,False,dome,no_prior_season_situational_for_packaged_priors,rolling_features_unavailable_pre_2023
2013,12,2013-11-24,DAL@NYG,NYG,DAL,21.0,24.0,3.0,45.0,-1.0,44.5,,,,,-0.388,45.0756,,,,,-4.0,-0.5,-3.0,-4.05,True,False,outdoors,no_prior_season_situational_for_packaged_priors,rolling_features_unavailable_pre_2023
2013,12,2013-11-24,DEN@NE,NE,DEN,34.0,31.0,-3.0,65.0,-1.0,54.0,,,,,0.1927,45.2373,,,,,2.0,-11.0,3.0,1.95,False,False,outdoors,no_prior_season_situational_for_packaged_priors,rolling_features_unavailable_pre_2023
2013,12,2013-11-24,IND@ARI,ARI,IND,40.0,11.0,-29.0,51.0,-3.5,44.5,,,,,-0.412,45.164,,,,,25.5,-6.5,29.0,27.95,False,False,closed,no_prior_season_situational_for_packaged_priors,rolling_features_unavailable_pre_2023
2013,12,2013-11-24,JAX@HOU,HOU,JAX,6.0,13.0,7.0,19.0,-10.5,44.0,,,,,-1.7514,44.9291,,,,,-17.5,25.0,-7.0,-8.05,True,False,closed,no_prior_season_situational_for_packaged_priors,rolling_features_unavailable_pre_2023
2013,12,2013-11-24,MIN@GB,GB,MIN,26.0,26.0,0.0,52.0,-6.0,44.5,,,,,-3.0755,45.0645,,,,,-6.0,-7.5,0.0,-1.05,True,False,outdoors,no_prior_season_situational_for_packaged_priors,rolling_features_unavailable_pre_2023
2013,12,2013-11-21,NO@ATL,ATL,NO,13.0,17.0,4.0,30.0,7.5,52.5,,,,,2.8981,45.2465,,,,,3.5,22.5,-4.0,-5.05,True,False,dome,no_prior_season_situational_for_packaged_priors,rolling_features_unavailable_pre_2023
2013,12,2013-11-24,NYJ@BAL,BAL,NYJ,19.0,3.0,-16.0,22.0,-4.0,38.0,,,,,-0.388,45.0756,,,,,12.0,16.0,16.0,14.95,False,False,outdoors,no_prior_season_situational_for_packaged_priors,rolling_features_unavailable_pre_2023
2013,12,2013-11-24,PIT@CLE,CLE,PIT,11.0,27.0,16.0,38.0,-2.5,40.0,,,,,-1.05,45.048,,,,,-18.5,2.0,-16.0,-17.05,True,False,outdoors,no_prior_season_situational_for_packaged_priors,rolling_features_unavailable_pre_2023
2013,12,2013-11-24,SD@KC,KC,SD,38.0,41.0,3.0,79.0,-3.5,43.0,,,,,-4.2471,45.2599,,,,,-6.5,-36.0,-3.0,-4.05,,False,outdoors,no_prior_season_situational_for_packaged_priors,rolling_features_unavailable_pre_2023
2013,12,2013-11-25,SF@WSH,WSH,SF,6.0,27.0,21.0,33.0,5.5,45.5,,,,,0.9374,45.11,,,,,-15.5,12.5,-21.0,-22.05,False,False,outdoors,no_prior_season_situational_for_packaged_priors,rolling_features_unavailable_pre_2023
2013,12,2013-11-24,TB@DET,DET,TB,21.0,24.0,3.0,45.0,-7.0,48.5,,,,,-3.7269,45.1183,,,,,-10.0,3.5,-3.0,-4.05,False,False,dome,no_prior_season_situational_for_packaged_priors,rolling_features_unavailable_pre_2023
2013,12,2013-11-24,TEN@OAK,OAK,TEN,19.0,23.0,4.0,42.0,2.5,42.0,,,,,-1.05,45.048,,,,,-1.5,0.0,-4.0,-5.05,,False,outdoors,no_prior_season_situational_for_packaged_priors,rolling_features_unavailable_pre_2023
2013,13,2013-12-01,ARI@PHI,PHI,ARI,24.0,21.0,-3.0,45.0,-3.5,48.0,,,,,-0.4637,45.1379,,,,,-0.5,3.0,3.0,1.95,False,False,outdoors,no_prior_season_situational_for_packaged_priors,rolling_features_unavailable_pre_2023
2013,13,2013-12-01,ATL@BUF,BUF,ATL,31.0,34.0,3.0,65.0,-5.0,48.0,,,,,-2.2953,45.0018,,,,,-8.0,-17.0,-3.0,-4.05,False,False,dome,no_prior_season_situational_for_packaged_priors,rolling_features_unavailable_pre_2023
2013,13,2013-12-01,CHI@MIN,MIN,CHI,23.0,20.0,-3.0,43.0,-2.5,48.5,,,,,1.273,45.0881,,,,,0.5,5.5,3.0,1.95,True,False,dome,no_prior_season_situational_for_packaged_priors,rolling_features_unavailable_pre_2023
2013,13,2013-12-01,CIN@SD,SD,CIN,10.0,17.0,7.0,27.0,2.5,48.5,,,,,0.1327,45.1282,,,,,-4.5,21.5,-7.0,-8.05,,False,outdoors,no_prior_season_situational_for_packaged_priors,rolling_features_unavailable_pre_2023
2013,13,2013-12-01,DEN@KC,KC,DEN,28.0,35.0,7.0,63.0,5.0,50.5,,,,,-1.05,45.2295,,,,,-2.0,-12.5,-7.0,-8.05,True,False,outdoors,no_prior_season_situational_for_packaged_priors,rolling_features_unavailable_pre_2023
2013,13,2013-11-28,GB@DET,DET,GB,40.0,10.0,-30.0,50.0,-7.0,48.5,,,,,-1.3468,45.1052,,,,,23.0,-1.5,30.0,28.95,True,False,dome,no_prior_season_situational_for_packaged_priors,rolling_features_unavailable_pre_2023
2013,13,2013-12-01,JAX@CLE,CLE,JAX,28.0,32.0,4.0,60.0,-7.5,39.5,,,,,-2.2953,45.0018,,,,,-11.5,-20.5,-4.0,-5.05,False,False,outdoors,no_prior_season_situational_for_packaged_priors,rolling_features_unavailable_pre_2023
2013,13,2013-12-01,MIA@NYJ,NYJ,MIA,3.0,23.0,20.0,26.0,1.0,39.5,,,,,-1.05,45.0734,,,,,-19.0,13.5,-20.0,-21.05,True,False,outdoors,no_prior_season_situational_for_packaged_priors,rolling_features_unavailable_pre_2023
2013,13,2013-12-01,NE@HOU,HOU,NE,31.0,34.0,3.0,65.0,7.0,49.5,,,,,2.5678,45.2015,,,,,4.0,-15.5,-3.0,-4.05,False,False,closed,no_prior_season_situational_for_packaged_priors,rolling_features_unavailable_pre_2023
2013,13,2013-12-02,NO@SEA,SEA,NO,34.0,7.0,-27.0,41.0,-6.5,48.5,,,,,-1.6084,45.2506,,,,,20.5,7.5,27.0,25.95,False,False,outdoors,no_prior_season_situational_for_packaged_priors,rolling_features_unavailable_pre_2023
2013,13,2013-12-01,NYG@WSH,WSH,NYG,17.0,24.0,7.0,41.0,-1.0,45.5,,,,,-0.433,45.0126,,,,,-8.0,4.5,-7.0,-8.05,True,False,outdoors,no_prior_season_situational_for_packaged_priors,rolling_features_unavailable_pre_2023
2013,13,2013-11-28,OAK@DAL,DAL,OAK,31.0,24.0,-7.0,55.0,-10.0,49.5,,,,,-2.2528,45.0876,,,,,-3.0,-5.5,7.0,5.95,,False,closed,no_prior_season_situational_for_packaged_priors,rolling_features_unavailable_pre_2023
2013,13,2013-11-28,PIT@BAL,BAL,PIT,22.0,20.0,-2.0,42.0,-3.0,40.5,,,,,-1.05,45.0734,,,,,-1.0,-1.5,2.0,0.95,True,False,outdoors,no_prior_season_situational_for_packaged_priors,rolling_features_unavailable_pre_2023
2013,13,2013-12-01,STL@SF,SF,STL,23.0,13.0,-10.0,36.0,-7.5,40.5,,,,,-2.2327,45.1282,,,,,2.5,4.5,10.0,8.95,,False,outdoors,no_prior_season_situational_for_packaged_priors,rolling_features_unavailable_pre_2023
2013,13,2013-12-01,TB@CAR,CAR,TB,27.0,6.0,-21.0,33.0,-7.5,41.0,,,,,-4.0366,45.1815,,,,,13.5,8.0,21.0,19.95,True,False,outdoors,no_prior_season_situational_for_packaged_priors,rolling_features_unavailable_pre_2023
2013,13,2013-12-01,TEN@IND,IND,TEN,22.0,14.0,-8.0,36.0,-3.5,46.0,,,,,-2.2327,45.1282,,,,,4.5,10.0,8.0,6.95,True,False,closed,no_prior_season_situational_for_packaged_priors,rolling_features_unavailable_pre_2023
2013,14,2013-12-08,ATL@GB,GB,ATL,22.0,21.0,-1.0,43.0,-3.5,47.0,,,,,-2.4297,45.044,,,,,-2.5,4.0,1.0,-0.050000000000000044,False,False,outdoors,no_prior_season_situational_for_packaged_priors,rolling_features_unavailable_pre_2023
2013,14,2013-12-08,BUF@TB,TB,BUF,27.0,6.0,-21.0,33.0,-3.0,42.5,,,,,-0.4815,44.9991,,,,,18.0,9.5,21.0,19.95,False,False,outdoors,no_prior_season_situational_for_packaged_priors,rolling_features_unavailable_pre_2023
2013,14,2013-12-08,CAR@NO,NO,CAR,31.0,13.0,-18.0,44.0,-3.0,47.0,,,,,-1.05,45.2019,,,,,15.0,3.0,18.0,16.95,True,False,dome,no_prior_season_situational_for_packaged_priors,rolling_features_unavailable_pre_2023
2013,14,2013-12-08,CLE@NE,NE,CLE,27.0,26.0,-1.0,53.0,-9.5,47.5,,,,,-3.7658,45.185,,,,,-8.5,-5.5,1.0,-0.050000000000000044,False,False,outdoors,no_prior_season_situational_for_packaged_priors,rolling_features_unavailable_pre_2023
2013,14,2013-12-09,DAL@CHI,CHI,DAL,45.0,28.0,-17.0,73.0,-2.0,49.0,,,,,-0.5077,45.1157,,,,,15.0,-24.0,17.0,15.95,False,False,outdoors,no_prior_season_situational_for_packaged_priors,rolling_features_unavailable_pre_2023
2013,14,2013-12-08,DET@PHI,PHI,DET,34.0,20.0,-14.0,54.0,-2.5,54.0,,,,,-1.05,45.1312,,,,,11.5,0.0,14.0,12.95,False,False,outdoors,no_prior_season_situational_for_packaged_priors,rolling_features_unavailable_pre_2023
2013,14,2013-12-05,HOU@JAX,JAX,HOU,27.0,20.0,-7.0,47.0,3.0,43.5,,,,,-1.6278,44.9575,,,,,10.0,-3.5,7.0,5.95,True,False,outdoors,no_prior_season_situational_for_packaged_priors,rolling_features_unavailable_pre_2023
2013,14,2013-12-08,IND@CIN,CIN,IND,42.0,28.0,-14.0,70.0,-7.0,43.0,,,,,-1.05,45.1671,,,,,7.0,-27.0,14.0,12.95,False,False,outdoors,no_prior_season_situational_for_packaged_priors,rolling_features_unavailable_pre_2023
2013,14,2013-12-08,KC@WSH,WSH,KC,10.0,45.0,35.0,55.0,3.5,44.0,,,,,2.2366,45.1998,,,,,-31.5,-11.0,-35.0,-36.05,False,False,outdoors,no_prior_season_situational_for_packaged_priors,rolling_features_unavailable_pre_2023
2013,14,2013-12-08,MIA@PIT,PIT,MIA,28.0,34.0,6.0,62.0,-3.0,40.5,,,,,-0.4992,45.0781,,,,,-9.0,-21.5,-6.0,-7.05,False,False,outdoors,no_prior_season_situational_for_packaged_priors,rolling_features_unavailable_pre_2023
2013,14,2013-12-08,MIN@BAL,BAL,MIN,29.0,26.0,-3.0,55.0,-6.0,41.5,,,,,-2.5733,45.0643,,,,,-3.0,-13.5,3.0,1.95,False,False,outdoors,no_prior_season_situational_for_packaged_priors,rolling_features_unavailable_pre_2023
2013,14,2013-12-08,NYG@SD,SD,NYG,37.0,14.0,-23.0,51.0,-4.5,46.5,,,,,-1.05,45.0558,,,,,18.5,-4.5,23.0,21.95,,False,outdoors,no_prior_season_situational_for_packaged_priors,rolling_features_unavailable_pre_2023
2013,14,2013-12-08,OAK@NYJ,NYJ,OAK,37.0,27.0,-10.0,64.0,-3.0,39.0,,,,,-1.6095,45.0393,,,,,7.0,-25.0,10.0,8.95,,False,outdoors,no_prior_season_situational_for_packaged_priors,rolling_features_unavailable_pre_2023
2013,14,2013-12-08,SEA@SF,SF,SEA,19.0,17.0,-2.0,36.0,-2.5,41.0,,,,,0.5059,45.2425,,,,,-0.5,5.0,2.0,0.95,True,False,outdoors,no_prior_season_situational_for_packaged_priors,rolling_features_unavailable_pre_2023
2013,14,2013-12-08,STL@ARI,ARI,STL,30.0,10.0,-20.0,40.0,-4.0,41.0,,,,,-2.1432,45.1058,,,,,16.0,1.0,20.0,18.95,,False,closed,no_prior_season_situational_for_packaged_priors,rolling_features_unavailable_pre_2023
2013,14,2013-12-08,TEN@DEN,DEN,TEN,51.0,28.0,-23.0,79.0,-13.0,49.5,,,,,-3.7245,45.2193,,,,,10.0,-29.5,23.0,21.95,False,False,outdoors,no_prior_season_situational_for_packaged_priors,rolling_features_unavailable_pre_2023
2013,15,2013-12-15,ARI@TEN,TEN,ARI,34.0,37.0,3.0,71.0,3.0,43.0,,,,,0.464,45.1166,,,,,0.0,-28.0,-3.0,-4.05,False,False,outdoors,no_prior_season_situational_for_packaged_priors,rolling_features_unavailable_pre_2023
2013,15,2013-12-16,BAL@DET,DET,BAL,16.0,18.0,2.0,34.0,-4.5,49.0,,,,,-1.05,45.1114,,,,,-6.5,15.0,-2.0,-3.05,False,False,dome,no_prior_season_situational_for_packaged_priors,rolling_features_unavailable_pre_2023
2013,15,2013-12-15,BUF@JAX,JAX,BUF,20.0,27.0,7.0,47.0,4.0,43.0,,,,,-1.05,45.0038,,,,,-3.0,-4.0,-7.0,-8.05,False,False,outdoors,no_prior_season_situational_for_packaged_priors,rolling_features_unavailable_pre_2023
2013,15,2013-12-15,CHI@CLE,CLE,CHI,31.0,38.0,7.0,69.0,-1.0,43.5,,,,,0.486,45.082,,,,,-8.0,-25.5,-7.0,-8.05,False,False,outdoors,no_prior_season_situational_for_packaged_priors,rolling_features_unavailable_pre_2023
2013,15,2013-12-15,CIN@PIT,PIT,CIN,30.0,20.0,-10.0,50.0,2.0,44.0,,,,,0.9552,45.1508,,,,,12.0,-6.0,10.0,8.95,True,False,outdoors,no_prior_season_situational_for_packaged_priors,rolling_features_unavailable_pre_2023
2013,15,2013-12-15,GB@DAL,DAL,GB,36.0,37.0,1.0,73.0,-4.0,49.5,,,,,-1.3013,45.1034,,,,,-5.0,-23.5,-1.0,-2.05,False,False,closed,no_prior_season_situational_for_packaged_priors,rolling_features_unavailable_pre_2023
2013,15,2013-12-15,HOU@IND,IND,HOU,25.0,3.0,-22.0,28.0,-6.0,47.0,,,,,-4.1495,45.1349,,,,,16.0,19.0,22.0,20.95,True,False,closed,no_prior_season_situational_for_packaged_priors,rolling_features_unavailable_pre_2023
2013,15,2013-12-15,KC@OAK,OAK,KC,31.0,56.0,25.0,87.0,6.5,44.0,,,,,1.9611,45.2001,,,,,-18.5,-43.0,-25.0,-26.05,,False,outdoors,no_prior_season_situational_for_packaged_priors,rolling_features_unavailable_pre_2023
2013,15,2013-12-15,NE@MIA,MIA,NE,24.0,20.0,-4.0,44.0,-2.5,46.5,,,,,0.4219,45.1829,,,,,1.5,2.5,4.0,2.95,True,False,outdoors,no_prior_season_situational_for_packaged_priors,rolling_features_unavailable_pre_2023
2013,15,2013-12-15,NO@STL,STL,NO,27.0,16.0,-11.0,43.0,6.5,48.0,,,,,1.44,45.1891,,,,,17.5,5.0,11.0,9.95,,False,dome,no_prior_season_situational_for_packaged_priors,rolling_features_unavailable_pre_2023
2013,15,2013-12-15,NYJ@CAR,CAR,NYJ,30.0,20.0,-10.0,50.0,-10.0,40.5,,,,,-2.5427,45.1502,,,,,0.0,-9.5,10.0,8.95,False,False,outdoors,no_prior_season_situational_for_packaged_priors,rolling_features_unavailable_pre_2023
2013,15,2013-12-15,PHI@MIN,MIN,PHI,48.0,30.0,-18.0,78.0,6.5,53.0,,,,,1.3795,45.1212,,,,,24.5,-25.0,18.0,16.95,False,False,dome,no_prior_season_situational_for_packaged_priors,rolling_features_unavailable_pre_2023
2013,15,2013-12-12,SD@DEN,DEN,SD,20.0,27.0,7.0,47.0,-10.0,56.5,,,,,-3.5053,45.2206,,,,,-17.0,9.5,-7.0,-8.05,,False,outdoors,no_prior_season_situational_for_packaged_priors,rolling_features_unavailable_pre_2023
2013,15,2013-12-15,SEA@NYG,NYG,SEA,0.0,23.0,23.0,23.0,9.5,43.5,,,,,1.9188,45.2313,,,,,-13.5,20.5,-23.0,-24.05,False,False,outdoors,no_prior_season_situational_for_packaged_priors,rolling_features_unavailable_pre_2023
2013,15,2013-12-15,SF@TB,TB,SF,14.0,33.0,19.0,47.0,4.5,41.0,,,,,1.4757,45.1566,,,,,-14.5,-6.0,-19.0,-20.05,False,False,outdoors,no_prior_season_situational_for_packaged_priors,rolling_features_unavailable_pre_2023
2013,15,2013-12-15,WSH@ATL,ATL,WSH,27.0,26.0,-1.0,53.0,-5.5,50.0,,,,,-1.05,44.9656,,,,,-4.5,-3.0,1.0,-0.050000000000000044,False,False,dome,no_prior_season_situational_for_packaged_priors,rolling_features_unavailable_pre_2023
2013,16,2013-12-22,ARI@SEA,SEA,ARI,10.0,17.0,7.0,27.0,-8.0,42.5,,,,,-2.3933,45.2195,,,,,-15.0,15.5,-7.0,-8.05,True,False,outdoors,no_prior_season_situational_for_packaged_priors,rolling_features_unavailable_pre_2023
2013,16,2013-12-23,ATL@SF,SF,ATL,34.0,24.0,-10.0,58.0,-15.5,46.0,,,,,-3.8653,45.1717,,,,,-5.5,-12.0,10.0,8.95,False,False,outdoors,no_prior_season_situational_for_packaged_priors,rolling_features_unavailable_pre_2023
2013,16,2013-12-22,CHI@PHI,PHI,CHI,54.0,11.0,-43.0,65.0,-2.5,53.5,,,,,-1.05,45.126,,,,,40.5,-11.5,43.0,41.95,False,False,outdoors,no_prior_season_situational_for_packaged_priors,rolling_features_unavailable_pre_2023
2013,16,2013-12-22,CLE@NYJ,NYJ,CLE,24.0,13.0,-11.0,37.0,-2.5,41.5,,,,,-2.0125,45.0368,,,,,8.5,4.5,11.0,9.95,False,False,outdoors,no_prior_season_situational_for_packaged_priors,rolling_features_unavailable_pre_2023
2013,16,2013-12-22,DAL@WSH,WSH,DAL,23.0,24.0,1.0,47.0,3.0,51.0,,,,,0.8762,45.0641,,,,,2.0,4.0,-1.0,-2.05,True,False,outdoors,no_prior_season_situational_for_packaged_priors,rolling_features_unavailable_pre_2023
2013,16,2013-12-22,DEN@HOU,HOU,DEN,13.0,37.0,24.0,50.0,9.0,53.0,,,,,3.2108,45.2553,,,,,-15.0,3.0,-24.0,-25.05,False,False,closed,no_prior_season_situational_for_packaged_priors,rolling_features_unavailable_pre_2023
2013,16,2013-12-22,IND@KC,KC,IND,7.0,23.0,16.0,30.0,-7.5,46.5,,,,,-1.9511,45.195,,,,,-23.5,16.5,-16.0,-17.05,False,False,outdoors,no_prior_season_situational_for_packaged_priors,rolling_features_unavailable_pre_2023
2013,16,2013-12-22,MIA@BUF,BUF,MIA,19.0,0.0,-19.0,19.0,-1.0,42.0,,,,,0.3652,45.0975,,,,,18.0,23.0,19.0,17.95,True,False,outdoors,no_prior_season_situational_for_packaged_priors,rolling_features_unavailable_pre_2023
2013,16,2013-12-22,MIN@CIN,CIN,MIN,42.0,14.0,-28.0,56.0,-7.5,48.0,,,,,-3.2604,45.1308,,,,,20.5,-8.0,28.0,26.95,False,False,outdoors,no_prior_season_situational_for_packaged_priors,rolling_features_unavailable_pre_2023
2013,16,2013-12-22,NE@BAL,BAL,NE,7.0,41.0,34.0,48.0,1.0,45.0,,,,,-0.1373,45.1651,,,,,-33.0,-3.0,-34.0,-35.05,False,False,outdoors,no_prior_season_situational_for_packaged_priors,rolling_features_unavailable_pre_2023
2013,16,2013-12-22,NO@CAR,CAR,NO,17.0,13.0,-4.0,30.0,-3.5,44.5,,,,,-1.05,45.1871,,,,,0.5,14.5,4.0,2.95,True,False,outdoors,no_prior_season_situational_for_packaged_priors,rolling_features_unavailable_pre_2023
2013,16,2013-12-22,NYG@DET,DET,NYG,20.0,23.0,3.0,43.0,-9.5,47.0,,,,,-1.9996,45.0702,,,,,-12.5,4.0,-3.0,-4.05,False,False,dome,no_prior_season_situational_for_packaged_priors,rolling_features_unavailable_pre_2023
2013,16,2013-12-22,OAK@SD,SD,OAK,26.0,13.0,-13.0,39.0,-10.0,50.0,,,,,-2.4844,45.0648,,,,,3.0,11.0,13.0,11.95,,False,outdoors,no_prior_season_situational_for_packaged_priors,rolling_features_unavailable_pre_2023
2013,16,2013-12-22,PIT@GB,GB,PIT,31.0,38.0,7.0,69.0,1.0,43.5,,,,,-1.7729,45.0918,,,,,-6.0,-25.5,-7.0,-8.05,False,False,outdoors,no_prior_season_situational_for_packaged_priors,rolling_features_unavailable_pre_2023
2013,16,2013-12-22,TB@STL,STL,TB,23.0,13.0,-10.0,36.0,-3.5,43.0,,,,,-2.0125,45.0368,,,,,6.5,7.0,10.0,8.95,,False,dome,no_prior_season_situational_for_packaged_priors,rolling_features_unavailable_pre_2023
2013,16,2013-12-22,TEN@JAX,JAX,TEN,16.0,20.0,4.0,36.0,4.0,44.0,,,,,-0.5655,45.0128,,,,,0.0,8.0,-4.0,-5.05,True,False,outdoors,no_prior_season_situational_for_packaged_priors,rolling_features_unavailable_pre_2023
2013,17,2013-12-29,BAL@CIN,CIN,BAL,34.0,17.0,-17.0,51.0,-6.5,43.0,,,,,-1.9085,45.1457,,,,,10.5,-8.0,17.0,15.95,True,False,outdoors,no_prior_season_situational_for_packaged_priors,rolling_features_unavailable_pre_2023
2013,17,2013-12-29,BUF@NE,NE,BUF,34.0,20.0,-14.0,54.0,-7.5,46.5,,,,,-3.2113,45.1696,,,,,6.5,-7.5,14.0,12.95,True,False,outdoors,no_prior_season_situational_for_packaged_priors,rolling_features_unavailable_pre_2023
2013,17,2013-12-29,CAR@ATL,ATL,CAR,20.0,21.0,1.0,41.0,5.5,46.5,,,,,2.0166,45.1862,,,,,4.5,5.5,-1.0,-2.05,True,False,dome,no_prior_season_situational_for_packaged_priors,rolling_features_unavailable_pre_2023
2013,17,2013-12-29,CLE@PIT,PIT,CLE,20.0,7.0,-13.0,27.0,-9.5,44.5,,,,,-2.3953,45.05,,,,,3.5,17.5,13.0,11.95,True,False,outdoors,no_prior_season_situational_for_packaged_priors,rolling_features_unavailable_pre_2023
2013,17,2013-12-29,DEN@OAK,OAK,DEN,14.0,34.0,20.0,48.0,10.0,53.5,,,,,2.4352,45.2279,,,,,-10.0,5.5,-20.0,-21.05,,False,outdoors,no_prior_season_situational_for_packaged_priors,rolling_features_unavailable_pre_2023
2013,17,2013-12-29,DET@MIN,MIN,DET,14.0,13.0,-1.0,27.0,2.5,50.0,,,,,0.1649,45.0512,,,,,3.5,23.0,1.0,-0.050000000000000044,True,False,dome,no_prior_season_situational_for_packaged_priors,rolling_features_unavailable_pre_2023
2013,17,2013-12-29,GB@CHI,CHI,GB,28.0,33.0,5.0,61.0,3.0,51.0,,,,,-1.2679,45.1021,,,,,-2.0,-10.0,-5.0,-6.05,True,False,outdoors,no_prior_season_situational_for_packaged_priors,rolling_features_unavailable_pre_2023
2013,17,2013-12-29,HOU@TEN,TEN,HOU,16.0,10.0,-6.0,26.0,-7.0,44.5,,,,,-2.8793,45.0165,,,,,-1.0,18.5,6.0,4.95,True,False,outdoors,no_prior_season_situational_for_packaged_priors,rolling_features_unavailable_pre_2023
2013,17,2013-12-29,JAX@IND,IND,JAX,30.0,10.0,-20.0,40.0,-11.0,45.0,,,,,-3.6935,45.1474,,,,,9.0,5.0,20.0,18.95,True,False,closed,no_prior_season_situational_for_packaged_priors,rolling_features_unavailable_pre_2023
2013,17,2013-12-29,KC@SD,SD,KC,27.0,24.0,-3.0,51.0,-15.5,45.0,,,,,0.2303,45.1689,,,,,-12.5,-6.0,3.0,1.95,,False,outdoors,no_prior_season_situational_for_packaged_priors,rolling_features_unavailable_pre_2023
2013,17,2013-12-29,NYJ@MIA,MIA,NYJ,7.0,20.0,13.0,27.0,-7.5,41.0,,,,,-1.4872,45.096,,,,,-20.5,14.0,-13.0,-14.05,True,False,outdoors,no_prior_season_situational_for_packaged_priors,rolling_features_unavailable_pre_2023
2013,17,2013-12-29,PHI@DAL,DAL,PHI,22.0,24.0,2.0,46.0,7.5,54.0,,,,,-0.6182,45.1257,,,,,5.5,8.0,-2.0,-3.05,True,False,closed,no_prior_season_situational_for_packaged_priors,rolling_features_unavailable_pre_2023
2013,17,2013-12-29,SF@ARI,ARI,SF,20.0,23.0,3.0,43.0,-3.0,41.0,,,,,-0.6285,45.1829,,,,,-6.0,-2.0,-3.0,-4.05,True,False,closed,no_prior_season_situational_for_packaged_priors,rolling_features_unavailable_pre_2023
2013,17,2013-12-29,STL@SEA,SEA,STL,27.0,9.0,-18.0,36.0,-13.0,41.0,,,,,-3.1852,45.1975,,,,,5.0,5.0,18.0,16.95,,False,outdoors,no_prior_season_situational_for_packaged_priors,rolling_features_unavailable_pre_2023
2013,17,2013-12-29,TB@NO,NO,TB,42.0,17.0,-25.0,59.0,-11.0,47.0,,,,,-3.6935,45.1474,,,,,14.0,-12.0,25.0,23.95,True,False,dome,no_prior_season_situational_for_packaged_priors,rolling_features_unavailable_pre_2023
2013,17,2013-12-29,WSH@NYG,NYG,WSH,20.0,6.0,-14.0,26.0,-3.5,44.0,,,,,-2.4127,45.0182,,,,,10.5,18.0,14.0,12.95,True,False,outdoors,no_prior_season_situational_for_packaged_priors,rolling_features_unavailable_pre_2023
2013,18,2014-01-04,KC@IND,IND,KC,45.0,44.0,-1.0,89.0,2.0,48.0,,,,,-1.05,45.1759,,,,,3.0,-41.0,1.0,-0.050000000000000044,False,False,closed,no_prior_season_situational_for_packaged_priors,rolling_features_unavailable_pre_2023
2013,18,2014-01-04,NO@PHI,PHI,NO,24.0,26.0,2.0,50.0,-3.0,55.5,,,,,-0.6517,45.1642,,,,,-5.0,5.5,-2.0,-3.05,False,False,outdoors,no_prior_season_situational_for_packaged_priors,rolling_features_unavailable_pre_2023
2013,18,2014-01-05,SD@CIN,CIN,SD,10.0,27.0,17.0,37.0,-6.5,47.5,,,,,-1.8512,45.1556,,,,,-23.5,10.5,-17.0,-18.05,,False,outdoors,no_prior_season_situational_for_packaged_priors,rolling_features_unavailable_pre_2023
2013,18,2014-01-05,SF@GB,GB,SF,20.0,23.0,3.0,43.0,3.0,46.5,,,,,0.3349,45.1752,,,,,0.0,3.5,-3.0,-4.05,False,False,outdoors,no_prior_season_situational_for_packaged_priors,rolling_features_unavailable_pre_2023
2013,19,2014-01-11,IND@NE,NE,IND,43.0,22.0,-21.0,65.0,-7.5,51.0,,,,,-1.3276,45.1935,,,,,13.5,-14.0,21.0,19.95,False,False,outdoors,no_prior_season_situational_for_packaged_priors,rolling_features_unavailable_pre_2023
2013,19,2014-01-11,NO@SEA,SEA,NO,23.0,15.0,-8.0,38.0,-10.0,44.0,,,,,-1.7171,45.21,,,,,-2.0,6.0,8.0,6.95,False,False,outdoors,no_prior_season_situational_for_packaged_priors,rolling_features_unavailable_pre_2023
2013,19,2014-01-12,SD@DEN,DEN,SD,24.0,17.0,-7.0,41.0,-8.0,55.0,,,,,-2.4685,45.201,,,,,-1.0,14.0,7.0,5.95,,False,outdoors,no_prior_season_situational_for_packaged_priors,rolling_features_unavailable_pre_2023
2013,19,2014-01-12,SF@CAR,CAR,SF,10.0,23.0,13.0,33.0,-0.0,41.0,,,,,-0.958,45.205,,,,,-13.0,8.0,-13.0,-14.05,False,False,outdoors,no_prior_season_situational_for_packaged_priors,rolling_features_unavailable_pre_2023
2013,20,2014-01-19,NE@DEN,DEN,NE,26.0,16.0,-10.0,42.0,-5.0,56.5,,,,,-1.4158,45.2212,,,,,5.0,14.5,10.0,8.95,False,False,outdoors,no_prior_season_situational_for_packaged_priors,rolling_features_unavailable_pre_2023
2013,20,2014-01-19,SF@SEA,SEA,SF,23.0,17.0,-6.0,40.0,-4.0,40.0,,,,,-1.3341,45.2233,,,,,2.0,0.0,6.0,4.95,True,False,outdoors,no_prior_season_situational_for_packaged_priors,rolling_features_unavailable_pre_2023
2013,21,2014-02-02,SEA@DEN,DEN,SEA,8.0,43.0,35.0,51.0,-1.5,47.0,,,,,-1.05,45.2356,,,,,-36.5,-4.0,-35.0,-36.05,False,False,outdoors,no_prior_season_situational_for_packaged_priors,rolling_features_unavailable_pre_2023
2014,1,2014-09-07,BUF@CHI,CHI,BUF,20.0,23.0,3.0,43.0,-7.0,47.0,,,,,-1.05,44.8435,,,,,-10.0,4.0,-3.0,-4.05,False,True,outdoors,no_prior_season_situational_for_packaged_priors,rolling_features_unavailable_pre_2023
2014,1,2014-09-07,CAR@TB,TB,CAR,14.0,20.0,6.0,34.0,-5.5,38.5,,,,,-1.05,44.8435,,,,,-11.5,4.5,-6.0,-7.05,True,True,outdoors,no_prior_season_situational_for_packaged_priors,rolling_features_unavailable_pre_2023
2014,1,2014-09-07,CIN@BAL,BAL,CIN,16.0,23.0,7.0,39.0,-1.0,43.5,,,,,-1.05,44.8435,,,,,-8.0,4.5,-7.0,-8.05,True,True,outdoors,no_prior_season_situational_for_packaged_priors,rolling_features_unavailable_pre_2023
2014,1,2014-09-07,CLE@PIT,PIT,CLE,30.0,27.0,-3.0,57.0,-5.5,41.5,,,,,-1.05,44.8435,,,,,-2.5,-15.5,3.0,1.95,True,True,outdoors,no_prior_season_situational_for_packaged_priors,rolling_features_unavailable_pre_2023
2014,1,2014-09-04,GB@SEA,SEA,GB,36.0,16.0,-20.0,52.0,-4.5,46.5,,,,,-1.05,44.8435,,,,,15.5,-5.5,20.0,18.95,False,True,outdoors,no_prior_season_situational_for_packaged_priors,rolling_features_unavailable_pre_2023
2014,1,2014-09-07,IND@DEN,DEN,IND,31.0,24.0,-7.0,55.0,-8.0,52.5,,,,,-1.05,44.8435,,,,,-1.0,-2.5,7.0,5.95,False,True,outdoors,no_prior_season_situational_for_packaged_priors,rolling_features_unavailable_pre_2023
2014,1,2014-09-07,JAX@PHI,PHI,JAX,34.0,17.0,-17.0,51.0,-10.0,49.0,,,,,-1.05,44.8435,,,,,7.0,-2.0,17.0,15.95,False,True,outdoors,no_prior_season_situational_for_packaged_priors,rolling_features_unavailable_pre_2023
2014,1,2014-09-07,MIN@STL,STL,MIN,6.0,34.0,28.0,40.0,-3.0,43.5,,,,,-1.05,44.8435,,,,,-31.0,3.5,-28.0,-29.05,,True,dome,no_prior_season_situational_for_packaged_priors,rolling_features_unavailable_pre_2023
2014,1,2014-09-07,NE@MIA,MIA,NE,33.0,20.0,-13.0,53.0,3.5,47.5,,,,,-1.05,44.8435,,,,,16.5,-5.5,13.0,11.95,True,True,outdoors,no_prior_season_situational_for_packaged_priors,rolling_features_unavailable_pre_2023
2014,1,2014-09-07,NO@ATL,ATL,NO,37.0,34.0,-3.0,71.0,3.0,51.0,,,,,-1.05,44.8435,,,,,6.0,-20.0,3.0,1.95,True,True,dome,no_prior_season_situational_for_packaged_priors,rolling_features_unavailable_pre_2023
2014,1,2014-09-08,NYG@DET,DET,NYG,35.0,14.0,-21.0,49.0,-6.5,45.0,,,,,-1.05,44.8435,,,,,14.5,-4.0,21.0,19.95,False,True,dome,no_prior_season_situational_for_packaged_priors,rolling_features_unavailable_pre_2023
2014,1,2014-09-07,OAK@NYJ,NYJ,OAK,19.0,14.0,-5.0,33.0,-6.5,41.0,,,,,-1.05,44.8435,,,,,-1.5,8.0,5.0,3.95,,True,outdoors,no_prior_season_situational_for_packaged_priors,rolling_features_unavailable_pre_2023
2014,1,2014-09-08,SD@ARI,ARI,SD,18.0,17.0,-1.0,35.0,-3.0,45.5,,,,,-1.05,44.8435,,,,,-2.0,10.5,1.0,-0.050000000000000044,,True,closed,no_prior_season_situational_for_packaged_priors,rolling_features_unavailable_pre_2023
2014,1,2014-09-07,SF@DAL,DAL,SF,17.0,28.0,11.0,45.0,3.5,49.0,,,,,-1.05,44.8435,,,,,-7.5,4.0,-11.0,-12.05,False,True,closed,no_prior_season_situational_for_packaged_priors,rolling_features_unavailable_pre_2023
2014,1,2014-09-07,TEN@KC,KC,TEN,10.0,26.0,16.0,36.0,-3.0,45.5,,,,,-1.05,44.8435,,,,,-19.0,9.5,-16.0,-17.05,False,True,outdoors,no_prior_season_situational_for_packaged_priors,rolling_features_unavailable_pre_2023
2014,1,2014-09-07,WSH@HOU,HOU,WSH,17.0,6.0,-11.0,23.0,-3.0,43.5,,,,,-1.05,44.8435,,,,,8.0,20.5,11.0,9.95,False,True,closed,no_prior_season_situational_for_packaged_priors,rolling_features_unavailable_pre_2023
2014,2,2014-09-14,ARI@NYG,NYG,ARI,14.0,25.0,11.0,39.0,-1.0,41.5,,,,,5.45,45.5201,,,,,-12.0,2.5,-11.0,-12.05,False,True,outdoors,no_prior_season_situational_for_packaged_priors,rolling_features_unavailable_pre_2023
2014,2,2014-09-14,ATL@CIN,CIN,ATL,24.0,10.0,-14.0,34.0,-5.5,48.5,,,,,-1.05,45.3,,,,,8.5,14.5,14.0,12.95,False,True,outdoors,no_prior_season_situational_for_packaged_priors,rolling_features_unavailable_pre_2023
2014,2,2014-09-14,CHI@SF,SF,CHI,20.0,28.0,8.0,48.0,-7.0,47.0,,,,,-7.55,45.5201,,,,,-15.0,-1.0,-8.0,-9.05,False,True,outdoors,no_prior_season_situational_for_packaged_priors,rolling_features_unavailable_pre_2023
2014,2,2014-09-14,DAL@TEN,TEN,DAL,10.0,26.0,16.0,36.0,-3.0,49.5,,,,,-7.55,45.5201,,,,,-19.0,13.5,-16.0,-17.05,False,True,outdoors,no_prior_season_situational_for_packaged_priors,rolling_features_unavailable_pre_2023
2014,2,2014-09-14,DET@CAR,CAR,DET,24.0,7.0,-17.0,31.0,-1.0,43.5,,,,,-1.05,45.3,,,,,16.0,12.5,17.0,15.95,False,True,outdoors,no_prior_season_situational_for_packaged_priors,rolling_features_unavailable_pre_2023
2014,2,2014-09-14,HOU@OAK,OAK,HOU,14.0,30.0,16.0,44.0,3.0,41.0,,,,,5.45,45.5201,,,,,-13.0,-3.0,-16.0,-17.05,,True,outdoors,no_prior_season_situational_for_packaged_priors,rolling_features_unavailable_pre_2023
2014,2,2014-09-14,JAX@WSH,WSH,JAX,41.0,10.0,-31.0,51.0,-5.0,43.0,,,,,-1.05,44.8435,,,,,26.0,-8.0,31.0,29.95,False,True,outdoors,no_prior_season_situational_for_packaged_priors,rolling_features_unavailable_pre_2023
2014,2,2014-09-14,KC@DEN,DEN,KC,24.0,17.0,-7.0,41.0,-13.0,49.0,,,,,-7.55,45.5201,,,,,-6.0,8.0,7.0,5.95,True,True,outdoors,no_prior_season_situational_for_packaged_priors,rolling_features_unavailable_pre_2023
2014,2,2014-09-14,MIA@BUF,BUF,MIA,29.0,10.0,-19.0,39.0,-1.0,43.0,,,,,-1.05,45.3,,,,,18.0,4.0,19.0,17.95,True,True,outdoors,no_prior_season_situational_for_packaged_priors,rolling_features_unavailable_pre_2023
2014,2,2014-09-14,NE@MIN,MIN,NE,7.0,30.0,23.0,37.0,3.5,49.0,,,,,-7.55,45.5201,,,,,-19.5,12.0,-23.0,-24.05,False,True,outdoors,no_prior_season_situational_for_packaged_priors,rolling_features_unavailable_pre_2023
2014,2,2014-09-14,NO@CLE,CLE,NO,26.0,24.0,-2.0,50.0,4.5,49.5,,,,,-1.05,44.8435,,,,,6.5,-0.5,2.0,0.95,False,True,outdoors,no_prior_season_situational_for_packaged_priors,rolling_features_unavailable_pre_2023
2014,2,2014-09-14,NYJ@GB,GB,NYJ,31.0,24.0,-7.0,55.0,-7.0,46.5,,,,,5.45,45.5201,,,,,0.0,-8.5,7.0,5.95,False,True,outdoors,no_prior_season_situational_for_packaged_priors,rolling_features_unavailable_pre_2023
2014,2,2014-09-15,PHI@IND,IND,PHI,27.0,30.0,3.0,57.0,-3.0,53.5,,,,,5.45,45.5201,,,,,-6.0,-3.5,-3.0,-4.05,False,True,closed,no_prior_season_situational_for_packaged_priors,rolling_features_unavailable_pre_2023
2014,2,2014-09-11,PIT@BAL,BAL,PIT,26.0,6.0,-20.0,32.0,-2.5,44.0,,,,,5.45,45.5201,,,,,17.5,12.0,20.0,18.95,True,True,outdoors,no_prior_season_situational_for_packaged_priors,rolling_features_unavailable_pre_2023
2014,2,2014-09-14,SEA@SD,SD,SEA,30.0,21.0,-9.0,51.0,4.5,45.0,,,,,5.45,45.5201,,,,,13.5,-6.0,9.0,7.95,,True,outdoors,no_prior_season_situational_for_packaged_priors,rolling_features_unavailable_pre_2023
2014,2,2014-09-14,STL@TB,TB,STL,17.0,19.0,2.0,36.0,-4.0,37.5,,,,,-1.05,44.8435,,,,,-6.0,1.5,-2.0,-3.05,,True,outdoors,no_prior_season_situational_for_packaged_priors,rolling_features_unavailable_pre_2023
2014,3,2014-09-21,BAL@CLE,CLE,BAL,21.0,23.0,2.0,44.0,2.0,43.0,,,,,-1.05,45.0941,,,,,0.0,-1.0,-2.0,-3.05,True,True,outdoors,no_prior_season_situational_for_packaged_priors,rolling_features_unavailable_pre_2023
2014,3,2014-09-22,CHI@NYJ,NYJ,CHI,19.0,27.0,8.0,46.0,-1.5,44.5,,,,,-1.05,45.0941,,,,,-9.5,-1.5,-8.0,-9.05,False,True,outdoors,no_prior_season_situational_for_packaged_priors,rolling_features_unavailable_pre_2023
2014,3,2014-09-21,DAL@STL,STL,DAL,31.0,34.0,3.0,65.0,1.5,45.0,,,,,-1.05,45.0941,,,,,-1.5,-20.0,-3.0,-4.05,,True,dome,no_prior_season_situational_for_packaged_priors,rolling_features_unavailable_pre_2023
2014,3,2014-09-21,DEN@SEA,SEA,DEN,26.0,20.0,-6.0,46.0,-4.0,48.0,,,,,2.0901,45.2982,,,,,2.0,2.0,6.0,4.95,False,True,outdoors,no_prior_season_situational_for_packaged_priors,rolling_features_unavailable_pre_2023
2014,3,2014-09-21,GB@DET,DET,GB,19.0,7.0,-12.0,26.0,-1.5,51.0,,,,,-1.05,45.0941,,,,,10.5,25.0,12.0,10.95,True,True,dome,no_prior_season_situational_for_packaged_priors,rolling_features_unavailable_pre_2023
2014,3,2014-09-21,HOU@NYG,NYG,HOU,30.0,17.0,-13.0,47.0,-1.0,41.5,,,,,5.45,45.5201,,,,,12.0,-5.5,13.0,11.95,False,True,outdoors,no_prior_season_situational_for_packaged_priors,rolling_features_unavailable_pre_2023
2014,3,2014-09-21,IND@JAX,JAX,IND,17.0,44.0,27.0,61.0,6.0,45.5,,,,,-1.05,44.8435,,,,,-21.0,-15.5,-27.0,-28.05,True,True,outdoors,no_prior_season_situational_for_packaged_priors,rolling_features_unavailable_pre_2023
2014,3,2014-09-21,KC@MIA,MIA,KC,15.0,34.0,19.0,49.0,-6.0,43.0,,,,,-4.4976,45.0919,,,,,-25.0,-6.0,-19.0,-20.05,False,True,outdoors,no_prior_season_situational_for_packaged_priors,rolling_features_unavailable_pre_2023
2014,3,2014-09-21,MIN@NO,NO,MIN,20.0,9.0,-11.0,29.0,-10.0,49.5,,,,,2.3976,45.0919,,,,,1.0,20.5,11.0,9.95,False,True,dome,no_prior_season_situational_for_packaged_priors,rolling_features_unavailable_pre_2023
2014,3,2014-09-21,OAK@NE,NE,OAK,16.0,9.0,-7.0,25.0,-14.0,47.5,,,,,-4.4976,45.0919,,,,,-7.0,22.5,7.0,5.95,,True,outdoors,no_prior_season_situational_for_packaged_priors,rolling_features_unavailable_pre_2023
2014,3,2014-09-21,PIT@CAR,CAR,PIT,19.0,37.0,18.0,56.0,-3.0,42.5,,,,,-4.1901,45.2982,,,,,-21.0,-13.5,-18.0,-19.05,False,True,outdoors,no_prior_season_situational_for_packaged_priors,rolling_features_unavailable_pre_2023
2014,3,2014-09-21,SD@BUF,BUF,SD,10.0,22.0,12.0,32.0,-2.5,45.5,,,,,-4.1901,45.2982,,,,,-14.5,13.5,-12.0,-13.05,,True,outdoors,no_prior_season_situational_for_packaged_priors,rolling_features_unavailable_pre_2023
2014,3,2014-09-21,SF@ARI,ARI,SF,23.0,14.0,-9.0,37.0,3.0,41.0,,,,,-4.1901,45.2982,,,,,12.0,4.0,9.0,7.95,True,True,closed,no_prior_season_situational_for_packaged_priors,rolling_features_unavailable_pre_2023
2014,3,2014-09-18,TB@ATL,ATL,TB,56.0,14.0,-42.0,70.0,-6.5,47.0,,,,,-4.4976,45.0919,,,,,35.5,-23.0,42.0,40.95,True,True,dome,no_prior_season_situational_for_packaged_priors,rolling_features_unavailable_pre_2023
2014,3,2014-09-21,TEN@CIN,CIN,TEN,33.0,7.0,-26.0,40.0,-6.5,44.5,,,,,-4.1901,45.2982,,,,,19.5,4.5,26.0,24.95,False,True,outdoors,no_prior_season_situational_for_packaged_priors,rolling_features_unavailable_pre_2023
2014,3,2014-09-21,WSH@PHI,PHI,WSH,37.0,34.0,-3.0,71.0,-4.0,50.5,,,,,-4.1901,45.2982,,,,,-1.0,-20.5,3.0,1.95,True,True,outdoors,no_prior_season_situational_for_packaged_priors,rolling_features_unavailable_pre_2023
2014,4,2014-09-28,ATL@MIN,MIN,ATL,41.0,28.0,-13.0,69.0,5.5,48.0,,,,,1.1382,45.141,,,,,18.5,-21.0,13.0,11.95,False,True,outdoors,no_prior_season_situational_for_packaged_priors,rolling_features_unavailable_pre_2023
2014,4,2014-09-28,BUF@HOU,HOU,BUF,23.0,17.0,-6.0,40.0,-3.0,44.0,,,,,-1.05,45.1671,,,,,3.0,4.0,6.0,4.95,False,True,closed,no_prior_season_situational_for_packaged_priors,rolling_features_unavailable_pre_2023
2014,4,2014-09-28,CAR@BAL,BAL,CAR,38.0,10.0,-28.0,48.0,-3.5,42.5,,,,,-1.05,45.1671,,,,,24.5,-5.5,28.0,26.95,False,True,outdoors,no_prior_season_situational_for_packaged_priors,rolling_features_unavailable_pre_2023
2014,4,2014-09-28,DET@NYJ,NYJ,DET,17.0,24.0,7.0,41.0,-2.0,43.5,,,,,1.1382,45.141,,,,,-9.0,2.5,-7.0,-8.05,False,True,outdoors,no_prior_season_situational_for_packaged_priors,rolling_features_unavailable_pre_2023
2014,4,2014-09-28,GB@CHI,CHI,GB,17.0,38.0,21.0,55.0,2.0,51.0,,,,,-3.2382,45.141,,,,,-19.0,-4.0,-21.0,-22.05,True,True,outdoors,no_prior_season_situational_for_packaged_priors,rolling_features_unavailable_pre_2023
2014,4,2014-09-28,JAX@SD,SD,JAX,33.0,14.0,-19.0,47.0,-13.0,45.0,,,,,-5.582,45.2172,,,,,6.0,-2.0,19.0,17.95,,True,outdoors,no_prior_season_situational_for_packaged_priors,rolling_features_unavailable_pre_2023
2014,4,2014-09-28,MIA@OAK,OAK,MIA,14.0,38.0,24.0,52.0,4.0,41.0,,,,,1.2829,44.9864,,,,,-20.0,-11.0,-24.0,-25.05,,True,outdoors,no_prior_season_situational_for_packaged_priors,rolling_features_unavailable_pre_2023
2014,4,2014-09-29,NE@KC,KC,NE,41.0,14.0,-27.0,55.0,3.0,45.0,,,,,1.1382,45.141,,,,,30.0,-10.0,27.0,25.95,False,True,outdoors,no_prior_season_situational_for_packaged_priors,rolling_features_unavailable_pre_2023
2014,4,2014-09-28,NO@DAL,DAL,NO,38.0,17.0,-21.0,55.0,3.0,53.5,,,,,-3.2382,45.141,,,,,24.0,-1.5,21.0,19.95,False,True,closed,no_prior_season_situational_for_packaged_priors,rolling_features_unavailable_pre_2023
2014,4,2014-09-25,NYG@WSH,WSH,NYG,14.0,45.0,31.0,59.0,-3.0,44.5,,,,,-1.05,45.0162,,,,,-34.0,-14.5,-31.0,-32.05,True,True,outdoors,no_prior_season_situational_for_packaged_priors,rolling_features_unavailable_pre_2023
2014,4,2014-09-28,PHI@SF,SF,PHI,26.0,21.0,-5.0,47.0,-3.5,48.5,,,,,3.2074,45.3439,,,,,1.5,1.5,5.0,3.95,False,True,outdoors,no_prior_season_situational_for_packaged_priors,rolling_features_unavailable_pre_2023
2014,4,2014-09-28,TB@PIT,PIT,TB,24.0,27.0,3.0,51.0,-7.5,44.5,,,,,-5.582,45.2172,,,,,-10.5,-6.5,-3.0,-4.05,False,True,outdoors,no_prior_season_situational_for_packaged_priors,rolling_features_unavailable_pre_2023
2014,4,2014-09-28,TEN@IND,IND,TEN,41.0,17.0,-24.0,58.0,-7.5,45.5,,,,,-1.05,45.0162,,,,,16.5,-12.5,24.0,22.95,True,True,open,no_prior_season_situational_for_packaged_priors,rolling_features_unavailable_pre_2023
2014,5,2014-10-05,ARI@DEN,DEN,ARI,41.0,20.0,-21.0,61.0,-8.0,47.0,,,,,1.0103,45.2771,,,,,13.0,-14.0,21.0,19.95,False,False,outdoors,no_prior_season_situational_for_packaged_priors,rolling_features_unavailable_pre_2023
2014,5,2014-10-05,ATL@NYG,NYG,ATL,30.0,20.0,-10.0,50.0,-4.0,50.5,,,,,-1.05,45.0941,,,,,6.0,0.5,10.0,8.95,False,False,outdoors,no_prior_season_situational_for_packaged_priors,rolling_features_unavailable_pre_2023
2014,5,2014-10-05,BAL@IND,IND,BAL,20.0,13.0,-7.0,33.0,-2.5,49.5,,,,,0.5531,45.1745,,,,,4.5,16.5,7.0,5.95,False,False,open,no_prior_season_situational_for_packaged_priors,rolling_features_unavailable_pre_2023
2014,5,2014-10-05,BUF@DET,DET,BUF,14.0,17.0,3.0,31.0,-4.5,43.0,,,,,-2.6531,45.1745,,,,,-7.5,12.0,-3.0,-4.05,False,False,dome,no_prior_season_situational_for_packaged_priors,rolling_features_unavailable_pre_2023
2014,5,2014-10-05,CHI@CAR,CAR,CHI,31.0,24.0,-7.0,55.0,-1.5,46.5,,,,,-1.05,45.0941,,,,,5.5,-8.5,7.0,5.95,False,False,outdoors,no_prior_season_situational_for_packaged_priors,rolling_features_unavailable_pre_2023
2014,5,2014-10-05,CIN@NE,NE,CIN,43.0,17.0,-26.0,60.0,2.5,46.0,,,,,2.0901,45.2982,,,,,28.5,-14.0,26.0,24.95,False,False,outdoors,no_prior_season_situational_for_packaged_priors,rolling_features_unavailable_pre_2023
2014,5,2014-10-05,CLE@TEN,TEN,CLE,28.0,29.0,1.0,57.0,1.0,44.5,,,,,-0.4815,44.9991,,,,,0.0,-12.5,-1.0,-2.05,False,False,outdoors,no_prior_season_situational_for_packaged_priors,rolling_features_unavailable_pre_2023
2014,5,2014-10-05,HOU@DAL,DAL,HOU,20.0,17.0,-3.0,37.0,-5.0,47.5,,,,,-1.05,45.2019,,,,,-2.0,10.5,3.0,1.95,False,False,closed,no_prior_season_situational_for_packaged_priors,rolling_features_unavailable_pre_2023
2014,5,2014-10-05,KC@SF,SF,KC,22.0,17.0,-5.0,39.0,-4.0,43.5,,,,,-1.05,45.0941,,,,,1.0,4.5,5.0,3.95,False,False,outdoors,no_prior_season_situational_for_packaged_priors,rolling_features_unavailable_pre_2023
2014,5,2014-10-02,MIN@GB,GB,MIN,42.0,10.0,-32.0,52.0,-8.5,46.5,,,,,-1.05,45.0941,,,,,23.5,-5.5,32.0,30.95,True,False,outdoors,no_prior_season_situational_for_packaged_priors,rolling_features_unavailable_pre_2023
2014,5,2014-10-05,NYJ@SD,SD,NYJ,31.0,0.0,-31.0,31.0,-7.0,44.5,,,,,-4.3366,45.1998,,,,,24.0,13.5,31.0,29.95,,False,outdoors,no_prior_season_situational_for_packaged_priors,rolling_features_unavailable_pre_2023
2014,5,2014-10-05,PIT@JAX,JAX,PIT,9.0,17.0,8.0,26.0,6.0,47.0,,,,,2.3976,45.0919,,,,,-2.0,21.0,-8.0,-9.05,False,False,outdoors,no_prior_season_situational_for_packaged_priors,rolling_features_unavailable_pre_2023
2014,5,2014-10-06,SEA@WSH,WSH,SEA,17.0,27.0,10.0,44.0,7.0,45.5,,,,,1.7083,45.1497,,,,,-3.0,1.5,-10.0,-11.05,False,False,outdoors,no_prior_season_situational_for_packaged_priors,rolling_features_unavailable_pre_2023
2014,5,2014-10-05,STL@PHI,PHI,STL,34.0,28.0,-6.0,62.0,-3.5,48.0,,,,,-3.7658,45.185,,,,,2.5,-14.0,6.0,4.95,,False,outdoors,no_prior_season_situational_for_packaged_priors,rolling_features_unavailable_pre_2023
2014,5,2014-10-05,TB@NO,NO,TB,37.0,31.0,-6.0,68.0,-11.0,47.5,,,,,-1.05,44.9753,,,,,-5.0,-20.5,6.0,4.95,True,False,dome,no_prior_season_situational_for_packaged_priors,rolling_features_unavailable_pre_2023
2014,6,2014-10-12,BAL@TB,TB,BAL,17.0,48.0,31.0,65.0,3.5,44.0,,,,,1.6269,45.1183,,,,,-27.5,-21.0,-31.0,-32.05,False,False,outdoors,no_prior_season_situational_for_packaged_priors,rolling_features_unavailable_pre_2023
2014,6,2014-10-12,CAR@CIN,CIN,CAR,37.0,37.0,0.0,74.0,-7.0,43.5,,,,,-2.0028,45.1795,,,,,-7.0,-30.5,0.0,-1.05,False,False,outdoors,no_prior_season_situational_for_packaged_priors,rolling_features_unavailable_pre_2023
2014,6,2014-10-12,CHI@ATL,ATL,CHI,13.0,27.0,14.0,40.0,-3.5,55.5,,,,,-1.05,45.048,,,,,-17.5,15.5,-14.0,-15.05,False,False,dome,no_prior_season_situational_for_packaged_priors,rolling_features_unavailable_pre_2023
2014,6,2014-10-12,DAL@SEA,SEA,DAL,23.0,30.0,7.0,53.0,-10.0,47.0,,,,,-0.7381,45.213,,,,,-17.0,-6.0,-7.0,-8.05,False,False,outdoors,no_prior_season_situational_for_packaged_priors,rolling_features_unavailable_pre_2023
2014,6,2014-10-12,DEN@NYJ,NYJ,DEN,17.0,31.0,14.0,48.0,10.0,47.0,,,,,2.5841,45.212,,,,,-4.0,-1.0,-14.0,-15.05,False,False,outdoors,no_prior_season_situational_for_packaged_priors,rolling_features_unavailable_pre_2023
2014,6,2014-10-12,DET@MIN,MIN,DET,3.0,17.0,14.0,20.0,-1.0,43.0,,,,,0.262,45.111,,,,,-15.0,23.0,-14.0,-15.05,True,False,outdoors,no_prior_season_situational_for_packaged_priors,rolling_features_unavailable_pre_2023
2014,6,2014-10-12,GB@MIA,MIA,GB,24.0,27.0,3.0,51.0,1.5,46.5,,,,,-0.4002,45.1206,,,,,-1.5,-4.5,-3.0,-4.05,False,False,outdoors,no_prior_season_situational_for_packaged_priors,rolling_features_unavailable_pre_2023
2014,6,2014-10-09,IND@HOU,HOU,IND,28.0,33.0,5.0,61.0,2.5,46.0,,,,,-1.05,45.1385,,,,,-2.5,-15.0,-5.0,-6.05,True,False,closed,no_prior_season_situational_for_packaged_priors,rolling_features_unavailable_pre_2023
2014,6,2014-10-12,JAX@TEN,TEN,JAX,16.0,14.0,-2.0,30.0,-4.0,42.5,,,,,-2.4674,44.9177,,,,,-2.0,12.5,2.0,0.95,True,False,outdoors,no_prior_season_situational_for_packaged_priors,rolling_features_unavailable_pre_2023
2014,6,2014-10-12,NE@BUF,BUF,NE,22.0,37.0,15.0,59.0,-1.0,44.0,,,,,-1.05,45.1385,,,,,-16.0,-15.0,-15.0,-16.05,True,False,outdoors,no_prior_season_situational_for_packaged_priors,rolling_features_unavailable_pre_2023
2014,6,2014-10-12,NYG@PHI,PHI,NYG,27.0,0.0,-27.0,27.0,-1.0,50.5,,,,,-2.315,45.1968,,,,,26.0,23.5,27.0,25.95,True,False,outdoors,no_prior_season_situational_for_packaged_priors,rolling_features_unavailable_pre_2023
2014,6,2014-10-12,PIT@CLE,CLE,PIT,31.0,10.0,-21.0,41.0,-2.5,46.5,,,,,-0.4002,45.1206,,,,,18.5,5.5,21.0,19.95,True,False,outdoors,no_prior_season_situational_for_packaged_priors,rolling_features_unavailable_pre_2023
2014,6,2014-10-12,SD@OAK,OAK,SD,28.0,31.0,3.0,59.0,7.0,43.5,,,,,4.3297,45.3304,,,,,4.0,-15.5,-3.0,-4.05,,False,outdoors,no_prior_season_situational_for_packaged_priors,rolling_features_unavailable_pre_2023
2014,6,2014-10-13,SF@STL,STL,SF,17.0,31.0,14.0,48.0,3.5,44.0,,,,,1.2804,45.113,,,,,-10.5,-4.0,-14.0,-15.05,,False,dome,no_prior_season_situational_for_packaged_priors,rolling_features_unavailable_pre_2023
2014,6,2014-10-12,WSH@ARI,ARI,WSH,30.0,20.0,-10.0,50.0,-5.0,47.0,,,,,-4.6841,45.212,,,,,5.0,-3.0,10.0,8.95,False,False,closed,no_prior_season_situational_for_packaged_priors,rolling_features_unavailable_pre_2023
2014,7,2014-10-19,ARI@OAK,OAK,ARI,13.0,24.0,11.0,37.0,3.5,46.0,,,,,4.3297,45.3304,,,,,-7.5,9.0,-11.0,-12.05,,False,outdoors,no_prior_season_situational_for_packaged_priors,rolling_features_unavailable_pre_2023
2014,7,2014-10-19,ATL@BAL,BAL,ATL,29.0,7.0,-22.0,36.0,-7.0,49.5,,,,,-3.2382,45.141,,,,,15.0,13.5,22.0,20.95,False,False,outdoors,no_prior_season_situational_for_packaged_priors,rolling_features_unavailable_pre_2023
2014,7,2014-10-19,CAR@GB,GB,CAR,38.0,17.0,-21.0,55.0,-6.5,48.5,,,,,-1.4766,45.1546,,,,,14.5,-6.5,21.0,19.95,False,False,outdoors,no_prior_season_situational_for_packaged_priors,rolling_features_unavailable_pre_2023
2014,7,2014-10-19,CIN@IND,IND,CIN,27.0,0.0,-27.0,27.0,-3.0,50.5,,,,,-0.5239,45.1873,,,,,24.0,23.5,27.0,25.95,False,False,open,no_prior_season_situational_for_packaged_priors,rolling_features_unavailable_pre_2023
2014,7,2014-10-19,CLE@JAX,JAX,CLE,24.0,6.0,-18.0,30.0,4.0,44.5,,,,,3.0517,45.1648,,,,,22.0,14.5,18.0,16.95,False,False,outdoors,no_prior_season_situational_for_packaged_priors,rolling_features_unavailable_pre_2023
2014,7,2014-10-20,HOU@PIT,PIT,HOU,30.0,23.0,-7.0,53.0,-3.0,44.5,,,,,-1.05,45.0941,,,,,4.0,-8.5,7.0,5.95,False,False,outdoors,no_prior_season_situational_for_packaged_priors,rolling_features_unavailable_pre_2023
2014,7,2014-10-19,KC@SD,SD,KC,20.0,23.0,3.0,43.0,-3.0,46.0,,,,,-3.8361,45.2216,,,,,-6.0,3.0,-3.0,-4.05,,False,outdoors,no_prior_season_situational_for_packaged_priors,rolling_features_unavailable_pre_2023
2014,7,2014-10-19,MIA@CHI,CHI,MIA,14.0,27.0,13.0,41.0,-3.0,47.5,,,,,-1.712,45.0756,,,,,-16.0,6.5,-13.0,-14.05,False,False,outdoors,no_prior_season_situational_for_packaged_priors,rolling_features_unavailable_pre_2023
2014,7,2014-10-19,MIN@BUF,BUF,MIN,17.0,16.0,-1.0,33.0,-7.0,43.5,,,,,-2.1604,45.0679,,,,,-6.0,10.5,1.0,-0.050000000000000044,False,False,outdoors,no_prior_season_situational_for_packaged_priors,rolling_features_unavailable_pre_2023
2014,7,2014-10-19,NO@DET,DET,NO,24.0,23.0,-1.0,47.0,-1.5,45.5,,,,,-2.7891,45.1387,,,,,-0.5,-1.5,1.0,-0.050000000000000044,False,False,dome,no_prior_season_situational_for_packaged_priors,rolling_features_unavailable_pre_2023
2014,7,2014-10-19,NYG@DAL,DAL,NYG,31.0,21.0,-10.0,52.0,-5.0,47.0,,,,,-3.1723,45.2112,,,,,5.0,-5.0,10.0,8.95,True,False,closed,no_prior_season_situational_for_packaged_priors,rolling_features_unavailable_pre_2023
2014,7,2014-10-16,NYJ@NE,NE,NYJ,27.0,25.0,-2.0,52.0,-9.5,44.5,,,,,-4.3886,45.165,,,,,-7.5,-7.5,2.0,0.95,True,False,outdoors,no_prior_season_situational_for_packaged_priors,rolling_features_unavailable_pre_2023
2014,7,2014-10-19,SEA@STL,STL,SEA,28.0,26.0,-2.0,54.0,7.0,43.5,,,,,1.6269,45.1183,,,,,9.0,-10.5,2.0,0.95,,False,dome,no_prior_season_situational_for_packaged_priors,rolling_features_unavailable_pre_2023
2014,7,2014-10-19,SF@DEN,DEN,SF,42.0,17.0,-25.0,59.0,-7.0,48.0,,,,,-1.8881,45.2019,,,,,18.0,-11.0,25.0,23.95,False,False,outdoors,no_prior_season_situational_for_packaged_priors,rolling_features_unavailable_pre_2023
2014,7,2014-10-19,TEN@WSH,WSH,TEN,19.0,17.0,-2.0,36.0,-6.0,46.0,,,,,0.0965,44.9882,,,,,-4.0,10.0,2.0,0.95,False,False,outdoors,no_prior_season_situational_for_packaged_priors,rolling_features_unavailable_pre_2023
2014,8,2014-10-26,BAL@CIN,CIN,BAL,27.0,24.0,-3.0,51.0,2.5,44.5,,,,,-0.3217,45.1682,,,,,5.5,-6.5,3.0,1.95,True,False,outdoors,no_prior_season_situational_for_packaged_priors,rolling_features_unavailable_pre_2023
2014,8,2014-10-26,BUF@NYJ,NYJ,BUF,23.0,43.0,20.0,66.0,-3.0,40.0,,,,,1.8424,45.1097,,,,,-23.0,-26.0,-20.0,-21.05,True,False,outdoors,no_prior_season_situational_for_packaged_priors,rolling_features_unavailable_pre_2023
2014,8,2014-10-26,CHI@NE,NE,CHI,51.0,23.0,-28.0,74.0,-5.5,51.0,,,,,-2.9004,45.1595,,,,,22.5,-23.0,28.0,26.95,False,False,outdoors,no_prior_season_situational_for_packaged_priors,rolling_features_unavailable_pre_2023
2014,8,2014-10-26,DET@ATL,ATL,DET,21.0,22.0,1.0,43.0,3.5,45.0,,,,,1.7653,45.1717,,,,,2.5,2.0,-1.0,-2.05,False,False,outdoors,no_prior_season_situational_for_packaged_priors,rolling_features_unavailable_pre_2023
2014,8,2014-10-26,GB@NO,NO,GB,44.0,23.0,-21.0,67.0,-2.0,55.0,,,,,1.4405,45.1656,,,,,19.0,-12.0,21.0,19.95,False,False,dome,no_prior_season_situational_for_packaged_priors,rolling_features_unavailable_pre_2023
2014,8,2014-10-26,HOU@TEN,TEN,HOU,16.0,30.0,14.0,46.0,3.5,43.0,,,,,-0.0875,45.0368,,,,,-10.5,-3.0,-14.0,-15.05,True,False,outdoors,no_prior_season_situational_for_packaged_priors,rolling_features_unavailable_pre_2023
2014,8,2014-10-26,IND@PIT,PIT,IND,51.0,34.0,-17.0,85.0,5.0,48.0,,,,,-0.1373,45.1651,,,,,22.0,-37.0,17.0,15.95,False,False,outdoors,no_prior_season_situational_for_packaged_priors,rolling_features_unavailable_pre_2023
2014,8,2014-10-26,MIA@JAX,JAX,MIA,13.0,27.0,14.0,40.0,7.0,42.0,,,,,1.3755,45.0682,,,,,-7.0,2.0,-14.0,-15.05,False,False,outdoors,no_prior_season_situational_for_packaged_priors,rolling_features_unavailable_pre_2023
2014,8,2014-10-26,MIN@TB,TB,MIN,13.0,19.0,6.0,32.0,-1.0,43.0,,,,,-0.2274,44.97,,,,,-7.0,11.0,-6.0,-7.05,False,False,outdoors,no_prior_season_situational_for_packaged_priors,rolling_features_unavailable_pre_2023
2014,8,2014-10-26,OAK@CLE,CLE,OAK,23.0,13.0,-10.0,36.0,-6.5,44.5,,,,,-4.4976,45.0919,,,,,3.5,8.5,10.0,8.95,,False,outdoors,no_prior_season_situational_for_packaged_priors,rolling_features_unavailable_pre_2023
2014,8,2014-10-26,PHI@ARI,ARI,PHI,24.0,20.0,-4.0,44.0,-1.0,49.0,,,,,-1.05,45.2356,,,,,3.0,5.0,4.0,2.95,False,False,closed,no_prior_season_situational_for_packaged_priors,rolling_features_unavailable_pre_2023
2014,8,2014-10-23,SD@DEN,DEN,SD,35.0,21.0,-14.0,56.0,-9.0,51.0,,,,,-1.793,45.217,,,,,5.0,-5.0,14.0,12.95,,False,outdoors,no_prior_season_situational_for_packaged_priors,rolling_features_unavailable_pre_2023
2014,8,2014-10-26,SEA@CAR,CAR,SEA,9.0,13.0,4.0,22.0,6.0,44.5,,,,,-1.05,45.0941,,,,,2.0,22.5,-4.0,-5.05,False,False,outdoors,no_prior_season_situational_for_packaged_priors,rolling_features_unavailable_pre_2023
2014,8,2014-10-26,STL@KC,KC,STL,34.0,7.0,-27.0,41.0,-7.5,44.5,,,,,-2.1604,45.0679,,,,,19.5,3.5,27.0,25.95,,False,outdoors,no_prior_season_situational_for_packaged_priors,rolling_features_unavailable_pre_2023
2014,8,2014-10-27,WSH@DAL,DAL,WSH,17.0,20.0,3.0,37.0,-9.5,49.0,,,,,-4.7594,45.2605,,,,,-12.5,12.0,-3.0,-4.05,True,False,closed,no_prior_season_situational_for_packaged_priors,rolling_features_unavailable_pre_2023
2014,9,2014-11-02,ARI@DAL,DAL,ARI,17.0,28.0,11.0,45.0,-1.5,45.0,,,,,-0.3849,45.228,,,,,-12.5,0.0,-11.0,-12.05,False,False,closed,no_prior_season_situational_for_packaged_priors,rolling_features_unavailable_pre_2023
2014,9,2014-11-02,BAL@PIT,PIT,BAL,43.0,23.0,-20.0,66.0,-2.5,47.5,,,,,-1.05,45.1493,,,,,17.5,-18.5,20.0,18.95,True,False,outdoors,no_prior_season_situational_for_packaged_priors,rolling_features_unavailable_pre_2023
2014,9,2014-11-02,DEN@NE,NE,DEN,43.0,21.0,-22.0,64.0,3.0,52.5,,,,,-0.3849,45.228,,,,,25.0,-11.5,22.0,20.95,False,False,outdoors,no_prior_season_situational_for_packaged_priors,rolling_features_unavailable_pre_2023
2014,9,2014-11-03,IND@NYG,NYG,IND,24.0,40.0,16.0,64.0,3.0,51.0,,,,,0.2322,45.1223,,,,,-13.0,-13.0,-16.0,-17.05,False,False,outdoors,no_prior_season_situational_for_packaged_priors,rolling_features_unavailable_pre_2023
2014,9,2014-11-02,JAX@CIN,CIN,JAX,33.0,23.0,-10.0,56.0,-10.0,44.0,,,,,-4.6827,45.1753,,,,,0.0,-12.0,10.0,8.95,False,False,outdoors,no_prior_season_situational_for_packaged_priors,rolling_features_unavailable_pre_2023
2014,9,2014-10-30,NO@CAR,CAR,NO,10.0,28.0,18.0,38.0,3.0,48.5,,,,,-1.05,45.0614,,,,,-15.0,10.5,-18.0,-19.05,True,False,outdoors,no_prior_season_situational_for_packaged_priors,rolling_features_unavailable_pre_2023
2014,9,2014-11-02,NYJ@KC,KC,NYJ,24.0,10.0,-14.0,34.0,-9.5,41.5,,,,,-4.0685,45.1127,,,,,4.5,7.5,14.0,12.95,False,False,outdoors,no_prior_season_situational_for_packaged_priors,rolling_features_unavailable_pre_2023
2014,9,2014-11-02,OAK@SEA,SEA,OAK,30.0,24.0,-6.0,54.0,-13.5,43.5,,,,,-4.9659,45.1433,,,,,-7.5,-10.5,6.0,4.95,,False,outdoors,no_prior_season_situational_for_packaged_priors,rolling_features_unavailable_pre_2023
2014,9,2014-11-02,PHI@HOU,HOU,PHI,21.0,31.0,10.0,52.0,1.5,48.5,,,,,0.3283,45.1602,,,,,-8.5,-3.5,-10.0,-11.05,False,False,closed,no_prior_season_situational_for_packaged_priors,rolling_features_unavailable_pre_2023
2014,9,2014-11-02,SD@MIA,MIA,SD,37.0,0.0,-37.0,37.0,-3.0,45.5,,,,,-0.705,45.1389,,,,,34.0,8.5,37.0,35.95,,False,outdoors,no_prior_season_situational_for_packaged_priors,rolling_features_unavailable_pre_2023
2014,9,2014-11-02,STL@SF,SF,STL,10.0,13.0,3.0,23.0,-10.5,44.0,,,,,-2.9503,45.0968,,,,,-13.5,21.0,-3.0,-4.05,,False,outdoors,no_prior_season_situational_for_packaged_priors,rolling_features_unavailable_pre_2023
2014,9,2014-11-02,TB@CLE,CLE,TB,22.0,17.0,-5.0,39.0,-7.0,44.0,,,,,-3.9424,45.1097,,,,,-2.0,5.0,5.0,3.95,False,False,outdoors,no_prior_season_situational_for_packaged_priors,rolling_features_unavailable_pre_2023
2014,9,2014-11-02,WSH@MIN,MIN,WSH,29.0,26.0,-3.0,55.0,1.0,43.5,,,,,-1.05,45.0362,,,,,4.0,-11.5,3.0,1.95,False,False,outdoors,no_prior_season_situational_for_packaged_priors,rolling_features_unavailable_pre_2023
2014,10,2014-11-09,ATL@TB,TB,ATL,17.0,27.0,10.0,44.0,3.5,47.0,,,,,-0.1797,44.9511,,,,,-6.5,3.0,-10.0,-11.05,True,False,outdoors,no_prior_season_situational_for_packaged_priors,rolling_features_unavailable_pre_2023
2014,10,2014-11-10,CAR@PHI,PHI,CAR,45.0,21.0,-24.0,66.0,-7.0,48.5,,,,,-3.484,45.18,,,,,17.0,-17.5,24.0,22.95,False,False,outdoors,no_prior_season_situational_for_packaged_priors,rolling_features_unavailable_pre_2023
2014,10,2014-11-09,CHI@GB,GB,CHI,55.0,14.0,-41.0,69.0,-9.5,53.0,,,,,-2.6904,45.1205,,,,,31.5,-16.0,41.0,39.95,True,False,outdoors,no_prior_season_situational_for_packaged_priors,rolling_features_unavailable_pre_2023
2014,10,2014-11-06,CLE@CIN,CIN,CLE,3.0,24.0,21.0,27.0,-6.5,45.5,,,,,-1.6176,45.1715,,,,,-27.5,18.5,-21.0,-22.05,True,False,outdoors,no_prior_season_situational_for_packaged_priors,rolling_features_unavailable_pre_2023
2014,10,2014-11-09,DAL@JAX,JAX,DAL,17.0,31.0,14.0,48.0,7.5,45.0,,,,,2.6814,45.1791,,,,,-6.5,-3.0,-14.0,-15.05,False,False,outdoors,no_prior_season_situational_for_packaged_priors,rolling_features_unavailable_pre_2023
2014,10,2014-11-09,DEN@OAK,OAK,DEN,17.0,41.0,24.0,58.0,13.0,50.5,,,,,4.0138,45.2867,,,,,-11.0,-7.5,-24.0,-25.05,,False,outdoors,no_prior_season_situational_for_packaged_priors,rolling_features_unavailable_pre_2023
2014,10,2014-11-09,KC@BUF,BUF,KC,13.0,17.0,4.0,30.0,-2.0,42.0,,,,,-1.05,45.1493,,,,,-6.0,12.0,-4.0,-5.05,False,False,outdoors,no_prior_season_situational_for_packaged_priors,rolling_features_unavailable_pre_2023
2014,10,2014-11-09,MIA@DET,DET,MIA,20.0,16.0,-4.0,36.0,-3.0,43.0,,,,,-1.8422,45.182,,,,,1.0,7.0,4.0,2.95,False,False,dome,no_prior_season_situational_for_packaged_priors,rolling_features_unavailable_pre_2023
2014,10,2014-11-09,NYG@SEA,SEA,NYG,38.0,17.0,-21.0,55.0,-9.0,44.5,,,,,-2.6904,45.1205,,,,,12.0,-10.5,21.0,19.95,False,False,outdoors,no_prior_season_situational_for_packaged_priors,rolling_features_unavailable_pre_2023
2014,10,2014-11-09,PIT@NYJ,NYJ,PIT,20.0,13.0,-7.0,33.0,4.5,47.0,,,,,2.6814,45.1791,,,,,11.5,14.0,7.0,5.95,False,False,outdoors,no_prior_season_situational_for_packaged_priors,rolling_features_unavailable_pre_2023
2014,10,2014-11-09,SF@NO,NO,SF,24.0,27.0,3.0,51.0,-6.0,49.5,,,,,-1.05,45.0941,,,,,-9.0,-1.5,-3.0,-4.05,False,False,dome,no_prior_season_situational_for_packaged_priors,rolling_features_unavailable_pre_2023
2014,10,2014-11-09,STL@ARI,ARI,STL,31.0,14.0,-17.0,45.0,-7.0,43.0,,,,,-4.2617,45.2501,,,,,10.0,-2.0,17.0,15.95,,False,closed,no_prior_season_situational_for_packaged_priors,rolling_features_unavailable_pre_2023
2014,10,2014-11-09,TEN@BAL,BAL,TEN,21.0,7.0,-14.0,28.0,-10.5,44.5,,,,,-3.0924,45.0902,,,,,3.5,16.5,14.0,12.95,False,False,outdoors,no_prior_season_situational_for_packaged_priors,rolling_features_unavailable_pre_2023
2014,11,2014-11-16,ATL@CAR,CAR,ATL,17.0,19.0,2.0,36.0,2.5,46.5,,,,,-1.05,45.0162,,,,,0.5,10.5,-2.0,-3.05,True,False,outdoors,no_prior_season_situational_for_packaged_priors,rolling_features_unavailable_pre_2023
2014,11,2014-11-13,BUF@MIA,MIA,BUF,22.0,9.0,-13.0,31.0,-4.0,40.5,,,,,-1.05,45.119,,,,,9.0,9.5,13.0,11.95,True,False,outdoors,no_prior_season_situational_for_packaged_priors,rolling_features_unavailable_pre_2023
2014,11,2014-11-16,CIN@NO,NO,CIN,10.0,27.0,17.0,37.0,-8.5,51.0,,,,,0.1268,45.1233,,,,,-25.5,14.0,-17.0,-18.05,False,False,dome,no_prior_season_situational_for_packaged_priors,rolling_features_unavailable_pre_2023
2014,11,2014-11-16,DEN@STL,STL,DEN,22.0,7.0,-15.0,29.0,8.0,49.5,,,,,1.84,45.2007,,,,,23.0,20.5,15.0,13.95,,False,dome,no_prior_season_situational_for_packaged_priors,rolling_features_unavailable_pre_2023
2014,11,2014-11-16,DET@ARI,ARI,DET,14.0,6.0,-8.0,20.0,1.0,41.5,,,,,-1.7362,45.2402,,,,,9.0,21.5,8.0,6.95,False,False,closed,no_prior_season_situational_for_packaged_priors,rolling_features_unavailable_pre_2023
2014,11,2014-11-16,HOU@CLE,CLE,HOU,7.0,23.0,16.0,30.0,-4.5,42.0,,,,,-2.493,45.1394,,,,,-20.5,12.0,-16.0,-17.05,False,False,outdoors,no_prior_season_situational_for_packaged_priors,rolling_features_unavailable_pre_2023
2014,11,2014-11-16,MIN@CHI,CHI,MIN,21.0,13.0,-8.0,34.0,-2.5,46.5,,,,,-0.3059,45.0482,,,,,5.5,12.5,8.0,6.95,True,False,outdoors,no_prior_season_situational_for_packaged_priors,rolling_features_unavailable_pre_2023
2014,11,2014-11-16,NE@IND,IND,NE,20.0,42.0,22.0,62.0,-3.0,58.0,,,,,-0.3502,45.1952,,,,,-25.0,-4.0,-22.0,-23.05,False,False,closed,no_prior_season_situational_for_packaged_priors,rolling_features_unavailable_pre_2023
2014,11,2014-11-16,OAK@SD,SD,OAK,13.0,6.0,-7.0,19.0,-10.5,45.5,,,,,-4.8623,45.1315,,,,,-3.5,26.5,7.0,5.95,,False,outdoors,no_prior_season_situational_for_packaged_priors,rolling_features_unavailable_pre_2023
2014,11,2014-11-16,PHI@GB,GB,PHI,53.0,20.0,-33.0,73.0,-4.5,55.5,,,,,-0.3502,45.1952,,,,,28.5,-17.5,33.0,31.95,False,False,outdoors,no_prior_season_situational_for_packaged_priors,rolling_features_unavailable_pre_2023
2014,11,2014-11-17,PIT@TEN,TEN,PIT,24.0,27.0,3.0,51.0,7.0,46.5,,,,,1.4724,45.1156,,,,,4.0,-4.5,-3.0,-4.05,False,False,outdoors,no_prior_season_situational_for_packaged_priors,rolling_features_unavailable_pre_2023
2014,11,2014-11-16,SEA@KC,KC,SEA,24.0,20.0,-4.0,44.0,1.0,43.5,,,,,-1.05,45.1671,,,,,5.0,-0.5,4.0,2.95,False,False,outdoors,no_prior_season_situational_for_packaged_priors,rolling_features_unavailable_pre_2023
2014,11,2014-11-16,SF@NYG,NYG,SF,10.0,16.0,6.0,26.0,4.0,45.0,,,,,0.4231,45.09,,,,,-2.0,19.0,-6.0,-7.05,False,False,outdoors,no_prior_season_situational_for_packaged_priors,rolling_features_unavailable_pre_2023
2014,11,2014-11-16,TB@WSH,WSH,TB,7.0,27.0,20.0,34.0,-6.5,45.5,,,,,-2.5873,44.9845,,,,,-26.5,11.5,-20.0,-21.05,False,False,outdoors,no_prior_season_situational_for_packaged_priors,rolling_features_unavailable_pre_2023
2014,12,2014-11-23,ARI@SEA,SEA,ARI,19.0,3.0,-16.0,22.0,-7.5,42.0,,,,,0.8314,45.2365,,,,,8.5,20.0,16.0,14.95,True,False,outdoors,no_prior_season_situational_for_packaged_priors,rolling_features_unavailable_pre_2023
2014,12,2014-11-24,BAL@NO,NO,BAL,27.0,34.0,7.0,61.0,-2.5,50.5,,,,,0.262,45.111,,,,,-9.5,-10.5,-7.0,-8.05,False,False,dome,no_prior_season_situational_for_packaged_priors,rolling_features_unavailable_pre_2023
2014,12,2014-11-23,CIN@HOU,HOU,CIN,13.0,22.0,9.0,35.0,-3.0,44.5,,,,,0.0265,45.1425,,,,,-12.0,9.5,-9.0,-10.05,False,False,closed,no_prior_season_situational_for_packaged_priors,rolling_features_unavailable_pre_2023
2014,12,2014-11-23,CLE@ATL,ATL,CLE,24.0,26.0,2.0,50.0,-3.0,48.5,,,,,0.262,45.111,,,,,-5.0,-1.5,-2.0,-3.05,False,False,dome,no_prior_season_situational_for_packaged_priors,rolling_features_unavailable_pre_2023
2014,12,2014-11-23,DAL@NYG,NYG,DAL,28.0,31.0,3.0,59.0,4.0,48.5,,,,,1.577,45.1617,,,,,1.0,-10.5,-3.0,-4.05,True,False,outdoors,no_prior_season_situational_for_packaged_priors,rolling_features_unavailable_pre_2023
2014,12,2014-11-23,DET@NE,NE,DET,34.0,9.0,-25.0,43.0,-7.5,47.5,,,,,-1.6767,45.2057,,,,,17.5,4.5,25.0,23.95,False,False,outdoors,no_prior_season_situational_for_packaged_priors,rolling_features_unavailable_pre_2023
2014,12,2014-11-23,GB@MIN,MIN,GB,21.0,24.0,3.0,45.0,7.5,50.0,,,,,0.9008,45.1538,,,,,4.5,5.0,-3.0,-4.05,True,False,outdoors,no_prior_season_situational_for_packaged_priors,rolling_features_unavailable_pre_2023
2014,12,2014-11-23,JAX@IND,IND,JAX,23.0,3.0,-20.0,26.0,-13.0,49.0,,,,,-4.4313,45.1363,,,,,7.0,23.0,20.0,18.95,True,False,closed,no_prior_season_situational_for_packaged_priors,rolling_features_unavailable_pre_2023
2014,12,2014-11-20,KC@OAK,OAK,KC,24.0,20.0,-4.0,44.0,7.5,42.0,,,,,3.6955,45.2444,,,,,11.5,-2.0,4.0,2.95,,False,outdoors,no_prior_season_situational_for_packaged_priors,rolling_features_unavailable_pre_2023
2014,12,2014-11-23,MIA@DEN,DEN,MIA,39.0,36.0,-3.0,75.0,-6.5,47.5,,,,,-1.688,45.164,,,,,-3.5,-27.5,3.0,1.95,False,False,outdoors,no_prior_season_situational_for_packaged_priors,rolling_features_unavailable_pre_2023
2014,12,2014-11-24,NYJ@BUF,BUF,NYJ,38.0,3.0,-35.0,41.0,-2.5,42.0,,,,,-3.0755,45.0645,,,,,32.5,1.0,35.0,33.95,True,False,dome,no_prior_season_situational_for_packaged_priors,rolling_features_unavailable_pre_2023
2014,12,2014-11-23,STL@SD,SD,STL,27.0,24.0,-3.0,51.0,-4.0,43.5,,,,,-2.362,45.111,,,,,-1.0,-7.5,3.0,1.95,,False,outdoors,no_prior_season_situational_for_packaged_priors,rolling_features_unavailable_pre_2023
2014,12,2014-11-23,TB@CHI,CHI,TB,21.0,13.0,-8.0,34.0,-4.0,47.0,,,,,-2.4127,45.0182,,,,,4.0,13.0,8.0,6.95,False,False,outdoors,no_prior_season_situational_for_packaged_priors,rolling_features_unavailable_pre_2023
2014,12,2014-11-23,TEN@PHI,PHI,TEN,43.0,24.0,-19.0,67.0,-11.0,49.0,,,,,-4.3676,45.1791,,,,,8.0,-18.0,19.0,17.95,False,False,outdoors,no_prior_season_situational_for_packaged_priors,rolling_features_unavailable_pre_2023
2014,12,2014-11-23,WSH@SF,SF,WSH,17.0,13.0,-4.0,30.0,-9.0,44.0,,,,,-3.0374,45.11,,,,,-5.0,14.0,4.0,2.95,False,False,outdoors,no_prior_season_situational_for_packaged_priors,rolling_features_unavailable_pre_2023
2014,13,2014-11-30,ARI@ATL,ATL,ARI,29.0,18.0,-11.0,47.0,1.5,45.5,,,,,1.8868,45.2189,,,,,12.5,-1.5,11.0,9.95,False,False,dome,no_prior_season_situational_for_packaged_priors,rolling_features_unavailable_pre_2023
2014,13,2014-11-30,CAR@MIN,MIN,CAR,31.0,13.0,-18.0,44.0,-2.5,41.5,,,,,-1.4808,45.0173,,,,,15.5,-2.5,18.0,16.95,False,False,outdoors,no_prior_season_situational_for_packaged_priors,rolling_features_unavailable_pre_2023
2014,13,2014-11-27,CHI@DET,DET,CHI,34.0,17.0,-17.0,51.0,-7.5,46.0,,,,,-2.2327,45.1282,,,,,9.5,-5.0,17.0,15.95,True,False,dome,no_prior_season_situational_for_packaged_priors,rolling_features_unavailable_pre_2023
2014,13,2014-11-30,CIN@TB,TB,CIN,13.0,14.0,1.0,27.0,6.0,43.5,,,,,2.3948,45.1833,,,,,5.0,16.5,-1.0,-2.05,False,False,outdoors,no_prior_season_situational_for_packaged_priors,rolling_features_unavailable_pre_2023
2014,13,2014-11-30,CLE@BUF,BUF,CLE,26.0,10.0,-16.0,36.0,-3.0,42.0,,,,,-0.4637,45.1379,,,,,13.0,6.0,16.0,14.95,False,False,outdoors,no_prior_season_situational_for_packaged_priors,rolling_features_unavailable_pre_2023
2014,13,2014-11-30,DEN@KC,KC,DEN,16.0,29.0,13.0,45.0,-1.0,49.0,,,,,-0.4733,45.1768,,,,,-14.0,4.0,-13.0,-14.05,True,False,outdoors,no_prior_season_situational_for_packaged_priors,rolling_features_unavailable_pre_2023
2014,13,2014-12-01,MIA@NYJ,NYJ,MIA,13.0,16.0,3.0,29.0,6.5,41.5,,,,,1.3998,45.0897,,,,,3.5,12.5,-3.0,-4.05,True,False,outdoors,no_prior_season_situational_for_packaged_priors,rolling_features_unavailable_pre_2023
2014,13,2014-11-30,NE@GB,GB,NE,26.0,21.0,-5.0,47.0,-3.0,57.0,,,,,-0.4826,45.2143,,,,,2.0,10.0,5.0,3.95,False,False,outdoors,no_prior_season_situational_for_packaged_priors,rolling_features_unavailable_pre_2023
2014,13,2014-11-30,NO@PIT,PIT,NO,32.0,35.0,3.0,67.0,-3.5,54.5,,,,,-2.8397,45.1255,,,,,-6.5,-12.5,-3.0,-4.05,False,False,outdoors,no_prior_season_situational_for_packaged_priors,rolling_features_unavailable_pre_2023
2014,13,2014-11-30,NYG@JAX,JAX,NYG,25.0,24.0,-1.0,49.0,3.0,44.0,,,,,0.2176,44.9565,,,,,4.0,-5.0,1.0,-0.050000000000000044,False,False,outdoors,no_prior_season_situational_for_packaged_priors,rolling_features_unavailable_pre_2023
2014,13,2014-11-30,OAK@STL,STL,OAK,52.0,0.0,-52.0,52.0,-6.5,43.0,,,,,-2.9353,44.9988,,,,,45.5,-9.0,52.0,50.95,,False,dome,no_prior_season_situational_for_packaged_priors,rolling_features_unavailable_pre_2023
2014,13,2014-11-27,PHI@DAL,DAL,PHI,10.0,33.0,23.0,43.0,-3.0,56.5,,,,,-1.05,45.1925,,,,,-26.0,13.5,-23.0,-24.05,True,False,closed,no_prior_season_situational_for_packaged_priors,rolling_features_unavailable_pre_2023
2014,13,2014-11-30,SD@BAL,BAL,SD,33.0,34.0,1.0,67.0,-6.5,45.5,,,,,-1.05,45.1542,,,,,-7.5,-21.5,-1.0,-2.05,,False,outdoors,no_prior_season_situational_for_packaged_priors,rolling_features_unavailable_pre_2023
2014,13,2014-11-27,SEA@SF,SF,SEA,3.0,19.0,16.0,22.0,-1.0,40.0,,,,,-1.05,45.1542,,,,,-17.0,18.0,-16.0,-17.05,True,False,outdoors,no_prior_season_situational_for_packaged_priors,rolling_features_unavailable_pre_2023
2014,13,2014-11-30,TEN@HOU,HOU,TEN,45.0,21.0,-24.0,66.0,-7.0,43.0,,,,,-2.9023,45.0426,,,,,17.0,-23.0,24.0,22.95,True,False,closed,no_prior_season_situational_for_packaged_priors,rolling_features_unavailable_pre_2023
2014,13,2014-11-30,WSH@IND,IND,WSH,49.0,27.0,-22.0,76.0,-7.5,48.5,,,,,-3.458,45.1302,,,,,14.5,-27.5,22.0,20.95,False,False,closed,no_prior_season_situational_for_packaged_priors,rolling_features_unavailable_pre_2023
2014,14,2014-12-08,ATL@GB,GB,ATL,43.0,37.0,-6.0,80.0,-13.5,54.5,,,,,-3.2047,45.1767,,,,,-7.5,-25.5,6.0,4.95,False,False,outdoors,no_prior_season_situational_for_packaged_priors,rolling_features_unavailable_pre_2023
2014,14,2014-12-07,BAL@MIA,MIA,BAL,13.0,28.0,15.0,41.0,-3.0,45.0,,,,,-1.05,45.1312,,,,,-18.0,4.0,-15.0,-16.05,False,False,outdoors,no_prior_season_situational_for_packaged_priors,rolling_features_unavailable_pre_2023
2014,14,2014-12-07,BUF@DEN,DEN,BUF,24.0,17.0,-7.0,41.0,-9.0,47.0,,,,,-2.1104,45.1781,,,,,-2.0,6.0,7.0,5.95,False,False,outdoors,no_prior_season_situational_for_packaged_priors,rolling_features_unavailable_pre_2023
2014,14,2014-12-07,CAR@NO,NO,CAR,10.0,41.0,31.0,51.0,-8.5,50.5,,,,,-2.0221,45.031,,,,,-39.5,-0.5,-31.0,-32.05,True,False,dome,no_prior_season_situational_for_packaged_priors,rolling_features_unavailable_pre_2023
2014,14,2014-12-04,DAL@CHI,CHI,DAL,28.0,41.0,13.0,69.0,3.5,50.5,,,,,0.5777,45.1388,,,,,-9.5,-18.5,-13.0,-14.05,False,False,outdoors,no_prior_season_situational_for_packaged_priors,rolling_features_unavailable_pre_2023
2014,14,2014-12-07,HOU@JAX,JAX,HOU,13.0,27.0,14.0,40.0,6.5,41.5,,,,,1.2082,45.0663,,,,,-7.5,1.5,-14.0,-15.05,True,False,outdoors,no_prior_season_situational_for_packaged_priors,rolling_features_unavailable_pre_2023
2014,14,2014-12-07,IND@CLE,CLE,IND,24.0,25.0,1.0,49.0,3.0,50.0,,,,,-0.5159,45.1521,,,,,2.0,1.0,-1.0,-2.05,False,False,outdoors,no_prior_season_situational_for_packaged_priors,rolling_features_unavailable_pre_2023
2014,14,2014-12-07,KC@ARI,ARI,KC,17.0,14.0,-3.0,31.0,2.5,41.5,,,,,-2.1104,45.1781,,,,,5.5,10.5,3.0,1.95,False,False,closed,no_prior_season_situational_for_packaged_priors,rolling_features_unavailable_pre_2023
2014,14,2014-12-07,NE@SD,SD,NE,14.0,23.0,9.0,37.0,4.0,53.0,,,,,-0.5239,45.1873,,,,,-5.0,16.0,-9.0,-10.05,,False,outdoors,no_prior_season_situational_for_packaged_priors,rolling_features_unavailable_pre_2023
2014,14,2014-12-07,NYG@TEN,TEN,NYG,7.0,36.0,29.0,43.0,3.0,46.5,,,,,-0.4722,44.9575,,,,,-26.0,3.5,-29.0,-30.05,False,False,outdoors,no_prior_season_situational_for_packaged_priors,rolling_features_unavailable_pre_2023
2014,14,2014-12-07,NYJ@MIN,MIN,NYJ,30.0,24.0,-6.0,54.0,-4.5,40.5,,,,,-2.7565,45.0245,,,,,1.5,-13.5,6.0,4.95,False,False,outdoors,no_prior_season_situational_for_packaged_priors,rolling_features_unavailable_pre_2023
2014,14,2014-12-07,PIT@CIN,CIN,PIT,21.0,42.0,21.0,63.0,-3.0,47.0,,,,,-1.9676,45.1705,,,,,-24.0,-16.0,-21.0,-22.05,True,False,outdoors,no_prior_season_situational_for_packaged_priors,rolling_features_unavailable_pre_2023
2014,14,2014-12-07,SEA@PHI,PHI,SEA,14.0,24.0,10.0,38.0,1.5,48.0,,,,,-1.5761,45.1873,,,,,-8.5,10.0,-10.0,-11.05,False,False,outdoors,no_prior_season_situational_for_packaged_priors,rolling_features_unavailable_pre_2023
2014,14,2014-12-07,SF@OAK,OAK,SF,24.0,13.0,-11.0,37.0,8.0,40.0,,,,,2.3422,45.129,,,,,19.0,3.0,11.0,9.95,,False,outdoors,no_prior_season_situational_for_packaged_priors,rolling_features_unavailable_pre_2023
2014,14,2014-12-07,STL@WSH,WSH,STL,0.0,24.0,24.0,24.0,2.5,44.5,,,,,0.0782,45.0287,,,,,-21.5,20.5,-24.0,-25.05,,False,outdoors,no_prior_season_situational_for_packaged_priors,rolling_features_unavailable_pre_2023
2014,14,2014-12-07,TB@DET,DET,TB,34.0,17.0,-17.0,51.0,-10.5,42.0,,,,,-4.3886,45.165,,,,,6.5,-9.0,17.0,15.95,False,False,dome,no_prior_season_situational_for_packaged_priors,rolling_features_unavailable_pre_2023
2014,15,2014-12-11,ARI@STL,STL,ARI,6.0,12.0,6.0,18.0,-6.0,40.5,,,,,0.9271,45.1834,,,,,-12.0,22.5,-6.0,-7.05,,False,dome,no_prior_season_situational_for_packaged_priors,rolling_features_unavailable_pre_2023
2014,15,2014-12-14,CIN@CLE,CLE,CIN,0.0,30.0,30.0,30.0,-2.5,44.0,,,,,-0.2249,45.1462,,,,,-32.5,14.0,-30.0,-31.05,True,False,outdoors,no_prior_season_situational_for_packaged_priors,rolling_features_unavailable_pre_2023
2014,15,2014-12-14,DAL@PHI,PHI,DAL,27.0,38.0,11.0,65.0,-3.5,54.5,,,,,-1.05,45.1779,,,,,-14.5,-10.5,-11.0,-12.05,True,False,outdoors,no_prior_season_situational_for_packaged_priors,rolling_features_unavailable_pre_2023
2014,15,2014-12-14,DEN@SD,SD,DEN,10.0,22.0,12.0,32.0,4.0,49.0,,,,,-0.0758,45.1872,,,,,-8.0,17.0,-12.0,-13.05,,False,outdoors,no_prior_season_situational_for_packaged_priors,rolling_features_unavailable_pre_2023
2014,15,2014-12-14,GB@BUF,BUF,GB,21.0,13.0,-8.0,34.0,3.5,49.5,,,,,0.4219,45.1829,,,,,11.5,15.5,8.0,6.95,False,False,outdoors,no_prior_season_situational_for_packaged_priors,rolling_features_unavailable_pre_2023
2014,15,2014-12-14,HOU@IND,IND,HOU,17.0,10.0,-7.0,27.0,-7.0,49.0,,,,,-2.0379,45.1547,,,,,0.0,22.0,7.0,5.95,True,False,closed,no_prior_season_situational_for_packaged_priors,rolling_features_unavailable_pre_2023
2014,15,2014-12-14,JAX@BAL,BAL,JAX,20.0,12.0,-8.0,32.0,-14.0,44.5,,,,,-4.1495,45.1349,,,,,-6.0,12.5,8.0,6.95,False,False,outdoors,no_prior_season_situational_for_packaged_priors,rolling_features_unavailable_pre_2023
2014,15,2014-12-14,MIA@NE,NE,MIA,41.0,13.0,-28.0,54.0,-9.5,49.0,,,,,-2.5219,45.1829,,,,,18.5,-5.0,28.0,26.95,True,False,outdoors,no_prior_season_situational_for_packaged_priors,rolling_features_unavailable_pre_2023
2014,15,2014-12-14,MIN@DET,DET,MIN,16.0,14.0,-2.0,30.0,-8.0,42.5,,,,,-2.5427,45.1502,,,,,-6.0,12.5,2.0,0.95,True,False,dome,no_prior_season_situational_for_packaged_priors,rolling_features_unavailable_pre_2023
2014,15,2014-12-15,NO@CHI,CHI,NO,15.0,31.0,16.0,46.0,3.0,53.5,,,,,-1.05,45.0407,,,,,-13.0,7.5,-16.0,-17.05,False,False,outdoors,no_prior_season_situational_for_packaged_priors,rolling_features_unavailable_pre_2023
2014,15,2014-12-14,NYJ@TEN,TEN,NYJ,11.0,16.0,5.0,27.0,3.5,42.0,,,,,-1.05,44.9262,,,,,-1.5,15.0,-5.0,-6.05,False,False,outdoors,no_prior_season_situational_for_packaged_priors,rolling_features_unavailable_pre_2023
2014,15,2014-12-14,OAK@KC,KC,OAK,31.0,13.0,-18.0,44.0,-11.0,41.5,,,,,-3.6502,45.0887,,,,,7.0,-2.5,18.0,16.95,,False,outdoors,no_prior_season_situational_for_packaged_priors,rolling_features_unavailable_pre_2023
2014,15,2014-12-14,PIT@ATL,ATL,PIT,20.0,27.0,7.0,47.0,3.0,55.0,,,,,0.464,45.1166,,,,,-4.0,8.0,-7.0,-8.05,False,False,dome,no_prior_season_situational_for_packaged_priors,rolling_features_unavailable_pre_2023
2014,15,2014-12-14,SF@SEA,SEA,SF,17.0,7.0,-10.0,24.0,-10.0,38.0,,,,,-2.0379,45.1547,,,,,0.0,14.0,10.0,8.95,True,False,outdoors,no_prior_season_situational_for_packaged_priors,rolling_features_unavailable_pre_2023
2014,15,2014-12-14,TB@CAR,CAR,TB,19.0,17.0,-2.0,36.0,-3.5,41.0,,,,,-2.2863,44.9871,,,,,-1.5,5.0,2.0,0.95,True,False,outdoors,no_prior_season_situational_for_packaged_priors,rolling_features_unavailable_pre_2023
2014,15,2014-12-14,WSH@NYG,NYG,WSH,24.0,13.0,-11.0,37.0,-7.0,46.5,,,,,-1.577,44.9876,,,,,4.0,9.5,11.0,9.95,True,False,outdoors,no_prior_season_situational_for_packaged_priors,rolling_features_unavailable_pre_2023
2014,16,2014-12-21,ATL@NO,NO,ATL,14.0,30.0,16.0,44.0,-6.0,56.0,,,,,-1.5279,45.0469,,,,,-22.0,12.0,-16.0,-17.05,True,False,dome,no_prior_season_situational_for_packaged_priors,rolling_features_unavailable_pre_2023
2014,16,2014-12-21,BAL@HOU,HOU,BAL,25.0,13.0,-12.0,38.0,6.0,42.0,,,,,-0.1253,45.1343,,,,,18.0,4.0,12.0,10.95,False,False,closed,no_prior_season_situational_for_packaged_priors,rolling_features_unavailable_pre_2023
2014,16,2014-12-21,BUF@OAK,OAK,BUF,26.0,24.0,-2.0,50.0,7.0,42.0,,,,,1.8424,45.1097,,,,,9.0,-8.0,2.0,0.95,,False,outdoors,no_prior_season_situational_for_packaged_priors,rolling_features_unavailable_pre_2023
2014,16,2014-12-21,CLE@CAR,CAR,CLE,17.0,13.0,-4.0,30.0,-6.0,40.0,,,,,-0.2851,45.0735,,,,,-2.0,10.0,4.0,2.95,False,False,outdoors,no_prior_season_situational_for_packaged_priors,rolling_features_unavailable_pre_2023
2014,16,2014-12-22,DEN@CIN,CIN,DEN,37.0,28.0,-9.0,65.0,3.5,47.0,,,,,-0.4635,45.2007,,,,,12.5,-18.0,9.0,7.95,False,False,outdoors,no_prior_season_situational_for_packaged_priors,rolling_features_unavailable_pre_2023
2014,16,2014-12-21,DET@CHI,CHI,DET,14.0,20.0,6.0,34.0,10.0,44.5,,,,,1.2793,45.1633,,,,,4.0,10.5,-6.0,-7.05,True,False,outdoors,no_prior_season_situational_for_packaged_priors,rolling_features_unavailable_pre_2023
2014,16,2014-12-21,GB@TB,TB,GB,3.0,20.0,17.0,23.0,11.5,48.5,,,,,2.7598,45.2034,,,,,-5.5,25.5,-17.0,-18.05,False,False,outdoors,no_prior_season_situational_for_packaged_priors,rolling_features_unavailable_pre_2023
2014,16,2014-12-21,IND@DAL,DAL,IND,42.0,7.0,-35.0,49.0,-3.5,53.0,,,,,-1.05,45.1871,,,,,31.5,4.0,35.0,33.95,False,False,closed,no_prior_season_situational_for_packaged_priors,rolling_features_unavailable_pre_2023
2014,16,2014-12-21,KC@PIT,PIT,KC,20.0,12.0,-8.0,32.0,-2.5,49.5,,,,,-1.5093,45.1436,,,,,5.5,17.5,8.0,6.95,False,False,outdoors,no_prior_season_situational_for_packaged_priors,rolling_features_unavailable_pre_2023
2014,16,2014-12-21,MIN@MIA,MIA,MIN,37.0,35.0,-2.0,72.0,-4.5,42.0,,,,,-1.5215,45.08,,,,,-2.5,-30.0,2.0,0.95,False,False,outdoors,no_prior_season_situational_for_packaged_priors,rolling_features_unavailable_pre_2023
2014,16,2014-12-21,NE@NYJ,NYJ,NE,16.0,17.0,1.0,33.0,10.0,47.0,,,,,2.7089,45.2323,,,,,9.0,14.0,-1.0,-2.05,True,False,outdoors,no_prior_season_situational_for_packaged_priors,rolling_features_unavailable_pre_2023
2014,16,2014-12-21,NYG@STL,STL,NYG,27.0,37.0,10.0,64.0,-7.0,43.5,,,,,-1.5279,45.0469,,,,,-17.0,-20.5,-10.0,-11.05,,False,dome,no_prior_season_situational_for_packaged_priors,rolling_features_unavailable_pre_2023
2014,16,2014-12-20,PHI@WSH,WSH,PHI,27.0,24.0,-3.0,51.0,7.0,51.0,,,,,1.8033,45.1412,,,,,10.0,0.0,3.0,1.95,True,False,outdoors,no_prior_season_situational_for_packaged_priors,rolling_features_unavailable_pre_2023
2014,16,2014-12-20,SD@SF,SF,SD,35.0,38.0,3.0,73.0,-2.0,40.5,,,,,-0.5847,45.1123,,,,,-5.0,-32.5,-3.0,-4.05,,False,outdoors,no_prior_season_situational_for_packaged_priors,rolling_features_unavailable_pre_2023
2014,16,2014-12-21,SEA@ARI,ARI,SEA,6.0,35.0,29.0,41.0,9.5,36.5,,,,,-1.4976,45.2038,,,,,-19.5,-4.5,-29.0,-30.05,True,False,closed,no_prior_season_situational_for_packaged_priors,rolling_features_unavailable_pre_2023
2014,16,2014-12-18,TEN@JAX,JAX,TEN,21.0,13.0,-8.0,34.0,-4.0,39.0,,,,,-1.05,44.9205,,,,,4.0,5.0,8.0,6.95,True,False,outdoors,no_prior_season_situational_for_packaged_priors,rolling_features_unavailable_pre_2023
2014,17,2014-12-28,ARI@SF,SF,ARI,20.0,17.0,-3.0,37.0,-6.0,38.0,,,,,0.6679,45.1674,,,,,-3.0,1.0,3.0,1.95,True,False,outdoors,no_prior_season_situational_for_packaged_priors,rolling_features_unavailable_pre_2023
2014,17,2014-12-28,BUF@NE,NE,BUF,9.0,17.0,8.0,26.0,-4.5,43.5,,,,,-2.7472,45.1953,,,,,-12.5,17.5,-8.0,-9.05,True,False,outdoors,no_prior_season_situational_for_packaged_priors,rolling_features_unavailable_pre_2023
2014,17,2014-12-28,CAR@ATL,ATL,CAR,3.0,34.0,31.0,37.0,-2.5,48.0,,,,,-0.8596,45.0551,,,,,-33.5,11.0,-31.0,-32.05,True,False,dome,no_prior_season_situational_for_packaged_priors,rolling_features_unavailable_pre_2023
2014,17,2014-12-28,CHI@MIN,MIN,CHI,13.0,9.0,-4.0,22.0,-7.0,47.0,,,,,-1.4983,45.0342,,,,,-3.0,25.0,4.0,2.95,True,False,outdoors,no_prior_season_situational_for_packaged_priors,rolling_features_unavailable_pre_2023
2014,17,2014-12-28,CIN@PIT,PIT,CIN,27.0,17.0,-10.0,44.0,-3.0,48.0,,,,,-0.7484,45.178,,,,,7.0,4.0,10.0,8.95,True,False,outdoors,no_prior_season_situational_for_packaged_priors,rolling_features_unavailable_pre_2023
2014,17,2014-12-28,CLE@BAL,BAL,CLE,20.0,10.0,-10.0,30.0,-14.0,40.0,,,,,-1.9191,45.1165,,,,,-4.0,10.0,10.0,8.95,True,False,outdoors,no_prior_season_situational_for_packaged_priors,rolling_features_unavailable_pre_2023
2014,17,2014-12-28,DAL@WSH,WSH,DAL,17.0,44.0,27.0,61.0,6.0,47.5,,,,,2.0166,45.1862,,,,,-21.0,-13.5,-27.0,-28.05,True,False,outdoors,no_prior_season_situational_for_packaged_priors,rolling_features_unavailable_pre_2023
2014,17,2014-12-28,DET@GB,GB,DET,30.0,20.0,-10.0,50.0,-9.0,46.5,,,,,-1.05,45.195,,,,,1.0,-3.5,10.0,8.95,True,False,outdoors,no_prior_season_situational_for_packaged_priors,rolling_features_unavailable_pre_2023
2014,17,2014-12-28,IND@TEN,TEN,IND,10.0,27.0,17.0,37.0,7.5,46.5,,,,,2.5237,45.1731,,,,,-9.5,9.5,-17.0,-18.05,True,False,outdoors,no_prior_season_situational_for_packaged_priors,rolling_features_unavailable_pre_2023
2014,17,2014-12-28,JAX@HOU,HOU,JAX,23.0,17.0,-6.0,40.0,-8.5,38.5,,,,,-3.2939,45.0816,,,,,-2.5,-1.5,6.0,4.95,True,False,closed,no_prior_season_situational_for_packaged_priors,rolling_features_unavailable_pre_2023
2014,17,2014-12-28,NO@TB,TB,NO,20.0,23.0,3.0,43.0,6.0,47.0,,,,,0.7793,45.0165,,,,,3.0,4.0,-3.0,-4.05,True,False,outdoors,no_prior_season_situational_for_packaged_priors,rolling_features_unavailable_pre_2023
2014,17,2014-12-28,NYJ@MIA,MIA,NYJ,24.0,37.0,13.0,61.0,-7.0,41.0,,,,,-3.2939,45.0816,,,,,-20.0,-20.0,-13.0,-14.05,True,False,outdoors,no_prior_season_situational_for_packaged_priors,rolling_features_unavailable_pre_2023
2014,17,2014-12-28,OAK@DEN,DEN,OAK,47.0,14.0,-33.0,61.0,-16.5,49.0,,,,,-4.5789,45.2008,,,,,16.5,-12.0,33.0,31.95,,False,outdoors,no_prior_season_situational_for_packaged_priors,rolling_features_unavailable_pre_2023
2014,17,2014-12-28,PHI@NYG,NYG,PHI,26.0,34.0,8.0,60.0,1.0,51.5,,,,,0.262,45.111,,,,,-7.0,-8.5,-8.0,-9.05,True,False,outdoors,no_prior_season_situational_for_packaged_priors,rolling_features_unavailable_pre_2023
2014,17,2014-12-28,SD@KC,KC,SD,19.0,7.0,-12.0,26.0,-3.0,42.5,,,,,-0.6182,45.1257,,,,,9.0,16.5,12.0,10.95,,False,outdoors,no_prior_season_situational_for_packaged_priors,rolling_features_unavailable_pre_2023
2014,17,2014-12-28,STL@SEA,SEA,STL,20.0,6.0,-14.0,26.0,-11.0,41.5,,,,,-3.2113,45.1696,,,,,3.0,15.5,14.0,12.95,,False,outdoors,no_prior_season_situational_for_packaged_priors,rolling_features_unavailable_pre_2023
2014,18,2015-01-03,ARI@CAR,CAR,ARI,27.0,16.0,-11.0,43.0,-5.5,37.5,,,,,0.3783,45.1484,,,,,5.5,-5.5,11.0,9.95,False,False,outdoors,no_prior_season_situational_for_packaged_priors,rolling_features_unavailable_pre_2023
2014,18,2015-01-03,BAL@PIT,PIT,BAL,17.0,30.0,13.0,47.0,-3.0,47.5,,,,,-1.4483,45.1642,,,,,-16.0,0.5,-13.0,-14.05,True,False,outdoors,no_prior_season_situational_for_packaged_priors,rolling_features_unavailable_pre_2023
2014,18,2015-01-04,CIN@IND,IND,CIN,26.0,10.0,-16.0,36.0,-3.5,47.0,,,,,-1.1823,45.1717,,,,,12.5,11.0,16.0,14.95,False,False,closed,no_prior_season_situational_for_packaged_priors,rolling_features_unavailable_pre_2023
2014,18,2015-01-04,DET@DAL,DAL,DET,24.0,20.0,-4.0,44.0,-6.0,47.5,,,,,-1.4438,45.1905,,,,,-2.0,3.5,4.0,2.95,False,False,closed,no_prior_season_situational_for_packaged_priors,rolling_features_unavailable_pre_2023
2014,19,2015-01-10,BAL@NE,NE,BAL,35.0,31.0,-4.0,66.0,-7.0,47.5,,,,,-1.7011,45.1847,,,,,-3.0,-18.5,4.0,2.95,False,False,outdoors,no_prior_season_situational_for_packaged_priors,rolling_features_unavailable_pre_2023
2014,19,2015-01-10,CAR@SEA,SEA,CAR,31.0,17.0,-14.0,48.0,-13.5,40.0,,,,,-2.6531,45.1745,,,,,0.5,-8.0,14.0,12.95,False,False,outdoors,no_prior_season_situational_for_packaged_priors,rolling_features_unavailable_pre_2023
2014,19,2015-01-11,DAL@GB,GB,DAL,26.0,21.0,-5.0,47.0,-5.5,52.5,,,,,-0.958,45.205,,,,,-0.5,5.5,5.0,3.95,False,False,outdoors,no_prior_season_situational_for_packaged_priors,rolling_features_unavailable_pre_2023
2014,19,2015-01-11,IND@DEN,DEN,IND,13.0,24.0,11.0,37.0,-9.5,53.5,,,,,-1.3276,45.1935,,,,,-20.5,16.5,-11.0,-12.05,False,False,outdoors,no_prior_season_situational_for_packaged_priors,rolling_features_unavailable_pre_2023
2014,20,2015-01-18,GB@SEA,SEA,GB,28.0,22.0,-6.0,50.0,-8.5,44.5,,,,,-1.05,45.2079,,,,,-2.5,-5.5,6.0,4.95,False,False,outdoors,no_prior_season_situational_for_packaged_priors,rolling_features_unavailable_pre_2023
2014,20,2015-01-18,IND@NE,NE,IND,45.0,7.0,-38.0,52.0,-7.0,52.0,,,,,-1.3165,45.1999,,,,,31.0,0.0,38.0,36.95,False,False,outdoors,no_prior_season_situational_for_packaged_priors,rolling_features_unavailable_pre_2023
2014,21,2015-02-01,NE@SEA,SEA,NE,24.0,28.0,4.0,52.0,1.0,47.0,,,,,-1.05,45.2132,,,,,-3.0,-5.0,-4.0,-5.05,False,False,closed,no_prior_season_situational_for_packaged_priors,rolling_features_unavailable_pre_2023
2015,1,2015-09-13,BAL@DEN,DEN,BAL,19.0,13.0,-6.0,32.0,-4.5,46.5,,,,,-1.05,44.8435,,,,,1.5,14.5,6.0,4.95,False,True,outdoors,no_prior_season_situational_for_packaged_priors,rolling_features_unavailable_pre_2023
2015,1,2015-09-13,CAR@JAX,JAX,CAR,9.0,20.0,11.0,29.0,3.0,41.0,,,,,-1.05,44.8435,,,,,-8.0,12.0,-11.0,-12.05,False,True,outdoors,no_prior_season_situational_for_packaged_priors,rolling_features_unavailable_pre_2023
2015,1,2015-09-13,CIN@OAK,OAK,CIN,13.0,33.0,20.0,46.0,3.0,43.0,,,,,-1.05,44.8435,,,,,-17.0,-3.0,-20.0,-21.05,,True,outdoors,no_prior_season_situational_for_packaged_priors,rolling_features_unavailable_pre_2023
2015,1,2015-09-13,CLE@NYJ,NYJ,CLE,31.0,10.0,-21.0,41.0,-3.5,39.0,,,,,-1.05,44.8435,,,,,17.5,-2.0,21.0,19.95,False,True,outdoors,no_prior_season_situational_for_packaged_priors,rolling_features_unavailable_pre_2023
2015,1,2015-09-13,DET@SD,SD,DET,33.0,28.0,-5.0,61.0,-3.5,45.5,,,,,-1.05,44.8435,,,,,1.5,-15.5,5.0,3.95,,True,outdoors,no_prior_season_situational_for_packaged_priors,rolling_features_unavailable_pre_2023
2015,1,2015-09-13,GB@CHI,CHI,GB,23.0,31.0,8.0,54.0,5.5,48.5,,,,,-1.05,44.8435,,,,,-2.5,-5.5,-8.0,-9.05,True,True,outdoors,no_prior_season_situational_for_packaged_priors,rolling_features_unavailable_pre_2023
2015,1,2015-09-13,IND@BUF,BUF,IND,27.0,14.0,-13.0,41.0,1.0,44.5,,,,,-1.05,44.8435,,,,,14.0,3.5,13.0,11.95,False,True,outdoors,no_prior_season_situational_for_packaged_priors,rolling_features_unavailable_pre_2023
2015,1,2015-09-13,KC@HOU,HOU,KC,20.0,27.0,7.0,47.0,1.0,41.0,,,,,-1.05,44.8435,,,,,-6.0,-6.0,-7.0,-8.05,False,True,closed,no_prior_season_situational_for_packaged_priors,rolling_features_unavailable_pre_2023
2015,1,2015-09-13,MIA@WSH,WSH,MIA,10.0,17.0,7.0,27.0,4.0,45.5,,,,,-1.05,44.8435,,,,,-3.0,18.5,-7.0,-8.05,False,True,outdoors,no_prior_season_situational_for_packaged_priors,rolling_features_unavailable_pre_2023
2015,1,2015-09-14,MIN@SF,SF,MIN,20.0,3.0,-17.0,23.0,2.5,42.5,,,,,-1.05,44.8435,,,,,19.5,19.5,17.0,15.95,False,True,outdoors,no_prior_season_situational_for_packaged_priors,rolling_features_unavailable_pre_2023
2015,1,2015-09-13,NO@ARI,ARI,NO,31.0,19.0,-12.0,50.0,-2.0,48.5,,,,,-1.05,44.8435,,,,,10.0,-1.5,12.0,10.95,False,True,closed,no_prior_season_situational_for_packaged_priors,rolling_features_unavailable_pre_2023
2015,1,2015-09-13,NYG@DAL,DAL,NYG,27.0,26.0,-1.0,53.0,-7.0,52.0,,,,,-1.05,44.8435,,,,,-6.0,-1.0,1.0,-0.050000000000000044,True,True,closed,no_prior_season_situational_for_packaged_priors,rolling_features_unavailable_pre_2023
2015,1,2015-09-14,PHI@ATL,ATL,PHI,26.0,24.0,-2.0,50.0,3.5,55.0,,,,,-1.05,44.8435,,,,,5.5,5.0,2.0,0.95,False,True,dome,no_prior_season_situational_for_packaged_priors,rolling_features_unavailable_pre_2023
2015,1,2015-09-10,PIT@NE,NE,PIT,28.0,21.0,-7.0,49.0,-7.5,51.0,,,,,-1.05,44.8435,,,,,-0.5,2.0,7.0,5.95,False,True,outdoors,no_prior_season_situational_for_packaged_priors,rolling_features_unavailable_pre_2023
2015,1,2015-09-13,SEA@STL,STL,SEA,34.0,31.0,-3.0,65.0,3.5,41.5,,,,,-1.05,44.8435,,,,,6.5,-23.5,3.0,1.95,,True,dome,no_prior_season_situational_for_packaged_priors,rolling_features_unavailable_pre_2023
2015,1,2015-09-13,TEN@TB,TB,TEN,14.0,42.0,28.0,56.0,-3.0,40.5,,,,,-1.05,44.8435,,,,,-31.0,-15.5,-28.0,-29.05,False,True,outdoors,no_prior_season_situational_for_packaged_priors,rolling_features_unavailable_pre_2023
2015,2,2015-09-20,ARI@CHI,CHI,ARI,23.0,48.0,25.0,71.0,2.0,45.5,,,,,5.45,45.5201,,,,,-23.0,-25.5,-25.0,-26.05,False,True,outdoors,no_prior_season_situational_for_packaged_priors,rolling_features_unavailable_pre_2023
2015,2,2015-09-20,ATL@NYG,NYG,ATL,20.0,24.0,4.0,44.0,-2.0,49.5,,,,,5.45,45.5201,,,,,-6.0,5.5,-4.0,-5.05,False,True,outdoors,no_prior_season_situational_for_packaged_priors,rolling_features_unavailable_pre_2023
2015,2,2015-09-20,BAL@OAK,OAK,BAL,37.0,33.0,-4.0,70.0,6.0,42.0,,,,,-1.05,44.8435,,,,,10.0,-28.0,4.0,2.95,,True,outdoors,no_prior_season_situational_for_packaged_priors,rolling_features_unavailable_pre_2023
2015,2,2015-09-20,DAL@PHI,PHI,DAL,10.0,20.0,10.0,30.0,-7.0,53.0,,,,,5.45,45.5201,,,,,-17.0,23.0,-10.0,-11.05,True,True,outdoors,no_prior_season_situational_for_packaged_priors,rolling_features_unavailable_pre_2023
2015,2,2015-09-17,DEN@KC,KC,DEN,24.0,31.0,7.0,55.0,-3.0,42.0,,,,,-1.05,45.3,,,,,-10.0,-13.0,-7.0,-8.05,True,True,outdoors,no_prior_season_situational_for_packaged_priors,rolling_features_unavailable_pre_2023
2015,2,2015-09-20,DET@MIN,MIN,DET,26.0,16.0,-10.0,42.0,-2.5,44.0,,,,,-1.05,44.8435,,,,,7.5,2.0,10.0,8.95,True,True,outdoors,no_prior_season_situational_for_packaged_priors,rolling_features_unavailable_pre_2023
2015,2,2015-09-20,HOU@CAR,CAR,HOU,24.0,17.0,-7.0,41.0,-3.0,41.0,,,,,-7.55,45.5201,,,,,4.0,0.0,7.0,5.95,False,True,outdoors,no_prior_season_situational_for_packaged_priors,rolling_features_unavailable_pre_2023
2015,2,2015-09-20,MIA@JAX,JAX,MIA,23.0,20.0,-3.0,43.0,5.0,42.5,,,,,5.45,45.5201,,,,,8.0,-0.5,3.0,1.95,False,True,outdoors,no_prior_season_situational_for_packaged_priors,rolling_features_unavailable_pre_2023
2015,2,2015-09-20,NE@BUF,BUF,NE,32.0,40.0,8.0,72.0,-2.0,45.0,,,,,-1.05,45.3,,,,,-10.0,-27.0,-8.0,-9.05,True,True,outdoors,no_prior_season_situational_for_packaged_priors,rolling_features_unavailable_pre_2023
2015,2,2015-09-21,NYJ@IND,IND,NYJ,7.0,20.0,13.0,27.0,-6.0,45.5,,,,,5.45,45.5201,,,,,-19.0,18.5,-13.0,-14.05,False,True,closed,no_prior_season_situational_for_packaged_priors,rolling_features_unavailable_pre_2023
2015,2,2015-09-20,SD@CIN,CIN,SD,24.0,19.0,-5.0,43.0,-3.5,47.5,,,,,-1.05,45.3,,,,,1.5,4.5,5.0,3.95,,True,outdoors,no_prior_season_situational_for_packaged_priors,rolling_features_unavailable_pre_2023
2015,2,2015-09-20,SEA@GB,GB,SEA,27.0,17.0,-10.0,44.0,-3.5,49.0,,,,,-7.55,45.5201,,,,,6.5,5.0,10.0,8.95,False,True,outdoors,no_prior_season_situational_for_packaged_priors,rolling_features_unavailable_pre_2023
2015,2,2015-09-20,SF@PIT,PIT,SF,43.0,18.0,-25.0,61.0,-6.0,46.0,,,,,5.45,45.5201,,,,,19.0,-15.0,25.0,23.95,False,True,outdoors,no_prior_season_situational_for_packaged_priors,rolling_features_unavailable_pre_2023
2015,2,2015-09-20,STL@WSH,WSH,STL,24.0,10.0,-14.0,34.0,3.0,41.0,,,,,5.45,45.5201,,,,,17.0,7.0,14.0,12.95,,True,outdoors,no_prior_season_situational_for_packaged_priors,rolling_features_unavailable_pre_2023
2015,2,2015-09-20,TB@NO,NO,TB,19.0,26.0,7.0,45.0,-9.5,47.0,,,,,-1.05,44.8435,,,,,-16.5,2.0,-7.0,-8.05,True,True,dome,no_prior_season_situational_for_packaged_priors,rolling_features_unavailable_pre_2023
2015,2,2015-09-20,TEN@CLE,CLE,TEN,28.0,14.0,-14.0,42.0,-1.0,41.0,,,,,5.45,45.5201,,,,,13.0,-1.0,14.0,12.95,False,True,outdoors,no_prior_season_situational_for_packaged_priors,rolling_features_unavailable_pre_2023
2015,3,2015-09-27,ATL@DAL,DAL,ATL,28.0,39.0,11.0,67.0,-1.0,43.5,,,,,-1.05,45.3,,,,,-12.0,-23.5,-11.0,-12.05,False,True,closed,no_prior_season_situational_for_packaged_priors,rolling_features_unavailable_pre_2023
2015,3,2015-09-27,BUF@MIA,MIA,BUF,14.0,41.0,27.0,55.0,-1.0,43.5,,,,,-1.05,45.0941,,,,,-28.0,-11.5,-27.0,-28.05,True,True,outdoors,no_prior_season_situational_for_packaged_priors,rolling_features_unavailable_pre_2023
2015,3,2015-09-27,CHI@SEA,SEA,CHI,26.0,0.0,-26.0,26.0,-16.5,43.5,,,,,-1.05,44.8435,,,,,9.5,17.5,26.0,24.95,False,True,outdoors,no_prior_season_situational_for_packaged_priors,rolling_features_unavailable_pre_2023
2015,3,2015-09-27,CIN@BAL,BAL,CIN,24.0,28.0,4.0,52.0,-2.5,45.5,,,,,5.45,45.5201,,,,,-6.5,-6.5,-4.0,-5.05,True,True,outdoors,no_prior_season_situational_for_packaged_priors,rolling_features_unavailable_pre_2023
2015,3,2015-09-27,DEN@DET,DET,DEN,12.0,24.0,12.0,36.0,3.0,45.0,,,,,5.45,45.5201,,,,,-9.0,9.0,-12.0,-13.05,False,True,dome,no_prior_season_situational_for_packaged_priors,rolling_features_unavailable_pre_2023
2015,3,2015-09-27,IND@TEN,TEN,IND,33.0,35.0,2.0,68.0,3.0,46.5,,,,,-4.4976,45.0919,,,,,1.0,-21.5,-2.0,-3.05,True,True,outdoors,no_prior_season_situational_for_packaged_priors,rolling_features_unavailable_pre_2023
2015,3,2015-09-27,JAX@NE,NE,JAX,51.0,17.0,-34.0,68.0,-14.5,48.5,,,,,-4.1901,45.2982,,,,,19.5,-19.5,34.0,32.95,False,True,outdoors,no_prior_season_situational_for_packaged_priors,rolling_features_unavailable_pre_2023
2015,3,2015-09-28,KC@GB,GB,KC,38.0,28.0,-10.0,66.0,-4.5,47.0,,,,,-4.1901,45.2982,,,,,5.5,-19.0,10.0,8.95,False,True,outdoors,no_prior_season_situational_for_packaged_priors,rolling_features_unavailable_pre_2023
2015,3,2015-09-27,NO@CAR,CAR,NO,27.0,22.0,-5.0,49.0,-10.0,43.0,,,,,-7.55,45.5201,,,,,-5.0,-6.0,5.0,3.95,True,True,outdoors,no_prior_season_situational_for_packaged_priors,rolling_features_unavailable_pre_2023
2015,3,2015-09-27,OAK@CLE,CLE,OAK,20.0,27.0,7.0,47.0,-3.5,43.5,,,,,-1.05,45.0941,,,,,-10.5,-3.5,-7.0,-8.05,,True,outdoors,no_prior_season_situational_for_packaged_priors,rolling_features_unavailable_pre_2023
2015,3,2015-09-27,PHI@NYJ,NYJ,PHI,17.0,24.0,7.0,41.0,-3.0,47.0,,,,,-7.55,45.5201,,,,,-10.0,6.0,-7.0,-8.05,False,True,outdoors,no_prior_season_situational_for_packaged_priors,rolling_features_unavailable_pre_2023
2015,3,2015-09-27,PIT@STL,STL,PIT,6.0,12.0,6.0,18.0,-1.5,48.5,,,,,-1.05,45.0941,,,,,-7.5,30.5,-6.0,-7.05,,True,dome,no_prior_season_situational_for_packaged_priors,rolling_features_unavailable_pre_2023
2015,3,2015-09-27,SD@MIN,MIN,SD,31.0,14.0,-17.0,45.0,-2.5,45.5,,,,,-1.05,45.0941,,,,,14.5,0.5,17.0,15.95,,True,outdoors,no_prior_season_situational_for_packaged_priors,rolling_features_unavailable_pre_2023
2015,3,2015-09-27,SF@ARI,ARI,SF,47.0,7.0,-40.0,54.0,-7.0,45.0,,,,,-4.1901,45.2982,,,,,33.0,-9.0,40.0,38.95,True,True,closed,no_prior_season_situational_for_packaged_priors,rolling_features_unavailable_pre_2023
2015,3,2015-09-27,TB@HOU,HOU,TB,19.0,9.0,-10.0,28.0,-6.0,41.0,,,,,2.3976,45.0919,,,,,4.0,13.0,10.0,8.95,False,True,closed,no_prior_season_situational_for_packaged_priors,rolling_features_unavailable_pre_2023
2015,3,2015-09-24,WSH@NYG,NYG,WSH,32.0,21.0,-11.0,53.0,-3.0,45.0,,,,,2.3976,45.0919,,,,,8.0,-8.0,11.0,9.95,True,True,outdoors,no_prior_season_situational_for_packaged_priors,rolling_features_unavailable_pre_2023
2015,4,2015-10-01,BAL@PIT,PIT,BAL,20.0,23.0,3.0,43.0,3.0,44.0,,,,,-5.582,45.2172,,,,,0.0,1.0,-3.0,-4.05,True,True,outdoors,no_prior_season_situational_for_packaged_priors,rolling_features_unavailable_pre_2023
2015,4,2015-10-04,CAR@TB,TB,CAR,23.0,37.0,14.0,60.0,3.0,40.0,,,,,3.2074,45.3439,,,,,-11.0,-20.0,-14.0,-15.05,True,True,outdoors,no_prior_season_situational_for_packaged_priors,rolling_features_unavailable_pre_2023
2015,4,2015-10-04,CLE@SD,SD,CLE,30.0,27.0,-3.0,57.0,-4.5,44.5,,,,,-1.05,45.0162,,,,,-1.5,-12.5,3.0,1.95,,True,outdoors,no_prior_season_situational_for_packaged_priors,rolling_features_unavailable_pre_2023
2015,4,2015-10-04,DAL@NO,NO,DAL,26.0,20.0,-6.0,46.0,-3.0,48.0,,,,,3.482,45.2172,,,,,3.0,2.0,6.0,4.95,False,True,dome,no_prior_season_situational_for_packaged_priors,rolling_features_unavailable_pre_2023
2015,4,2015-10-05,DET@SEA,SEA,DET,13.0,10.0,-3.0,23.0,-10.0,43.0,,,,,-3.3829,44.9864,,,,,-7.0,20.0,3.0,1.95,False,True,outdoors,no_prior_season_situational_for_packaged_priors,rolling_features_unavailable_pre_2023
2015,4,2015-10-04,GB@SF,SF,GB,3.0,17.0,14.0,20.0,7.5,48.0,,,,,3.2074,45.3439,,,,,-6.5,28.0,-14.0,-15.05,False,True,outdoors,no_prior_season_situational_for_packaged_priors,rolling_features_unavailable_pre_2023
2015,4,2015-10-04,HOU@ATL,ATL,HOU,48.0,21.0,-27.0,69.0,-4.0,47.5,,,,,-5.3074,45.3439,,,,,23.0,-21.5,27.0,25.95,False,True,dome,no_prior_season_situational_for_packaged_priors,rolling_features_unavailable_pre_2023
2015,4,2015-10-04,JAX@IND,IND,JAX,16.0,13.0,-3.0,29.0,-4.0,43.0,,,,,-1.05,45.0162,,,,,-1.0,14.0,3.0,1.95,True,True,open,no_prior_season_situational_for_packaged_priors,rolling_features_unavailable_pre_2023
2015,4,2015-10-04,KC@CIN,CIN,KC,36.0,21.0,-15.0,57.0,-3.5,45.0,,,,,-5.3074,45.3439,,,,,11.5,-12.0,15.0,13.95,False,True,outdoors,no_prior_season_situational_for_packaged_priors,rolling_features_unavailable_pre_2023
2015,4,2015-10-04,MIN@DEN,DEN,MIN,23.0,20.0,-3.0,43.0,-7.0,43.5,,,,,-3.1103,45.2771,,,,,-4.0,0.5,3.0,1.95,False,True,outdoors,no_prior_season_situational_for_packaged_priors,rolling_features_unavailable_pre_2023
2015,4,2015-10-04,NYG@BUF,BUF,NYG,10.0,24.0,14.0,34.0,-6.0,46.5,,,,,-3.2382,45.141,,,,,-20.0,12.5,-14.0,-15.05,False,True,outdoors,no_prior_season_situational_for_packaged_priors,rolling_features_unavailable_pre_2023
2015,4,2015-10-04,NYJ@MIA,MIA,NYJ,14.0,27.0,13.0,41.0,2.5,42.0,,,,,1.1382,45.141,,,,,-10.5,1.0,-13.0,-14.05,True,True,outdoors,no_prior_season_situational_for_packaged_priors,rolling_features_unavailable_pre_2023
2015,4,2015-10-04,OAK@CHI,CHI,OAK,22.0,20.0,-2.0,42.0,3.0,44.5,,,,,3.482,45.2172,,,,,5.0,2.5,2.0,0.95,,True,outdoors,no_prior_season_situational_for_packaged_priors,rolling_features_unavailable_pre_2023
2015,4,2015-10-04,PHI@WSH,WSH,PHI,23.0,20.0,-3.0,43.0,3.0,46.0,,,,,-1.05,45.0162,,,,,6.0,3.0,3.0,1.95,True,True,outdoors,no_prior_season_situational_for_packaged_priors,rolling_features_unavailable_pre_2023
2015,4,2015-10-04,STL@ARI,ARI,STL,22.0,24.0,2.0,46.0,-7.0,43.5,,,,,-5.3074,45.3439,,,,,-9.0,-2.5,-2.0,-3.05,,True,closed,no_prior_season_situational_for_packaged_priors,rolling_features_unavailable_pre_2023
2015,5,2015-10-11,ARI@DET,DET,ARI,17.0,42.0,25.0,59.0,4.5,46.0,,,,,4.0138,45.2867,,,,,-20.5,-13.0,-25.0,-26.05,False,False,dome,no_prior_season_situational_for_packaged_priors,rolling_features_unavailable_pre_2023
2015,5,2015-10-11,BUF@TEN,TEN,BUF,13.0,14.0,1.0,27.0,-1.0,43.0,,,,,0.0604,45.0679,,,,,-2.0,16.0,-1.0,-2.05,False,False,outdoors,no_prior_season_situational_for_packaged_priors,rolling_features_unavailable_pre_2023
2015,5,2015-10-11,CHI@KC,KC,CHI,17.0,18.0,1.0,35.0,-10.0,44.0,,,,,-1.05,44.9753,,,,,-11.0,9.0,-1.0,-2.05,False,False,outdoors,no_prior_season_situational_for_packaged_priors,rolling_features_unavailable_pre_2023
2015,5,2015-10-11,CLE@BAL,BAL,CLE,30.0,33.0,3.0,63.0,-6.0,43.0,,,,,-1.05,44.9753,,,,,-9.0,-20.0,-3.0,-4.05,True,False,outdoors,no_prior_season_situational_for_packaged_priors,rolling_features_unavailable_pre_2023
2015,5,2015-10-11,DEN@OAK,OAK,DEN,10.0,16.0,6.0,26.0,5.0,44.5,,,,,2.0901,45.2982,,,,,-1.0,18.5,-6.0,-7.05,,False,outdoors,no_prior_season_situational_for_packaged_priors,rolling_features_unavailable_pre_2023
2015,5,2015-10-08,IND@HOU,HOU,IND,20.0,27.0,7.0,47.0,-4.5,40.5,,,,,0.6294,45.0639,,,,,-11.5,-6.5,-7.0,-8.05,True,False,closed,no_prior_season_situational_for_packaged_priors,rolling_features_unavailable_pre_2023
2015,5,2015-10-11,JAX@TB,TB,JAX,38.0,31.0,-7.0,69.0,-1.0,41.0,,,,,-1.05,44.9753,,,,,6.0,-28.0,7.0,5.95,False,False,outdoors,no_prior_season_situational_for_packaged_priors,rolling_features_unavailable_pre_2023
2015,5,2015-10-11,NE@DAL,DAL,NE,6.0,30.0,24.0,36.0,8.0,51.0,,,,,2.0901,45.2982,,,,,-16.0,15.0,-24.0,-25.05,False,False,closed,no_prior_season_situational_for_packaged_priors,rolling_features_unavailable_pre_2023
2015,5,2015-10-11,NO@PHI,PHI,NO,39.0,17.0,-22.0,56.0,-6.5,49.5,,,,,-1.05,44.9753,,,,,15.5,-6.5,22.0,20.95,False,False,outdoors,no_prior_season_situational_for_packaged_priors,rolling_features_unavailable_pre_2023
2015,5,2015-10-12,PIT@SD,SD,PIT,20.0,24.0,4.0,44.0,-4.0,45.5,,,,,-1.05,45.0941,,,,,-8.0,1.5,-4.0,-5.05,,False,outdoors,no_prior_season_situational_for_packaged_priors,rolling_features_unavailable_pre_2023
2015,5,2015-10-11,SEA@CIN,CIN,SEA,27.0,24.0,-3.0,51.0,-3.0,44.5,,,,,-4.1901,45.2982,,,,,0.0,-6.5,3.0,1.95,False,False,outdoors,no_prior_season_situational_for_packaged_priors,rolling_features_unavailable_pre_2023
2015,5,2015-10-11,SF@NYG,NYG,SF,30.0,27.0,-3.0,57.0,-7.5,43.5,,,,,-2.7294,45.0639,,,,,-4.5,-13.5,3.0,1.95,False,False,outdoors,no_prior_season_situational_for_packaged_priors,rolling_features_unavailable_pre_2023
2015,5,2015-10-11,STL@GB,GB,STL,24.0,10.0,-14.0,34.0,-8.5,45.0,,,,,-4.1901,45.2982,,,,,5.5,11.0,14.0,12.95,,False,outdoors,no_prior_season_situational_for_packaged_priors,rolling_features_unavailable_pre_2023
2015,5,2015-10-11,WSH@ATL,ATL,WSH,25.0,19.0,-6.0,44.0,-7.5,48.5,,,,,-4.1901,45.2982,,,,,-1.5,4.5,6.0,4.95,False,False,dome,no_prior_season_situational_for_packaged_priors,rolling_features_unavailable_pre_2023
2015,6,2015-10-18,ARI@PIT,PIT,ARI,25.0,13.0,-12.0,38.0,5.5,45.0,,,,,0.215,45.1968,,,,,17.5,7.0,12.0,10.95,False,False,outdoors,no_prior_season_situational_for_packaged_priors,rolling_features_unavailable_pre_2023
2015,6,2015-10-15,ATL@NO,NO,ATL,31.0,21.0,-10.0,52.0,3.0,52.0,,,,,4.131,45.4,,,,,13.0,0.0,10.0,8.95,True,False,dome,no_prior_season_situational_for_packaged_priors,rolling_features_unavailable_pre_2023
2015,6,2015-10-18,BAL@SF,SF,BAL,25.0,20.0,-5.0,45.0,2.5,43.5,,,,,-1.05,44.95,,,,,7.5,-1.5,5.0,3.95,False,False,outdoors,no_prior_season_situational_for_packaged_priors,rolling_features_unavailable_pre_2023
2015,6,2015-10-18,CAR@SEA,SEA,CAR,23.0,27.0,4.0,50.0,-7.0,41.0,,,,,2.7557,45.3225,,,,,-11.0,-9.0,-4.0,-5.05,False,False,outdoors,no_prior_season_situational_for_packaged_priors,rolling_features_unavailable_pre_2023
2015,6,2015-10-18,CHI@DET,DET,CHI,37.0,34.0,-3.0,71.0,-3.5,45.0,,,,,1.7326,45.0261,,,,,-0.5,-26.0,3.0,1.95,True,False,dome,no_prior_season_situational_for_packaged_priors,rolling_features_unavailable_pre_2023
2015,6,2015-10-18,CIN@BUF,BUF,CIN,21.0,34.0,13.0,55.0,3.0,42.5,,,,,1.4379,45.2827,,,,,-10.0,-12.5,-13.0,-14.05,False,False,outdoors,no_prior_season_situational_for_packaged_priors,rolling_features_unavailable_pre_2023
2015,6,2015-10-18,DEN@CLE,CLE,DEN,23.0,26.0,3.0,49.0,3.5,41.5,,,,,2.7557,45.3225,,,,,0.5,-7.5,-3.0,-4.05,False,False,outdoors,no_prior_season_situational_for_packaged_priors,rolling_features_unavailable_pre_2023
2015,6,2015-10-18,HOU@JAX,JAX,HOU,20.0,31.0,11.0,51.0,-2.5,43.5,,,,,-1.05,44.95,,,,,-13.5,-7.5,-11.0,-12.05,True,False,outdoors,no_prior_season_situational_for_packaged_priors,rolling_features_unavailable_pre_2023
2015,6,2015-10-18,KC@MIN,MIN,KC,16.0,10.0,-6.0,26.0,-3.5,43.0,,,,,-3.0755,45.0645,,,,,2.5,17.0,6.0,4.95,False,False,outdoors,no_prior_season_situational_for_packaged_priors,rolling_features_unavailable_pre_2023
2015,6,2015-10-18,MIA@TEN,TEN,MIA,10.0,38.0,28.0,48.0,-2.5,44.0,,,,,-1.05,44.9753,,,,,-30.5,-4.0,-28.0,-29.05,False,False,outdoors,no_prior_season_situational_for_packaged_priors,rolling_features_unavailable_pre_2023
2015,6,2015-10-18,NE@IND,IND,NE,27.0,34.0,7.0,61.0,8.0,53.5,,,,,1.4379,45.2827,,,,,1.0,-7.5,-7.0,-8.05,False,False,closed,no_prior_season_situational_for_packaged_priors,rolling_features_unavailable_pre_2023
2015,6,2015-10-19,NYG@PHI,PHI,NYG,27.0,7.0,-20.0,34.0,-3.5,50.5,,,,,0.262,45.111,,,,,16.5,16.5,20.0,18.95,True,False,outdoors,no_prior_season_situational_for_packaged_priors,rolling_features_unavailable_pre_2023
2015,6,2015-10-18,SD@GB,GB,SD,27.0,20.0,-7.0,47.0,-10.5,50.0,,,,,-4.8557,45.3225,,,,,-3.5,3.0,7.0,5.95,,False,outdoors,no_prior_season_situational_for_packaged_priors,rolling_features_unavailable_pre_2023
2015,6,2015-10-18,WSH@NYJ,NYJ,WSH,34.0,20.0,-14.0,54.0,-7.5,39.5,,,,,-3.3162,45.1778,,,,,6.5,-14.5,14.0,12.95,False,False,outdoors,no_prior_season_situational_for_packaged_priors,rolling_features_unavailable_pre_2023
2015,7,2015-10-25,ATL@TEN,TEN,ATL,7.0,10.0,3.0,17.0,5.5,45.5,,,,,3.1062,45.2704,,,,,2.5,28.5,-3.0,-4.05,False,False,outdoors,no_prior_season_situational_for_packaged_priors,rolling_features_unavailable_pre_2023
2015,7,2015-10-26,BAL@ARI,ARI,BAL,26.0,18.0,-8.0,44.0,-10.0,49.5,,,,,-4.3886,45.165,,,,,-2.0,5.5,8.0,6.95,False,False,closed,no_prior_season_situational_for_packaged_priors,rolling_features_unavailable_pre_2023
2015,7,2015-10-25,BUF@JAX,JAX,BUF,34.0,31.0,-3.0,65.0,3.5,41.0,,,,,1.2082,45.0663,,,,,6.5,-24.0,3.0,1.95,False,False,outdoors,no_prior_season_situational_for_packaged_priors,rolling_features_unavailable_pre_2023
2015,7,2015-10-25,CLE@STL,STL,CLE,24.0,6.0,-18.0,30.0,-6.5,43.5,,,,,-1.4983,45.0342,,,,,11.5,13.5,18.0,16.95,,False,dome,no_prior_season_situational_for_packaged_priors,rolling_features_unavailable_pre_2023
2015,7,2015-10-25,DAL@NYG,NYG,DAL,27.0,20.0,-7.0,47.0,-3.0,44.5,,,,,-1.712,45.0756,,,,,4.0,-2.5,7.0,5.95,True,False,outdoors,no_prior_season_situational_for_packaged_priors,rolling_features_unavailable_pre_2023
2015,7,2015-10-25,HOU@MIA,MIA,HOU,44.0,26.0,-18.0,70.0,-4.5,46.5,,,,,-1.4983,45.0342,,,,,13.5,-23.5,18.0,16.95,False,False,outdoors,no_prior_season_situational_for_packaged_priors,rolling_features_unavailable_pre_2023
2015,7,2015-10-25,MIN@DET,DET,MIN,19.0,28.0,9.0,47.0,-1.0,44.5,,,,,1.86,45.1232,,,,,-10.0,-2.5,-9.0,-10.05,True,False,dome,no_prior_season_situational_for_packaged_priors,rolling_features_unavailable_pre_2023
2015,7,2015-10-25,NO@IND,IND,NO,21.0,27.0,6.0,48.0,-5.5,52.5,,,,,-2.1604,45.0679,,,,,-11.5,4.5,-6.0,-7.05,False,False,open,no_prior_season_situational_for_packaged_priors,rolling_features_unavailable_pre_2023
2015,7,2015-10-25,NYJ@NE,NE,NYJ,30.0,23.0,-7.0,53.0,-7.0,47.0,,,,,-2.2712,45.2764,,,,,0.0,-6.0,7.0,5.95,True,False,outdoors,no_prior_season_situational_for_packaged_priors,rolling_features_unavailable_pre_2023
2015,7,2015-10-25,OAK@SD,SD,OAK,29.0,37.0,8.0,66.0,-3.5,48.0,,,,,-0.6017,45.0342,,,,,-11.5,-18.0,-8.0,-9.05,,False,outdoors,no_prior_season_situational_for_packaged_priors,rolling_features_unavailable_pre_2023
2015,7,2015-10-25,PHI@CAR,CAR,PHI,27.0,16.0,-11.0,43.0,-3.0,46.0,,,,,-4.1901,45.2982,,,,,8.0,3.0,11.0,9.95,False,False,outdoors,no_prior_season_situational_for_packaged_priors,rolling_features_unavailable_pre_2023
2015,7,2015-10-25,PIT@KC,KC,PIT,23.0,13.0,-10.0,36.0,-4.0,41.5,,,,,2.2886,45.165,,,,,6.0,5.5,10.0,8.95,False,False,outdoors,no_prior_season_situational_for_packaged_priors,rolling_features_unavailable_pre_2023
2015,7,2015-10-22,SEA@SF,SF,SEA,3.0,20.0,17.0,23.0,6.5,41.5,,,,,-1.05,45.0162,,,,,-10.5,18.5,-17.0,-18.05,True,False,outdoors,no_prior_season_situational_for_packaged_priors,rolling_features_unavailable_pre_2023
2015,7,2015-10-25,TB@WSH,WSH,TB,31.0,30.0,-1.0,61.0,-3.0,42.0,,,,,-0.6017,45.0342,,,,,-2.0,-19.0,1.0,-0.050000000000000044,False,False,outdoors,no_prior_season_situational_for_packaged_priors,rolling_features_unavailable_pre_2023
2015,8,2015-11-01,ARI@CLE,CLE,ARI,20.0,34.0,14.0,54.0,7.0,46.0,,,,,1.7653,45.1717,,,,,-7.0,-8.0,-14.0,-15.05,False,False,outdoors,no_prior_season_situational_for_packaged_priors,rolling_features_unavailable_pre_2023
2015,8,2015-11-01,CIN@PIT,PIT,CIN,10.0,16.0,6.0,26.0,-1.0,49.0,,,,,1.6229,45.2862,,,,,-7.0,23.0,-6.0,-7.05,True,False,outdoors,no_prior_season_situational_for_packaged_priors,rolling_features_unavailable_pre_2023
2015,8,2015-11-01,DET@KC,KC,DET,45.0,10.0,-35.0,55.0,-3.0,45.0,,,,,-2.0395,44.9669,,,,,32.0,-10.0,35.0,33.95,False,False,outdoors,no_prior_season_situational_for_packaged_priors,rolling_features_unavailable_pre_2023
2015,8,2015-11-01,GB@DEN,DEN,GB,29.0,10.0,-19.0,39.0,2.5,46.0,,,,,-1.05,45.3,,,,,21.5,7.0,19.0,17.95,False,False,outdoors,no_prior_season_situational_for_packaged_priors,rolling_features_unavailable_pre_2023
2015,8,2015-11-02,IND@CAR,CAR,IND,29.0,26.0,-3.0,55.0,-5.0,44.5,,,,,-4.6641,45.3146,,,,,-2.0,-10.5,3.0,1.95,False,False,outdoors,no_prior_season_situational_for_packaged_priors,rolling_features_unavailable_pre_2023
2015,8,2015-10-29,MIA@NE,NE,MIA,36.0,7.0,-29.0,43.0,-8.0,51.0,,,,,-4.1901,45.2982,,,,,21.0,8.0,29.0,27.95,True,False,outdoors,no_prior_season_situational_for_packaged_priors,rolling_features_unavailable_pre_2023
2015,8,2015-11-01,MIN@CHI,CHI,MIN,20.0,23.0,3.0,43.0,1.0,43.5,,,,,1.1382,45.141,,,,,-2.0,0.5,-3.0,-4.05,True,False,outdoors,no_prior_season_situational_for_packaged_priors,rolling_features_unavailable_pre_2023
2015,8,2015-11-01,NYG@NO,NO,NYG,52.0,49.0,-3.0,101.0,-3.0,51.5,,,,,-0.113,45.1027,,,,,0.0,-49.5,3.0,1.95,False,False,dome,no_prior_season_situational_for_packaged_priors,rolling_features_unavailable_pre_2023
2015,8,2015-11-01,NYJ@OAK,OAK,NYJ,34.0,20.0,-14.0,54.0,3.0,43.5,,,,,0.0265,45.1425,,,,,17.0,-10.5,14.0,12.95,,False,outdoors,no_prior_season_situational_for_packaged_priors,rolling_features_unavailable_pre_2023
2015,8,2015-11-01,SD@BAL,BAL,SD,29.0,26.0,-3.0,55.0,-4.5,50.0,,,,,-0.0605,44.9669,,,,,-1.5,-5.0,3.0,1.95,,False,outdoors,no_prior_season_situational_for_packaged_priors,rolling_features_unavailable_pre_2023
2015,8,2015-11-01,SEA@DAL,DAL,SEA,12.0,13.0,1.0,25.0,4.5,41.5,,,,,-0.4113,45.043,,,,,3.5,16.5,-1.0,-2.05,False,False,closed,no_prior_season_situational_for_packaged_priors,rolling_features_unavailable_pre_2023
2015,8,2015-11-01,SF@STL,STL,SF,27.0,6.0,-21.0,33.0,-8.0,41.0,,,,,-2.4844,45.0648,,,,,13.0,8.0,21.0,19.95,,False,dome,no_prior_season_situational_for_packaged_priors,rolling_features_unavailable_pre_2023
2015,8,2015-11-01,TB@ATL,ATL,TB,20.0,23.0,3.0,43.0,-8.0,47.5,,,,,-4.4337,45.2483,,,,,-11.0,4.5,-3.0,-4.05,True,False,dome,no_prior_season_situational_for_packaged_priors,rolling_features_unavailable_pre_2023
2015,8,2015-11-01,TEN@HOU,HOU,TEN,20.0,6.0,-14.0,26.0,-3.5,43.0,,,,,-1.8726,44.97,,,,,10.5,17.0,14.0,12.95,True,False,closed,no_prior_season_situational_for_packaged_priors,rolling_features_unavailable_pre_2023
2015,9,2015-11-08,ATL@SF,SF,ATL,17.0,16.0,-1.0,33.0,9.5,43.5,,,,,2.2366,45.1998,,,,,10.5,10.5,1.0,-0.050000000000000044,False,False,outdoors,no_prior_season_situational_for_packaged_priors,rolling_features_unavailable_pre_2023
2015,9,2015-11-09,CHI@SD,SD,CHI,19.0,22.0,3.0,41.0,-3.5,49.0,,,,,-0.8052,44.9847,,,,,-6.5,8.0,-3.0,-4.05,,False,outdoors,no_prior_season_situational_for_packaged_priors,rolling_features_unavailable_pre_2023
2015,9,2015-11-05,CLE@CIN,CIN,CLE,31.0,10.0,-21.0,41.0,-13.0,45.5,,,,,-5.8814,45.3768,,,,,8.0,4.5,21.0,19.95,True,False,outdoors,no_prior_season_situational_for_packaged_priors,rolling_features_unavailable_pre_2023
2015,9,2015-11-08,DEN@IND,IND,DEN,27.0,24.0,-3.0,51.0,3.5,45.0,,,,,2.9243,45.33,,,,,6.5,-6.0,3.0,1.95,False,False,open,no_prior_season_situational_for_packaged_priors,rolling_features_unavailable_pre_2023
2015,9,2015-11-08,GB@CAR,CAR,GB,37.0,29.0,-8.0,66.0,2.0,45.5,,,,,-1.9178,45.2802,,,,,10.0,-20.5,8.0,6.95,False,False,outdoors,no_prior_season_situational_for_packaged_priors,rolling_features_unavailable_pre_2023
2015,9,2015-11-08,JAX@NYJ,NYJ,JAX,28.0,23.0,-5.0,51.0,-7.5,42.0,,,,,-2.9503,45.0968,,,,,-2.5,-9.0,5.0,3.95,False,False,outdoors,no_prior_season_situational_for_packaged_priors,rolling_features_unavailable_pre_2023
2015,9,2015-11-08,MIA@BUF,BUF,MIA,33.0,17.0,-16.0,50.0,-4.0,44.0,,,,,-1.05,45.0614,,,,,12.0,-6.0,16.0,14.95,True,False,outdoors,no_prior_season_situational_for_packaged_priors,rolling_features_unavailable_pre_2023
2015,9,2015-11-08,NYG@TB,TB,NYG,18.0,32.0,14.0,50.0,1.5,49.0,,,,,-0.5785,45.08,,,,,-12.5,-1.0,-14.0,-15.05,False,False,outdoors,no_prior_season_situational_for_packaged_priors,rolling_features_unavailable_pre_2023
2015,9,2015-11-08,OAK@PIT,PIT,OAK,38.0,35.0,-3.0,73.0,-6.0,47.5,,,,,-0.5847,45.1123,,,,,-3.0,-25.5,3.0,1.95,,False,outdoors,no_prior_season_situational_for_packaged_priors,rolling_features_unavailable_pre_2023
2015,9,2015-11-08,PHI@DAL,DAL,PHI,27.0,33.0,6.0,60.0,3.0,43.5,,,,,-0.0875,45.0368,,,,,-3.0,-16.5,-6.0,-7.05,True,False,closed,no_prior_season_situational_for_packaged_priors,rolling_features_unavailable_pre_2023
2015,9,2015-11-08,STL@MIN,MIN,STL,21.0,18.0,-3.0,39.0,-2.0,40.0,,,,,-1.9627,45.1651,,,,,1.0,1.0,3.0,1.95,,False,outdoors,no_prior_season_situational_for_packaged_priors,rolling_features_unavailable_pre_2023
2015,9,2015-11-08,TEN@NO,NO,TEN,28.0,34.0,6.0,62.0,-7.0,50.0,,,,,-3.4755,45.0682,,,,,-13.0,-12.0,-6.0,-7.05,False,False,dome,no_prior_season_situational_for_packaged_priors,rolling_features_unavailable_pre_2023
2015,9,2015-11-08,WSH@NE,NE,WSH,27.0,10.0,-17.0,37.0,-13.5,51.5,,,,,-4.6641,45.3146,,,,,3.5,14.5,17.0,15.95,False,False,outdoors,no_prior_season_situational_for_packaged_priors,rolling_features_unavailable_pre_2023
2015,10,2015-11-15,ARI@SEA,SEA,ARI,32.0,39.0,7.0,71.0,-3.0,43.5,,,,,0.5531,45.1745,,,,,-10.0,-27.5,-7.0,-8.05,True,False,outdoors,no_prior_season_situational_for_packaged_priors,rolling_features_unavailable_pre_2023
2015,10,2015-11-12,BUF@NYJ,NYJ,BUF,17.0,22.0,5.0,39.0,-2.5,41.5,,,,,-1.8604,45.1285,,,,,-7.5,2.5,-5.0,-6.05,True,False,outdoors,no_prior_season_situational_for_packaged_priors,rolling_features_unavailable_pre_2023
2015,10,2015-11-15,CAR@TEN,TEN,CAR,10.0,27.0,17.0,37.0,3.5,42.5,,,,,3.7814,45.3768,,,,,-13.5,5.5,-17.0,-18.05,False,False,outdoors,no_prior_season_situational_for_packaged_priors,rolling_features_unavailable_pre_2023
2015,10,2015-11-15,CHI@STL,STL,CHI,13.0,37.0,24.0,50.0,-7.5,42.0,,,,,-1.8794,45.0723,,,,,-31.5,-8.0,-24.0,-25.05,,False,dome,no_prior_season_situational_for_packaged_priors,rolling_features_unavailable_pre_2023
2015,10,2015-11-15,CLE@PIT,PIT,CLE,30.0,9.0,-21.0,39.0,-7.0,43.5,,,,,-3.2844,45.0917,,,,,14.0,4.5,21.0,19.95,True,False,outdoors,no_prior_season_situational_for_packaged_priors,rolling_features_unavailable_pre_2023
2015,10,2015-11-15,DAL@TB,TB,DAL,10.0,6.0,-4.0,16.0,1.0,43.5,,,,,-1.8994,45.0132,,,,,5.0,27.5,4.0,2.95,False,False,outdoors,no_prior_season_situational_for_packaged_priors,rolling_features_unavailable_pre_2023
2015,10,2015-11-15,DET@GB,GB,DET,16.0,18.0,2.0,34.0,-10.5,50.0,,,,,-5.2126,45.235,,,,,-12.5,16.0,-2.0,-3.05,True,False,outdoors,no_prior_season_situational_for_packaged_priors,rolling_features_unavailable_pre_2023
2015,10,2015-11-16,HOU@CIN,CIN,HOU,6.0,10.0,4.0,16.0,-10.0,46.5,,,,,-5.0243,45.33,,,,,-14.0,30.5,-4.0,-5.05,False,False,outdoors,no_prior_season_situational_for_packaged_priors,rolling_features_unavailable_pre_2023
2015,10,2015-11-15,JAX@BAL,BAL,JAX,20.0,22.0,2.0,42.0,-4.0,47.0,,,,,-1.05,44.9753,,,,,-6.0,5.0,-2.0,-3.05,False,False,outdoors,no_prior_season_situational_for_packaged_priors,rolling_features_unavailable_pre_2023
2015,10,2015-11-15,KC@DEN,DEN,KC,13.0,29.0,16.0,42.0,-4.0,42.0,,,,,-4.2617,45.2501,,,,,-20.0,0.0,-16.0,-17.05,True,False,outdoors,no_prior_season_situational_for_packaged_priors,rolling_features_unavailable_pre_2023
2015,10,2015-11-15,MIA@PHI,PHI,MIA,19.0,20.0,1.0,39.0,-5.5,49.0,,,,,-1.8794,45.0723,,,,,-6.5,10.0,-1.0,-2.05,False,False,outdoors,no_prior_season_situational_for_packaged_priors,rolling_features_unavailable_pre_2023
2015,10,2015-11-15,MIN@OAK,OAK,MIN,14.0,30.0,16.0,44.0,-3.0,44.0,,,,,0.5531,45.1745,,,,,-19.0,0.0,-16.0,-17.05,,False,outdoors,no_prior_season_situational_for_packaged_priors,rolling_features_unavailable_pre_2023
2015,10,2015-11-15,NE@NYG,NYG,NE,26.0,27.0,1.0,53.0,7.0,52.5,,,,,1.7261,45.2885,,,,,6.0,-0.5,-1.0,-2.05,False,False,outdoors,no_prior_season_situational_for_packaged_priors,rolling_features_unavailable_pre_2023
2015,10,2015-11-15,NO@WSH,WSH,NO,47.0,14.0,-33.0,61.0,1.0,52.0,,,,,-0.5868,45.0547,,,,,34.0,-9.0,33.0,31.95,False,False,outdoors,no_prior_season_situational_for_packaged_priors,rolling_features_unavailable_pre_2023
2015,11,2015-11-23,BUF@NE,NE,BUF,20.0,13.0,-7.0,33.0,-7.0,47.5,,,,,-3.8261,45.2885,,,,,0.0,14.5,7.0,5.95,True,False,outdoors,no_prior_season_situational_for_packaged_priors,rolling_features_unavailable_pre_2023
2015,11,2015-11-22,CIN@ARI,ARI,CIN,34.0,31.0,-3.0,65.0,-4.0,48.0,,,,,-0.3638,45.2402,,,,,-1.0,-17.0,3.0,1.95,False,False,closed,no_prior_season_situational_for_packaged_priors,rolling_features_unavailable_pre_2023
2015,11,2015-11-22,DAL@MIA,MIA,DAL,14.0,24.0,10.0,38.0,2.5,45.0,,,,,-2.5545,45.0385,,,,,-7.5,7.0,-10.0,-11.05,False,False,outdoors,no_prior_season_situational_for_packaged_priors,rolling_features_unavailable_pre_2023
2015,11,2015-11-22,DEN@CHI,CHI,DEN,15.0,17.0,2.0,32.0,2.5,41.5,,,,,1.0938,45.1883,,,,,0.5,9.5,-2.0,-3.05,False,False,outdoors,no_prior_season_situational_for_packaged_priors,rolling_features_unavailable_pre_2023
2015,11,2015-11-22,GB@MIN,MIN,GB,13.0,30.0,17.0,43.0,1.0,45.0,,,,,-1.7498,45.1952,,,,,-16.0,2.0,-17.0,-18.05,True,False,outdoors,no_prior_season_situational_for_packaged_priors,rolling_features_unavailable_pre_2023
2015,11,2015-11-22,IND@ATL,ATL,IND,21.0,24.0,3.0,45.0,-3.5,47.5,,,,,-2.493,45.1394,,,,,-6.5,2.5,-3.0,-4.05,False,False,dome,no_prior_season_situational_for_packaged_priors,rolling_features_unavailable_pre_2023
2015,11,2015-11-22,KC@SD,SD,KC,3.0,33.0,30.0,36.0,3.0,45.5,,,,,0.4545,45.0385,,,,,-27.0,9.5,-30.0,-31.05,,False,outdoors,no_prior_season_situational_for_packaged_priors,rolling_features_unavailable_pre_2023
2015,11,2015-11-22,NYJ@HOU,HOU,NYJ,24.0,17.0,-7.0,41.0,4.0,40.0,,,,,-0.3213,45.0993,,,,,11.0,-1.0,7.0,5.95,False,False,closed,no_prior_season_situational_for_packaged_priors,rolling_features_unavailable_pre_2023
2015,11,2015-11-22,OAK@DET,DET,OAK,18.0,13.0,-5.0,31.0,2.0,50.0,,,,,0.4545,45.0385,,,,,7.0,19.0,5.0,3.95,,False,dome,no_prior_season_situational_for_packaged_priors,rolling_features_unavailable_pre_2023
2015,11,2015-11-22,SF@SEA,SEA,SF,29.0,13.0,-16.0,42.0,-14.0,40.0,,,,,-1.7941,45.0482,,,,,2.0,-2.0,16.0,14.95,True,False,outdoors,no_prior_season_situational_for_packaged_priors,rolling_features_unavailable_pre_2023
2015,11,2015-11-22,STL@BAL,BAL,STL,16.0,13.0,-3.0,29.0,-3.0,41.0,,,,,0.4545,45.0385,,,,,0.0,12.0,3.0,1.95,,False,outdoors,no_prior_season_situational_for_packaged_priors,rolling_features_unavailable_pre_2023
2015,11,2015-11-22,TB@PHI,PHI,TB,17.0,45.0,28.0,62.0,-7.0,46.0,,,,,-1.05,45.0687,,,,,-35.0,-16.0,-28.0,-29.05,False,False,outdoors,no_prior_season_situational_for_packaged_priors,rolling_features_unavailable_pre_2023
2015,11,2015-11-19,TEN@JAX,JAX,TEN,19.0,13.0,-6.0,32.0,-3.0,41.5,,,,,-1.8101,44.9947,,,,,3.0,9.5,6.0,4.95,True,False,outdoors,no_prior_season_situational_for_packaged_priors,rolling_features_unavailable_pre_2023
2015,11,2015-11-22,WSH@CAR,CAR,WSH,44.0,16.0,-28.0,60.0,-7.0,44.0,,,,,-4.5581,45.3106,,,,,21.0,-16.0,28.0,26.95,False,False,outdoors,no_prior_season_situational_for_packaged_priors,rolling_features_unavailable_pre_2023
2015,12,2015-11-29,ARI@SF,SF,ARI,13.0,19.0,6.0,32.0,7.5,45.0,,,,,2.2062,45.2202,,,,,1.5,13.0,-6.0,-7.05,True,False,outdoors,no_prior_season_situational_for_packaged_priors,rolling_features_unavailable_pre_2023
2015,12,2015-11-30,BAL@CLE,CLE,BAL,27.0,33.0,6.0,60.0,-6.0,41.0,,,,,-0.3622,44.9799,,,,,-12.0,-19.0,-6.0,-7.05,True,False,outdoors,no_prior_season_situational_for_packaged_priors,rolling_features_unavailable_pre_2023
2015,12,2015-11-29,BUF@KC,KC,BUF,30.0,22.0,-8.0,52.0,-4.5,41.0,,,,,-1.05,45.0941,,,,,3.5,-11.0,8.0,6.95,False,False,outdoors,no_prior_season_situational_for_packaged_priors,rolling_features_unavailable_pre_2023
2015,12,2015-11-26,CAR@DAL,DAL,CAR,14.0,33.0,19.0,47.0,1.0,44.5,,,,,3.4357,45.3563,,,,,-18.0,-2.5,-19.0,-20.05,False,False,closed,no_prior_season_situational_for_packaged_priors,rolling_features_unavailable_pre_2023
2015,12,2015-11-26,CHI@GB,GB,CHI,13.0,17.0,4.0,30.0,-7.5,45.0,,,,,-3.0008,45.1538,,,,,-11.5,15.0,-4.0,-5.05,True,False,outdoors,no_prior_season_situational_for_packaged_priors,rolling_features_unavailable_pre_2023
2015,12,2015-11-29,MIA@NYJ,NYJ,MIA,38.0,20.0,-18.0,58.0,-4.5,44.0,,,,,-1.712,45.0756,,,,,13.5,-14.0,18.0,16.95,True,False,outdoors,no_prior_season_situational_for_packaged_priors,rolling_features_unavailable_pre_2023
2015,12,2015-11-29,MIN@ATL,ATL,MIN,10.0,20.0,10.0,30.0,-2.0,45.0,,,,,-0.412,45.164,,,,,-12.0,15.0,-10.0,-11.05,False,False,dome,no_prior_season_situational_for_packaged_priors,rolling_features_unavailable_pre_2023
2015,12,2015-11-29,NE@DEN,DEN,NE,30.0,24.0,-6.0,54.0,2.5,43.0,,,,,0.1712,45.2764,,,,,8.5,-11.0,6.0,4.95,False,False,outdoors,no_prior_season_situational_for_packaged_priors,rolling_features_unavailable_pre_2023
2015,12,2015-11-29,NO@HOU,HOU,NO,24.0,6.0,-18.0,30.0,-3.5,50.5,,,,,-1.712,45.0756,,,,,14.5,20.5,18.0,16.95,False,False,closed,no_prior_season_situational_for_packaged_priors,rolling_features_unavailable_pre_2023
2015,12,2015-11-29,NYG@WSH,WSH,NYG,20.0,14.0,-6.0,34.0,1.0,47.5,,,,,-0.388,45.0756,,,,,7.0,13.5,6.0,4.95,True,False,outdoors,no_prior_season_situational_for_packaged_priors,rolling_features_unavailable_pre_2023
2015,12,2015-11-29,OAK@TEN,TEN,OAK,21.0,24.0,3.0,45.0,1.0,45.0,,,,,0.3127,45.0182,,,,,-2.0,0.0,-3.0,-4.05,,False,outdoors,no_prior_season_situational_for_packaged_priors,rolling_features_unavailable_pre_2023
2015,12,2015-11-26,PHI@DET,DET,PHI,45.0,14.0,-31.0,59.0,-3.0,46.5,,,,,-0.3754,45.0287,,,,,28.0,-12.5,31.0,29.95,False,False,dome,no_prior_season_situational_for_packaged_priors,rolling_features_unavailable_pre_2023
2015,12,2015-11-29,PIT@SEA,SEA,PIT,39.0,30.0,-9.0,69.0,-3.0,46.5,,,,,-0.4002,45.1206,,,,,6.0,-22.5,9.0,7.95,False,False,outdoors,no_prior_season_situational_for_packaged_priors,rolling_features_unavailable_pre_2023
2015,12,2015-11-29,SD@JAX,JAX,SD,25.0,31.0,6.0,56.0,-5.0,47.0,,,,,-2.4127,45.0182,,,,,-11.0,-9.0,-6.0,-7.05,,False,outdoors,no_prior_season_situational_for_packaged_priors,rolling_features_unavailable_pre_2023
2015,12,2015-11-29,STL@CIN,CIN,STL,31.0,7.0,-24.0,38.0,-10.5,42.0,,,,,-3.629,45.2036,,,,,13.5,4.0,24.0,22.95,,False,outdoors,no_prior_season_situational_for_packaged_priors,rolling_features_unavailable_pre_2023
2015,12,2015-11-29,TB@IND,IND,TB,25.0,12.0,-13.0,37.0,-3.0,46.5,,,,,-1.05,45.0941,,,,,10.0,9.5,13.0,11.95,False,False,closed,no_prior_season_situational_for_packaged_priors,rolling_features_unavailable_pre_2023
2015,13,2015-12-06,ARI@STL,STL,ARI,3.0,27.0,24.0,30.0,3.5,43.0,,,,,1.8868,45.2189,,,,,-20.5,13.0,-24.0,-25.05,,False,dome,no_prior_season_situational_for_packaged_priors,rolling_features_unavailable_pre_2023
2015,13,2015-12-06,ATL@TB,TB,ATL,23.0,19.0,-4.0,42.0,-1.0,46.5,,,,,-0.4538,45.0976,,,,,3.0,4.5,4.0,2.95,True,False,outdoors,no_prior_season_situational_for_packaged_priors,rolling_features_unavailable_pre_2023
2015,13,2015-12-06,BAL@MIA,MIA,BAL,15.0,13.0,-2.0,28.0,-3.5,43.0,,,,,-1.05,45.0308,,,,,-1.5,15.0,2.0,0.95,False,False,outdoors,no_prior_season_situational_for_packaged_priors,rolling_features_unavailable_pre_2023
2015,13,2015-12-06,CAR@NO,NO,CAR,38.0,41.0,3.0,79.0,5.5,50.5,,,,,3.0013,45.3337,,,,,2.5,-28.5,-3.0,-4.05,True,False,dome,no_prior_season_situational_for_packaged_priors,rolling_features_unavailable_pre_2023
2015,13,2015-12-06,CIN@CLE,CLE,CIN,3.0,37.0,34.0,40.0,7.5,44.0,,,,,3.1392,45.2656,,,,,-26.5,4.0,-34.0,-35.05,True,False,outdoors,no_prior_season_situational_for_packaged_priors,rolling_features_unavailable_pre_2023
2015,13,2015-12-07,DAL@WSH,WSH,DAL,16.0,19.0,3.0,35.0,-2.0,43.0,,,,,-2.2737,45.0455,,,,,-5.0,8.0,-3.0,-4.05,True,False,outdoors,no_prior_season_situational_for_packaged_priors,rolling_features_unavailable_pre_2023
2015,13,2015-12-06,DEN@SD,SD,DEN,3.0,17.0,14.0,20.0,6.0,45.0,,,,,2.5068,45.2382,,,,,-8.0,25.0,-14.0,-15.05,,False,outdoors,no_prior_season_situational_for_packaged_priors,rolling_features_unavailable_pre_2023
2015,13,2015-12-03,GB@DET,DET,GB,23.0,27.0,4.0,50.0,2.5,46.0,,,,,0.7397,45.1255,,,,,-1.5,-4.0,-4.0,-5.05,True,False,dome,no_prior_season_situational_for_packaged_priors,rolling_features_unavailable_pre_2023
2015,13,2015-12-06,HOU@BUF,BUF,HOU,30.0,21.0,-9.0,51.0,-3.0,42.0,,,,,-0.4538,45.0976,,,,,6.0,-9.0,9.0,7.95,False,False,outdoors,no_prior_season_situational_for_packaged_priors,rolling_features_unavailable_pre_2023
2015,13,2015-12-06,IND@PIT,PIT,IND,45.0,10.0,-35.0,55.0,-10.0,50.5,,,,,-1.05,45.1145,,,,,25.0,-4.5,35.0,33.95,False,False,outdoors,no_prior_season_situational_for_packaged_priors,rolling_features_unavailable_pre_2023
2015,13,2015-12-06,JAX@TEN,TEN,JAX,42.0,39.0,-3.0,81.0,-3.0,43.5,,,,,0.1953,45.0018,,,,,0.0,-37.5,3.0,1.95,True,False,outdoors,no_prior_season_situational_for_packaged_priors,rolling_features_unavailable_pre_2023
2015,13,2015-12-06,KC@OAK,OAK,KC,20.0,34.0,14.0,54.0,3.0,45.5,,,,,-0.4538,45.0976,,,,,-11.0,-8.5,-14.0,-15.05,,False,outdoors,no_prior_season_situational_for_packaged_priors,rolling_features_unavailable_pre_2023
2015,13,2015-12-06,NYJ@NYG,NYG,NYJ,20.0,23.0,3.0,43.0,2.0,45.5,,,,,-0.4538,45.0976,,,,,-1.0,2.5,-3.0,-4.05,False,False,outdoors,no_prior_season_situational_for_packaged_priors,rolling_features_unavailable_pre_2023
2015,13,2015-12-06,PHI@NE,NE,PHI,28.0,35.0,7.0,63.0,-9.5,49.5,,,,,-4.5479,45.2737,,,,,-16.5,-13.5,-7.0,-8.05,False,False,outdoors,no_prior_season_situational_for_packaged_priors,rolling_features_unavailable_pre_2023
2015,13,2015-12-06,SEA@MIN,MIN,SEA,7.0,38.0,31.0,45.0,2.5,43.0,,,,,-2.2132,45.1674,,,,,-28.5,-2.0,-31.0,-32.05,False,False,outdoors,no_prior_season_situational_for_packaged_priors,rolling_features_unavailable_pre_2023
2015,13,2015-12-06,SF@CHI,CHI,SF,20.0,26.0,6.0,46.0,-6.0,43.0,,,,,-2.2737,45.0455,,,,,-12.0,-3.0,-6.0,-7.05,False,False,outdoors,no_prior_season_situational_for_packaged_priors,rolling_features_unavailable_pre_2023
2015,14,2015-12-13,ATL@CAR,CAR,ATL,38.0,0.0,-38.0,38.0,-8.5,45.5,,,,,-4.1901,45.2982,,,,,29.5,7.5,38.0,36.95,True,False,outdoors,no_prior_season_situational_for_packaged_priors,rolling_features_unavailable_pre_2023
2015,14,2015-12-13,BUF@PHI,PHI,BUF,23.0,20.0,-3.0,43.0,-1.0,48.0,,,,,-0.4992,45.0781,,,,,2.0,5.0,3.0,1.95,False,False,outdoors,no_prior_season_situational_for_packaged_priors,rolling_features_unavailable_pre_2023
2015,14,2015-12-13,DAL@GB,GB,DAL,28.0,7.0,-21.0,35.0,-6.0,43.0,,,,,-3.2382,45.141,,,,,15.0,8.0,21.0,19.95,False,False,outdoors,no_prior_season_situational_for_packaged_priors,rolling_features_unavailable_pre_2023
2015,14,2015-12-13,DET@STL,STL,DET,21.0,14.0,-7.0,35.0,3.0,41.5,,,,,-1.05,45.0162,,,,,10.0,6.5,7.0,5.95,,False,dome,no_prior_season_situational_for_packaged_priors,rolling_features_unavailable_pre_2023
2015,14,2015-12-13,IND@JAX,JAX,IND,51.0,16.0,-35.0,67.0,-1.0,45.5,,,,,0.0604,45.0679,,,,,34.0,-21.5,35.0,33.95,True,False,outdoors,no_prior_season_situational_for_packaged_priors,rolling_features_unavailable_pre_2023
2015,14,2015-12-10,MIN@ARI,ARI,MIN,23.0,20.0,-3.0,43.0,-10.0,46.5,,,,,-2.0947,45.2125,,,,,-7.0,3.5,3.0,1.95,False,False,open,no_prior_season_situational_for_packaged_priors,rolling_features_unavailable_pre_2023
2015,14,2015-12-13,NE@HOU,HOU,NE,6.0,27.0,21.0,33.0,4.0,46.0,,,,,1.0723,45.2112,,,,,-17.0,13.0,-21.0,-22.05,False,False,closed,no_prior_season_situational_for_packaged_priors,rolling_features_unavailable_pre_2023
2015,14,2015-12-13,NO@TB,TB,NO,17.0,24.0,7.0,41.0,-6.0,52.0,,,,,-2.1604,45.0679,,,,,-13.0,11.0,-7.0,-8.05,True,False,outdoors,no_prior_season_situational_for_packaged_priors,rolling_features_unavailable_pre_2023
2015,14,2015-12-14,NYG@MIA,MIA,NYG,24.0,31.0,7.0,55.0,2.5,47.5,,,,,-1.05,45.0558,,,,,-4.5,-7.5,-7.0,-8.05,False,False,outdoors,no_prior_season_situational_for_packaged_priors,rolling_features_unavailable_pre_2023
2015,14,2015-12-13,OAK@DEN,DEN,OAK,12.0,15.0,3.0,27.0,-6.0,43.0,,,,,-3.7245,45.2193,,,,,-9.0,16.0,-3.0,-4.05,,False,outdoors,no_prior_season_situational_for_packaged_priors,rolling_features_unavailable_pre_2023
2015,14,2015-12-13,PIT@CIN,CIN,PIT,20.0,33.0,13.0,53.0,-1.0,49.0,,,,,-2.6292,45.209,,,,,-14.0,-4.0,-13.0,-14.05,True,False,outdoors,no_prior_season_situational_for_packaged_priors,rolling_features_unavailable_pre_2023
2015,14,2015-12-13,SD@KC,KC,SD,10.0,3.0,-7.0,13.0,-11.5,42.0,,,,,-3.2726,45.1043,,,,,-4.5,29.0,7.0,5.95,,False,outdoors,no_prior_season_situational_for_packaged_priors,rolling_features_unavailable_pre_2023
2015,14,2015-12-13,SEA@BAL,BAL,SEA,6.0,35.0,29.0,41.0,10.5,42.0,,,,,0.6032,45.1019,,,,,-18.5,1.0,-29.0,-30.05,False,False,outdoors,no_prior_season_situational_for_packaged_priors,rolling_features_unavailable_pre_2023
2015,14,2015-12-13,SF@CLE,CLE,SF,24.0,10.0,-14.0,34.0,-2.5,43.0,,,,,0.0965,44.9882,,,,,11.5,9.0,14.0,12.95,False,False,outdoors,no_prior_season_situational_for_packaged_priors,rolling_features_unavailable_pre_2023
2015,14,2015-12-13,TEN@NYJ,NYJ,TEN,30.0,8.0,-22.0,38.0,-8.0,43.0,,,,,-3.2726,45.1043,,,,,14.0,5.0,22.0,20.95,False,False,outdoors,no_prior_season_situational_for_packaged_priors,rolling_features_unavailable_pre_2023
2015,14,2015-12-13,WSH@CHI,CHI,WSH,21.0,24.0,3.0,45.0,-4.0,42.5,,,,,-1.05,45.0558,,,,,-7.0,-2.5,-3.0,-4.05,False,False,outdoors,no_prior_season_situational_for_packaged_priors,rolling_features_unavailable_pre_2023
2015,15,2015-12-20,ARI@PHI,PHI,ARI,17.0,40.0,23.0,57.0,3.5,50.5,,,,,1.4053,45.2206,,,,,-19.5,-6.5,-23.0,-24.05,False,False,outdoors,no_prior_season_situational_for_packaged_priors,rolling_features_unavailable_pre_2023
2015,15,2015-12-20,ATL@JAX,JAX,ATL,17.0,23.0,6.0,40.0,-2.0,47.5,,,,,-0.5382,45.0614,,,,,-8.0,7.5,-6.0,-7.05,False,False,outdoors,no_prior_season_situational_for_packaged_priors,rolling_features_unavailable_pre_2023
2015,15,2015-12-20,BUF@WSH,WSH,BUF,35.0,25.0,-10.0,60.0,2.5,46.0,,,,,-1.05,45.0766,,,,,12.5,-14.0,10.0,8.95,False,False,outdoors,no_prior_season_situational_for_packaged_priors,rolling_features_unavailable_pre_2023
2015,15,2015-12-20,CAR@NYG,NYG,CAR,35.0,38.0,3.0,73.0,4.5,46.5,,,,,2.3444,45.3064,,,,,1.5,-26.5,-3.0,-4.05,False,False,outdoors,no_prior_season_situational_for_packaged_priors,rolling_features_unavailable_pre_2023
2015,15,2015-12-20,CHI@MIN,MIN,CHI,38.0,17.0,-21.0,55.0,-4.0,43.5,,,,,-2.564,45.1166,,,,,17.0,-11.5,21.0,19.95,True,False,outdoors,no_prior_season_situational_for_packaged_priors,rolling_features_unavailable_pre_2023
2015,15,2015-12-20,CIN@SF,SF,CIN,14.0,24.0,10.0,38.0,7.0,41.0,,,,,1.9611,45.2001,,,,,-3.0,3.0,-10.0,-11.05,False,False,outdoors,no_prior_season_situational_for_packaged_priors,rolling_features_unavailable_pre_2023
2015,15,2015-12-20,CLE@SEA,SEA,CLE,30.0,13.0,-17.0,43.0,-14.5,45.0,,,,,-3.6124,45.1232,,,,,2.5,2.0,17.0,15.95,False,False,outdoors,no_prior_season_situational_for_packaged_priors,rolling_features_unavailable_pre_2023
2015,15,2015-12-20,DEN@PIT,PIT,DEN,34.0,27.0,-7.0,61.0,-7.5,45.5,,,,,-0.0758,45.1872,,,,,-0.5,-15.5,7.0,5.95,False,False,outdoors,no_prior_season_situational_for_packaged_priors,rolling_features_unavailable_pre_2023
2015,15,2015-12-21,DET@NO,NO,DET,27.0,35.0,8.0,62.0,-2.5,52.0,,,,,-1.5693,45.025,,,,,-10.5,-10.0,-8.0,-9.05,False,False,dome,no_prior_season_situational_for_packaged_priors,rolling_features_unavailable_pre_2023
2015,15,2015-12-20,GB@OAK,OAK,GB,20.0,30.0,10.0,50.0,4.0,47.0,,,,,0.4427,45.1502,,,,,-6.0,-3.0,-10.0,-11.05,,False,outdoors,no_prior_season_situational_for_packaged_priors,rolling_features_unavailable_pre_2023
2015,15,2015-12-20,HOU@IND,IND,HOU,10.0,16.0,6.0,26.0,-2.5,42.0,,,,,-1.05,45.0766,,,,,-8.5,16.0,-6.0,-7.05,True,False,closed,no_prior_season_situational_for_packaged_priors,rolling_features_unavailable_pre_2023
2015,15,2015-12-20,KC@BAL,BAL,KC,14.0,34.0,20.0,48.0,6.5,41.0,,,,,0.9841,45.1172,,,,,-13.5,-7.0,-20.0,-21.05,False,False,outdoors,no_prior_season_situational_for_packaged_priors,rolling_features_unavailable_pre_2023
2015,15,2015-12-20,MIA@SD,SD,MIA,30.0,14.0,-16.0,44.0,-1.0,46.5,,,,,-0.0035,45.0145,,,,,15.0,2.5,16.0,14.95,,False,outdoors,no_prior_season_situational_for_packaged_priors,rolling_features_unavailable_pre_2023
2015,15,2015-12-19,NYJ@DAL,DAL,NYJ,16.0,19.0,3.0,35.0,3.0,41.0,,,,,0.9841,45.1172,,,,,0.0,6.0,-3.0,-4.05,False,False,closed,no_prior_season_situational_for_packaged_priors,rolling_features_unavailable_pre_2023
2015,15,2015-12-17,TB@STL,STL,TB,31.0,23.0,-8.0,54.0,-1.0,41.0,,,,,-0.5382,45.0614,,,,,7.0,-13.0,8.0,6.95,,False,dome,no_prior_season_situational_for_packaged_priors,rolling_features_unavailable_pre_2023
2015,15,2015-12-20,TEN@NE,NE,TEN,33.0,16.0,-17.0,49.0,-14.5,48.0,,,,,-5.0712,45.2694,,,,,2.5,-1.0,17.0,15.95,False,False,outdoors,no_prior_season_situational_for_packaged_priors,rolling_features_unavailable_pre_2023
2015,16,2015-12-27,CAR@ATL,ATL,CAR,20.0,13.0,-7.0,33.0,7.0,45.5,,,,,2.0901,45.2982,,,,,14.0,12.5,7.0,5.95,True,False,dome,no_prior_season_situational_for_packaged_priors,rolling_features_unavailable_pre_2023
2015,16,2015-12-27,CHI@TB,TB,CHI,21.0,26.0,5.0,47.0,-3.0,44.0,,,,,-1.5279,45.0469,,,,,-8.0,-3.0,-5.0,-6.05,False,False,outdoors,no_prior_season_situational_for_packaged_priors,rolling_features_unavailable_pre_2023
2015,16,2015-12-28,CIN@DEN,DEN,CIN,20.0,17.0,-3.0,37.0,-3.5,39.0,,,,,-0.6024,45.2038,,,,,-0.5,2.0,3.0,1.95,False,False,outdoors,no_prior_season_situational_for_packaged_priors,rolling_features_unavailable_pre_2023
2015,16,2015-12-27,CLE@KC,KC,CLE,17.0,13.0,-4.0,30.0,-11.5,42.5,,,,,-3.9033,45.1412,,,,,-7.5,12.5,4.0,2.95,False,False,outdoors,no_prior_season_situational_for_packaged_priors,rolling_features_unavailable_pre_2023
2015,16,2015-12-27,DAL@BUF,BUF,DAL,16.0,6.0,-10.0,22.0,-6.5,42.0,,,,,-2.0125,45.0368,,,,,3.5,20.0,10.0,8.95,False,False,outdoors,no_prior_season_situational_for_packaged_priors,rolling_features_unavailable_pre_2023
2015,16,2015-12-27,GB@ARI,ARI,GB,38.0,8.0,-30.0,46.0,-6.0,50.0,,,,,-1.9397,45.2242,,,,,24.0,4.0,30.0,28.95,False,False,closed,no_prior_season_situational_for_packaged_priors,rolling_features_unavailable_pre_2023
2015,16,2015-12-27,HOU@TEN,TEN,HOU,6.0,34.0,28.0,40.0,3.5,39.0,,,,,0.8762,45.0641,,,,,-24.5,-1.0,-28.0,-29.05,True,False,outdoors,no_prior_season_situational_for_packaged_priors,rolling_features_unavailable_pre_2023
2015,16,2015-12-27,IND@MIA,MIA,IND,12.0,18.0,6.0,30.0,-2.5,44.0,,,,,-0.5721,45.0469,,,,,-8.5,14.0,-6.0,-7.05,False,False,outdoors,no_prior_season_situational_for_packaged_priors,rolling_features_unavailable_pre_2023
2015,16,2015-12-27,JAX@NO,NO,JAX,38.0,27.0,-11.0,65.0,-2.5,52.5,,,,,-1.05,45.0277,,,,,8.5,-12.5,11.0,9.95,False,False,dome,no_prior_season_situational_for_packaged_priors,rolling_features_unavailable_pre_2023
2015,16,2015-12-27,NE@NYJ,NYJ,NE,26.0,20.0,-6.0,46.0,2.5,45.5,,,,,0.2933,45.2195,,,,,8.5,-0.5,6.0,4.95,True,False,outdoors,no_prior_season_situational_for_packaged_priors,rolling_features_unavailable_pre_2023
2015,16,2015-12-27,NYG@MIN,MIN,NYG,49.0,17.0,-32.0,66.0,-7.0,44.5,,,,,-2.4465,45.1293,,,,,25.0,-21.5,32.0,30.95,False,False,outdoors,no_prior_season_situational_for_packaged_priors,rolling_features_unavailable_pre_2023
2015,16,2015-12-27,PIT@BAL,BAL,PIT,20.0,17.0,-3.0,37.0,11.0,47.5,,,,,1.3105,45.1325,,,,,14.0,10.5,3.0,1.95,True,False,outdoors,no_prior_season_situational_for_packaged_priors,rolling_features_unavailable_pre_2023
2015,16,2015-12-24,SD@OAK,OAK,SD,23.0,20.0,-3.0,43.0,-4.0,45.0,,,,,-2.0125,45.0368,,,,,-1.0,2.0,3.0,1.95,,False,outdoors,no_prior_season_situational_for_packaged_priors,rolling_features_unavailable_pre_2023
2015,16,2015-12-27,SF@DET,DET,SF,32.0,17.0,-15.0,49.0,-8.5,42.5,,,,,-1.5345,45.0128,,,,,6.5,-6.5,15.0,13.95,False,False,dome,no_prior_season_situational_for_packaged_priors,rolling_features_unavailable_pre_2023
2015,16,2015-12-27,STL@SEA,SEA,STL,17.0,23.0,6.0,40.0,-11.0,42.0,,,,,-2.4465,45.1293,,,,,-17.0,2.0,-6.0,-7.05,,False,outdoors,no_prior_season_situational_for_packaged_priors,rolling_features_unavailable_pre_2023
2015,16,2015-12-26,WSH@PHI,PHI,WSH,24.0,38.0,14.0,62.0,-3.5,48.0,,,,,-0.5785,45.08,,,,,-17.5,-14.0,-14.0,-15.05,True,False,outdoors,no_prior_season_situational_for_packaged_priors,rolling_features_unavailable_pre_2023
2015,17,2016-01-03,BAL@CIN,CIN,BAL,24.0,16.0,-8.0,40.0,-10.0,40.5,,,,,-3.6608,45.1758,,,,,-2.0,0.5,8.0,6.95,True,False,outdoors,no_prior_season_situational_for_packaged_priors,rolling_features_unavailable_pre_2023
2015,17,2016-01-03,DET@CHI,CHI,DET,20.0,24.0,4.0,44.0,2.5,45.0,,,,,-1.05,45.048,,,,,-1.5,1.0,-4.0,-5.05,True,False,outdoors,no_prior_season_situational_for_packaged_priors,rolling_features_unavailable_pre_2023
2015,17,2016-01-03,JAX@HOU,HOU,JAX,30.0,6.0,-24.0,36.0,-5.0,45.0,,,,,-2.3785,45.0809,,,,,19.0,9.0,24.0,22.95,True,False,closed,no_prior_season_situational_for_packaged_priors,rolling_features_unavailable_pre_2023
2015,17,2016-01-03,MIN@GB,GB,MIN,13.0,20.0,7.0,33.0,-3.0,44.0,,,,,-1.05,45.1671,,,,,-10.0,11.0,-7.0,-8.05,True,False,outdoors,no_prior_season_situational_for_packaged_priors,rolling_features_unavailable_pre_2023
2015,17,2016-01-03,NE@MIA,MIA,NE,20.0,10.0,-10.0,30.0,10.0,46.5,,,,,1.9789,45.2136,,,,,20.0,16.5,10.0,8.95,True,False,outdoors,no_prior_season_situational_for_packaged_priors,rolling_features_unavailable_pre_2023
2015,17,2016-01-03,NO@ATL,ATL,NO,17.0,20.0,3.0,37.0,-6.0,53.5,,,,,-1.9299,45.0865,,,,,-9.0,16.5,-3.0,-4.05,True,False,dome,no_prior_season_situational_for_packaged_priors,rolling_features_unavailable_pre_2023
2015,17,2016-01-03,NYJ@BUF,BUF,NYJ,22.0,17.0,-5.0,39.0,2.5,41.0,,,,,0.2459,45.1403,,,,,7.5,2.0,5.0,3.95,True,False,outdoors,no_prior_season_situational_for_packaged_priors,rolling_features_unavailable_pre_2023
2015,17,2016-01-03,OAK@KC,KC,OAK,23.0,17.0,-6.0,40.0,-6.5,43.5,,,,,-2.3459,45.1403,,,,,-0.5,3.5,6.0,4.95,,False,outdoors,no_prior_season_situational_for_packaged_priors,rolling_features_unavailable_pre_2023
2015,17,2016-01-03,PHI@NYG,NYG,PHI,30.0,35.0,5.0,65.0,-4.0,51.0,,,,,-1.05,45.048,,,,,-9.0,-14.0,-5.0,-6.05,True,False,outdoors,no_prior_season_situational_for_packaged_priors,rolling_features_unavailable_pre_2023
2015,17,2016-01-03,PIT@CLE,CLE,PIT,12.0,28.0,16.0,40.0,13.0,47.0,,,,,1.6269,45.1183,,,,,-3.0,7.0,-16.0,-17.05,True,False,outdoors,no_prior_season_situational_for_packaged_priors,rolling_features_unavailable_pre_2023
2015,17,2016-01-03,SD@DEN,DEN,SD,27.0,20.0,-7.0,47.0,-10.0,42.0,,,,,-4.1166,45.1862,,,,,-3.0,-5.0,7.0,5.95,,False,outdoors,no_prior_season_situational_for_packaged_priors,rolling_features_unavailable_pre_2023
2015,17,2016-01-03,SEA@ARI,ARI,SEA,6.0,36.0,30.0,42.0,-6.0,46.5,,,,,-2.727,45.2225,,,,,-36.0,4.5,-30.0,-31.05,True,False,closed,no_prior_season_situational_for_packaged_priors,rolling_features_unavailable_pre_2023
2015,17,2016-01-03,STL@SF,SF,STL,19.0,16.0,-3.0,35.0,3.0,39.0,,,,,0.2953,45.05,,,,,6.0,4.0,3.0,1.95,,False,outdoors,no_prior_season_situational_for_packaged_priors,rolling_features_unavailable_pre_2023
2015,17,2016-01-03,TB@CAR,CAR,TB,38.0,10.0,-28.0,48.0,-10.0,44.0,,,,,-4.451,45.2801,,,,,18.0,-4.0,28.0,26.95,True,False,outdoors,no_prior_season_situational_for_packaged_priors,rolling_features_unavailable_pre_2023
2015,17,2016-01-03,TEN@IND,IND,TEN,30.0,24.0,-6.0,54.0,-3.5,39.0,,,,,-2.8558,45.0482,,,,,2.5,-15.0,6.0,4.95,True,False,closed,no_prior_season_situational_for_packaged_priors,rolling_features_unavailable_pre_2023
2015,17,2016-01-03,WSH@DAL,DAL,WSH,23.0,34.0,11.0,57.0,-3.0,41.0,,,,,0.733,45.0792,,,,,-14.0,-16.0,-11.0,-12.05,True,False,closed,no_prior_season_situational_for_packaged_priors,rolling_features_unavailable_pre_2023
2015,18,2016-01-10,GB@WSH,WSH,GB,18.0,35.0,17.0,53.0,-2.0,47.0,,,,,-0.6472,45.1373,,,,,-19.0,-6.0,-17.0,-18.05,False,False,outdoors,no_prior_season_situational_for_packaged_priors,rolling_features_unavailable_pre_2023
2015,18,2016-01-09,KC@HOU,HOU,KC,0.0,30.0,30.0,30.0,3.0,39.5,,,,,-0.2488,45.1556,,,,,-27.0,9.5,-30.0,-31.05,False,False,closed,no_prior_season_situational_for_packaged_priors,rolling_features_unavailable_pre_2023
2015,18,2016-01-09,PIT@CIN,CIN,PIT,16.0,18.0,2.0,34.0,2.0,46.0,,,,,-1.8422,45.182,,,,,0.0,12.0,-2.0,-3.05,True,False,outdoors,no_prior_season_situational_for_packaged_priors,rolling_features_unavailable_pre_2023
2015,18,2016-01-10,SEA@MIN,MIN,SEA,9.0,10.0,1.0,19.0,4.0,40.0,,,,,-1.4483,45.1642,,,,,3.0,21.0,-1.0,-2.05,False,False,outdoors,no_prior_season_situational_for_packaged_priors,rolling_features_unavailable_pre_2023
2015,19,2016-01-16,GB@ARI,ARI,GB,26.0,20.0,-6.0,46.0,-7.0,49.0,,,,,-2.0907,45.2041,,,,,-1.0,3.0,6.0,4.95,False,False,closed,no_prior_season_situational_for_packaged_priors,rolling_features_unavailable_pre_2023
2015,19,2016-01-16,KC@NE,NE,KC,27.0,20.0,-7.0,47.0,-6.0,44.0,,,,,-1.3276,45.1935,,,,,1.0,-3.0,7.0,5.95,False,False,outdoors,no_prior_season_situational_for_packaged_priors,rolling_features_unavailable_pre_2023
2015,19,2016-01-17,PIT@DEN,DEN,PIT,23.0,16.0,-7.0,39.0,-7.0,41.5,,,,,-1.7011,45.1847,,,,,0.0,2.5,7.0,5.95,False,False,outdoors,no_prior_season_situational_for_packaged_priors,rolling_features_unavailable_pre_2023
2015,19,2016-01-17,SEA@CAR,CAR,SEA,31.0,24.0,-7.0,55.0,-2.5,41.5,,,,,-2.8578,45.2511,,,,,4.5,-13.5,7.0,5.95,False,False,outdoors,no_prior_season_situational_for_packaged_priors,rolling_features_unavailable_pre_2023
2015,20,2016-01-24,ARI@CAR,CAR,ARI,49.0,15.0,-34.0,64.0,-3.5,47.0,,,,,-1.7704,45.26,,,,,30.5,-17.0,34.0,32.95,False,False,outdoors,no_prior_season_situational_for_packaged_priors,rolling_features_unavailable_pre_2023
2015,20,2016-01-24,NE@DEN,DEN,NE,20.0,18.0,-2.0,38.0,2.5,45.0,,,,,-1.05,45.2079,,,,,4.5,7.0,2.0,0.95,False,False,outdoors,no_prior_season_situational_for_packaged_priors,rolling_features_unavailable_pre_2023
2015,21,2016-02-07,CAR@DEN,DEN,CAR,24.0,10.0,-14.0,34.0,4.5,43.0,,,,,-0.0256,45.2569,,,,,18.5,9.0,14.0,12.95,False,False,outdoors,no_prior_season_situational_for_packaged_priors,rolling_features_unavailable_pre_2023
2016,1,2016-09-11,BUF@BAL,BAL,BUF,13.0,7.0,-6.0,20.0,-3.0,44.5,,,,,-1.05,44.8435,,,,,3.0,24.5,6.0,4.95,False,True,outdoors,no_prior_season_situational_for_packaged_priors,rolling_features_unavailable_pre_2023
2016,1,2016-09-08,CAR@DEN,DEN,CAR,21.0,20.0,-1.0,41.0,3.0,40.5,,,,,-1.05,44.8435,,,,,4.0,-0.5,1.0,-0.050000000000000044,False,True,outdoors,no_prior_season_situational_for_packaged_priors,rolling_features_unavailable_pre_2023
2016,1,2016-09-11,CHI@HOU,HOU,CHI,23.0,14.0,-9.0,37.0,-5.5,43.0,,,,,-1.05,44.8435,,,,,3.5,6.0,9.0,7.95,False,True,closed,no_prior_season_situational_for_packaged_priors,rolling_features_unavailable_pre_2023
2016,1,2016-09-11,CIN@NYJ,NYJ,CIN,22.0,23.0,1.0,45.0,-1.0,42.0,,,,,-1.05,44.8435,,,,,-2.0,-3.0,-1.0,-2.05,False,True,outdoors,no_prior_season_situational_for_packaged_priors,rolling_features_unavailable_pre_2023
2016,1,2016-09-11,CLE@PHI,PHI,CLE,29.0,10.0,-19.0,39.0,-3.5,41.0,,,,,-1.05,44.8435,,,,,15.5,2.0,19.0,17.95,False,True,outdoors,no_prior_season_situational_for_packaged_priors,rolling_features_unavailable_pre_2023
2016,1,2016-09-11,DET@IND,IND,DET,35.0,39.0,4.0,74.0,-2.5,51.5,,,,,-1.05,44.8435,,,,,-6.5,-22.5,-4.0,-5.05,False,True,open,no_prior_season_situational_for_packaged_priors,rolling_features_unavailable_pre_2023
2016,1,2016-09-11,GB@JAX,JAX,GB,23.0,27.0,4.0,50.0,3.5,47.0,,,,,-1.05,44.8435,,,,,-0.5,-3.0,-4.0,-5.05,False,True,outdoors,no_prior_season_situational_for_packaged_priors,rolling_features_unavailable_pre_2023
2016,1,2016-09-12,LAR@SF,SF,LAR,28.0,0.0,-28.0,28.0,2.5,44.0,,,,,-1.05,44.8435,,,,,30.5,16.0,28.0,26.95,True,True,outdoors,no_prior_season_situational_for_packaged_priors,rolling_features_unavailable_pre_2023
2016,1,2016-09-11,MIA@SEA,SEA,MIA,12.0,10.0,-2.0,22.0,-10.5,43.5,,,,,-1.05,44.8435,,,,,-8.5,21.5,2.0,0.95,False,True,outdoors,no_prior_season_situational_for_packaged_priors,rolling_features_unavailable_pre_2023
2016,1,2016-09-11,MIN@TEN,TEN,MIN,16.0,25.0,9.0,41.0,2.5,40.0,,,,,-1.05,44.8435,,,,,-6.5,-1.0,-9.0,-10.05,False,True,outdoors,no_prior_season_situational_for_packaged_priors,rolling_features_unavailable_pre_2023
2016,1,2016-09-11,NE@ARI,ARI,NE,21.0,23.0,2.0,44.0,-9.0,44.5,,,,,-1.05,44.8435,,,,,-11.0,0.5,-2.0,-3.05,False,True,closed,no_prior_season_situational_for_packaged_priors,rolling_features_unavailable_pre_2023
2016,1,2016-09-11,NYG@DAL,DAL,NYG,19.0,20.0,1.0,39.0,-1.0,47.5,,,,,-1.05,44.8435,,,,,-2.0,8.5,-1.0,-2.05,True,True,closed,no_prior_season_situational_for_packaged_priors,rolling_features_unavailable_pre_2023
2016,1,2016-09-11,OAK@NO,NO,OAK,34.0,35.0,1.0,69.0,-2.5,50.0,,,,,-1.05,44.8435,,,,,-3.5,-19.0,-1.0,-2.05,,True,dome,no_prior_season_situational_for_packaged_priors,rolling_features_unavailable_pre_2023
2016,1,2016-09-12,PIT@WSH,WSH,PIT,16.0,38.0,22.0,54.0,2.5,49.0,,,,,-1.05,44.8435,,,,,-19.5,-5.0,-22.0,-23.05,False,True,outdoors,no_prior_season_situational_for_packaged_priors,rolling_features_unavailable_pre_2023
2016,1,2016-09-11,SD@KC,KC,SD,33.0,27.0,-6.0,60.0,-6.5,45.5,,,,,-1.05,44.8435,,,,,-0.5,-14.5,6.0,4.95,,True,outdoors,no_prior_season_situational_for_packaged_priors,rolling_features_unavailable_pre_2023
2016,1,2016-09-11,TB@ATL,ATL,TB,24.0,31.0,7.0,55.0,-2.5,46.5,,,,,-1.05,44.8435,,,,,-9.5,-8.5,-7.0,-8.05,True,True,dome,no_prior_season_situational_for_packaged_priors,rolling_features_unavailable_pre_2023
2016,2,2016-09-18,ATL@OAK,OAK,ATL,28.0,35.0,7.0,63.0,-4.0,47.5,,,,,-7.55,45.5201,,,,,-11.0,-15.5,-7.0,-8.05,,True,outdoors,no_prior_season_situational_for_packaged_priors,rolling_features_unavailable_pre_2023
2016,2,2016-09-18,BAL@CLE,CLE,BAL,20.0,25.0,5.0,45.0,4.0,42.0,,,,,5.45,45.5201,,,,,-1.0,-3.0,-5.0,-6.05,True,True,outdoors,no_prior_season_situational_for_packaged_priors,rolling_features_unavailable_pre_2023
2016,2,2016-09-18,CIN@PIT,PIT,CIN,24.0,16.0,-8.0,40.0,-3.0,48.0,,,,,-1.05,45.3,,,,,5.0,8.0,8.0,6.95,True,True,outdoors,no_prior_season_situational_for_packaged_priors,rolling_features_unavailable_pre_2023
2016,2,2016-09-18,DAL@WSH,WSH,DAL,23.0,27.0,4.0,50.0,-3.5,47.0,,,,,-1.05,44.8435,,,,,-7.5,-3.0,-4.0,-5.05,True,True,outdoors,no_prior_season_situational_for_packaged_priors,rolling_features_unavailable_pre_2023
2016,2,2016-09-18,GB@MIN,MIN,GB,17.0,14.0,-3.0,31.0,1.5,43.0,,,,,-1.05,45.3,,,,,4.5,12.0,3.0,1.95,True,True,dome,no_prior_season_situational_for_packaged_priors,rolling_features_unavailable_pre_2023
2016,2,2016-09-18,IND@DEN,DEN,IND,34.0,20.0,-14.0,54.0,-5.0,47.0,,,,,-7.55,45.5201,,,,,9.0,-7.0,14.0,12.95,False,True,outdoors,no_prior_season_situational_for_packaged_priors,rolling_features_unavailable_pre_2023
2016,2,2016-09-18,JAX@SD,SD,JAX,38.0,14.0,-24.0,52.0,-3.0,47.5,,,,,-1.05,44.8435,,,,,21.0,-4.5,24.0,22.95,,True,outdoors,no_prior_season_situational_for_packaged_priors,rolling_features_unavailable_pre_2023
2016,2,2016-09-18,KC@HOU,HOU,KC,19.0,12.0,-7.0,31.0,1.0,41.5,,,,,-1.05,45.3,,,,,8.0,10.5,7.0,5.95,False,True,closed,no_prior_season_situational_for_packaged_priors,rolling_features_unavailable_pre_2023
2016,2,2016-09-18,MIA@NE,NE,MIA,31.0,24.0,-7.0,55.0,-5.5,42.0,,,,,-7.55,45.5201,,,,,1.5,-13.0,7.0,5.95,True,True,outdoors,no_prior_season_situational_for_packaged_priors,rolling_features_unavailable_pre_2023
2016,2,2016-09-18,NO@NYG,NYG,NO,16.0,13.0,-3.0,29.0,-3.5,54.0,,,,,-7.55,45.5201,,,,,-0.5,25.0,3.0,1.95,False,True,outdoors,no_prior_season_situational_for_packaged_priors,rolling_features_unavailable_pre_2023
2016,2,2016-09-15,NYJ@BUF,BUF,NYJ,31.0,37.0,6.0,68.0,-1.5,40.5,,,,,-1.05,44.8435,,,,,-7.5,-27.5,-6.0,-7.05,True,True,outdoors,no_prior_season_situational_for_packaged_priors,rolling_features_unavailable_pre_2023
2016,2,2016-09-19,PHI@CHI,CHI,PHI,14.0,29.0,15.0,43.0,-3.0,42.5,,,,,5.45,45.5201,,,,,-18.0,-0.5,-15.0,-16.05,False,True,outdoors,no_prior_season_situational_for_packaged_priors,rolling_features_unavailable_pre_2023
2016,2,2016-09-18,SEA@LAR,LAR,SEA,9.0,3.0,-6.0,12.0,5.5,38.0,,,,,5.45,45.5201,,,,,11.5,26.0,6.0,4.95,True,True,outdoors,no_prior_season_situational_for_packaged_priors,rolling_features_unavailable_pre_2023
2016,2,2016-09-18,SF@CAR,CAR,SF,46.0,27.0,-19.0,73.0,-12.0,44.5,,,,,5.45,45.5201,,,,,7.0,-28.5,19.0,17.95,False,True,outdoors,no_prior_season_situational_for_packaged_priors,rolling_features_unavailable_pre_2023
2016,2,2016-09-18,TB@ARI,ARI,TB,40.0,7.0,-33.0,47.0,-7.5,49.5,,,,,5.45,45.5201,,,,,25.5,2.5,33.0,31.95,False,True,closed,no_prior_season_situational_for_packaged_priors,rolling_features_unavailable_pre_2023
2016,2,2016-09-18,TEN@DET,DET,TEN,15.0,16.0,1.0,31.0,-6.0,48.0,,,,,-7.55,45.5201,,,,,-7.0,17.0,-1.0,-2.05,False,True,dome,no_prior_season_situational_for_packaged_priors,rolling_features_unavailable_pre_2023
2016,3,2016-09-25,ARI@BUF,BUF,ARI,33.0,18.0,-15.0,51.0,5.0,48.0,,,,,2.3976,45.0919,,,,,20.0,-3.0,15.0,13.95,False,True,outdoors,no_prior_season_situational_for_packaged_priors,rolling_features_unavailable_pre_2023
2016,3,2016-09-26,ATL@NO,NO,ATL,32.0,45.0,13.0,77.0,-2.5,54.0,,,,,2.3976,45.0919,,,,,-15.5,-23.0,-13.0,-14.05,True,True,dome,no_prior_season_situational_for_packaged_priors,rolling_features_unavailable_pre_2023
2016,3,2016-09-25,BAL@JAX,JAX,BAL,17.0,19.0,2.0,36.0,1.0,45.0,,,,,5.45,45.5201,,,,,-1.0,9.0,-2.0,-3.05,False,True,outdoors,no_prior_season_situational_for_packaged_priors,rolling_features_unavailable_pre_2023
2016,3,2016-09-25,CHI@DAL,DAL,CHI,31.0,17.0,-14.0,48.0,-6.5,45.0,,,,,-4.4976,45.0919,,,,,7.5,-3.0,14.0,12.95,False,True,closed,no_prior_season_situational_for_packaged_priors,rolling_features_unavailable_pre_2023
2016,3,2016-09-25,CLE@MIA,MIA,CLE,30.0,24.0,-6.0,54.0,-10.0,42.0,,,,,-1.05,44.8435,,,,,-4.0,-12.0,6.0,4.95,False,True,outdoors,no_prior_season_situational_for_packaged_priors,rolling_features_unavailable_pre_2023
2016,3,2016-09-25,DEN@CIN,CIN,DEN,17.0,29.0,12.0,46.0,-3.5,42.0,,,,,2.0901,45.2982,,,,,-15.5,-4.0,-12.0,-13.05,False,True,outdoors,no_prior_season_situational_for_packaged_priors,rolling_features_unavailable_pre_2023
2016,3,2016-09-25,DET@GB,GB,DET,34.0,27.0,-7.0,61.0,-6.0,47.5,,,,,-1.05,45.0941,,,,,1.0,-13.5,7.0,5.95,True,True,outdoors,no_prior_season_situational_for_packaged_priors,rolling_features_unavailable_pre_2023
2016,3,2016-09-22,HOU@NE,NE,HOU,27.0,0.0,-27.0,27.0,-1.0,38.5,,,,,-1.05,45.3,,,,,26.0,11.5,27.0,25.95,False,True,outdoors,no_prior_season_situational_for_packaged_priors,rolling_features_unavailable_pre_2023
2016,3,2016-09-25,LAR@TB,TB,LAR,32.0,37.0,5.0,69.0,-3.5,40.5,,,,,-1.05,45.0941,,,,,-8.5,-28.5,-5.0,-6.05,False,True,outdoors,no_prior_season_situational_for_packaged_priors,rolling_features_unavailable_pre_2023
2016,3,2016-09-25,MIN@CAR,CAR,MIN,10.0,22.0,12.0,32.0,-6.0,43.0,,,,,2.0901,45.2982,,,,,-18.0,11.0,-12.0,-13.05,False,True,outdoors,no_prior_season_situational_for_packaged_priors,rolling_features_unavailable_pre_2023
2016,3,2016-09-25,NYJ@KC,KC,NYJ,24.0,3.0,-21.0,27.0,-3.0,44.5,,,,,-1.05,45.0941,,,,,18.0,17.5,21.0,19.95,False,True,outdoors,no_prior_season_situational_for_packaged_priors,rolling_features_unavailable_pre_2023
2016,3,2016-09-25,OAK@TEN,TEN,OAK,10.0,17.0,7.0,27.0,1.5,47.0,,,,,-1.05,45.0941,,,,,-5.5,20.0,-7.0,-8.05,,True,outdoors,no_prior_season_situational_for_packaged_priors,rolling_features_unavailable_pre_2023
2016,3,2016-09-25,PIT@PHI,PHI,PIT,34.0,3.0,-31.0,37.0,3.5,46.5,,,,,-1.05,45.3,,,,,34.5,9.5,31.0,29.95,False,True,outdoors,no_prior_season_situational_for_packaged_priors,rolling_features_unavailable_pre_2023
2016,3,2016-09-25,SD@IND,IND,SD,26.0,22.0,-4.0,48.0,-1.5,51.5,,,,,2.3976,45.0919,,,,,2.5,3.5,4.0,2.95,,True,closed,no_prior_season_situational_for_packaged_priors,rolling_features_unavailable_pre_2023
2016,3,2016-09-25,SF@SEA,SEA,SF,37.0,18.0,-19.0,55.0,-10.5,42.0,,,,,-1.05,45.0941,,,,,8.5,-13.0,19.0,17.95,True,True,outdoors,no_prior_season_situational_for_packaged_priors,rolling_features_unavailable_pre_2023
2016,3,2016-09-25,WSH@NYG,NYG,WSH,27.0,29.0,2.0,56.0,-3.5,47.0,,,,,-7.55,45.5201,,,,,-5.5,-9.0,-2.0,-3.05,True,True,outdoors,no_prior_season_situational_for_packaged_priors,rolling_features_unavailable_pre_2023
2016,4,2016-10-02,BUF@NE,NE,BUF,0.0,16.0,16.0,16.0,-3.5,41.0,,,,,-5.3074,45.3439,,,,,-19.5,25.0,-16.0,-17.05,True,True,outdoors,no_prior_season_situational_for_packaged_priors,rolling_features_unavailable_pre_2023
2016,4,2016-10-02,CAR@ATL,ATL,CAR,48.0,33.0,-15.0,81.0,2.5,48.5,,,,,-3.2382,45.141,,,,,17.5,-32.5,15.0,13.95,True,True,dome,no_prior_season_situational_for_packaged_priors,rolling_features_unavailable_pre_2023
2016,4,2016-10-02,CLE@WSH,WSH,CLE,31.0,20.0,-11.0,51.0,-7.5,48.0,,,,,-3.3829,44.9864,,,,,3.5,-3.0,11.0,9.95,False,True,outdoors,no_prior_season_situational_for_packaged_priors,rolling_features_unavailable_pre_2023
2016,4,2016-10-02,DAL@SF,SF,DAL,17.0,24.0,7.0,41.0,1.0,44.0,,,,,1.1382,45.141,,,,,-6.0,3.0,-7.0,-8.05,False,True,outdoors,no_prior_season_situational_for_packaged_priors,rolling_features_unavailable_pre_2023
2016,4,2016-10-02,DEN@TB,TB,DEN,7.0,27.0,20.0,34.0,3.5,43.0,,,,,3.2074,45.3439,,,,,-16.5,9.0,-20.0,-21.05,False,True,outdoors,no_prior_season_situational_for_packaged_priors,rolling_features_unavailable_pre_2023
2016,4,2016-10-02,DET@CHI,CHI,DET,17.0,14.0,-3.0,31.0,3.0,48.0,,,,,1.2829,44.9864,,,,,6.0,17.0,3.0,1.95,True,True,outdoors,no_prior_season_situational_for_packaged_priors,rolling_features_unavailable_pre_2023
2016,4,2016-10-02,IND@JAX,JAX,IND,30.0,27.0,-3.0,57.0,-1.0,48.0,,,,,1.2829,44.9864,,,,,2.0,-9.0,3.0,1.95,True,True,outdoors,no_prior_season_situational_for_packaged_priors,rolling_features_unavailable_pre_2023
2016,4,2016-10-02,KC@PIT,PIT,KC,43.0,14.0,-29.0,57.0,-3.0,48.0,,,,,-1.05,45.1671,,,,,26.0,-9.0,29.0,27.95,False,True,outdoors,no_prior_season_situational_for_packaged_priors,rolling_features_unavailable_pre_2023
2016,4,2016-10-02,LAR@ARI,ARI,LAR,13.0,17.0,4.0,30.0,-10.0,43.5,,,,,1.1382,45.141,,,,,-14.0,13.5,-4.0,-5.05,True,True,closed,no_prior_season_situational_for_packaged_priors,rolling_features_unavailable_pre_2023
2016,4,2016-09-29,MIA@CIN,CIN,MIA,22.0,7.0,-15.0,29.0,-7.5,46.0,,,,,-1.05,45.0162,,,,,7.5,17.0,15.0,13.95,False,True,outdoors,no_prior_season_situational_for_packaged_priors,rolling_features_unavailable_pre_2023
2016,4,2016-10-02,NO@SD,SD,NO,34.0,35.0,1.0,69.0,-4.0,54.0,,,,,-3.3829,44.9864,,,,,-5.0,-15.0,-1.0,-2.05,,True,outdoors,no_prior_season_situational_for_packaged_priors,rolling_features_unavailable_pre_2023
2016,4,2016-10-03,NYG@MIN,MIN,NYG,24.0,10.0,-14.0,34.0,-3.5,42.5,,,,,-3.1103,45.2771,,,,,10.5,8.5,14.0,12.95,False,True,dome,no_prior_season_situational_for_packaged_priors,rolling_features_unavailable_pre_2023
2016,4,2016-10-02,OAK@BAL,BAL,OAK,27.0,28.0,1.0,55.0,-3.5,45.0,,,,,-3.1103,45.2771,,,,,-4.5,-10.0,-1.0,-2.05,,True,outdoors,no_prior_season_situational_for_packaged_priors,rolling_features_unavailable_pre_2023
2016,4,2016-10-02,SEA@NYJ,NYJ,SEA,17.0,27.0,10.0,44.0,1.0,40.0,,,,,1.1382,45.141,,,,,-9.0,-4.0,-10.0,-11.05,False,True,outdoors,no_prior_season_situational_for_packaged_priors,rolling_features_unavailable_pre_2023
2016,4,2016-10-02,TEN@HOU,HOU,TEN,27.0,20.0,-7.0,47.0,-4.0,40.0,,,,,-3.2382,45.141,,,,,3.0,-7.0,7.0,5.95,True,True,closed,no_prior_season_situational_for_packaged_priors,rolling_features_unavailable_pre_2023
2016,5,2016-10-06,ARI@SF,SF,ARI,21.0,33.0,12.0,54.0,3.5,42.5,,,,,-1.05,44.9753,,,,,-8.5,-11.5,-12.0,-13.05,True,False,outdoors,no_prior_season_situational_for_packaged_priors,rolling_features_unavailable_pre_2023
2016,5,2016-10-09,ATL@DEN,DEN,ATL,16.0,23.0,7.0,39.0,-3.5,44.5,,,,,-2.5834,45.275,,,,,-10.5,5.5,-7.0,-8.05,False,False,outdoors,no_prior_season_situational_for_packaged_priors,rolling_features_unavailable_pre_2023
2016,5,2016-10-09,BUF@LAR,LAR,BUF,19.0,30.0,11.0,49.0,2.5,41.5,,,,,-2.6531,45.1745,,,,,-8.5,-7.5,-11.0,-12.05,False,False,outdoors,no_prior_season_situational_for_packaged_priors,rolling_features_unavailable_pre_2023
2016,5,2016-10-09,CHI@IND,IND,CHI,29.0,23.0,-6.0,52.0,-4.0,47.5,,,,,-1.05,44.9753,,,,,2.0,-4.5,6.0,4.95,False,False,open,no_prior_season_situational_for_packaged_priors,rolling_features_unavailable_pre_2023
2016,5,2016-10-09,CIN@DAL,DAL,CIN,28.0,14.0,-14.0,42.0,2.5,46.0,,,,,-2.6531,45.1745,,,,,16.5,4.0,14.0,12.95,False,False,closed,no_prior_season_situational_for_packaged_priors,rolling_features_unavailable_pre_2023
2016,5,2016-10-09,HOU@MIN,MIN,HOU,31.0,13.0,-18.0,44.0,-6.0,39.0,,,,,-2.5834,45.275,,,,,12.0,-5.0,18.0,16.95,False,False,dome,no_prior_season_situational_for_packaged_priors,rolling_features_unavailable_pre_2023
2016,5,2016-10-09,NE@CLE,CLE,NE,13.0,33.0,20.0,46.0,10.0,47.5,,,,,4.0138,45.2867,,,,,-10.0,1.5,-20.0,-21.05,False,False,outdoors,no_prior_season_situational_for_packaged_priors,rolling_features_unavailable_pre_2023
2016,5,2016-10-09,NYG@GB,GB,NYG,23.0,16.0,-7.0,39.0,-7.0,49.0,,,,,-2.1265,45.1425,,,,,0.0,10.0,7.0,5.95,False,False,outdoors,no_prior_season_situational_for_packaged_priors,rolling_features_unavailable_pre_2023
2016,5,2016-10-09,NYJ@PIT,PIT,NYJ,31.0,13.0,-18.0,44.0,-10.0,50.0,,,,,-4.3366,45.1998,,,,,8.0,6.0,18.0,16.95,False,False,outdoors,no_prior_season_situational_for_packaged_priors,rolling_features_unavailable_pre_2023
2016,5,2016-10-09,PHI@DET,DET,PHI,24.0,23.0,-1.0,47.0,3.5,46.0,,,,,3.7814,45.3768,,,,,4.5,-1.0,1.0,-0.050000000000000044,False,False,dome,no_prior_season_situational_for_packaged_priors,rolling_features_unavailable_pre_2023
2016,5,2016-10-09,SD@OAK,OAK,SD,34.0,31.0,-3.0,65.0,-3.5,50.5,,,,,-4.3366,45.1998,,,,,-0.5,-14.5,3.0,1.95,,False,outdoors,no_prior_season_situational_for_packaged_priors,rolling_features_unavailable_pre_2023
2016,5,2016-10-10,TB@CAR,CAR,TB,14.0,17.0,3.0,31.0,-6.0,46.5,,,,,-1.05,44.9753,,,,,-9.0,15.5,-3.0,-4.05,True,False,outdoors,no_prior_season_situational_for_packaged_priors,rolling_features_unavailable_pre_2023
2016,5,2016-10-09,TEN@MIA,MIA,TEN,17.0,30.0,13.0,47.0,-2.5,44.5,,,,,-1.05,44.9753,,,,,-15.5,-2.5,-13.0,-14.05,False,False,outdoors,no_prior_season_situational_for_packaged_priors,rolling_features_unavailable_pre_2023
2016,5,2016-10-09,WSH@BAL,BAL,WSH,10.0,16.0,6.0,26.0,-4.0,44.5,,,,,-2.6531,45.1745,,,,,-10.0,18.5,-6.0,-7.05,False,False,outdoors,no_prior_season_situational_for_packaged_priors,rolling_features_unavailable_pre_2023
2016,6,2016-10-16,ATL@SEA,SEA,ATL,26.0,24.0,-2.0,50.0,-7.0,45.5,,,,,-0.7381,45.213,,,,,-5.0,-4.5,2.0,0.95,False,False,outdoors,no_prior_season_situational_for_packaged_priors,rolling_features_unavailable_pre_2023
2016,6,2016-10-16,BAL@NYG,NYG,BAL,27.0,23.0,-4.0,50.0,-3.5,42.5,,,,,0.262,45.111,,,,,0.5,-7.5,4.0,2.95,False,False,outdoors,no_prior_season_situational_for_packaged_priors,rolling_features_unavailable_pre_2023
2016,6,2016-10-16,CAR@NO,NO,CAR,41.0,38.0,-3.0,79.0,2.5,53.5,,,,,-1.3955,44.9639,,,,,5.5,-25.5,3.0,1.95,True,False,dome,no_prior_season_situational_for_packaged_priors,rolling_features_unavailable_pre_2023
2016,6,2016-10-16,CIN@NE,NE,CIN,35.0,17.0,-18.0,52.0,-7.5,48.5,,,,,-3.629,45.2036,,,,,10.5,-3.5,18.0,16.95,False,False,outdoors,no_prior_season_situational_for_packaged_priors,rolling_features_unavailable_pre_2023
2016,6,2016-10-16,CLE@TEN,TEN,CLE,28.0,26.0,-2.0,54.0,-7.5,45.0,,,,,-3.8326,45.0261,,,,,-5.5,-9.0,2.0,0.95,False,False,outdoors,no_prior_season_situational_for_packaged_priors,rolling_features_unavailable_pre_2023
2016,6,2016-10-16,DAL@GB,GB,DAL,16.0,30.0,14.0,46.0,-5.0,47.0,,,,,-0.7381,45.213,,,,,-19.0,1.0,-14.0,-15.05,False,False,outdoors,no_prior_season_situational_for_packaged_priors,rolling_features_unavailable_pre_2023
2016,6,2016-10-13,DEN@SD,SD,DEN,21.0,13.0,-8.0,34.0,3.0,44.0,,,,,2.8981,45.2465,,,,,11.0,10.0,8.0,6.95,,False,outdoors,no_prior_season_situational_for_packaged_priors,rolling_features_unavailable_pre_2023
2016,6,2016-10-16,IND@HOU,HOU,IND,26.0,23.0,-3.0,49.0,-3.0,47.5,,,,,-2.362,45.111,,,,,0.0,-1.5,3.0,1.95,True,False,closed,no_prior_season_situational_for_packaged_priors,rolling_features_unavailable_pre_2023
2016,6,2016-10-16,JAX@CHI,CHI,JAX,16.0,17.0,1.0,33.0,-2.5,46.0,,,,,-0.7045,44.9639,,,,,-3.5,13.0,-1.0,-2.05,False,False,outdoors,no_prior_season_situational_for_packaged_priors,rolling_features_unavailable_pre_2023
2016,6,2016-10-16,KC@OAK,OAK,KC,10.0,26.0,16.0,36.0,1.0,46.5,,,,,-2.9655,45.1959,,,,,-15.0,10.5,-16.0,-17.05,,False,outdoors,no_prior_season_situational_for_packaged_priors,rolling_features_unavailable_pre_2023
2016,6,2016-10-16,LAR@DET,DET,LAR,31.0,28.0,-3.0,59.0,-2.5,44.0,,,,,0.262,45.111,,,,,0.5,-15.0,3.0,1.95,False,False,dome,no_prior_season_situational_for_packaged_priors,rolling_features_unavailable_pre_2023
2016,6,2016-10-17,NYJ@ARI,ARI,NYJ,28.0,3.0,-25.0,31.0,-7.5,46.0,,,,,-2.4127,45.0182,,,,,17.5,15.0,25.0,23.95,False,False,closed,no_prior_season_situational_for_packaged_priors,rolling_features_unavailable_pre_2023
2016,6,2016-10-16,PHI@WSH,WSH,PHI,27.0,20.0,-7.0,47.0,3.0,45.0,,,,,-0.0972,45.1795,,,,,10.0,-2.0,7.0,5.95,True,False,outdoors,no_prior_season_situational_for_packaged_priors,rolling_features_unavailable_pre_2023
2016,6,2016-10-16,PIT@MIA,MIA,PIT,30.0,15.0,-15.0,45.0,7.5,49.5,,,,,2.8981,45.2465,,,,,22.5,4.5,15.0,13.95,False,False,outdoors,no_prior_season_situational_for_packaged_priors,rolling_features_unavailable_pre_2023
2016,6,2016-10-16,SF@BUF,BUF,SF,45.0,16.0,-29.0,61.0,-7.5,44.0,,,,,-3.7269,45.1183,,,,,21.5,-17.0,29.0,27.95,False,False,outdoors,no_prior_season_situational_for_packaged_priors,rolling_features_unavailable_pre_2023
2016,7,2016-10-23,BAL@NYJ,NYJ,BAL,24.0,16.0,-8.0,40.0,-2.0,40.5,,,,,1.2082,45.0663,,,,,6.0,0.5,8.0,6.95,False,False,outdoors,no_prior_season_situational_for_packaged_priors,rolling_features_unavailable_pre_2023
2016,7,2016-10-23,BUF@MIA,MIA,BUF,28.0,25.0,-3.0,53.0,2.5,46.0,,,,,1.1382,45.141,,,,,5.5,-7.0,3.0,1.95,True,False,outdoors,no_prior_season_situational_for_packaged_priors,rolling_features_unavailable_pre_2023
2016,7,2016-10-20,CHI@GB,GB,CHI,26.0,10.0,-16.0,36.0,-7.5,46.5,,,,,-3.96,45.1232,,,,,8.5,10.5,16.0,14.95,True,False,outdoors,no_prior_season_situational_for_packaged_priors,rolling_features_unavailable_pre_2023
2016,7,2016-10-23,CLE@CIN,CIN,CLE,31.0,17.0,-14.0,48.0,-11.5,46.5,,,,,-3.3829,44.9864,,,,,2.5,-1.5,14.0,12.95,True,False,outdoors,no_prior_season_situational_for_packaged_priors,rolling_features_unavailable_pre_2023
2016,7,2016-10-24,HOU@DEN,DEN,HOU,27.0,9.0,-18.0,36.0,-8.5,40.0,,,,,-1.05,45.1671,,,,,9.5,4.0,18.0,16.95,False,False,outdoors,no_prior_season_situational_for_packaged_priors,rolling_features_unavailable_pre_2023
2016,7,2016-10-23,IND@TEN,TEN,IND,26.0,34.0,8.0,60.0,-4.0,48.5,,,,,-2.1604,45.0679,,,,,-12.0,-11.5,-8.0,-9.05,True,False,outdoors,no_prior_season_situational_for_packaged_priors,rolling_features_unavailable_pre_2023
2016,7,2016-10-23,MIN@PHI,PHI,MIN,21.0,10.0,-11.0,31.0,2.5,39.0,,,,,1.4379,45.2827,,,,,13.5,8.0,11.0,9.95,False,False,outdoors,no_prior_season_situational_for_packaged_priors,rolling_features_unavailable_pre_2023
2016,7,2016-10-23,NE@PIT,PIT,NE,16.0,27.0,11.0,43.0,7.5,49.0,,,,,-0.0053,45.2125,,,,,-3.5,6.0,-11.0,-12.05,False,False,outdoors,no_prior_season_situational_for_packaged_priors,rolling_features_unavailable_pre_2023
2016,7,2016-10-23,NO@KC,KC,NO,27.0,21.0,-6.0,48.0,-6.0,51.0,,,,,-2.362,45.111,,,,,0.0,3.0,6.0,4.95,False,False,outdoors,no_prior_season_situational_for_packaged_priors,rolling_features_unavailable_pre_2023
2016,7,2016-10-23,NYG@LAR,LAR,NYG,10.0,17.0,7.0,27.0,3.0,44.5,,,,,-1.05,45.0941,,,,,-4.0,17.5,-7.0,-8.05,False,False,outdoors,no_prior_season_situational_for_packaged_priors,rolling_features_unavailable_pre_2023
2016,7,2016-10-23,OAK@JAX,JAX,OAK,16.0,33.0,17.0,49.0,-1.5,47.5,,,,,0.6891,45.1387,,,,,-18.5,-1.5,-17.0,-18.05,,False,outdoors,no_prior_season_situational_for_packaged_priors,rolling_features_unavailable_pre_2023
2016,7,2016-10-23,SD@ATL,ATL,SD,30.0,33.0,3.0,63.0,-4.5,52.5,,,,,-3.2382,45.141,,,,,-7.5,-10.5,-3.0,-4.05,,False,dome,no_prior_season_situational_for_packaged_priors,rolling_features_unavailable_pre_2023
2016,7,2016-10-23,SEA@ARI,ARI,SEA,6.0,6.0,0.0,12.0,-2.5,43.0,,,,,0.8655,45.1959,,,,,-2.5,31.0,0.0,-1.05,True,False,closed,no_prior_season_situational_for_packaged_priors,rolling_features_unavailable_pre_2023
2016,7,2016-10-23,TB@SF,SF,TB,17.0,34.0,17.0,51.0,-1.0,45.0,,,,,0.5452,45.0168,,,,,-18.0,-6.0,-17.0,-18.05,False,False,outdoors,no_prior_season_situational_for_packaged_priors,rolling_features_unavailable_pre_2023
2016,7,2016-10-23,WSH@DET,DET,WSH,20.0,17.0,-3.0,37.0,1.0,50.0,,,,,0.0265,45.1425,,,,,4.0,13.0,3.0,1.95,False,False,dome,no_prior_season_situational_for_packaged_priors,rolling_features_unavailable_pre_2023
2016,8,2016-10-30,ARI@CAR,CAR,ARI,30.0,20.0,-10.0,50.0,-2.5,45.5,,,,,1.2082,45.0663,,,,,7.5,-4.5,10.0,8.95,False,False,outdoors,no_prior_season_situational_for_packaged_priors,rolling_features_unavailable_pre_2023
2016,8,2016-10-30,DET@HOU,HOU,DET,20.0,13.0,-7.0,33.0,-1.0,46.5,,,,,-1.05,45.126,,,,,6.0,13.5,7.0,5.95,False,False,closed,no_prior_season_situational_for_packaged_priors,rolling_features_unavailable_pre_2023
2016,8,2016-10-30,GB@ATL,ATL,GB,33.0,32.0,-1.0,65.0,-3.0,51.0,,,,,-0.4389,45.1504,,,,,-2.0,-14.0,1.0,-0.050000000000000044,False,False,dome,no_prior_season_situational_for_packaged_priors,rolling_features_unavailable_pre_2023
2016,8,2016-10-27,JAX@TEN,TEN,JAX,36.0,22.0,-14.0,58.0,-3.0,43.5,,,,,-1.6887,45.043,,,,,11.0,-14.5,14.0,12.95,True,False,outdoors,no_prior_season_situational_for_packaged_priors,rolling_features_unavailable_pre_2023
2016,8,2016-10-30,KC@IND,IND,KC,14.0,30.0,16.0,44.0,3.0,50.5,,,,,0.4984,45.1389,,,,,-13.0,6.5,-16.0,-17.05,False,False,closed,no_prior_season_situational_for_packaged_priors,rolling_features_unavailable_pre_2023
2016,8,2016-10-31,MIN@CHI,CHI,MIN,20.0,10.0,-10.0,30.0,5.5,39.5,,,,,3.5088,45.2917,,,,,15.5,9.5,10.0,8.95,True,False,outdoors,no_prior_season_situational_for_packaged_priors,rolling_features_unavailable_pre_2023
2016,8,2016-10-30,NE@BUF,BUF,NE,25.0,41.0,16.0,66.0,5.5,48.0,,,,,0.7531,45.2189,,,,,-10.5,-18.0,-16.0,-17.05,True,False,outdoors,no_prior_season_situational_for_packaged_priors,rolling_features_unavailable_pre_2023
2016,8,2016-10-30,NYJ@CLE,CLE,NYJ,28.0,31.0,3.0,59.0,2.5,45.5,,,,,0.9585,44.9602,,,,,-0.5,-13.5,-3.0,-4.05,False,False,outdoors,no_prior_season_situational_for_packaged_priors,rolling_features_unavailable_pre_2023
2016,8,2016-10-30,OAK@TB,TB,OAK,24.0,30.0,6.0,54.0,-1.0,48.0,,,,,0.3283,45.1602,,,,,-7.0,-6.0,-6.0,-7.05,,False,outdoors,no_prior_season_situational_for_packaged_priors,rolling_features_unavailable_pre_2023
2016,8,2016-10-30,PHI@DAL,DAL,PHI,29.0,23.0,-6.0,52.0,-5.0,44.0,,,,,-2.0947,45.2125,,,,,1.0,-8.0,6.0,4.95,True,False,closed,no_prior_season_situational_for_packaged_priors,rolling_features_unavailable_pre_2023
2016,8,2016-10-30,SD@DEN,DEN,SD,27.0,19.0,-8.0,46.0,-3.5,43.0,,,,,-2.9004,45.1595,,,,,4.5,-3.0,8.0,6.95,,False,outdoors,no_prior_season_situational_for_packaged_priors,rolling_features_unavailable_pre_2023
2016,8,2016-10-30,SEA@NO,NO,SEA,25.0,20.0,-5.0,45.0,1.0,50.0,,,,,1.9789,45.2136,,,,,6.0,5.0,5.0,3.95,False,False,dome,no_prior_season_situational_for_packaged_priors,rolling_features_unavailable_pre_2023
2016,8,2016-10-30,WSH@CIN,CIN,WSH,27.0,27.0,0.0,54.0,-3.0,49.0,,,,,-0.113,45.1027,,,,,-3.0,-5.0,0.0,-1.05,False,False,outdoors,no_prior_season_situational_for_packaged_priors,rolling_features_unavailable_pre_2023
2016,9,2016-11-03,ATL@TB,TB,ATL,28.0,43.0,15.0,71.0,4.5,49.0,,,,,0.2322,45.1223,,,,,-10.5,-22.0,-15.0,-16.05,True,False,outdoors,no_prior_season_situational_for_packaged_priors,rolling_features_unavailable_pre_2023
2016,9,2016-11-07,BUF@SEA,SEA,BUF,31.0,25.0,-6.0,56.0,-5.5,43.5,,,,,-2.1265,45.1425,,,,,0.5,-12.5,6.0,4.95,False,False,outdoors,no_prior_season_situational_for_packaged_priors,rolling_features_unavailable_pre_2023
2016,9,2016-11-06,CAR@LAR,LAR,CAR,10.0,13.0,3.0,23.0,3.0,44.5,,,,,-2.0125,45.0368,,,,,0.0,21.5,-3.0,-4.05,False,False,outdoors,no_prior_season_situational_for_packaged_priors,rolling_features_unavailable_pre_2023
2016,9,2016-11-06,DAL@CLE,CLE,DAL,10.0,35.0,25.0,45.0,7.0,49.0,,,,,4.688,45.3823,,,,,-18.0,4.0,-25.0,-26.05,False,False,outdoors,no_prior_season_situational_for_packaged_priors,rolling_features_unavailable_pre_2023
2016,9,2016-11-06,DEN@OAK,OAK,DEN,30.0,20.0,-10.0,50.0,-1.0,44.5,,,,,-1.05,45.2019,,,,,9.0,-5.5,10.0,8.95,,False,outdoors,no_prior_season_situational_for_packaged_priors,rolling_features_unavailable_pre_2023
2016,9,2016-11-06,DET@MIN,MIN,DET,16.0,22.0,6.0,38.0,-4.0,42.5,,,,,-2.4283,45.1602,,,,,-10.0,4.5,-6.0,-7.05,True,False,dome,no_prior_season_situational_for_packaged_priors,rolling_features_unavailable_pre_2023
2016,9,2016-11-06,IND@GB,GB,IND,26.0,31.0,5.0,57.0,-7.5,52.0,,,,,-2.345,45.0984,,,,,-12.5,-5.0,-5.0,-6.05,False,False,outdoors,no_prior_season_situational_for_packaged_priors,rolling_features_unavailable_pre_2023
2016,9,2016-11-06,JAX@KC,KC,JAX,19.0,14.0,-5.0,33.0,-7.0,42.5,,,,,-3.8653,45.1717,,,,,-2.0,9.5,5.0,3.95,False,False,outdoors,no_prior_season_situational_for_packaged_priors,rolling_features_unavailable_pre_2023
2016,9,2016-11-06,NO@SF,SF,NO,23.0,41.0,18.0,64.0,5.0,53.0,,,,,0.9029,45.0305,,,,,-13.0,-11.0,-18.0,-19.05,False,False,outdoors,no_prior_season_situational_for_packaged_priors,rolling_features_unavailable_pre_2023
2016,9,2016-11-06,NYJ@MIA,MIA,NYJ,27.0,23.0,-4.0,50.0,-3.5,45.0,,,,,-1.4078,45.0501,,,,,0.5,-5.0,4.0,2.95,True,False,outdoors,no_prior_season_situational_for_packaged_priors,rolling_features_unavailable_pre_2023
2016,9,2016-11-06,PHI@NYG,NYG,PHI,28.0,23.0,-5.0,51.0,-3.0,42.5,,,,,-1.05,45.126,,,,,2.0,-8.5,5.0,3.95,True,False,outdoors,no_prior_season_situational_for_packaged_priors,rolling_features_unavailable_pre_2023
2016,9,2016-11-06,PIT@BAL,BAL,PIT,21.0,14.0,-7.0,35.0,3.5,46.0,,,,,-0.113,45.1027,,,,,10.5,11.0,7.0,5.95,True,False,outdoors,no_prior_season_situational_for_packaged_priors,rolling_features_unavailable_pre_2023
2016,9,2016-11-06,TEN@SD,SD,TEN,43.0,35.0,-8.0,78.0,-3.5,47.5,,,,,-0.2206,45.0723,,,,,4.5,-30.5,8.0,6.95,,False,outdoors,no_prior_season_situational_for_packaged_priors,rolling_features_unavailable_pre_2023
2016,10,2016-11-13,ATL@PHI,PHI,ATL,24.0,15.0,-9.0,39.0,-2.0,48.5,,,,,0.0265,45.1425,,,,,7.0,9.5,9.0,7.95,False,False,outdoors,no_prior_season_situational_for_packaged_priors,rolling_features_unavailable_pre_2023
2016,10,2016-11-13,CHI@TB,TB,CHI,36.0,10.0,-26.0,46.0,2.5,45.0,,,,,-1.8994,45.0132,,,,,28.5,-1.0,26.0,24.95,False,False,outdoors,no_prior_season_situational_for_packaged_priors,rolling_features_unavailable_pre_2023
2016,10,2016-11-14,CIN@NYG,NYG,CIN,21.0,20.0,-1.0,41.0,1.0,49.5,,,,,-2.3322,45.1223,,,,,2.0,8.5,1.0,-0.050000000000000044,False,False,outdoors,no_prior_season_situational_for_packaged_priors,rolling_features_unavailable_pre_2023
2016,10,2016-11-10,CLE@BAL,BAL,CLE,28.0,7.0,-21.0,35.0,-7.5,44.0,,,,,-4.4976,45.0919,,,,,13.5,9.0,21.0,19.95,True,False,outdoors,no_prior_season_situational_for_packaged_priors,rolling_features_unavailable_pre_2023
2016,10,2016-11-13,DAL@PIT,PIT,DAL,30.0,35.0,5.0,65.0,-3.0,50.5,,,,,1.3293,45.2313,,,,,-8.0,-14.5,-5.0,-6.05,False,False,outdoors,no_prior_season_situational_for_packaged_priors,rolling_features_unavailable_pre_2023
2016,10,2016-11-13,DEN@NO,NO,DEN,23.0,25.0,2.0,48.0,-3.0,50.0,,,,,0.0265,45.1425,,,,,-5.0,2.0,-2.0,-3.05,False,False,dome,no_prior_season_situational_for_packaged_priors,rolling_features_unavailable_pre_2023
2016,10,2016-11-13,GB@TEN,TEN,GB,47.0,25.0,-22.0,72.0,3.0,48.5,,,,,-0.6838,45.0828,,,,,25.0,-23.5,22.0,20.95,False,False,outdoors,no_prior_season_situational_for_packaged_priors,rolling_features_unavailable_pre_2023
2016,10,2016-11-13,HOU@JAX,JAX,HOU,21.0,24.0,3.0,45.0,-3.0,42.0,,,,,1.4414,45.1264,,,,,-6.0,-3.0,-3.0,-4.05,True,False,outdoors,no_prior_season_situational_for_packaged_priors,rolling_features_unavailable_pre_2023
2016,10,2016-11-13,KC@CAR,CAR,KC,17.0,20.0,3.0,37.0,-3.0,44.0,,,,,1.384,45.18,,,,,-6.0,7.0,-3.0,-4.05,False,False,outdoors,no_prior_season_situational_for_packaged_priors,rolling_features_unavailable_pre_2023
2016,10,2016-11-13,LAR@NYJ,NYJ,LAR,6.0,9.0,3.0,15.0,1.0,39.0,,,,,-0.7692,45.027,,,,,-2.0,24.0,-3.0,-4.05,False,False,outdoors,no_prior_season_situational_for_packaged_priors,rolling_features_unavailable_pre_2023
2016,10,2016-11-13,MIA@SD,SD,MIA,24.0,31.0,7.0,55.0,-4.0,48.5,,,,,-0.6838,45.0828,,,,,-11.0,-6.5,-7.0,-8.05,,False,outdoors,no_prior_season_situational_for_packaged_priors,rolling_features_unavailable_pre_2023
2016,10,2016-11-13,MIN@WSH,WSH,MIN,26.0,20.0,-6.0,46.0,-2.5,42.0,,,,,-0.705,45.1389,,,,,3.5,-4.0,6.0,4.95,False,False,outdoors,no_prior_season_situational_for_packaged_priors,rolling_features_unavailable_pre_2023
2016,10,2016-11-13,SEA@NE,NE,SEA,24.0,31.0,7.0,55.0,-7.5,49.5,,,,,-2.0494,45.2298,,,,,-14.5,-5.5,-7.0,-8.05,False,False,outdoors,no_prior_season_situational_for_packaged_priors,rolling_features_unavailable_pre_2023
2016,10,2016-11-13,SF@ARI,ARI,SF,23.0,20.0,-3.0,43.0,-14.0,46.5,,,,,-3.1288,45.031,,,,,-11.0,3.5,3.0,1.95,True,False,closed,no_prior_season_situational_for_packaged_priors,rolling_features_unavailable_pre_2023
2016,11,2016-11-20,ARI@MIN,MIN,ARI,30.0,24.0,-6.0,54.0,-2.0,39.5,,,,,-1.4124,45.1079,,,,,4.0,-14.5,6.0,4.95,False,False,dome,no_prior_season_situational_for_packaged_priors,rolling_features_unavailable_pre_2023
2016,11,2016-11-20,BAL@DAL,DAL,BAL,27.0,17.0,-10.0,44.0,-7.0,44.5,,,,,-3.1512,45.2336,,,,,3.0,0.5,10.0,8.95,False,False,closed,no_prior_season_situational_for_packaged_priors,rolling_features_unavailable_pre_2023
2016,11,2016-11-20,BUF@CIN,CIN,BUF,12.0,16.0,4.0,28.0,-2.5,48.0,,,,,-0.5868,45.0547,,,,,-6.5,20.0,-4.0,-5.05,False,False,outdoors,no_prior_season_situational_for_packaged_priors,rolling_features_unavailable_pre_2023
2016,11,2016-11-20,CHI@NYG,NYG,CHI,22.0,16.0,-6.0,38.0,-7.0,41.5,,,,,-4.0006,45.154,,,,,-1.0,3.5,6.0,4.95,False,False,outdoors,no_prior_season_situational_for_packaged_priors,rolling_features_unavailable_pre_2023
2016,11,2016-11-20,GB@WSH,WSH,GB,42.0,24.0,-18.0,66.0,-2.5,48.5,,,,,-2.2268,45.1233,,,,,15.5,-17.5,18.0,16.95,False,False,outdoors,no_prior_season_situational_for_packaged_priors,rolling_features_unavailable_pre_2023
2016,11,2016-11-21,HOU@OAK,OAK,HOU,27.0,20.0,-7.0,47.0,-6.5,45.5,,,,,-1.7498,45.1952,,,,,0.5,-1.5,7.0,5.95,,False,outdoors,no_prior_season_situational_for_packaged_priors,rolling_features_unavailable_pre_2023
2016,11,2016-11-20,JAX@DET,DET,JAX,26.0,19.0,-7.0,45.0,-5.5,47.0,,,,,-3.2844,45.0917,,,,,1.5,2.0,7.0,5.95,False,False,dome,no_prior_season_situational_for_packaged_priors,rolling_features_unavailable_pre_2023
2016,11,2016-11-20,MIA@LAR,LAR,MIA,10.0,14.0,4.0,24.0,-1.0,39.0,,,,,-0.3213,45.0993,,,,,-5.0,15.0,-4.0,-5.05,False,False,outdoors,no_prior_season_situational_for_packaged_priors,rolling_features_unavailable_pre_2023
2016,11,2016-11-20,NE@SF,SF,NE,17.0,30.0,13.0,47.0,10.5,51.5,,,,,3.3866,45.2611,,,,,-2.5,4.5,-13.0,-14.05,False,False,outdoors,no_prior_season_situational_for_packaged_priors,rolling_features_unavailable_pre_2023
2016,11,2016-11-17,NO@CAR,CAR,NO,23.0,20.0,-3.0,43.0,-3.5,52.5,,,,,-0.3059,45.0482,,,,,-0.5,9.5,3.0,1.95,True,False,outdoors,no_prior_season_situational_for_packaged_priors,rolling_features_unavailable_pre_2023
2016,11,2016-11-20,PHI@SEA,SEA,PHI,26.0,15.0,-11.0,41.0,-6.5,43.0,,,,,-2.2903,45.1762,,,,,4.5,2.0,11.0,9.95,False,False,outdoors,no_prior_season_situational_for_packaged_priors,rolling_features_unavailable_pre_2023
2016,11,2016-11-20,PIT@CLE,CLE,PIT,9.0,24.0,15.0,33.0,8.0,45.5,,,,,2.0295,45.0544,,,,,-7.0,12.5,-15.0,-16.05,True,False,outdoors,no_prior_season_situational_for_packaged_priors,rolling_features_unavailable_pre_2023
2016,11,2016-11-20,TB@KC,KC,TB,17.0,19.0,2.0,36.0,-7.0,45.0,,,,,-3.1938,45.1883,,,,,-9.0,9.0,-2.0,-3.05,False,False,outdoors,no_prior_season_situational_for_packaged_priors,rolling_features_unavailable_pre_2023
2016,11,2016-11-20,TEN@IND,IND,TEN,24.0,17.0,-7.0,41.0,-3.0,53.5,,,,,-0.6838,45.0828,,,,,4.0,12.5,7.0,5.95,True,False,closed,no_prior_season_situational_for_packaged_priors,rolling_features_unavailable_pre_2023
2016,12,2016-11-27,ARI@ATL,ATL,ARI,38.0,19.0,-19.0,57.0,-3.5,49.0,,,,,-2.0661,45.1142,,,,,15.5,-8.0,19.0,17.95,False,False,dome,no_prior_season_situational_for_packaged_priors,rolling_features_unavailable_pre_2023
2016,12,2016-11-27,CAR@OAK,OAK,CAR,35.0,32.0,-3.0,67.0,-3.5,48.5,,,,,-3.629,45.2036,,,,,-0.5,-18.5,3.0,1.95,,False,outdoors,no_prior_season_situational_for_packaged_priors,rolling_features_unavailable_pre_2023
2016,12,2016-11-27,CIN@BAL,BAL,CIN,19.0,14.0,-5.0,33.0,-3.5,42.0,,,,,-2.1604,45.0679,,,,,1.5,9.0,5.0,3.95,True,False,outdoors,no_prior_season_situational_for_packaged_priors,rolling_features_unavailable_pre_2023
2016,12,2016-11-28,GB@PHI,PHI,GB,13.0,27.0,14.0,40.0,-4.0,47.0,,,,,-1.712,45.0756,,,,,-18.0,7.0,-14.0,-15.05,False,False,outdoors,no_prior_season_situational_for_packaged_priors,rolling_features_unavailable_pre_2023
2016,12,2016-11-27,JAX@BUF,BUF,JAX,28.0,21.0,-7.0,49.0,-8.5,43.5,,,,,-3.0755,45.0645,,,,,-1.5,-5.5,7.0,5.95,False,False,outdoors,no_prior_season_situational_for_packaged_priors,rolling_features_unavailable_pre_2023
2016,12,2016-11-27,KC@DEN,DEN,KC,27.0,30.0,3.0,57.0,-3.5,40.0,,,,,-1.05,45.1811,,,,,-6.5,-17.0,-3.0,-4.05,True,False,outdoors,no_prior_season_situational_for_packaged_priors,rolling_features_unavailable_pre_2023
2016,12,2016-11-27,LAR@NO,NO,LAR,49.0,21.0,-28.0,70.0,-7.5,46.0,,,,,-1.05,45.048,,,,,20.5,-24.0,28.0,26.95,False,False,dome,no_prior_season_situational_for_packaged_priors,rolling_features_unavailable_pre_2023
2016,12,2016-11-24,MIN@DET,DET,MIN,16.0,13.0,-3.0,29.0,-2.0,42.0,,,,,-1.05,45.1385,,,,,1.0,13.0,3.0,1.95,True,False,dome,no_prior_season_situational_for_packaged_priors,rolling_features_unavailable_pre_2023
2016,12,2016-11-27,NE@NYJ,NYJ,NE,17.0,22.0,5.0,39.0,9.0,48.0,,,,,2.2062,45.2202,,,,,4.0,9.0,-5.0,-6.05,True,False,outdoors,no_prior_season_situational_for_packaged_priors,rolling_features_unavailable_pre_2023
2016,12,2016-11-27,NYG@CLE,CLE,NYG,13.0,27.0,14.0,40.0,6.5,47.0,,,,,3.6955,45.2444,,,,,-7.5,7.0,-14.0,-15.05,False,False,outdoors,no_prior_season_situational_for_packaged_priors,rolling_features_unavailable_pre_2023
2016,12,2016-11-24,PIT@IND,IND,PIT,7.0,28.0,21.0,35.0,8.0,50.0,,,,,-1.05,45.0941,,,,,-13.0,15.0,-21.0,-22.05,False,False,closed,no_prior_season_situational_for_packaged_priors,rolling_features_unavailable_pre_2023
2016,12,2016-11-27,SD@HOU,HOU,SD,13.0,21.0,8.0,34.0,2.5,45.5,,,,,-2.362,45.111,,,,,-5.5,11.5,-8.0,-9.05,,False,closed,no_prior_season_situational_for_packaged_priors,rolling_features_unavailable_pre_2023
2016,12,2016-11-27,SEA@TB,TB,SEA,14.0,5.0,-9.0,19.0,5.0,46.0,,,,,0.7269,45.1862,,,,,14.0,27.0,9.0,7.95,False,False,outdoors,no_prior_season_situational_for_packaged_priors,rolling_features_unavailable_pre_2023
2016,12,2016-11-27,SF@MIA,MIA,SF,31.0,24.0,-7.0,55.0,-7.0,44.5,,,,,-4.4313,45.1363,,,,,0.0,-10.5,7.0,5.95,False,False,outdoors,no_prior_season_situational_for_packaged_priors,rolling_features_unavailable_pre_2023
2016,12,2016-11-27,TEN@CHI,CHI,TEN,21.0,27.0,6.0,48.0,6.5,41.5,,,,,0.6757,45.0425,,,,,0.5,-6.5,-6.0,-7.05,False,False,outdoors,no_prior_season_situational_for_packaged_priors,rolling_features_unavailable_pre_2023
2016,12,2016-11-24,WSH@DAL,DAL,WSH,31.0,26.0,-5.0,57.0,-5.5,53.0,,,,,-2.5042,45.2362,,,,,-0.5,-4.0,5.0,3.95,True,False,closed,no_prior_season_situational_for_packaged_priors,rolling_features_unavailable_pre_2023
2016,13,2016-12-04,BUF@OAK,OAK,BUF,38.0,24.0,-14.0,62.0,-3.0,48.5,,,,,-2.7811,45.2028,,,,,11.0,-13.5,14.0,12.95,,False,outdoors,no_prior_season_situational_for_packaged_priors,rolling_features_unavailable_pre_2023
2016,13,2016-12-04,CAR@SEA,SEA,CAR,40.0,7.0,-33.0,47.0,-8.5,44.0,,,,,-3.2451,45.1556,,,,,24.5,-3.0,33.0,31.95,False,False,outdoors,no_prior_season_situational_for_packaged_priors,rolling_features_unavailable_pre_2023
2016,13,2016-12-01,DAL@MIN,MIN,DAL,15.0,17.0,2.0,32.0,3.0,43.5,,,,,1.2406,45.2438,,,,,1.0,11.5,-2.0,-3.05,False,False,dome,no_prior_season_situational_for_packaged_priors,rolling_features_unavailable_pre_2023
2016,13,2016-12-04,DEN@JAX,JAX,DEN,10.0,20.0,10.0,30.0,3.5,39.0,,,,,1.9881,45.1427,,,,,-6.5,9.0,-10.0,-11.05,False,False,outdoors,no_prior_season_situational_for_packaged_priors,rolling_features_unavailable_pre_2023
2016,13,2016-12-04,DET@NO,NO,DET,13.0,28.0,15.0,41.0,-6.5,53.0,,,,,0.1327,45.1282,,,,,-21.5,12.0,-15.0,-16.05,False,False,dome,no_prior_season_situational_for_packaged_priors,rolling_features_unavailable_pre_2023
2016,13,2016-12-04,HOU@GB,GB,HOU,21.0,13.0,-8.0,34.0,-7.0,44.5,,,,,-0.4538,45.0976,,,,,1.0,10.5,8.0,6.95,False,False,outdoors,no_prior_season_situational_for_packaged_priors,rolling_features_unavailable_pre_2023
2016,13,2016-12-05,IND@NYJ,NYJ,IND,10.0,41.0,31.0,51.0,-1.0,48.5,,,,,0.1737,45.0455,,,,,-32.0,-2.5,-31.0,-32.05,False,False,outdoors,no_prior_season_situational_for_packaged_priors,rolling_features_unavailable_pre_2023
2016,13,2016-12-04,KC@ATL,ATL,KC,28.0,29.0,1.0,57.0,-5.0,50.0,,,,,-0.4733,45.1768,,,,,-6.0,-7.0,-1.0,-2.05,False,False,dome,no_prior_season_situational_for_packaged_priors,rolling_features_unavailable_pre_2023
2016,13,2016-12-04,LAR@NE,NE,LAR,26.0,10.0,-16.0,36.0,-13.0,44.5,,,,,-3.9868,45.2189,,,,,3.0,8.5,16.0,14.95,False,False,outdoors,no_prior_season_situational_for_packaged_priors,rolling_features_unavailable_pre_2023
2016,13,2016-12-04,MIA@BAL,BAL,MIA,38.0,6.0,-32.0,44.0,-3.5,41.5,,,,,-0.4637,45.1379,,,,,28.5,-2.5,32.0,30.95,False,False,outdoors,no_prior_season_situational_for_packaged_priors,rolling_features_unavailable_pre_2023
2016,13,2016-12-04,NYG@PIT,PIT,NYG,24.0,14.0,-10.0,38.0,-7.0,49.5,,,,,0.1132,45.1674,,,,,3.0,11.5,10.0,8.95,False,False,outdoors,no_prior_season_situational_for_packaged_priors,rolling_features_unavailable_pre_2023
2016,13,2016-12-04,PHI@CIN,CIN,PHI,32.0,14.0,-18.0,46.0,-1.0,42.0,,,,,-0.0127,45.0478,,,,,17.0,-4.0,18.0,16.95,False,False,outdoors,no_prior_season_situational_for_packaged_priors,rolling_features_unavailable_pre_2023
2016,13,2016-12-04,SF@CHI,CHI,SF,26.0,6.0,-20.0,32.0,-0.0,44.0,,,,,-1.6894,44.9211,,,,,20.0,12.0,20.0,18.95,False,False,outdoors,no_prior_season_situational_for_packaged_priors,rolling_features_unavailable_pre_2023
2016,13,2016-12-04,TB@SD,SD,TB,21.0,28.0,7.0,49.0,-3.5,49.0,,,,,-0.4538,45.0976,,,,,-10.5,0.0,-7.0,-8.05,,False,outdoors,no_prior_season_situational_for_packaged_priors,rolling_features_unavailable_pre_2023
2016,13,2016-12-04,WSH@ARI,ARI,WSH,31.0,23.0,-8.0,54.0,-2.5,48.5,,,,,0.262,45.111,,,,,5.5,-5.5,8.0,6.95,False,False,closed,no_prior_season_situational_for_packaged_priors,rolling_features_unavailable_pre_2023
2016,14,2016-12-11,ARI@MIA,MIA,ARI,26.0,23.0,-3.0,49.0,2.0,44.0,,,,,-1.8917,45.1096,,,,,5.0,-5.0,3.0,1.95,False,False,outdoors,no_prior_season_situational_for_packaged_priors,rolling_features_unavailable_pre_2023
2016,14,2016-12-11,ATL@LAR,LAR,ATL,14.0,42.0,28.0,56.0,4.5,44.0,,,,,0.6032,45.1019,,,,,-23.5,-12.0,-28.0,-29.05,False,False,outdoors,no_prior_season_situational_for_packaged_priors,rolling_features_unavailable_pre_2023
2016,14,2016-12-12,BAL@NE,NE,BAL,30.0,23.0,-7.0,53.0,-6.0,45.5,,,,,-2.6292,45.209,,,,,1.0,-7.5,7.0,5.95,False,False,outdoors,no_prior_season_situational_for_packaged_priors,rolling_features_unavailable_pre_2023
2016,14,2016-12-11,CHI@DET,DET,CHI,20.0,17.0,-3.0,37.0,-7.5,42.0,,,,,-3.8083,45.1497,,,,,-4.5,5.0,3.0,1.95,True,False,dome,no_prior_season_situational_for_packaged_priors,rolling_features_unavailable_pre_2023
2016,14,2016-12-11,CIN@CLE,CLE,CIN,10.0,23.0,13.0,33.0,4.0,42.0,,,,,1.488,45.004,,,,,-9.0,9.0,-13.0,-14.05,True,False,outdoors,no_prior_season_situational_for_packaged_priors,rolling_features_unavailable_pre_2023
2016,14,2016-12-11,DAL@NYG,NYG,DAL,10.0,7.0,-3.0,17.0,3.5,47.0,,,,,0.5059,45.2425,,,,,6.5,30.0,3.0,1.95,True,False,outdoors,no_prior_season_situational_for_packaged_priors,rolling_features_unavailable_pre_2023
2016,14,2016-12-11,DEN@TEN,TEN,DEN,13.0,10.0,-3.0,23.0,-2.0,44.0,,,,,0.0265,45.1425,,,,,1.0,21.0,3.0,1.95,False,False,outdoors,no_prior_season_situational_for_packaged_priors,rolling_features_unavailable_pre_2023
2016,14,2016-12-11,HOU@IND,IND,HOU,17.0,22.0,5.0,39.0,-6.5,47.5,,,,,-1.05,45.0941,,,,,-11.5,8.5,-5.0,-6.05,True,False,closed,no_prior_season_situational_for_packaged_priors,rolling_features_unavailable_pre_2023
2016,14,2016-12-11,MIN@JAX,JAX,MIN,16.0,25.0,9.0,41.0,3.0,38.0,,,,,1.2082,45.0663,,,,,-6.0,-3.0,-9.0,-10.05,False,False,outdoors,no_prior_season_situational_for_packaged_priors,rolling_features_unavailable_pre_2023
2016,14,2016-12-11,NO@TB,TB,NO,16.0,11.0,-5.0,27.0,-2.0,52.0,,,,,-2.1432,45.1058,,,,,3.0,25.0,5.0,3.95,True,False,outdoors,no_prior_season_situational_for_packaged_priors,rolling_features_unavailable_pre_2023
2016,14,2016-12-11,NYJ@SF,SF,NYJ,17.0,23.0,6.0,40.0,-3.0,42.5,,,,,0.1154,44.9462,,,,,-9.0,2.5,-6.0,-7.05,False,False,outdoors,no_prior_season_situational_for_packaged_priors,rolling_features_unavailable_pre_2023
2016,14,2016-12-08,OAK@KC,KC,OAK,21.0,13.0,-8.0,34.0,-3.5,46.0,,,,,-0.5316,45.2215,,,,,4.5,12.0,8.0,6.95,,False,outdoors,no_prior_season_situational_for_packaged_priors,rolling_features_unavailable_pre_2023
2016,14,2016-12-11,PIT@BUF,BUF,PIT,20.0,27.0,7.0,47.0,1.0,45.5,,,,,-0.5077,45.1157,,,,,-6.0,-1.5,-7.0,-8.05,False,False,outdoors,no_prior_season_situational_for_packaged_priors,rolling_features_unavailable_pre_2023
2016,14,2016-12-11,SD@CAR,CAR,SD,28.0,16.0,-12.0,44.0,-1.0,48.5,,,,,-0.4905,45.0393,,,,,11.0,4.5,12.0,10.95,,False,outdoors,no_prior_season_situational_for_packaged_priors,rolling_features_unavailable_pre_2023
2016,14,2016-12-11,SEA@GB,GB,SEA,38.0,10.0,-28.0,48.0,3.0,47.0,,,,,0.4102,45.1653,,,,,31.0,-1.0,28.0,26.95,False,False,outdoors,no_prior_season_situational_for_packaged_priors,rolling_features_unavailable_pre_2023
2016,14,2016-12-11,WSH@PHI,PHI,WSH,22.0,27.0,5.0,49.0,1.5,48.5,,,,,-0.2024,45.0926,,,,,-3.5,-0.5,-5.0,-6.05,True,False,outdoors,no_prior_season_situational_for_packaged_priors,rolling_features_unavailable_pre_2023
2016,15,2016-12-19,CAR@WSH,WSH,CAR,15.0,26.0,11.0,41.0,-7.0,50.5,,,,,-2.3575,45.1036,,,,,-18.0,9.5,-11.0,-12.05,False,False,outdoors,no_prior_season_situational_for_packaged_priors,rolling_features_unavailable_pre_2023
2016,15,2016-12-18,CLE@BUF,BUF,CLE,33.0,13.0,-20.0,46.0,-10.5,43.5,,,,,-4.2431,45.0657,,,,,9.5,-2.5,20.0,18.95,False,False,outdoors,no_prior_season_situational_for_packaged_priors,rolling_features_unavailable_pre_2023
2016,15,2016-12-18,DET@NYG,NYG,DET,17.0,6.0,-11.0,23.0,-4.0,42.5,,,,,-1.05,45.1779,,,,,7.0,19.5,11.0,9.95,False,False,outdoors,no_prior_season_situational_for_packaged_priors,rolling_features_unavailable_pre_2023
2016,15,2016-12-18,GB@CHI,CHI,GB,27.0,30.0,3.0,57.0,4.5,40.0,,,,,1.0138,45.0825,,,,,1.5,-17.0,-3.0,-4.05,True,False,outdoors,no_prior_season_situational_for_packaged_priors,rolling_features_unavailable_pre_2023
2016,15,2016-12-18,IND@MIN,MIN,IND,6.0,34.0,28.0,40.0,-5.0,44.5,,,,,-1.5545,45.0966,,,,,-33.0,4.5,-28.0,-29.05,False,False,dome,no_prior_season_situational_for_packaged_priors,rolling_features_unavailable_pre_2023
2016,15,2016-12-18,JAX@HOU,HOU,JAX,21.0,20.0,-1.0,41.0,-3.5,39.5,,,,,-3.6502,45.0887,,,,,-2.5,-1.5,1.0,-0.050000000000000044,True,False,closed,no_prior_season_situational_for_packaged_priors,rolling_features_unavailable_pre_2023
2016,15,2016-12-15,LAR@SEA,SEA,LAR,24.0,3.0,-21.0,27.0,-15.0,39.5,,,,,-3.4125,45.143,,,,,6.0,12.5,21.0,19.95,True,False,outdoors,no_prior_season_situational_for_packaged_priors,rolling_features_unavailable_pre_2023
2016,15,2016-12-17,MIA@NYJ,NYJ,MIA,13.0,34.0,21.0,47.0,2.5,40.0,,,,,0.9841,45.1172,,,,,-18.5,-7.0,-21.0,-22.05,True,False,outdoors,no_prior_season_situational_for_packaged_priors,rolling_features_unavailable_pre_2023
2016,15,2016-12-18,NE@DEN,DEN,NE,3.0,16.0,13.0,19.0,3.0,43.5,,,,,0.4017,45.2146,,,,,-10.0,24.5,-13.0,-14.05,False,False,outdoors,no_prior_season_situational_for_packaged_priors,rolling_features_unavailable_pre_2023
2016,15,2016-12-18,NO@ARI,ARI,NO,41.0,48.0,7.0,89.0,-3.0,48.5,,,,,-1.2641,45.0488,,,,,-10.0,-40.5,-7.0,-8.05,False,False,closed,no_prior_season_situational_for_packaged_priors,rolling_features_unavailable_pre_2023
2016,15,2016-12-18,OAK@SD,SD,OAK,16.0,19.0,3.0,35.0,2.5,49.5,,,,,1.44,45.1891,,,,,-0.5,14.5,-3.0,-4.05,,False,outdoors,no_prior_season_situational_for_packaged_priors,rolling_features_unavailable_pre_2023
2016,15,2016-12-18,PHI@BAL,BAL,PHI,27.0,26.0,-1.0,53.0,-5.0,41.0,,,,,-2.0663,45.0867,,,,,-4.0,-12.0,1.0,-0.050000000000000044,False,False,outdoors,no_prior_season_situational_for_packaged_priors,rolling_features_unavailable_pre_2023
2016,15,2016-12-18,PIT@CIN,CIN,PIT,20.0,24.0,4.0,44.0,3.0,45.5,,,,,0.2497,45.1179,,,,,-1.0,1.5,-4.0,-5.05,True,False,outdoors,no_prior_season_situational_for_packaged_priors,rolling_features_unavailable_pre_2023
2016,15,2016-12-18,SF@ATL,ATL,SF,41.0,13.0,-28.0,54.0,-13.5,51.5,,,,,-4.6956,45.1526,,,,,14.5,-2.5,28.0,26.95,False,False,dome,no_prior_season_situational_for_packaged_priors,rolling_features_unavailable_pre_2023
2016,15,2016-12-18,TB@DAL,DAL,TB,26.0,20.0,-6.0,46.0,-7.0,47.5,,,,,-2.5017,45.2146,,,,,-1.0,1.5,6.0,4.95,False,False,closed,no_prior_season_situational_for_packaged_priors,rolling_features_unavailable_pre_2023
2016,15,2016-12-18,TEN@KC,KC,TEN,17.0,19.0,2.0,36.0,-6.0,43.0,,,,,-2.5219,45.1829,,,,,-8.0,7.0,-2.0,-3.05,False,False,outdoors,no_prior_season_situational_for_packaged_priors,rolling_features_unavailable_pre_2023
2016,16,2016-12-24,ARI@SEA,SEA,ARI,31.0,34.0,3.0,65.0,-9.0,43.5,,,,,-3.0552,45.1508,,,,,-12.0,-21.5,-3.0,-4.05,True,False,outdoors,no_prior_season_situational_for_packaged_priors,rolling_features_unavailable_pre_2023
2016,16,2016-12-24,ATL@CAR,CAR,ATL,16.0,33.0,17.0,49.0,3.0,48.5,,,,,0.3465,45.1293,,,,,-14.0,-0.5,-17.0,-18.05,True,False,outdoors,no_prior_season_situational_for_packaged_priors,rolling_features_unavailable_pre_2023
2016,16,2016-12-25,BAL@PIT,PIT,BAL,31.0,27.0,-4.0,58.0,-5.5,46.5,,,,,-1.5093,45.1436,,,,,-1.5,-11.5,4.0,2.95,True,False,outdoors,no_prior_season_situational_for_packaged_priors,rolling_features_unavailable_pre_2023
2016,16,2016-12-24,CIN@HOU,HOU,CIN,12.0,10.0,-2.0,22.0,-3.0,41.5,,,,,-2.2805,45.099,,,,,-1.0,19.5,2.0,0.95,False,False,closed,no_prior_season_situational_for_packaged_priors,rolling_features_unavailable_pre_2023
2016,16,2016-12-25,DEN@KC,KC,DEN,33.0,10.0,-23.0,43.0,-3.5,38.5,,,,,-1.9627,45.1651,,,,,19.5,-4.5,23.0,21.95,True,False,outdoors,no_prior_season_situational_for_packaged_priors,rolling_features_unavailable_pre_2023
2016,16,2016-12-26,DET@DAL,DAL,DET,42.0,21.0,-21.0,63.0,-6.5,47.0,,,,,-2.3933,45.2195,,,,,14.5,-16.0,21.0,19.95,False,False,closed,no_prior_season_situational_for_packaged_priors,rolling_features_unavailable_pre_2023
2016,16,2016-12-24,IND@OAK,OAK,IND,33.0,25.0,-8.0,58.0,-3.5,52.0,,,,,-2.8765,45.1896,,,,,4.5,-6.0,8.0,6.95,,False,outdoors,no_prior_season_situational_for_packaged_priors,rolling_features_unavailable_pre_2023
2016,16,2016-12-24,MIA@BUF,BUF,MIA,31.0,34.0,3.0,65.0,-4.5,44.5,,,,,-0.1253,45.1343,,,,,-7.5,-20.5,-3.0,-4.05,True,False,outdoors,no_prior_season_situational_for_packaged_priors,rolling_features_unavailable_pre_2023
2016,16,2016-12-24,MIN@GB,GB,MIN,38.0,25.0,-13.0,63.0,-6.0,44.5,,,,,-1.5153,45.1123,,,,,7.0,-18.5,13.0,11.95,True,False,outdoors,no_prior_season_situational_for_packaged_priors,rolling_features_unavailable_pre_2023
2016,16,2016-12-22,NYG@PHI,PHI,NYG,24.0,19.0,-5.0,43.0,-2.0,42.5,,,,,1.2793,45.1633,,,,,3.0,-0.5,5.0,3.95,True,False,outdoors,no_prior_season_situational_for_packaged_priors,rolling_features_unavailable_pre_2023
2016,16,2016-12-24,NYJ@NE,NE,NYJ,41.0,3.0,-38.0,44.0,-17.0,45.0,,,,,-4.7594,45.2605,,,,,21.0,1.0,38.0,36.95,True,False,outdoors,no_prior_season_situational_for_packaged_priors,rolling_features_unavailable_pre_2023
2016,16,2016-12-24,SD@CLE,CLE,SD,20.0,17.0,-3.0,37.0,4.5,45.0,,,,,1.4441,45.0002,,,,,7.5,8.0,3.0,1.95,,False,outdoors,no_prior_season_situational_for_packaged_priors,rolling_features_unavailable_pre_2023
2016,16,2016-12-24,SF@LAR,LAR,SF,21.0,22.0,1.0,43.0,-6.0,39.5,,,,,-2.5451,44.961,,,,,-7.0,-3.5,-1.0,-2.05,True,False,outdoors,no_prior_season_situational_for_packaged_priors,rolling_features_unavailable_pre_2023
2016,16,2016-12-24,TB@NO,NO,TB,31.0,24.0,-7.0,55.0,-3.0,53.0,,,,,-0.113,45.1027,,,,,4.0,-2.0,7.0,5.95,True,False,dome,no_prior_season_situational_for_packaged_priors,rolling_features_unavailable_pre_2023
2016,16,2016-12-24,TEN@JAX,JAX,TEN,38.0,17.0,-21.0,55.0,4.0,44.0,,,,,1.8424,45.1097,,,,,25.0,-11.0,21.0,19.95,True,False,outdoors,no_prior_season_situational_for_packaged_priors,rolling_features_unavailable_pre_2023
2016,16,2016-12-24,WSH@CHI,CHI,WSH,21.0,41.0,20.0,62.0,3.0,49.0,,,,,1.1281,45.0834,,,,,-17.0,-13.0,-20.0,-21.05,False,False,outdoors,no_prior_season_situational_for_packaged_priors,rolling_features_unavailable_pre_2023
2016,17,2017-01-01,ARI@LAR,LAR,ARI,6.0,44.0,38.0,50.0,7.0,39.0,,,,,0.0429,45.0348,,,,,-31.0,-11.0,-38.0,-39.05,True,False,outdoors,no_prior_season_situational_for_packaged_priors,rolling_features_unavailable_pre_2023
2016,17,2017-01-01,BAL@CIN,CIN,BAL,27.0,10.0,-17.0,37.0,2.5,40.5,,,,,0.1176,45.0825,,,,,19.5,3.5,17.0,15.95,True,False,outdoors,no_prior_season_situational_for_packaged_priors,rolling_features_unavailable_pre_2023
2016,17,2017-01-01,BUF@NYJ,NYJ,BUF,30.0,10.0,-20.0,40.0,3.5,43.0,,,,,0.2953,45.05,,,,,23.5,3.0,20.0,18.95,True,False,outdoors,no_prior_season_situational_for_packaged_priors,rolling_features_unavailable_pre_2023
2016,17,2017-01-01,CAR@TB,TB,CAR,17.0,16.0,-1.0,33.0,-3.5,44.5,,,,,-1.9299,45.0865,,,,,-2.5,11.5,1.0,-0.050000000000000044,True,False,outdoors,no_prior_season_situational_for_packaged_priors,rolling_features_unavailable_pre_2023
2016,17,2017-01-01,CHI@MIN,MIN,CHI,38.0,10.0,-28.0,48.0,-6.0,44.0,,,,,-2.8558,45.0482,,,,,22.0,-4.0,28.0,26.95,True,False,dome,no_prior_season_situational_for_packaged_priors,rolling_features_unavailable_pre_2023
2016,17,2017-01-01,CLE@PIT,PIT,CLE,27.0,24.0,-3.0,51.0,-3.5,41.5,,,,,-5.0992,45.1927,,,,,-0.5,-9.5,3.0,1.95,True,False,outdoors,no_prior_season_situational_for_packaged_priors,rolling_features_unavailable_pre_2023
2016,17,2017-01-01,DAL@PHI,PHI,DAL,27.0,13.0,-14.0,40.0,-6.5,44.0,,,,,1.9421,45.2404,,,,,7.5,4.0,14.0,12.95,True,False,outdoors,no_prior_season_situational_for_packaged_priors,rolling_features_unavailable_pre_2023
2016,17,2017-01-01,GB@DET,DET,GB,24.0,31.0,7.0,55.0,3.5,50.0,,,,,-1.05,45.1385,,,,,-3.5,-5.0,-7.0,-8.05,True,False,dome,no_prior_season_situational_for_packaged_priors,rolling_features_unavailable_pre_2023
2016,17,2017-01-01,HOU@TEN,TEN,HOU,24.0,17.0,-7.0,41.0,-3.0,41.5,,,,,-0.6182,45.1257,,,,,4.0,0.5,7.0,5.95,True,False,outdoors,no_prior_season_situational_for_packaged_priors,rolling_features_unavailable_pre_2023
2016,17,2017-01-01,JAX@IND,IND,JAX,24.0,20.0,-4.0,44.0,-5.5,48.5,,,,,-2.8558,45.0482,,,,,-1.5,4.5,4.0,2.95,True,False,closed,no_prior_season_situational_for_packaged_priors,rolling_features_unavailable_pre_2023
2016,17,2017-01-01,KC@SD,SD,KC,27.0,37.0,10.0,64.0,5.5,45.0,,,,,1.5608,45.1758,,,,,-4.5,-19.0,-10.0,-11.05,,False,outdoors,no_prior_season_situational_for_packaged_priors,rolling_features_unavailable_pre_2023
2016,17,2017-01-01,NE@MIA,MIA,NE,14.0,35.0,21.0,49.0,7.5,47.0,,,,,0.2,45.224,,,,,-13.5,-2.0,-21.0,-22.05,True,False,outdoors,no_prior_season_situational_for_packaged_priors,rolling_features_unavailable_pre_2023
2016,17,2017-01-01,NO@ATL,ATL,NO,38.0,32.0,-6.0,70.0,-7.5,58.5,,,,,-2.3459,45.1403,,,,,-1.5,-11.5,6.0,4.95,True,False,dome,no_prior_season_situational_for_packaged_priors,rolling_features_unavailable_pre_2023
2016,17,2017-01-01,NYG@WSH,WSH,NYG,10.0,19.0,9.0,29.0,-10.0,47.5,,,,,-0.4389,45.1504,,,,,-19.0,18.5,-9.0,-10.05,True,False,outdoors,no_prior_season_situational_for_packaged_priors,rolling_features_unavailable_pre_2023
2016,17,2017-01-01,OAK@DEN,DEN,OAK,24.0,6.0,-18.0,30.0,-1.0,40.0,,,,,0.6472,45.1953,,,,,17.0,10.0,18.0,16.95,,False,outdoors,no_prior_season_situational_for_packaged_priors,rolling_features_unavailable_pre_2023
2016,17,2017-01-01,SEA@SF,SF,SEA,23.0,25.0,2.0,48.0,11.5,44.5,,,,,2.371,45.1571,,,,,9.5,-3.5,-2.0,-3.05,True,False,outdoors,no_prior_season_situational_for_packaged_priors,rolling_features_unavailable_pre_2023
2016,18,2017-01-07,DET@SEA,SEA,DET,26.0,6.0,-20.0,32.0,-8.0,45.5,,,,,-1.7189,45.1492,,,,,12.0,13.5,20.0,18.95,False,False,outdoors,no_prior_season_situational_for_packaged_priors,rolling_features_unavailable_pre_2023
2016,18,2017-01-08,MIA@PIT,PIT,MIA,30.0,12.0,-18.0,42.0,-11.0,47.5,,,,,-1.4483,45.1642,,,,,7.0,5.5,18.0,16.95,False,False,outdoors,no_prior_season_situational_for_packaged_priors,rolling_features_unavailable_pre_2023
2016,18,2017-01-08,NYG@GB,GB,NYG,38.0,13.0,-25.0,51.0,-5.0,46.5,,,,,-0.6517,45.1642,,,,,20.0,-4.5,25.0,23.95,False,False,outdoors,no_prior_season_situational_for_packaged_priors,rolling_features_unavailable_pre_2023
2016,18,2017-01-07,OAK@HOU,HOU,OAK,27.0,14.0,-13.0,41.0,-4.0,37.5,,,,,0.1452,45.1767,,,,,9.0,-3.5,13.0,11.95,,False,closed,no_prior_season_situational_for_packaged_priors,rolling_features_unavailable_pre_2023
2016,19,2017-01-15,GB@DAL,DAL,GB,31.0,34.0,3.0,65.0,-5.5,52.5,,,,,-2.0907,45.2041,,,,,-8.5,-12.5,-3.0,-4.05,False,False,closed,no_prior_season_situational_for_packaged_priors,rolling_features_unavailable_pre_2023
2016,19,2017-01-14,HOU@NE,NE,HOU,34.0,16.0,-18.0,50.0,-16.0,44.0,,,,,-2.8542,45.2261,,,,,2.0,-6.0,18.0,16.95,False,False,outdoors,no_prior_season_situational_for_packaged_priors,rolling_features_unavailable_pre_2023
2016,19,2017-01-15,PIT@KC,KC,PIT,16.0,18.0,2.0,34.0,-2.5,45.5,,,,,-1.3276,45.1935,,,,,-4.5,11.5,-2.0,-3.05,False,False,outdoors,no_prior_season_situational_for_packaged_priors,rolling_features_unavailable_pre_2023
2016,19,2017-01-14,SEA@ATL,ATL,SEA,36.0,20.0,-16.0,56.0,-6.5,51.0,,,,,-1.05,45.1759,,,,,9.5,-5.0,16.0,14.95,False,False,dome,no_prior_season_situational_for_packaged_priors,rolling_features_unavailable_pre_2023
2016,20,2017-01-22,GB@ATL,ATL,GB,44.0,21.0,-23.0,65.0,-6.5,59.5,,,,,-1.2986,45.176,,,,,16.5,-5.5,23.0,21.95,False,False,dome,no_prior_season_situational_for_packaged_priors,rolling_features_unavailable_pre_2023
2016,20,2017-01-22,PIT@NE,NE,PIT,36.0,17.0,-19.0,53.0,-5.5,49.5,,,,,-2.0444,45.2328,,,,,13.5,-3.5,19.0,17.95,False,False,outdoors,no_prior_season_situational_for_packaged_priors,rolling_features_unavailable_pre_2023
2016,21,2017-02-05,NE@ATL,ATL,NE,28.0,34.0,6.0,62.0,3.0,57.0,,,,,-0.0156,45.2349,,,,,-3.0,-5.0,-6.0,-7.05,False,False,closed,no_prior_season_situational_for_packaged_priors,rolling_features_unavailable_pre_2023
2017,1,2017-09-10,ARI@DET,DET,ARI,35.0,23.0,-12.0,58.0,2.5,48.5,,,,,-1.05,44.8435,,,,,14.5,-9.5,12.0,10.95,False,True,dome,no_prior_season_situational_for_packaged_priors,rolling_features_unavailable_pre_2023
2017,1,2017-09-10,ATL@CHI,CHI,ATL,17.0,23.0,6.0,40.0,6.5,48.0,,,,,-1.05,44.8435,,,,,0.5,8.0,-6.0,-7.05,False,True,outdoors,no_prior_season_situational_for_packaged_priors,rolling_features_unavailable_pre_2023
2017,1,2017-09-10,BAL@CIN,CIN,BAL,0.0,20.0,20.0,20.0,-2.5,41.5,,,,,-1.05,44.8435,,,,,-22.5,21.5,-20.0,-21.05,True,True,outdoors,no_prior_season_situational_for_packaged_priors,rolling_features_unavailable_pre_2023
2017,1,2017-09-10,CAR@SF,SF,CAR,3.0,23.0,20.0,26.0,4.5,45.5,,,,,-1.05,44.8435,,,,,-15.5,19.5,-20.0,-21.05,False,True,outdoors,no_prior_season_situational_for_packaged_priors,rolling_features_unavailable_pre_2023
2017,1,2017-09-10,IND@LAR,LAR,IND,46.0,9.0,-37.0,55.0,-3.5,41.5,,,,,-1.05,44.8435,,,,,33.5,-13.5,37.0,35.95,False,True,outdoors,no_prior_season_situational_for_packaged_priors,rolling_features_unavailable_pre_2023
2017,1,2017-09-10,JAX@HOU,HOU,JAX,7.0,29.0,22.0,36.0,-5.5,38.0,,,,,-1.05,44.8435,,,,,-27.5,2.0,-22.0,-23.05,True,True,open,no_prior_season_situational_for_packaged_priors,rolling_features_unavailable_pre_2023
2017,1,2017-09-07,KC@NE,NE,KC,27.0,42.0,15.0,69.0,-8.0,47.5,,,,,-1.05,44.8435,,,,,-23.0,-21.5,-15.0,-16.05,False,True,outdoors,no_prior_season_situational_for_packaged_priors,rolling_features_unavailable_pre_2023
2017,1,2017-09-11,LAC@DEN,DEN,LAC,24.0,21.0,-3.0,45.0,-3.0,41.5,,,,,-1.05,44.8435,,,,,0.0,-3.5,3.0,1.95,True,True,outdoors,no_prior_season_situational_for_packaged_priors,rolling_features_unavailable_pre_2023
2017,1,2017-09-11,NO@MIN,MIN,NO,29.0,19.0,-10.0,48.0,-3.0,47.5,,,,,-1.05,44.8435,,,,,7.0,-0.5,10.0,8.95,False,True,dome,no_prior_season_situational_for_packaged_priors,rolling_features_unavailable_pre_2023
2017,1,2017-09-10,NYG@DAL,DAL,NYG,19.0,3.0,-16.0,22.0,-6.0,46.5,,,,,-1.05,44.8435,,,,,10.0,24.5,16.0,14.95,True,True,closed,no_prior_season_situational_for_packaged_priors,rolling_features_unavailable_pre_2023
2017,1,2017-09-10,NYJ@BUF,BUF,NYJ,21.0,12.0,-9.0,33.0,-7.0,42.0,,,,,-1.05,44.8435,,,,,2.0,9.0,9.0,7.95,True,True,outdoors,no_prior_season_situational_for_packaged_priors,rolling_features_unavailable_pre_2023
2017,1,2017-09-10,OAK@TEN,TEN,OAK,16.0,26.0,10.0,42.0,-2.5,49.5,,,,,-1.05,44.8435,,,,,-12.5,7.5,-10.0,-11.05,,True,outdoors,no_prior_season_situational_for_packaged_priors,rolling_features_unavailable_pre_2023
2017,1,2017-09-10,PHI@WSH,WSH,PHI,17.0,30.0,13.0,47.0,2.0,49.5,,,,,-1.05,44.8435,,,,,-11.0,2.5,-13.0,-14.05,True,True,outdoors,no_prior_season_situational_for_packaged_priors,rolling_features_unavailable_pre_2023
2017,1,2017-09-10,PIT@CLE,CLE,PIT,18.0,21.0,3.0,39.0,10.0,47.0,,,,,-1.05,44.8435,,,,,7.0,8.0,-3.0,-4.05,True,True,outdoors,no_prior_season_situational_for_packaged_priors,rolling_features_unavailable_pre_2023
2017,1,2017-09-10,SEA@GB,GB,SEA,17.0,9.0,-8.0,26.0,-2.5,49.5,,,,,-1.05,44.8435,,,,,5.5,23.5,8.0,6.95,False,True,outdoors,no_prior_season_situational_for_packaged_priors,rolling_features_unavailable_pre_2023
2017,2,2017-09-17,ARI@IND,IND,ARI,13.0,16.0,3.0,29.0,7.0,44.0,,,,,-1.05,44.8435,,,,,4.0,15.0,-3.0,-4.05,False,True,closed,no_prior_season_situational_for_packaged_priors,rolling_features_unavailable_pre_2023
2017,2,2017-09-17,BUF@CAR,CAR,BUF,9.0,3.0,-6.0,12.0,-6.5,43.0,,,,,-1.05,45.3,,,,,-0.5,31.0,6.0,4.95,False,True,outdoors,no_prior_season_situational_for_packaged_priors,rolling_features_unavailable_pre_2023
2017,2,2017-09-17,CHI@TB,TB,CHI,29.0,7.0,-22.0,36.0,-7.0,44.0,,,,,-1.05,44.8435,,,,,15.0,8.0,22.0,20.95,False,True,outdoors,no_prior_season_situational_for_packaged_priors,rolling_features_unavailable_pre_2023
2017,2,2017-09-17,CLE@BAL,BAL,CLE,24.0,10.0,-14.0,34.0,-7.5,39.5,,,,,-7.55,45.5201,,,,,6.5,5.5,14.0,12.95,True,True,outdoors,no_prior_season_situational_for_packaged_priors,rolling_features_unavailable_pre_2023
2017,2,2017-09-17,DAL@DEN,DEN,DAL,42.0,17.0,-25.0,59.0,2.5,44.0,,,,,-1.05,45.3,,,,,27.5,-15.0,25.0,23.95,False,True,outdoors,no_prior_season_situational_for_packaged_priors,rolling_features_unavailable_pre_2023
2017,2,2017-09-18,DET@NYG,NYG,DET,10.0,24.0,14.0,34.0,-3.0,42.0,,,,,5.45,45.5201,,,,,-17.0,8.0,-14.0,-15.05,False,True,outdoors,no_prior_season_situational_for_packaged_priors,rolling_features_unavailable_pre_2023
2017,2,2017-09-17,GB@ATL,ATL,GB,34.0,23.0,-11.0,57.0,-3.5,55.0,,,,,-1.05,45.3,,,,,7.5,-2.0,11.0,9.95,False,True,open,no_prior_season_situational_for_packaged_priors,rolling_features_unavailable_pre_2023
2017,2,2017-09-14,HOU@CIN,CIN,HOU,9.0,13.0,4.0,22.0,-5.5,38.0,,,,,-1.05,44.8435,,,,,-9.5,16.0,-4.0,-5.05,False,True,outdoors,no_prior_season_situational_for_packaged_priors,rolling_features_unavailable_pre_2023
2017,2,2017-09-17,MIA@LAC,LAC,MIA,17.0,19.0,2.0,36.0,-3.5,46.5,,,,,-1.05,44.8435,,,,,-5.5,10.5,-2.0,-3.05,False,True,outdoors,no_prior_season_situational_for_packaged_priors,rolling_features_unavailable_pre_2023
2017,2,2017-09-17,MIN@PIT,PIT,MIN,26.0,9.0,-17.0,35.0,-8.5,43.0,,,,,-1.05,45.3,,,,,8.5,8.0,17.0,15.95,False,True,outdoors,no_prior_season_situational_for_packaged_priors,rolling_features_unavailable_pre_2023
2017,2,2017-09-17,NE@NO,NO,NE,20.0,36.0,16.0,56.0,5.5,55.0,,,,,-1.05,44.8435,,,,,-10.5,-1.0,-16.0,-17.05,False,True,dome,no_prior_season_situational_for_packaged_priors,rolling_features_unavailable_pre_2023
2017,2,2017-09-17,NYJ@OAK,OAK,NYJ,45.0,20.0,-25.0,65.0,-14.0,44.0,,,,,-7.55,45.5201,,,,,11.0,-21.0,25.0,23.95,,True,outdoors,no_prior_season_situational_for_packaged_priors,rolling_features_unavailable_pre_2023
2017,2,2017-09-17,PHI@KC,KC,PHI,27.0,20.0,-7.0,47.0,-4.0,46.5,,,,,-1.05,45.3,,,,,3.0,-0.5,7.0,5.95,False,True,outdoors,no_prior_season_situational_for_packaged_priors,rolling_features_unavailable_pre_2023
2017,2,2017-09-17,SF@SEA,SEA,SF,12.0,9.0,-3.0,21.0,-13.5,42.0,,,,,-1.05,44.8435,,,,,-10.5,21.0,3.0,1.95,True,True,outdoors,no_prior_season_situational_for_packaged_priors,rolling_features_unavailable_pre_2023
2017,2,2017-09-17,TEN@JAX,JAX,TEN,16.0,37.0,21.0,53.0,1.0,42.0,,,,,-7.55,45.5201,,,,,-20.0,-11.0,-21.0,-22.05,True,True,outdoors,no_prior_season_situational_for_packaged_priors,rolling_features_unavailable_pre_2023
2017,2,2017-09-17,WSH@LAR,LAR,WSH,20.0,27.0,7.0,47.0,-3.0,45.5,,,,,-7.55,45.5201,,,,,-10.0,-1.5,-7.0,-8.05,False,True,outdoors,no_prior_season_situational_for_packaged_priors,rolling_features_unavailable_pre_2023
2017,3,2017-09-24,ATL@DET,DET,ATL,26.0,30.0,4.0,56.0,3.0,51.0,,,,,-1.05,45.3,,,,,-1.0,-5.0,-4.0,-5.05,False,True,dome,no_prior_season_situational_for_packaged_priors,rolling_features_unavailable_pre_2023
2017,3,2017-09-24,BAL@JAX,JAX,BAL,44.0,7.0,-37.0,51.0,3.0,38.0,,,,,2.0901,45.2982,,,,,40.0,-13.0,37.0,35.95,False,True,outdoors,no_prior_season_situational_for_packaged_priors,rolling_features_unavailable_pre_2023
2017,3,2017-09-24,CIN@GB,GB,CIN,27.0,24.0,-3.0,51.0,-7.0,47.5,,,,,-4.4976,45.0919,,,,,-4.0,-3.5,3.0,1.95,False,True,outdoors,no_prior_season_situational_for_packaged_priors,rolling_features_unavailable_pre_2023
2017,3,2017-09-24,CLE@IND,IND,CLE,31.0,28.0,-3.0,59.0,-1.0,42.0,,,,,-1.05,44.8435,,,,,2.0,-17.0,3.0,1.95,False,True,closed,no_prior_season_situational_for_packaged_priors,rolling_features_unavailable_pre_2023
2017,3,2017-09-25,DAL@ARI,ARI,DAL,17.0,28.0,11.0,45.0,3.0,46.5,,,,,-1.05,45.0941,,,,,-8.0,1.5,-11.0,-12.05,False,True,closed,no_prior_season_situational_for_packaged_priors,rolling_features_unavailable_pre_2023
2017,3,2017-09-24,DEN@BUF,BUF,DEN,26.0,16.0,-10.0,42.0,3.5,40.0,,,,,2.0901,45.2982,,,,,13.5,-2.0,10.0,8.95,False,True,outdoors,no_prior_season_situational_for_packaged_priors,rolling_features_unavailable_pre_2023
2017,3,2017-09-24,HOU@NE,NE,HOU,36.0,33.0,-3.0,69.0,-13.5,44.5,,,,,-1.05,45.0941,,,,,-10.5,-24.5,3.0,1.95,False,True,outdoors,no_prior_season_situational_for_packaged_priors,rolling_features_unavailable_pre_2023
2017,3,2017-09-24,KC@LAC,LAC,KC,10.0,24.0,14.0,34.0,3.0,47.5,,,,,5.45,45.5201,,,,,-11.0,13.5,-14.0,-15.05,True,True,outdoors,no_prior_season_situational_for_packaged_priors,rolling_features_unavailable_pre_2023
2017,3,2017-09-21,LAR@SF,SF,LAR,39.0,41.0,2.0,80.0,3.0,40.5,,,,,2.3976,45.0919,,,,,1.0,-39.5,-2.0,-3.05,True,True,outdoors,no_prior_season_situational_for_packaged_priors,rolling_features_unavailable_pre_2023
2017,3,2017-09-24,MIA@NYJ,NYJ,MIA,20.0,6.0,-14.0,26.0,5.5,43.0,,,,,5.45,45.5201,,,,,19.5,17.0,14.0,12.95,True,True,outdoors,no_prior_season_situational_for_packaged_priors,rolling_features_unavailable_pre_2023
2017,3,2017-09-24,NO@CAR,CAR,NO,13.0,34.0,21.0,47.0,-5.5,46.5,,,,,-7.55,45.5201,,,,,-26.5,-0.5,-21.0,-22.05,True,True,outdoors,no_prior_season_situational_for_packaged_priors,rolling_features_unavailable_pre_2023
2017,3,2017-09-24,NYG@PHI,PHI,NYG,27.0,24.0,-3.0,51.0,-5.0,42.0,,,,,-4.4976,45.0919,,,,,-2.0,-9.0,3.0,1.95,True,True,outdoors,no_prior_season_situational_for_packaged_priors,rolling_features_unavailable_pre_2023
2017,3,2017-09-24,OAK@WSH,WSH,OAK,27.0,10.0,-17.0,37.0,3.5,53.0,,,,,2.0901,45.2982,,,,,20.5,16.0,17.0,15.95,,True,outdoors,no_prior_season_situational_for_packaged_priors,rolling_features_unavailable_pre_2023
2017,3,2017-09-24,PIT@CHI,CHI,PIT,23.0,17.0,-6.0,40.0,7.0,43.5,,,,,5.45,45.5201,,,,,13.0,3.5,6.0,4.95,False,True,outdoors,no_prior_season_situational_for_packaged_priors,rolling_features_unavailable_pre_2023
2017,3,2017-09-24,SEA@TEN,TEN,SEA,33.0,27.0,-6.0,60.0,-2.0,42.0,,,,,-1.05,45.0941,,,,,4.0,-18.0,6.0,4.95,False,True,outdoors,no_prior_season_situational_for_packaged_priors,rolling_features_unavailable_pre_2023
2017,3,2017-09-24,TB@MIN,MIN,TB,34.0,17.0,-17.0,51.0,-0.0,41.0,,,,,2.0901,45.2982,,,,,17.0,-10.0,17.0,15.95,False,True,dome,no_prior_season_situational_for_packaged_priors,rolling_features_unavailable_pre_2023
2017,4,2017-10-01,BUF@ATL,ATL,BUF,17.0,23.0,6.0,40.0,-8.0,48.0,,,,,-3.1103,45.2771,,,,,-14.0,8.0,-6.0,-7.05,False,True,closed,no_prior_season_situational_for_packaged_priors,rolling_features_unavailable_pre_2023
2017,4,2017-10-01,CAR@NE,NE,CAR,30.0,33.0,3.0,63.0,-9.0,48.0,,,,,-1.05,45.1671,,,,,-12.0,-15.0,-3.0,-4.05,False,True,outdoors,no_prior_season_situational_for_packaged_priors,rolling_features_unavailable_pre_2023
2017,4,2017-09-28,CHI@GB,GB,CHI,35.0,14.0,-21.0,49.0,-7.5,44.0,,,,,-3.2382,45.141,,,,,13.5,-5.0,21.0,19.95,True,True,outdoors,no_prior_season_situational_for_packaged_priors,rolling_features_unavailable_pre_2023
2017,4,2017-10-01,CIN@CLE,CLE,CIN,7.0,31.0,24.0,38.0,3.0,41.5,,,,,-1.05,44.8435,,,,,-21.0,3.5,-24.0,-25.05,True,True,outdoors,no_prior_season_situational_for_packaged_priors,rolling_features_unavailable_pre_2023
2017,4,2017-10-01,DET@MIN,MIN,DET,7.0,14.0,7.0,21.0,-2.5,43.0,,,,,-1.05,45.1671,,,,,-9.5,22.0,-7.0,-8.05,True,True,dome,no_prior_season_situational_for_packaged_priors,rolling_features_unavailable_pre_2023
2017,4,2017-10-01,IND@SEA,SEA,IND,46.0,18.0,-28.0,64.0,-12.5,41.5,,,,,-1.05,45.0162,,,,,15.5,-22.5,28.0,26.95,False,True,outdoors,no_prior_season_situational_for_packaged_priors,rolling_features_unavailable_pre_2023
2017,4,2017-10-01,JAX@NYJ,NYJ,JAX,23.0,20.0,-3.0,43.0,4.0,38.5,,,,,1.1382,45.141,,,,,7.0,-4.5,3.0,1.95,False,True,outdoors,no_prior_season_situational_for_packaged_priors,rolling_features_unavailable_pre_2023
2017,4,2017-10-01,LAR@DAL,DAL,LAR,30.0,35.0,5.0,65.0,-5.0,51.0,,,,,-1.05,45.1671,,,,,-10.0,-14.0,-5.0,-6.05,False,True,closed,no_prior_season_situational_for_packaged_priors,rolling_features_unavailable_pre_2023
2017,4,2017-10-01,NO@MIA,MIA,NO,0.0,20.0,20.0,20.0,4.0,51.5,,,,,-2.1604,45.0679,,,,,-16.0,31.5,-20.0,-21.05,False,True,outdoors,no_prior_season_situational_for_packaged_priors,rolling_features_unavailable_pre_2023
2017,4,2017-10-01,NYG@TB,TB,NYG,25.0,23.0,-2.0,48.0,-2.5,46.0,,,,,-4.4976,45.0919,,,,,-0.5,-2.0,2.0,0.95,False,True,outdoors,no_prior_season_situational_for_packaged_priors,rolling_features_unavailable_pre_2023
2017,4,2017-10-01,OAK@DEN,DEN,OAK,16.0,10.0,-6.0,26.0,-3.5,44.0,,,,,-1.05,45.1671,,,,,2.5,18.0,6.0,4.95,,True,outdoors,no_prior_season_situational_for_packaged_priors,rolling_features_unavailable_pre_2023
2017,4,2017-10-01,PHI@LAC,LAC,PHI,24.0,26.0,2.0,50.0,-1.5,48.0,,,,,3.482,45.2172,,,,,-3.5,-2.0,-2.0,-3.05,False,True,outdoors,no_prior_season_situational_for_packaged_priors,rolling_features_unavailable_pre_2023
2017,4,2017-10-01,PIT@BAL,BAL,PIT,9.0,26.0,17.0,35.0,3.5,42.0,,,,,-1.05,45.1671,,,,,-13.5,7.0,-17.0,-18.05,True,True,outdoors,no_prior_season_situational_for_packaged_priors,rolling_features_unavailable_pre_2023
2017,4,2017-10-01,SF@ARI,ARI,SF,18.0,15.0,-3.0,33.0,-6.5,43.0,,,,,-3.3829,44.9864,,,,,-3.5,10.0,3.0,1.95,True,True,closed,no_prior_season_situational_for_packaged_priors,rolling_features_unavailable_pre_2023
2017,4,2017-10-01,TEN@HOU,HOU,TEN,57.0,14.0,-43.0,71.0,2.5,43.0,,,,,1.1382,45.141,,,,,45.5,-28.0,43.0,41.95,True,True,open,no_prior_season_situational_for_packaged_priors,rolling_features_unavailable_pre_2023
2017,4,2017-10-02,WSH@KC,KC,WSH,29.0,20.0,-9.0,49.0,-6.5,48.0,,,,,-3.1103,45.2771,,,,,2.5,-1.0,9.0,7.95,False,True,outdoors,no_prior_season_situational_for_packaged_priors,rolling_features_unavailable_pre_2023
2017,5,2017-10-08,ARI@PHI,PHI,ARI,34.0,7.0,-27.0,41.0,-6.0,45.0,,,,,-2.6531,45.1745,,,,,21.0,4.0,27.0,25.95,False,False,outdoors,no_prior_season_situational_for_packaged_priors,rolling_features_unavailable_pre_2023
2017,5,2017-10-08,BAL@OAK,OAK,BAL,17.0,30.0,13.0,47.0,-3.0,40.5,,,,,-1.05,45.0941,,,,,-16.0,-6.5,-13.0,-14.05,,False,outdoors,no_prior_season_situational_for_packaged_priors,rolling_features_unavailable_pre_2023
2017,5,2017-10-08,BUF@CIN,CIN,BUF,20.0,16.0,-4.0,36.0,-3.0,39.0,,,,,2.2366,45.1998,,,,,1.0,3.0,4.0,2.95,False,False,outdoors,no_prior_season_situational_for_packaged_priors,rolling_features_unavailable_pre_2023
2017,5,2017-10-08,CAR@DET,DET,CAR,24.0,27.0,3.0,51.0,-2.0,42.0,,,,,-1.05,45.2019,,,,,-5.0,-9.0,-3.0,-4.05,False,False,dome,no_prior_season_situational_for_packaged_priors,rolling_features_unavailable_pre_2023
2017,5,2017-10-08,GB@DAL,DAL,GB,31.0,35.0,4.0,66.0,-2.5,52.0,,,,,0.5531,45.1745,,,,,-6.5,-14.0,-4.0,-5.05,False,False,closed,no_prior_season_situational_for_packaged_priors,rolling_features_unavailable_pre_2023
2017,5,2017-10-08,JAX@PIT,PIT,JAX,9.0,30.0,21.0,39.0,-7.5,41.0,,,,,-2.6531,45.1745,,,,,-28.5,2.0,-21.0,-22.05,False,False,outdoors,no_prior_season_situational_for_packaged_priors,rolling_features_unavailable_pre_2023
2017,5,2017-10-08,KC@HOU,HOU,KC,34.0,42.0,8.0,76.0,2.0,45.0,,,,,2.0901,45.2982,,,,,-6.0,-31.0,-8.0,-9.05,False,False,closed,no_prior_season_situational_for_packaged_priors,rolling_features_unavailable_pre_2023
2017,5,2017-10-08,LAC@NYG,NYG,LAC,22.0,27.0,5.0,49.0,-3.0,45.5,,,,,-1.05,44.8435,,,,,-8.0,-3.5,-5.0,-6.05,False,False,outdoors,no_prior_season_situational_for_packaged_priors,rolling_features_unavailable_pre_2023
2017,5,2017-10-09,MIN@CHI,CHI,MIN,17.0,20.0,3.0,37.0,3.5,41.0,,,,,0.6294,45.0639,,,,,0.5,4.0,-3.0,-4.05,True,False,outdoors,no_prior_season_situational_for_packaged_priors,rolling_features_unavailable_pre_2023
2017,5,2017-10-05,NE@TB,TB,NE,14.0,19.0,5.0,33.0,3.5,54.5,,,,,-2.1265,45.1425,,,,,-1.5,21.5,-5.0,-6.05,False,False,outdoors,no_prior_season_situational_for_packaged_priors,rolling_features_unavailable_pre_2023
2017,5,2017-10-08,NYJ@CLE,CLE,NYJ,14.0,17.0,3.0,31.0,1.5,41.5,,,,,2.3976,45.0919,,,,,-1.5,10.5,-3.0,-4.05,False,False,outdoors,no_prior_season_situational_for_packaged_priors,rolling_features_unavailable_pre_2023
2017,5,2017-10-08,SEA@LAR,LAR,SEA,10.0,16.0,6.0,26.0,-2.0,46.5,,,,,-2.6531,45.1745,,,,,-8.0,20.5,-6.0,-7.05,True,False,outdoors,no_prior_season_situational_for_packaged_priors,rolling_features_unavailable_pre_2023
2017,5,2017-10-08,SF@IND,IND,SF,26.0,23.0,-3.0,49.0,1.0,43.5,,,,,-2.8133,44.9417,,,,,4.0,-5.5,3.0,1.95,False,False,closed,no_prior_season_situational_for_packaged_priors,rolling_features_unavailable_pre_2023
2017,5,2017-10-08,TEN@MIA,MIA,TEN,16.0,10.0,-6.0,26.0,-0.0,41.5,,,,,0.0604,45.0679,,,,,6.0,15.5,6.0,4.95,False,False,outdoors,no_prior_season_situational_for_packaged_priors,rolling_features_unavailable_pre_2023
2017,6,2017-10-15,CHI@BAL,BAL,CHI,24.0,27.0,3.0,51.0,-5.5,39.5,,,,,-3.7269,45.1183,,,,,-8.5,-11.5,-3.0,-4.05,False,False,outdoors,no_prior_season_situational_for_packaged_priors,rolling_features_unavailable_pre_2023
2017,6,2017-10-15,CLE@HOU,HOU,CLE,33.0,17.0,-16.0,50.0,-7.5,46.0,,,,,-3.8326,45.0261,,,,,8.5,-4.0,16.0,14.95,False,False,closed,no_prior_season_situational_for_packaged_priors,rolling_features_unavailable_pre_2023
2017,6,2017-10-15,DET@NO,NO,DET,52.0,38.0,-14.0,90.0,-6.0,50.5,,,,,-0.4002,45.1206,,,,,8.0,-39.5,14.0,12.95,False,False,dome,no_prior_season_situational_for_packaged_priors,rolling_features_unavailable_pre_2023
2017,6,2017-10-15,GB@MIN,MIN,GB,23.0,10.0,-13.0,33.0,3.0,46.0,,,,,0.215,45.1968,,,,,16.0,13.0,13.0,11.95,True,False,dome,no_prior_season_situational_for_packaged_priors,rolling_features_unavailable_pre_2023
2017,6,2017-10-16,IND@TEN,TEN,IND,36.0,22.0,-14.0,58.0,-7.0,46.0,,,,,-1.05,45.048,,,,,7.0,-12.0,14.0,12.95,True,False,outdoors,no_prior_season_situational_for_packaged_priors,rolling_features_unavailable_pre_2023
2017,6,2017-10-15,LAC@OAK,OAK,LAC,16.0,17.0,1.0,33.0,-3.0,48.5,,,,,-2.4127,45.0182,,,,,-4.0,15.5,-1.0,-2.05,,False,outdoors,no_prior_season_situational_for_packaged_priors,rolling_features_unavailable_pre_2023
2017,6,2017-10-15,LAR@JAX,JAX,LAR,17.0,27.0,10.0,44.0,-1.0,42.0,,,,,-1.05,45.1385,,,,,-11.0,-2.0,-10.0,-11.05,False,False,outdoors,no_prior_season_situational_for_packaged_priors,rolling_features_unavailable_pre_2023
2017,6,2017-10-15,MIA@ATL,ATL,MIA,17.0,20.0,3.0,37.0,-14.0,46.0,,,,,-2.6531,45.1745,,,,,-17.0,9.0,-3.0,-4.05,False,False,closed,no_prior_season_situational_for_packaged_priors,rolling_features_unavailable_pre_2023
2017,6,2017-10-15,NE@NYJ,NYJ,NE,17.0,24.0,7.0,41.0,9.0,48.5,,,,,-1.05,45.1385,,,,,2.0,7.5,-7.0,-8.05,True,False,outdoors,no_prior_season_situational_for_packaged_priors,rolling_features_unavailable_pre_2023
2017,6,2017-10-15,NYG@DEN,DEN,NYG,10.0,23.0,13.0,33.0,-14.0,37.5,,,,,-6.1138,45.2867,,,,,-27.0,4.5,-13.0,-14.05,False,False,outdoors,no_prior_season_situational_for_packaged_priors,rolling_features_unavailable_pre_2023
2017,6,2017-10-12,PHI@CAR,CAR,PHI,23.0,28.0,5.0,51.0,-3.0,44.0,,,,,-1.05,45.2222,,,,,-8.0,-7.0,-5.0,-6.05,False,False,outdoors,no_prior_season_situational_for_packaged_priors,rolling_features_unavailable_pre_2023
2017,6,2017-10-15,PIT@KC,KC,PIT,13.0,19.0,6.0,32.0,-3.5,46.5,,,,,-3.5379,45.2827,,,,,-9.5,14.5,-6.0,-7.05,False,False,outdoors,no_prior_season_situational_for_packaged_priors,rolling_features_unavailable_pre_2023
2017,6,2017-10-15,SF@WSH,WSH,SF,26.0,24.0,-2.0,50.0,-12.0,46.0,,,,,-4.4976,45.0919,,,,,-10.0,-4.0,2.0,0.95,False,False,outdoors,no_prior_season_situational_for_packaged_priors,rolling_features_unavailable_pre_2023
2017,6,2017-10-15,TB@ARI,ARI,TB,38.0,33.0,-5.0,71.0,2.5,46.5,,,,,-0.388,45.0756,,,,,7.5,-24.5,5.0,3.95,False,False,closed,no_prior_season_situational_for_packaged_priors,rolling_features_unavailable_pre_2023
2017,7,2017-10-22,ARI@LAR,LAR,ARI,33.0,0.0,-33.0,33.0,-3.0,45.5,,,,,-2.1265,45.1425,,,,,30.0,12.5,33.0,31.95,True,False,outdoors,no_prior_season_situational_for_packaged_priors,rolling_features_unavailable_pre_2023
2017,7,2017-10-22,ATL@NE,NE,ATL,23.0,7.0,-16.0,30.0,-3.0,56.5,,,,,-1.4766,45.1546,,,,,13.0,26.5,16.0,14.95,False,False,outdoors,no_prior_season_situational_for_packaged_priors,rolling_features_unavailable_pre_2023
2017,7,2017-10-22,BAL@MIN,MIN,BAL,24.0,16.0,-8.0,40.0,-5.0,37.5,,,,,-2.1265,45.1425,,,,,3.0,-2.5,8.0,6.95,False,False,dome,no_prior_season_situational_for_packaged_priors,rolling_features_unavailable_pre_2023
2017,7,2017-10-22,CAR@CHI,CHI,CAR,17.0,3.0,-14.0,20.0,2.5,39.5,,,,,1.1382,45.141,,,,,16.5,19.5,14.0,12.95,False,False,outdoors,no_prior_season_situational_for_packaged_priors,rolling_features_unavailable_pre_2023
2017,7,2017-10-22,CIN@PIT,PIT,CIN,29.0,14.0,-15.0,43.0,-4.0,40.0,,,,,-2.7891,45.1387,,,,,11.0,-3.0,15.0,13.95,True,False,outdoors,no_prior_season_situational_for_packaged_priors,rolling_features_unavailable_pre_2023
2017,7,2017-10-22,DAL@SF,SF,DAL,10.0,40.0,30.0,50.0,6.5,48.0,,,,,1.7326,45.0261,,,,,-23.5,-2.0,-30.0,-31.05,False,False,outdoors,no_prior_season_situational_for_packaged_priors,rolling_features_unavailable_pre_2023
2017,7,2017-10-22,DEN@LAC,LAC,DEN,21.0,0.0,-21.0,21.0,1.0,41.0,,,,,0.7108,45.1094,,,,,22.0,20.0,21.0,19.95,True,False,outdoors,no_prior_season_situational_for_packaged_priors,rolling_features_unavailable_pre_2023
2017,7,2017-10-22,JAX@IND,IND,JAX,0.0,27.0,27.0,27.0,3.0,41.0,,,,,0.0604,45.0679,,,,,-24.0,14.0,-27.0,-28.05,True,False,closed,no_prior_season_situational_for_packaged_priors,rolling_features_unavailable_pre_2023
2017,7,2017-10-19,KC@OAK,OAK,KC,31.0,30.0,-1.0,61.0,3.0,46.5,,,,,2.1863,45.2336,,,,,4.0,-14.5,1.0,-0.050000000000000044,,False,outdoors,no_prior_season_situational_for_packaged_priors,rolling_features_unavailable_pre_2023
2017,7,2017-10-22,NO@GB,GB,NO,17.0,26.0,9.0,43.0,3.5,45.5,,,,,-1.4766,45.1546,,,,,-5.5,2.5,-9.0,-10.05,False,False,outdoors,no_prior_season_situational_for_packaged_priors,rolling_features_unavailable_pre_2023
2017,7,2017-10-22,NYJ@MIA,MIA,NYJ,31.0,28.0,-3.0,59.0,-3.0,40.0,,,,,-1.6998,45.1206,,,,,0.0,-19.0,3.0,1.95,True,False,outdoors,no_prior_season_situational_for_packaged_priors,rolling_features_unavailable_pre_2023
2017,7,2017-10-22,SEA@NYG,NYG,SEA,7.0,24.0,17.0,31.0,4.0,39.0,,,,,1.86,45.1232,,,,,-13.0,8.0,-17.0,-18.05,False,False,outdoors,no_prior_season_situational_for_packaged_priors,rolling_features_unavailable_pre_2023
2017,7,2017-10-22,TB@BUF,BUF,TB,30.0,27.0,-3.0,57.0,-3.0,46.5,,,,,-2.362,45.111,,,,,0.0,-10.5,3.0,1.95,False,False,outdoors,no_prior_season_situational_for_packaged_priors,rolling_features_unavailable_pre_2023
2017,7,2017-10-22,TEN@CLE,CLE,TEN,9.0,12.0,3.0,21.0,5.5,42.5,,,,,2.3976,45.0919,,,,,2.5,21.5,-3.0,-4.05,False,False,outdoors,no_prior_season_situational_for_packaged_priors,rolling_features_unavailable_pre_2023
2017,7,2017-10-23,WSH@PHI,PHI,WSH,34.0,24.0,-10.0,58.0,-5.0,48.5,,,,,-2.5216,45.2093,,,,,5.0,-9.5,10.0,8.95,True,False,outdoors,no_prior_season_situational_for_packaged_priors,rolling_features_unavailable_pre_2023
2017,8,2017-10-29,ATL@NYJ,NYJ,ATL,20.0,25.0,5.0,45.0,6.5,43.5,,,,,-0.5785,45.08,,,,,1.5,-1.5,-5.0,-6.05,False,False,outdoors,no_prior_season_situational_for_packaged_priors,rolling_features_unavailable_pre_2023
2017,8,2017-10-29,CAR@TB,TB,CAR,3.0,17.0,14.0,20.0,-1.5,46.0,,,,,0.5261,45.0968,,,,,-15.5,26.0,-14.0,-15.05,True,False,outdoors,no_prior_season_situational_for_packaged_priors,rolling_features_unavailable_pre_2023
2017,8,2017-10-29,CHI@NO,NO,CHI,20.0,12.0,-8.0,32.0,-7.5,46.0,,,,,-2.5984,45.1389,,,,,0.5,14.0,8.0,6.95,False,False,dome,no_prior_season_situational_for_packaged_priors,rolling_features_unavailable_pre_2023
2017,8,2017-10-29,DAL@WSH,WSH,DAL,19.0,33.0,14.0,52.0,3.0,46.5,,,,,-1.05,45.0941,,,,,-11.0,-5.5,-14.0,-15.05,True,False,outdoors,no_prior_season_situational_for_packaged_priors,rolling_features_unavailable_pre_2023
2017,8,2017-10-30,DEN@KC,KC,DEN,29.0,19.0,-10.0,48.0,-7.0,42.0,,,,,-2.4283,45.1602,,,,,3.0,-6.0,10.0,8.95,True,False,outdoors,no_prior_season_situational_for_packaged_priors,rolling_features_unavailable_pre_2023
2017,8,2017-10-29,HOU@SEA,SEA,HOU,41.0,38.0,-3.0,79.0,-6.0,45.0,,,,,-2.1265,45.1425,,,,,-3.0,-34.0,3.0,1.95,False,False,outdoors,no_prior_season_situational_for_packaged_priors,rolling_features_unavailable_pre_2023
2017,8,2017-10-29,IND@CIN,CIN,IND,24.0,23.0,-1.0,47.0,-11.0,44.0,,,,,-1.3737,45.0057,,,,,-10.0,-3.0,1.0,-0.050000000000000044,False,False,outdoors,no_prior_season_situational_for_packaged_priors,rolling_features_unavailable_pre_2023
2017,8,2017-10-29,LAC@NE,NE,LAC,21.0,13.0,-8.0,34.0,-6.5,49.5,,,,,-2.9004,45.1595,,,,,1.5,15.5,8.0,6.95,False,False,outdoors,no_prior_season_situational_for_packaged_priors,rolling_features_unavailable_pre_2023
2017,8,2017-10-26,MIA@BAL,BAL,MIA,40.0,0.0,-40.0,40.0,-3.0,38.0,,,,,0.4984,45.1389,,,,,37.0,-2.0,40.0,38.95,False,False,outdoors,no_prior_season_situational_for_packaged_priors,rolling_features_unavailable_pre_2023
2017,8,2017-10-29,MIN@CLE,CLE,MIN,16.0,33.0,17.0,49.0,11.0,38.5,,,,,3.7867,45.2563,,,,,-6.0,-10.5,-17.0,-18.05,False,False,outdoors,no_prior_season_situational_for_packaged_priors,rolling_features_unavailable_pre_2023
2017,8,2017-10-29,OAK@BUF,BUF,OAK,34.0,14.0,-20.0,48.0,-2.5,47.0,,,,,-2.5984,45.1389,,,,,17.5,-1.0,20.0,18.95,,False,outdoors,no_prior_season_situational_for_packaged_priors,rolling_features_unavailable_pre_2023
2017,8,2017-10-29,PIT@DET,DET,PIT,15.0,20.0,5.0,35.0,3.0,44.5,,,,,0.3283,45.1602,,,,,-2.0,9.5,-5.0,-6.05,False,False,dome,no_prior_season_situational_for_packaged_priors,rolling_features_unavailable_pre_2023
2017,8,2017-10-29,SF@PHI,PHI,SF,33.0,10.0,-23.0,43.0,-13.0,45.0,,,,,-6.788,45.3823,,,,,10.0,2.0,23.0,21.95,False,False,outdoors,no_prior_season_situational_for_packaged_priors,rolling_features_unavailable_pre_2023
2017,9,2017-11-05,ARI@SF,SF,ARI,10.0,20.0,10.0,30.0,2.5,39.0,,,,,1.9237,45.0441,,,,,-7.5,9.0,-10.0,-11.05,True,False,outdoors,no_prior_season_situational_for_packaged_priors,rolling_features_unavailable_pre_2023
2017,9,2017-11-05,ATL@CAR,CAR,ATL,20.0,17.0,-3.0,37.0,3.0,42.0,,,,,-1.395,45.1389,,,,,6.0,5.0,3.0,1.95,True,False,outdoors,no_prior_season_situational_for_packaged_priors,rolling_features_unavailable_pre_2023
2017,9,2017-11-05,BAL@TEN,TEN,BAL,23.0,20.0,-3.0,43.0,-3.0,41.0,,,,,-1.5153,45.1123,,,,,0.0,-2.0,3.0,1.95,False,False,outdoors,no_prior_season_situational_for_packaged_priors,rolling_features_unavailable_pre_2023
2017,9,2017-11-02,BUF@NYJ,NYJ,BUF,34.0,21.0,-13.0,55.0,3.0,42.0,,,,,1.159,45.1619,,,,,16.0,-13.0,13.0,11.95,True,False,outdoors,no_prior_season_situational_for_packaged_priors,rolling_features_unavailable_pre_2023
2017,9,2017-11-05,CIN@JAX,JAX,CIN,23.0,7.0,-16.0,30.0,-6.0,38.0,,,,,-1.987,45.1027,,,,,10.0,8.0,16.0,14.95,False,False,outdoors,no_prior_season_situational_for_packaged_priors,rolling_features_unavailable_pre_2023
2017,9,2017-11-05,DEN@PHI,PHI,DEN,51.0,23.0,-28.0,74.0,-7.0,41.0,,,,,-3.9023,45.2403,,,,,21.0,-33.0,28.0,26.95,False,False,outdoors,no_prior_season_situational_for_packaged_priors,rolling_features_unavailable_pre_2023
2017,9,2017-11-06,DET@GB,GB,DET,17.0,30.0,13.0,47.0,2.5,42.5,,,,,-1.987,45.1027,,,,,-10.5,-4.5,-13.0,-14.05,True,False,outdoors,no_prior_season_situational_for_packaged_priors,rolling_features_unavailable_pre_2023
2017,9,2017-11-05,IND@HOU,HOU,IND,14.0,20.0,6.0,34.0,-6.0,45.0,,,,,-2.2574,45.0334,,,,,-12.0,11.0,-6.0,-7.05,True,False,closed,no_prior_season_situational_for_packaged_priors,rolling_features_unavailable_pre_2023
2017,9,2017-11-05,KC@DAL,DAL,KC,28.0,17.0,-11.0,45.0,-2.0,53.0,,,,,0.0874,45.1772,,,,,9.0,8.0,11.0,9.95,False,False,closed,no_prior_season_situational_for_packaged_priors,rolling_features_unavailable_pre_2023
2017,9,2017-11-05,LAR@NYG,NYG,LAR,17.0,51.0,34.0,68.0,5.5,42.5,,,,,2.7598,45.2034,,,,,-28.5,-25.5,-34.0,-35.05,False,False,outdoors,no_prior_season_situational_for_packaged_priors,rolling_features_unavailable_pre_2023
2017,9,2017-11-05,OAK@MIA,MIA,OAK,24.0,27.0,3.0,51.0,3.0,44.5,,,,,-2.345,45.0984,,,,,0.0,-6.5,-3.0,-4.05,,False,outdoors,no_prior_season_situational_for_packaged_priors,rolling_features_unavailable_pre_2023
2017,9,2017-11-05,TB@NO,NO,TB,30.0,10.0,-20.0,40.0,-7.0,54.0,,,,,-3.8653,45.1717,,,,,13.0,14.0,20.0,18.95,True,False,dome,no_prior_season_situational_for_packaged_priors,rolling_features_unavailable_pre_2023
2017,9,2017-11-05,WSH@SEA,SEA,WSH,14.0,17.0,3.0,31.0,-8.0,44.5,,,,,-2.9004,45.1595,,,,,-11.0,13.5,-3.0,-4.05,False,False,outdoors,no_prior_season_situational_for_packaged_priors,rolling_features_unavailable_pre_2023
2017,10,2017-11-12,CIN@TEN,TEN,CIN,24.0,20.0,-4.0,44.0,-4.5,40.5,,,,,-2.6904,45.1205,,,,,-0.5,-3.5,4.0,2.95,False,False,outdoors,no_prior_season_situational_for_packaged_priors,rolling_features_unavailable_pre_2023
2017,10,2017-11-12,CLE@DET,DET,CLE,38.0,24.0,-14.0,62.0,-10.5,42.5,,,,,-4.4976,45.0919,,,,,3.5,-19.5,14.0,12.95,False,False,dome,no_prior_season_situational_for_packaged_priors,rolling_features_unavailable_pre_2023
2017,10,2017-11-12,DAL@ATL,ATL,DAL,27.0,7.0,-20.0,34.0,-3.5,49.0,,,,,-0.2396,45.1285,,,,,16.5,15.0,20.0,18.95,False,False,closed,no_prior_season_situational_for_packaged_priors,rolling_features_unavailable_pre_2023
2017,10,2017-11-12,GB@CHI,CHI,GB,16.0,23.0,7.0,39.0,-4.5,37.5,,,,,-0.2206,45.0723,,,,,-11.5,-1.5,-7.0,-8.05,True,False,outdoors,no_prior_season_situational_for_packaged_priors,rolling_features_unavailable_pre_2023
2017,10,2017-11-12,HOU@LAR,LAR,HOU,33.0,7.0,-26.0,40.0,-12.0,45.0,,,,,-3.484,45.18,,,,,14.0,5.0,26.0,24.95,False,False,outdoors,no_prior_season_situational_for_packaged_priors,rolling_features_unavailable_pre_2023
2017,10,2017-11-12,LAC@JAX,JAX,LAC,20.0,17.0,-3.0,37.0,-5.0,40.5,,,,,-2.6904,45.1205,,,,,-2.0,3.5,3.0,1.95,False,False,outdoors,no_prior_season_situational_for_packaged_priors,rolling_features_unavailable_pre_2023
2017,10,2017-11-13,MIA@CAR,CAR,MIA,45.0,21.0,-24.0,66.0,-8.0,38.5,,,,,-2.1265,45.1425,,,,,16.0,-27.5,24.0,22.95,False,False,outdoors,no_prior_season_situational_for_packaged_priors,rolling_features_unavailable_pre_2023
2017,10,2017-11-12,MIN@WSH,WSH,MIN,30.0,38.0,8.0,68.0,1.0,43.0,,,,,0.5531,45.1745,,,,,-7.0,-25.0,-8.0,-9.05,False,False,outdoors,no_prior_season_situational_for_packaged_priors,rolling_features_unavailable_pre_2023
2017,10,2017-11-12,NE@DEN,DEN,NE,16.0,41.0,25.0,57.0,7.0,45.0,,,,,1.384,45.18,,,,,-18.0,-12.0,-25.0,-26.05,False,False,outdoors,no_prior_season_situational_for_packaged_priors,rolling_features_unavailable_pre_2023
2017,10,2017-11-12,NO@BUF,BUF,NO,10.0,47.0,37.0,57.0,2.0,48.5,,,,,-0.2578,45.182,,,,,-35.0,-8.5,-37.0,-38.05,False,False,outdoors,no_prior_season_situational_for_packaged_priors,rolling_features_unavailable_pre_2023
2017,10,2017-11-12,NYG@SF,SF,NYG,31.0,21.0,-10.0,52.0,3.0,41.5,,,,,-0.1577,44.8856,,,,,13.0,-10.5,10.0,8.95,False,False,outdoors,no_prior_season_situational_for_packaged_priors,rolling_features_unavailable_pre_2023
2017,10,2017-11-12,NYJ@TB,TB,NYJ,15.0,10.0,-5.0,25.0,-1.0,44.5,,,,,0.2628,45.0398,,,,,4.0,19.5,5.0,3.95,False,False,outdoors,no_prior_season_situational_for_packaged_priors,rolling_features_unavailable_pre_2023
2017,10,2017-11-12,PIT@IND,IND,PIT,17.0,20.0,3.0,37.0,10.5,47.0,,,,,1.6658,45.185,,,,,7.5,10.0,-3.0,-4.05,False,False,closed,no_prior_season_situational_for_packaged_priors,rolling_features_unavailable_pre_2023
2017,10,2017-11-09,SEA@ARI,ARI,SEA,16.0,22.0,6.0,38.0,6.0,40.0,,,,,-0.2396,45.1285,,,,,0.0,2.0,-6.0,-7.05,True,False,open,no_prior_season_situational_for_packaged_priors,rolling_features_unavailable_pre_2023
2017,11,2017-11-19,ARI@HOU,HOU,ARI,31.0,21.0,-10.0,52.0,-2.5,38.0,,,,,-0.3059,45.0482,,,,,7.5,-14.0,10.0,8.95,False,False,closed,no_prior_season_situational_for_packaged_priors,rolling_features_unavailable_pre_2023
2017,11,2017-11-20,ATL@SEA,SEA,ATL,31.0,34.0,3.0,65.0,-1.0,46.0,,,,,-1.764,45.1483,,,,,-4.0,-19.0,-3.0,-4.05,False,False,outdoors,no_prior_season_situational_for_packaged_priors,rolling_features_unavailable_pre_2023
2017,11,2017-11-19,BAL@GB,GB,BAL,0.0,23.0,23.0,23.0,2.5,38.5,,,,,-1.7787,45.0993,,,,,-20.5,15.5,-23.0,-24.05,False,False,outdoors,no_prior_season_situational_for_packaged_priors,rolling_features_unavailable_pre_2023
2017,11,2017-11-19,BUF@LAC,LAC,BUF,54.0,24.0,-30.0,78.0,-7.0,41.5,,,,,0.4231,45.09,,,,,23.0,-36.5,30.0,28.95,False,False,outdoors,no_prior_season_situational_for_packaged_priors,rolling_features_unavailable_pre_2023
2017,11,2017-11-19,CIN@DEN,DEN,CIN,17.0,20.0,3.0,37.0,-2.5,37.5,,,,,-1.05,45.0162,,,,,-5.5,0.5,-3.0,-4.05,False,False,outdoors,no_prior_season_situational_for_packaged_priors,rolling_features_unavailable_pre_2023
2017,11,2017-11-19,DET@CHI,CHI,DET,24.0,27.0,3.0,51.0,3.0,41.0,,,,,0.4231,45.09,,,,,0.0,-10.0,-3.0,-4.05,True,False,outdoors,no_prior_season_situational_for_packaged_priors,rolling_features_unavailable_pre_2023
2017,11,2017-11-19,JAX@CLE,CLE,JAX,7.0,19.0,12.0,26.0,7.5,37.0,,,,,3.482,45.2172,,,,,-4.5,11.0,-12.0,-13.05,False,False,outdoors,no_prior_season_situational_for_packaged_priors,rolling_features_unavailable_pre_2023
2017,11,2017-11-19,KC@NYG,NYG,KC,12.0,9.0,-3.0,21.0,10.0,44.5,,,,,2.6814,45.1791,,,,,13.0,23.5,3.0,1.95,False,False,outdoors,no_prior_season_situational_for_packaged_priors,rolling_features_unavailable_pre_2023
2017,11,2017-11-19,LAR@MIN,MIN,LAR,24.0,7.0,-17.0,31.0,-1.0,46.0,,,,,-1.05,45.2132,,,,,16.0,15.0,17.0,15.95,False,False,dome,no_prior_season_situational_for_packaged_priors,rolling_features_unavailable_pre_2023
2017,11,2017-11-19,NE@OAK,OAK,NE,8.0,33.0,25.0,41.0,7.0,55.0,,,,,1.0938,45.1883,,,,,-18.0,14.0,-25.0,-26.05,,False,outdoors,no_prior_season_situational_for_packaged_priors,rolling_features_unavailable_pre_2023
2017,11,2017-11-19,PHI@DAL,DAL,PHI,9.0,37.0,28.0,46.0,6.0,48.0,,,,,1.0512,45.2336,,,,,-22.0,2.0,-28.0,-29.05,True,False,closed,no_prior_season_situational_for_packaged_priors,rolling_features_unavailable_pre_2023
2017,11,2017-11-19,TB@MIA,MIA,TB,20.0,30.0,10.0,50.0,1.0,44.0,,,,,-1.7941,45.0482,,,,,-9.0,-6.0,-10.0,-11.05,False,False,outdoors,no_prior_season_situational_for_packaged_priors,rolling_features_unavailable_pre_2023
2017,11,2017-11-16,TEN@PIT,PIT,TEN,40.0,17.0,-23.0,57.0,-7.0,44.5,,,,,-1.7498,45.1952,,,,,16.0,-12.5,23.0,21.95,False,False,outdoors,no_prior_season_situational_for_packaged_priors,rolling_features_unavailable_pre_2023
2017,11,2017-11-19,WSH@NO,NO,WSH,34.0,31.0,-3.0,65.0,-9.5,52.5,,,,,-3.1938,45.1883,,,,,-6.5,-12.5,3.0,1.95,False,False,dome,no_prior_season_situational_for_packaged_priors,rolling_features_unavailable_pre_2023
2017,12,2017-11-26,BUF@KC,KC,BUF,10.0,16.0,6.0,26.0,-8.5,47.5,,,,,-1.6998,45.1206,,,,,-14.5,21.5,-6.0,-7.05,False,False,outdoors,no_prior_season_situational_for_packaged_priors,rolling_features_unavailable_pre_2023
2017,12,2017-11-26,CAR@NYJ,NYJ,CAR,27.0,35.0,8.0,62.0,5.5,39.5,,,,,0.9008,45.1538,,,,,-2.5,-22.5,-8.0,-9.05,False,False,outdoors,no_prior_season_situational_for_packaged_priors,rolling_features_unavailable_pre_2023
2017,12,2017-11-26,CHI@PHI,PHI,CHI,31.0,3.0,-28.0,34.0,-14.0,43.5,,,,,-4.9256,45.2852,,,,,14.0,9.5,28.0,26.95,False,False,outdoors,no_prior_season_situational_for_packaged_priors,rolling_features_unavailable_pre_2023
2017,12,2017-11-26,CLE@CIN,CIN,CLE,30.0,16.0,-14.0,46.0,-7.5,39.0,,,,,-3.8326,45.0261,,,,,6.5,-7.0,14.0,12.95,True,False,outdoors,no_prior_season_situational_for_packaged_priors,rolling_features_unavailable_pre_2023
2017,12,2017-11-26,DEN@OAK,OAK,DEN,21.0,14.0,-7.0,35.0,-3.5,41.0,,,,,-1.7246,45.0287,,,,,3.5,6.0,7.0,5.95,,False,outdoors,no_prior_season_situational_for_packaged_priors,rolling_features_unavailable_pre_2023
2017,12,2017-11-26,GB@PIT,PIT,GB,31.0,28.0,-3.0,59.0,-14.0,43.0,,,,,-2.9655,45.1959,,,,,-11.0,-16.0,3.0,1.95,False,False,outdoors,no_prior_season_situational_for_packaged_priors,rolling_features_unavailable_pre_2023
2017,12,2017-11-27,HOU@BAL,BAL,HOU,23.0,16.0,-7.0,39.0,-7.5,39.5,,,,,-1.712,45.0756,,,,,-0.5,0.5,7.0,5.95,False,False,outdoors,no_prior_season_situational_for_packaged_priors,rolling_features_unavailable_pre_2023
2017,12,2017-11-26,JAX@ARI,ARI,JAX,27.0,24.0,-3.0,51.0,6.5,37.5,,,,,0.9008,45.1538,,,,,9.5,-13.5,3.0,1.95,False,False,closed,no_prior_season_situational_for_packaged_priors,rolling_features_unavailable_pre_2023
2017,12,2017-11-23,LAC@DAL,DAL,LAC,6.0,28.0,22.0,34.0,1.0,46.5,,,,,-1.712,45.0756,,,,,-21.0,12.5,-22.0,-23.05,False,False,closed,no_prior_season_situational_for_packaged_priors,rolling_features_unavailable_pre_2023
2017,12,2017-11-26,MIA@NE,NE,MIA,35.0,17.0,-18.0,52.0,-17.0,49.0,,,,,-3.629,45.2036,,,,,1.0,-3.0,18.0,16.95,True,False,outdoors,no_prior_season_situational_for_packaged_priors,rolling_features_unavailable_pre_2023
2017,12,2017-11-23,MIN@DET,DET,MIN,23.0,30.0,7.0,53.0,2.5,46.0,,,,,0.215,45.1968,,,,,-4.5,-7.0,-7.0,-8.05,True,False,dome,no_prior_season_situational_for_packaged_priors,rolling_features_unavailable_pre_2023
2017,12,2017-11-26,NO@LAR,LAR,NO,26.0,20.0,-6.0,46.0,-2.5,54.0,,,,,-0.4233,45.2057,,,,,3.5,8.0,6.0,4.95,False,False,outdoors,no_prior_season_situational_for_packaged_priors,rolling_features_unavailable_pre_2023
2017,12,2017-11-23,NYG@WSH,WSH,NYG,20.0,10.0,-10.0,30.0,-7.0,44.0,,,,,-2.4127,45.0182,,,,,3.0,14.0,10.0,8.95,True,False,outdoors,no_prior_season_situational_for_packaged_priors,rolling_features_unavailable_pre_2023
2017,12,2017-11-26,SEA@SF,SF,SEA,13.0,24.0,11.0,37.0,7.0,45.0,,,,,2.3313,45.1363,,,,,-4.0,8.0,-11.0,-12.05,True,False,outdoors,no_prior_season_situational_for_packaged_priors,rolling_features_unavailable_pre_2023
2017,12,2017-11-26,TB@ATL,ATL,TB,34.0,20.0,-14.0,54.0,-10.5,47.0,,,,,-2.362,45.111,,,,,3.5,-7.0,14.0,12.95,True,False,closed,no_prior_season_situational_for_packaged_priors,rolling_features_unavailable_pre_2023
2017,12,2017-11-26,TEN@IND,IND,TEN,16.0,20.0,4.0,36.0,3.0,46.5,,,,,0.9374,45.11,,,,,-1.0,10.5,-4.0,-5.05,True,False,open,no_prior_season_situational_for_packaged_priors,rolling_features_unavailable_pre_2023
2017,13,2017-12-03,CAR@NO,NO,CAR,31.0,21.0,-10.0,52.0,-5.5,48.0,,,,,-1.05,45.1925,,,,,4.5,-4.0,10.0,8.95,True,False,dome,no_prior_season_situational_for_packaged_priors,rolling_features_unavailable_pre_2023
2017,13,2017-12-03,CLE@LAC,LAC,CLE,19.0,10.0,-9.0,29.0,-13.5,45.0,,,,,-4.1967,45.0611,,,,,-4.5,16.0,9.0,7.95,False,False,outdoors,no_prior_season_situational_for_packaged_priors,rolling_features_unavailable_pre_2023
2017,13,2017-12-03,DEN@MIA,MIA,DEN,35.0,9.0,-26.0,44.0,1.0,41.0,,,,,-1.667,45.0126,,,,,27.0,-3.0,26.0,24.95,False,False,outdoors,no_prior_season_situational_for_packaged_priors,rolling_features_unavailable_pre_2023
2017,13,2017-12-03,DET@BAL,BAL,DET,44.0,20.0,-24.0,64.0,-2.5,43.0,,,,,-1.05,45.1145,,,,,21.5,-21.0,24.0,22.95,False,False,outdoors,no_prior_season_situational_for_packaged_priors,rolling_features_unavailable_pre_2023
2017,13,2017-12-03,HOU@TEN,TEN,HOU,24.0,13.0,-11.0,37.0,-7.0,42.5,,,,,-2.8397,45.1255,,,,,4.0,5.5,11.0,9.95,True,False,outdoors,no_prior_season_situational_for_packaged_priors,rolling_features_unavailable_pre_2023
2017,13,2017-12-03,IND@JAX,JAX,IND,30.0,10.0,-20.0,40.0,-10.0,41.0,,,,,-3.458,45.1302,,,,,10.0,1.0,20.0,18.95,True,False,outdoors,no_prior_season_situational_for_packaged_priors,rolling_features_unavailable_pre_2023
2017,13,2017-12-03,KC@NYJ,NYJ,KC,38.0,31.0,-7.0,69.0,3.5,44.0,,,,,0.1528,45.0876,,,,,10.5,-25.0,7.0,5.95,False,False,outdoors,no_prior_season_situational_for_packaged_priors,rolling_features_unavailable_pre_2023
2017,13,2017-12-03,LAR@ARI,ARI,LAR,16.0,32.0,16.0,48.0,7.5,43.0,,,,,0.7099,45.1648,,,,,-8.5,-5.0,-16.0,-17.05,True,False,closed,no_prior_season_situational_for_packaged_priors,rolling_features_unavailable_pre_2023
2017,13,2017-12-03,MIN@ATL,ATL,MIN,9.0,14.0,5.0,23.0,-2.0,48.5,,,,,0.0943,45.2053,,,,,-7.0,25.5,-5.0,-6.05,False,False,closed,no_prior_season_situational_for_packaged_priors,rolling_features_unavailable_pre_2023
2017,13,2017-12-03,NE@BUF,BUF,NE,3.0,23.0,20.0,26.0,7.5,48.5,,,,,0.6811,45.2028,,,,,-12.5,22.5,-20.0,-21.05,True,False,outdoors,no_prior_season_situational_for_packaged_priors,rolling_features_unavailable_pre_2023
2017,13,2017-12-03,NYG@OAK,OAK,NYG,24.0,17.0,-7.0,41.0,-10.0,43.0,,,,,-2.9023,45.0426,,,,,-3.0,2.0,7.0,5.95,,False,outdoors,no_prior_season_situational_for_packaged_priors,rolling_features_unavailable_pre_2023
2017,13,2017-12-03,PHI@SEA,SEA,PHI,24.0,10.0,-14.0,34.0,3.5,46.5,,,,,0.6532,45.2395,,,,,17.5,12.5,14.0,12.95,False,False,outdoors,no_prior_season_situational_for_packaged_priors,rolling_features_unavailable_pre_2023
2017,13,2017-12-04,PIT@CIN,CIN,PIT,20.0,23.0,3.0,43.0,4.5,42.5,,,,,1.2784,45.2072,,,,,1.5,-0.5,-3.0,-4.05,True,False,outdoors,no_prior_season_situational_for_packaged_priors,rolling_features_unavailable_pre_2023
2017,13,2017-12-03,SF@CHI,CHI,SF,14.0,15.0,1.0,29.0,-2.5,42.0,,,,,-2.3176,44.9565,,,,,-3.5,13.0,-1.0,-2.05,False,False,outdoors,no_prior_season_situational_for_packaged_priors,rolling_features_unavailable_pre_2023
2017,13,2017-12-03,TB@GB,GB,TB,26.0,20.0,-6.0,46.0,-3.0,45.0,,,,,-1.6564,45.0559,,,,,3.0,-1.0,6.0,4.95,False,False,outdoors,no_prior_season_situational_for_packaged_priors,rolling_features_unavailable_pre_2023
2017,13,2017-11-30,WSH@DAL,DAL,WSH,38.0,14.0,-24.0,52.0,1.5,47.0,,,,,-1.05,45.0734,,,,,25.5,-5.0,24.0,22.95,True,False,closed,no_prior_season_situational_for_packaged_priors,rolling_features_unavailable_pre_2023
2017,14,2017-12-10,BAL@PIT,PIT,BAL,39.0,38.0,-1.0,77.0,-6.0,43.0,,,,,-2.6292,45.209,,,,,-5.0,-34.0,1.0,-0.050000000000000044,True,False,outdoors,no_prior_season_situational_for_packaged_priors,rolling_features_unavailable_pre_2023
2017,14,2017-12-10,CHI@CIN,CIN,CHI,7.0,33.0,26.0,40.0,-6.0,40.5,,,,,-2.1782,45.0287,,,,,-32.0,0.5,-26.0,-27.05,False,False,outdoors,no_prior_season_situational_for_packaged_priors,rolling_features_unavailable_pre_2023
2017,14,2017-12-10,DAL@NYG,NYG,DAL,10.0,30.0,20.0,40.0,4.0,42.0,,,,,1.2082,45.0663,,,,,-16.0,2.0,-20.0,-21.05,True,False,outdoors,no_prior_season_situational_for_packaged_priors,rolling_features_unavailable_pre_2023
2017,14,2017-12-10,DET@TB,TB,DET,21.0,24.0,3.0,45.0,-0.0,47.5,,,,,0.0604,45.0679,,,,,-3.0,2.5,-3.0,-4.05,False,False,outdoors,no_prior_season_situational_for_packaged_priors,rolling_features_unavailable_pre_2023
2017,14,2017-12-10,GB@CLE,CLE,GB,21.0,27.0,6.0,48.0,2.5,38.5,,,,,2.3976,45.0919,,,,,-3.5,-9.5,-6.0,-7.05,False,False,outdoors,no_prior_season_situational_for_packaged_priors,rolling_features_unavailable_pre_2023
2017,14,2017-12-10,IND@BUF,BUF,IND,13.0,7.0,-6.0,20.0,-3.5,36.5,,,,,-2.7294,45.0639,,,,,2.5,16.5,6.0,4.95,False,False,outdoors,no_prior_season_situational_for_packaged_priors,rolling_features_unavailable_pre_2023
2017,14,2017-12-10,MIN@CAR,CAR,MIN,31.0,24.0,-7.0,55.0,2.5,40.5,,,,,-0.0053,45.2125,,,,,9.5,-14.5,7.0,5.95,False,False,outdoors,no_prior_season_situational_for_packaged_priors,rolling_features_unavailable_pre_2023
2017,14,2017-12-11,NE@MIA,MIA,NE,27.0,20.0,-7.0,47.0,10.0,48.0,,,,,1.6245,45.2193,,,,,17.0,1.0,7.0,5.95,True,False,outdoors,no_prior_season_situational_for_packaged_priors,rolling_features_unavailable_pre_2023
2017,14,2017-12-07,NO@ATL,ATL,NO,20.0,17.0,-3.0,37.0,-2.5,51.5,,,,,0.0104,45.1781,,,,,0.5,14.5,3.0,1.95,True,False,closed,no_prior_season_situational_for_packaged_priors,rolling_features_unavailable_pre_2023
2017,14,2017-12-10,NYJ@DEN,DEN,NYJ,23.0,0.0,-23.0,23.0,1.0,40.5,,,,,0.0782,45.0287,,,,,24.0,17.5,23.0,21.95,False,False,outdoors,no_prior_season_situational_for_packaged_priors,rolling_features_unavailable_pre_2023
2017,14,2017-12-10,OAK@KC,KC,OAK,26.0,15.0,-11.0,41.0,-4.5,48.5,,,,,-1.05,45.0941,,,,,6.5,7.5,11.0,9.95,,False,outdoors,no_prior_season_situational_for_packaged_priors,rolling_features_unavailable_pre_2023
2017,14,2017-12-10,PHI@LAR,LAR,PHI,35.0,43.0,8.0,78.0,1.0,47.5,,,,,-0.5316,45.2215,,,,,-7.0,-30.5,-8.0,-9.05,False,False,outdoors,no_prior_season_situational_for_packaged_priors,rolling_features_unavailable_pre_2023
2017,14,2017-12-10,SEA@JAX,JAX,SEA,30.0,24.0,-6.0,54.0,-3.0,41.0,,,,,-1.05,45.1671,,,,,3.0,-13.0,6.0,4.95,False,False,outdoors,no_prior_season_situational_for_packaged_priors,rolling_features_unavailable_pre_2023
2017,14,2017-12-10,SF@HOU,HOU,SF,16.0,26.0,10.0,42.0,-1.0,45.5,,,,,-2.1965,44.9882,,,,,-11.0,3.5,-10.0,-11.05,False,False,closed,no_prior_season_situational_for_packaged_priors,rolling_features_unavailable_pre_2023
2017,14,2017-12-10,TEN@ARI,ARI,TEN,12.0,7.0,-5.0,19.0,2.5,42.0,,,,,0.5777,45.1388,,,,,7.5,23.0,5.0,3.95,False,False,closed,no_prior_season_situational_for_packaged_priors,rolling_features_unavailable_pre_2023
2017,14,2017-12-10,WSH@LAC,LAC,WSH,30.0,13.0,-17.0,43.0,-6.0,46.5,,,,,-1.6008,45.0781,,,,,11.0,3.5,17.0,15.95,False,False,outdoors,no_prior_season_situational_for_packaged_priors,rolling_features_unavailable_pre_2023
2017,15,2017-12-17,ARI@WSH,WSH,ARI,20.0,15.0,-5.0,35.0,-4.0,40.0,,,,,-0.5382,45.0614,,,,,1.0,5.0,5.0,3.95,False,False,outdoors,no_prior_season_situational_for_packaged_priors,rolling_features_unavailable_pre_2023
2017,15,2017-12-18,ATL@TB,TB,ATL,21.0,24.0,3.0,45.0,7.0,49.5,,,,,0.9841,45.1172,,,,,4.0,4.5,-3.0,-4.05,True,False,outdoors,no_prior_season_situational_for_packaged_priors,rolling_features_unavailable_pre_2023
2017,15,2017-12-17,BAL@CLE,CLE,BAL,10.0,27.0,17.0,37.0,6.5,42.0,,,,,2.6504,45.1191,,,,,-10.5,5.0,-17.0,-18.05,True,False,outdoors,no_prior_season_situational_for_packaged_priors,rolling_features_unavailable_pre_2023
2017,15,2017-12-16,CHI@DET,DET,CHI,20.0,10.0,-10.0,30.0,-5.0,43.5,,,,,-2.586,45.082,,,,,5.0,13.5,10.0,8.95,True,False,dome,no_prior_season_situational_for_packaged_priors,rolling_features_unavailable_pre_2023
2017,15,2017-12-17,CIN@MIN,MIN,CIN,34.0,7.0,-27.0,41.0,-12.5,42.5,,,,,-3.54,45.1891,,,,,14.5,1.5,27.0,25.95,False,False,dome,no_prior_season_situational_for_packaged_priors,rolling_features_unavailable_pre_2023
2017,15,2017-12-17,DAL@OAK,OAK,DAL,17.0,20.0,3.0,37.0,3.0,46.0,,,,,-0.5455,45.0966,,,,,0.0,9.0,-3.0,-4.05,,False,outdoors,no_prior_season_situational_for_packaged_priors,rolling_features_unavailable_pre_2023
2017,15,2017-12-14,DEN@IND,IND,DEN,13.0,25.0,12.0,38.0,3.0,40.5,,,,,-0.523,44.9876,,,,,-9.0,2.5,-12.0,-13.05,False,False,closed,no_prior_season_situational_for_packaged_priors,rolling_features_unavailable_pre_2023
2017,15,2017-12-17,GB@CAR,CAR,GB,31.0,24.0,-7.0,55.0,-3.0,46.5,,,,,-2.0379,45.1547,,,,,4.0,-8.5,7.0,5.95,False,False,outdoors,no_prior_season_situational_for_packaged_priors,rolling_features_unavailable_pre_2023
2017,15,2017-12-17,HOU@JAX,JAX,HOU,45.0,7.0,-38.0,52.0,-10.5,39.0,,,,,-3.5757,45.1566,,,,,27.5,-13.0,38.0,36.95,True,False,outdoors,no_prior_season_situational_for_packaged_priors,rolling_features_unavailable_pre_2023
2017,15,2017-12-16,LAC@KC,KC,LAC,30.0,13.0,-17.0,43.0,-1.0,47.0,,,,,-1.05,45.1114,,,,,16.0,4.0,17.0,15.95,True,False,outdoors,no_prior_season_situational_for_packaged_priors,rolling_features_unavailable_pre_2023
2017,15,2017-12-17,LAR@SEA,SEA,LAR,7.0,42.0,35.0,49.0,1.0,47.5,,,,,-0.5596,45.164,,,,,-34.0,-1.5,-35.0,-36.05,True,False,outdoors,no_prior_season_situational_for_packaged_priors,rolling_features_unavailable_pre_2023
2017,15,2017-12-17,MIA@BUF,BUF,MIA,24.0,16.0,-8.0,40.0,-3.5,39.5,,,,,-1.5545,45.0966,,,,,4.5,-0.5,8.0,6.95,True,False,outdoors,no_prior_season_situational_for_packaged_priors,rolling_features_unavailable_pre_2023
2017,15,2017-12-17,NE@PIT,PIT,NE,24.0,27.0,3.0,51.0,2.5,53.0,,,,,-1.5272,45.2275,,,,,-0.5,2.0,-3.0,-4.05,False,False,outdoors,no_prior_season_situational_for_packaged_priors,rolling_features_unavailable_pre_2023
2017,15,2017-12-17,NYJ@NO,NO,NYJ,31.0,19.0,-12.0,50.0,-16.5,47.0,,,,,-3.0552,45.1508,,,,,-4.5,-3.0,12.0,10.95,False,False,dome,no_prior_season_situational_for_packaged_priors,rolling_features_unavailable_pre_2023
2017,15,2017-12-17,PHI@NYG,NYG,PHI,29.0,34.0,5.0,63.0,7.5,40.5,,,,,3.5108,45.2973,,,,,2.5,-22.5,-5.0,-6.05,True,False,outdoors,no_prior_season_situational_for_packaged_priors,rolling_features_unavailable_pre_2023
2017,15,2017-12-17,TEN@SF,SF,TEN,25.0,23.0,-2.0,48.0,-2.5,44.5,,,,,1.5124,45.1232,,,,,-0.5,-3.5,2.0,0.95,False,False,outdoors,no_prior_season_situational_for_packaged_priors,rolling_features_unavailable_pre_2023
2017,16,2017-12-24,ATL@NO,NO,ATL,23.0,13.0,-10.0,36.0,-5.5,52.0,,,,,-1.5034,45.1741,,,,,4.5,16.0,10.0,8.95,True,False,dome,no_prior_season_situational_for_packaged_priors,rolling_features_unavailable_pre_2023
2017,16,2017-12-24,BUF@NE,NE,BUF,37.0,16.0,-21.0,53.0,-11.0,47.5,,,,,-2.4106,45.1902,,,,,10.0,-5.5,21.0,19.95,True,False,outdoors,no_prior_season_situational_for_packaged_priors,rolling_features_unavailable_pre_2023
2017,16,2017-12-24,CLE@CHI,CHI,CLE,20.0,3.0,-17.0,23.0,-5.5,37.0,,,,,-3.0585,44.9602,,,,,11.5,14.0,17.0,15.95,False,False,outdoors,no_prior_season_situational_for_packaged_priors,rolling_features_unavailable_pre_2023
2017,16,2017-12-24,DEN@WSH,WSH,DEN,27.0,11.0,-16.0,38.0,-3.0,39.5,,,,,-1.5279,45.0469,,,,,13.0,1.5,16.0,14.95,False,False,outdoors,no_prior_season_situational_for_packaged_priors,rolling_features_unavailable_pre_2023
2017,16,2017-12-24,DET@CIN,CIN,DET,26.0,17.0,-9.0,43.0,3.0,43.5,,,,,0.3652,45.0975,,,,,12.0,0.5,9.0,7.95,False,False,outdoors,no_prior_season_situational_for_packaged_priors,rolling_features_unavailable_pre_2023
2017,16,2017-12-23,IND@BAL,BAL,IND,23.0,16.0,-7.0,39.0,-13.5,41.0,,,,,-3.4426,45.1008,,,,,-6.5,2.0,7.0,5.95,False,False,outdoors,no_prior_season_situational_for_packaged_priors,rolling_features_unavailable_pre_2023
2017,16,2017-12-24,JAX@SF,SF,JAX,44.0,33.0,-11.0,77.0,4.0,43.0,,,,,1.7653,45.1717,,,,,15.0,-34.0,11.0,9.95,False,False,outdoors,no_prior_season_situational_for_packaged_priors,rolling_features_unavailable_pre_2023
2017,16,2017-12-24,LAC@NYJ,NYJ,LAC,7.0,14.0,7.0,21.0,7.5,42.5,,,,,-0.1004,45.0702,,,,,0.5,21.5,-7.0,-8.05,False,False,outdoors,no_prior_season_situational_for_packaged_priors,rolling_features_unavailable_pre_2023
2017,16,2017-12-24,LAR@TEN,TEN,LAR,23.0,27.0,4.0,50.0,5.5,46.0,,,,,-0.1373,45.1651,,,,,1.5,-4.0,-4.0,-5.05,False,False,outdoors,no_prior_season_situational_for_packaged_priors,rolling_features_unavailable_pre_2023
2017,16,2017-12-24,MIA@KC,KC,MIA,29.0,13.0,-16.0,42.0,-11.0,43.5,,,,,-1.987,45.1027,,,,,5.0,1.5,16.0,14.95,False,False,outdoors,no_prior_season_situational_for_packaged_priors,rolling_features_unavailable_pre_2023
2017,16,2017-12-23,MIN@GB,GB,MIN,0.0,16.0,16.0,16.0,8.5,41.0,,,,,0.7765,45.1896,,,,,-7.5,25.0,-16.0,-17.05,True,False,outdoors,no_prior_season_situational_for_packaged_priors,rolling_features_unavailable_pre_2023
2017,16,2017-12-24,NYG@ARI,ARI,NYG,23.0,0.0,-23.0,23.0,-3.0,39.0,,,,,-3.0029,45.0305,,,,,20.0,16.0,23.0,21.95,False,False,closed,no_prior_season_situational_for_packaged_priors,rolling_features_unavailable_pre_2023
2017,16,2017-12-25,OAK@PHI,PHI,OAK,19.0,10.0,-9.0,29.0,-10.0,46.0,,,,,-3.7923,45.2305,,,,,-1.0,17.0,9.0,7.95,,False,outdoors,no_prior_season_situational_for_packaged_priors,rolling_features_unavailable_pre_2023
2017,16,2017-12-25,PIT@HOU,HOU,PIT,6.0,34.0,28.0,40.0,8.0,45.5,,,,,2.2149,45.2145,,,,,-20.0,5.5,-28.0,-29.05,False,False,closed,no_prior_season_situational_for_packaged_priors,rolling_features_unavailable_pre_2023
2017,16,2017-12-24,SEA@DAL,DAL,SEA,12.0,21.0,9.0,33.0,-4.5,47.0,,,,,-1.05,45.126,,,,,-13.5,14.0,-9.0,-10.05,False,False,closed,no_prior_season_situational_for_packaged_priors,rolling_features_unavailable_pre_2023
2017,16,2017-12-24,TB@CAR,CAR,TB,22.0,19.0,-3.0,41.0,-10.0,46.5,,,,,-3.8653,45.1717,,,,,-7.0,5.5,3.0,1.95,True,False,outdoors,no_prior_season_situational_for_packaged_priors,rolling_features_unavailable_pre_2023
2017,17,2017-12-31,ARI@SEA,SEA,ARI,24.0,26.0,2.0,50.0,-8.0,38.0,,,,,-1.9191,45.1165,,,,,-10.0,-12.0,-2.0,-3.05,True,False,outdoors,no_prior_season_situational_for_packaged_priors,rolling_features_unavailable_pre_2023
2017,17,2017-12-31,BUF@MIA,MIA,BUF,16.0,22.0,6.0,38.0,2.5,41.5,,,,,-0.1701,45.0865,,,,,-3.5,3.5,-6.0,-7.05,True,False,outdoors,no_prior_season_situational_for_packaged_priors,rolling_features_unavailable_pre_2023
2017,17,2017-12-31,CAR@ATL,ATL,CAR,22.0,10.0,-12.0,32.0,-5.0,44.5,,,,,-0.2018,45.1741,,,,,7.0,12.5,12.0,10.95,True,False,closed,no_prior_season_situational_for_packaged_priors,rolling_features_unavailable_pre_2023
2017,17,2017-12-31,CHI@MIN,MIN,CHI,23.0,10.0,-13.0,33.0,-13.5,38.0,,,,,-4.0789,45.2136,,,,,-0.5,5.0,13.0,11.95,True,False,dome,no_prior_season_situational_for_packaged_priors,rolling_features_unavailable_pre_2023
2017,17,2017-12-31,CIN@BAL,BAL,CIN,27.0,31.0,4.0,58.0,-8.0,40.0,,,,,-2.362,45.111,,,,,-12.0,-18.0,-4.0,-5.05,True,False,outdoors,no_prior_season_situational_for_packaged_priors,rolling_features_unavailable_pre_2023
2017,17,2017-12-31,CLE@PIT,PIT,CLE,28.0,24.0,-4.0,52.0,-5.0,38.5,,,,,-6.4297,45.3304,,,,,-1.0,-13.5,4.0,2.95,True,False,outdoors,no_prior_season_situational_for_packaged_priors,rolling_features_unavailable_pre_2023
2017,17,2017-12-31,DAL@PHI,PHI,DAL,0.0,6.0,6.0,6.0,3.5,41.0,,,,,-3.1596,45.2247,,,,,-2.5,35.0,-6.0,-7.05,True,False,outdoors,no_prior_season_situational_for_packaged_priors,rolling_features_unavailable_pre_2023
2017,17,2017-12-31,GB@DET,DET,GB,35.0,11.0,-24.0,46.0,-7.5,45.0,,,,,-1.4872,45.096,,,,,16.5,-1.0,24.0,22.95,True,False,dome,no_prior_season_situational_for_packaged_priors,rolling_features_unavailable_pre_2023
2017,17,2017-12-31,HOU@IND,IND,HOU,22.0,13.0,-9.0,35.0,-5.5,42.0,,,,,-0.59,44.969,,,,,3.5,7.0,9.0,7.95,True,False,closed,no_prior_season_situational_for_packaged_priors,rolling_features_unavailable_pre_2023
2017,17,2017-12-31,JAX@TEN,TEN,JAX,15.0,10.0,-5.0,25.0,-2.5,40.0,,,,,-0.1915,45.1457,,,,,2.5,15.0,5.0,3.95,True,False,outdoors,no_prior_season_situational_for_packaged_priors,rolling_features_unavailable_pre_2023
2017,17,2017-12-31,KC@DEN,DEN,KC,24.0,27.0,3.0,51.0,-3.0,37.5,,,,,0.7108,45.1094,,,,,-6.0,-13.5,-3.0,-4.05,True,False,outdoors,no_prior_season_situational_for_packaged_priors,rolling_features_unavailable_pre_2023
2017,17,2017-12-31,NO@TB,TB,NO,31.0,24.0,-7.0,55.0,6.0,49.0,,,,,2.0166,45.1862,,,,,13.0,-6.0,7.0,5.95,True,False,outdoors,no_prior_season_situational_for_packaged_priors,rolling_features_unavailable_pre_2023
2017,17,2017-12-31,NYJ@NE,NE,NYJ,26.0,6.0,-20.0,32.0,-17.0,43.5,,,,,-4.0789,45.2136,,,,,3.0,11.5,20.0,18.95,True,False,outdoors,no_prior_season_situational_for_packaged_priors,rolling_features_unavailable_pre_2023
2017,17,2017-12-31,OAK@LAC,LAC,OAK,30.0,10.0,-20.0,40.0,-7.0,43.0,,,,,-1.9299,45.0865,,,,,13.0,3.0,20.0,18.95,,False,outdoors,no_prior_season_situational_for_packaged_priors,rolling_features_unavailable_pre_2023
2017,17,2017-12-31,SF@LAR,LAR,SF,13.0,34.0,21.0,47.0,6.5,44.5,,,,,-3.6608,45.1758,,,,,-14.5,-2.5,-21.0,-22.05,True,False,outdoors,no_prior_season_situational_for_packaged_priors,rolling_features_unavailable_pre_2023
2017,17,2017-12-31,WSH@NYG,NYG,WSH,18.0,10.0,-8.0,28.0,5.0,41.0,,,,,1.2228,45.0507,,,,,13.0,13.0,8.0,6.95,True,False,outdoors,no_prior_season_situational_for_packaged_priors,rolling_features_unavailable_pre_2023
2017,18,2018-01-06,ATL@LAR,LAR,ATL,13.0,26.0,13.0,39.0,-6.5,48.0,,,,,-1.4483,45.1642,,,,,-19.5,9.0,-13.0,-14.05,False,False,outdoors,no_prior_season_situational_for_packaged_priors,rolling_features_unavailable_pre_2023
2017,18,2018-01-07,BUF@JAX,JAX,BUF,10.0,3.0,-7.0,13.0,-8.5,39.5,,,,,-1.4528,45.1373,,,,,-1.5,26.5,7.0,5.95,False,False,outdoors,no_prior_season_situational_for_packaged_priors,rolling_features_unavailable_pre_2023
2017,18,2018-01-07,CAR@NO,NO,CAR,31.0,26.0,-5.0,57.0,-6.5,47.5,,,,,-1.05,45.1759,,,,,-1.5,-9.5,5.0,3.95,True,False,dome,no_prior_season_situational_for_packaged_priors,rolling_features_unavailable_pre_2023
2017,18,2018-01-06,TEN@KC,KC,TEN,21.0,22.0,1.0,43.0,-8.5,44.0,,,,,-1.4528,45.1373,,,,,-9.5,1.0,-1.0,-2.05,False,False,outdoors,no_prior_season_situational_for_packaged_priors,rolling_features_unavailable_pre_2023
2017,19,2018-01-13,ATL@PHI,PHI,ATL,15.0,10.0,-5.0,25.0,2.5,40.0,,,,,-2.0907,45.2041,,,,,7.5,15.0,5.0,3.95,False,False,outdoors,no_prior_season_situational_for_packaged_priors,rolling_features_unavailable_pre_2023
2017,19,2018-01-14,JAX@PIT,PIT,JAX,42.0,45.0,3.0,87.0,-7.0,40.5,,,,,-2.0907,45.2041,,,,,-10.0,-46.5,-3.0,-4.05,False,False,outdoors,no_prior_season_situational_for_packaged_priors,rolling_features_unavailable_pre_2023
2017,19,2018-01-14,NO@MIN,MIN,NO,29.0,24.0,-5.0,53.0,-5.5,47.0,,,,,-1.7171,45.21,,,,,-0.5,-6.0,5.0,3.95,False,False,dome,no_prior_season_situational_for_packaged_priors,rolling_features_unavailable_pre_2023
2017,19,2018-01-13,TEN@NE,NE,TEN,35.0,14.0,-21.0,49.0,-13.5,48.0,,,,,-2.4685,45.201,,,,,7.5,-1.0,21.0,19.95,False,False,outdoors,no_prior_season_situational_for_packaged_priors,rolling_features_unavailable_pre_2023
2017,20,2018-01-21,JAX@NE,NE,JAX,24.0,20.0,-4.0,44.0,-7.5,46.0,,,,,-2.034,45.2093,,,,,-3.5,2.0,4.0,2.95,False,False,outdoors,no_prior_season_situational_for_packaged_priors,rolling_features_unavailable_pre_2023
2017,20,2018-01-21,MIN@PHI,PHI,MIN,38.0,7.0,-31.0,45.0,3.0,39.0,,,,,-1.05,45.2317,,,,,34.0,-6.0,31.0,29.95,False,False,outdoors,no_prior_season_situational_for_packaged_priors,rolling_features_unavailable_pre_2023
2017,21,2018-02-04,PHI@NE,NE,PHI,33.0,41.0,8.0,74.0,-4.5,48.5,,,,,-1.05,45.2356,,,,,-12.5,-25.5,-8.0,-9.05,False,False,dome,no_prior_season_situational_for_packaged_priors,rolling_features_unavailable_pre_2023
2018,1,2018-09-06,ATL@PHI,PHI,ATL,18.0,12.0,-6.0,30.0,-1.0,44.5,,,,,-1.05,44.8435,,,,,5.0,14.5,6.0,4.95,False,True,outdoors,no_prior_season_situational_for_packaged_priors,rolling_features_unavailable_pre_2023
2018,1,2018-09-09,BUF@BAL,BAL,BUF,47.0,3.0,-44.0,50.0,-7.5,39.0,,,,,-1.05,44.8435,,,,,36.5,-11.0,44.0,42.95,False,True,outdoors,no_prior_season_situational_for_packaged_priors,rolling_features_unavailable_pre_2023
2018,1,2018-09-09,CHI@GB,GB,CHI,24.0,23.0,-1.0,47.0,-6.5,45.0,,,,,-1.05,44.8435,,,,,-5.5,-2.0,1.0,-0.050000000000000044,True,True,outdoors,no_prior_season_situational_for_packaged_priors,rolling_features_unavailable_pre_2023
2018,1,2018-09-09,CIN@IND,IND,CIN,23.0,34.0,11.0,57.0,1.0,47.5,,,,,-1.05,44.8435,,,,,-10.0,-9.5,-11.0,-12.05,False,True,closed,no_prior_season_situational_for_packaged_priors,rolling_features_unavailable_pre_2023
2018,1,2018-09-09,DAL@CAR,CAR,DAL,16.0,8.0,-8.0,24.0,-2.5,42.5,,,,,-1.05,44.8435,,,,,5.5,18.5,8.0,6.95,False,True,outdoors,no_prior_season_situational_for_packaged_priors,rolling_features_unavailable_pre_2023
2018,1,2018-09-09,HOU@NE,NE,HOU,27.0,20.0,-7.0,47.0,-6.0,49.5,,,,,-1.05,44.8435,,,,,1.0,2.5,7.0,5.95,False,True,outdoors,no_prior_season_situational_for_packaged_priors,rolling_features_unavailable_pre_2023
2018,1,2018-09-09,JAX@NYG,NYG,JAX,15.0,20.0,5.0,35.0,2.5,43.0,,,,,-1.05,44.8435,,,,,-2.5,8.0,-5.0,-6.05,False,True,outdoors,no_prior_season_situational_for_packaged_priors,rolling_features_unavailable_pre_2023
2018,1,2018-09-09,KC@LAC,LAC,KC,28.0,38.0,10.0,66.0,-3.5,48.0,,,,,-1.05,44.8435,,,,,-13.5,-18.0,-10.0,-11.05,True,True,outdoors,no_prior_season_situational_for_packaged_priors,rolling_features_unavailable_pre_2023
2018,1,2018-09-10,LAR@OAK,OAK,LAR,13.0,33.0,20.0,46.0,6.0,47.5,,,,,-1.05,44.8435,,,,,-14.0,1.5,-20.0,-21.05,,True,outdoors,no_prior_season_situational_for_packaged_priors,rolling_features_unavailable_pre_2023
2018,1,2018-09-10,NYJ@DET,DET,NYJ,17.0,48.0,31.0,65.0,-7.0,44.0,,,,,-1.05,44.8435,,,,,-38.0,-21.0,-31.0,-32.05,False,True,dome,no_prior_season_situational_for_packaged_priors,rolling_features_unavailable_pre_2023
2018,1,2018-09-09,PIT@CLE,CLE,PIT,21.0,21.0,0.0,42.0,3.5,41.0,,,,,-1.05,44.8435,,,,,3.5,-1.0,0.0,-1.05,True,True,outdoors,no_prior_season_situational_for_packaged_priors,rolling_features_unavailable_pre_2023
2018,1,2018-09-09,SEA@DEN,DEN,SEA,27.0,24.0,-3.0,51.0,-3.0,42.5,,,,,-1.05,44.8435,,,,,0.0,-8.5,3.0,1.95,False,True,outdoors,no_prior_season_situational_for_packaged_priors,rolling_features_unavailable_pre_2023
2018,1,2018-09-09,SF@MIN,MIN,SF,24.0,16.0,-8.0,40.0,-6.0,46.5,,,,,-1.05,44.8435,,,,,2.0,6.5,8.0,6.95,False,True,dome,no_prior_season_situational_for_packaged_priors,rolling_features_unavailable_pre_2023
2018,1,2018-09-09,TB@NO,NO,TB,40.0,48.0,8.0,88.0,-10.0,50.0,,,,,-1.05,44.8435,,,,,-18.0,-38.0,-8.0,-9.05,True,True,dome,no_prior_season_situational_for_packaged_priors,rolling_features_unavailable_pre_2023
2018,1,2018-09-09,TEN@MIA,MIA,TEN,27.0,20.0,-7.0,47.0,1.0,43.5,,,,,-1.05,44.8435,,,,,8.0,-3.5,7.0,5.95,False,True,outdoors,no_prior_season_situational_for_packaged_priors,rolling_features_unavailable_pre_2023
2018,1,2018-09-09,WSH@ARI,ARI,WSH,6.0,24.0,18.0,30.0,-2.0,43.5,,,,,-1.05,44.8435,,,,,-20.0,13.5,-18.0,-19.05,False,True,closed,no_prior_season_situational_for_packaged_priors,rolling_features_unavailable_pre_2023
2018,2,2018-09-16,ARI@LAR,LAR,ARI,34.0,0.0,-34.0,34.0,-13.5,43.5,,,,,-7.55,45.5201,,,,,20.5,9.5,34.0,32.95,True,True,outdoors,no_prior_season_situational_for_packaged_priors,rolling_features_unavailable_pre_2023
2018,2,2018-09-13,BAL@CIN,CIN,BAL,34.0,23.0,-11.0,57.0,-1.0,43.0,,,,,-1.05,45.3,,,,,10.0,-14.0,11.0,9.95,True,True,outdoors,no_prior_season_situational_for_packaged_priors,rolling_features_unavailable_pre_2023
2018,2,2018-09-16,CAR@ATL,ATL,CAR,31.0,24.0,-7.0,55.0,-5.5,44.0,,,,,5.45,45.5201,,,,,1.5,-11.0,7.0,5.95,True,True,closed,no_prior_season_situational_for_packaged_priors,rolling_features_unavailable_pre_2023
2018,2,2018-09-16,CLE@NO,NO,CLE,21.0,18.0,-3.0,39.0,-10.0,51.0,,,,,-1.05,44.8435,,,,,-7.0,12.0,3.0,1.95,False,True,dome,no_prior_season_situational_for_packaged_priors,rolling_features_unavailable_pre_2023
2018,2,2018-09-16,DET@SF,SF,DET,30.0,27.0,-3.0,57.0,-6.0,48.5,,,,,-1.05,44.8435,,,,,-3.0,-8.5,3.0,1.95,False,True,outdoors,no_prior_season_situational_for_packaged_priors,rolling_features_unavailable_pre_2023
2018,2,2018-09-16,HOU@TEN,TEN,HOU,20.0,17.0,-3.0,37.0,3.5,41.0,,,,,-1.05,44.8435,,,,,6.5,4.0,3.0,1.95,True,True,outdoors,no_prior_season_situational_for_packaged_priors,rolling_features_unavailable_pre_2023
2018,2,2018-09-16,IND@WSH,WSH,IND,9.0,21.0,12.0,30.0,-6.0,48.0,,,,,-7.55,45.5201,,,,,-18.0,18.0,-12.0,-13.05,False,True,outdoors,no_prior_season_situational_for_packaged_priors,rolling_features_unavailable_pre_2023
2018,2,2018-09-16,KC@PIT,PIT,KC,37.0,42.0,5.0,79.0,-4.5,52.0,,,,,5.45,45.5201,,,,,-9.5,-27.0,-5.0,-6.05,False,True,outdoors,no_prior_season_situational_for_packaged_priors,rolling_features_unavailable_pre_2023
2018,2,2018-09-16,LAC@BUF,BUF,LAC,20.0,31.0,11.0,51.0,7.5,41.5,,,,,-1.05,44.8435,,,,,-3.5,-9.5,-11.0,-12.05,False,True,outdoors,no_prior_season_situational_for_packaged_priors,rolling_features_unavailable_pre_2023
2018,2,2018-09-16,MIA@NYJ,NYJ,MIA,12.0,20.0,8.0,32.0,-3.0,43.0,,,,,-1.05,45.3,,,,,-11.0,11.0,-8.0,-9.05,True,True,outdoors,no_prior_season_situational_for_packaged_priors,rolling_features_unavailable_pre_2023
2018,2,2018-09-16,MIN@GB,GB,MIN,29.0,29.0,0.0,58.0,2.0,45.0,,,,,-1.05,45.3,,,,,2.0,-13.0,0.0,-1.05,True,True,outdoors,no_prior_season_situational_for_packaged_priors,rolling_features_unavailable_pre_2023
2018,2,2018-09-16,NE@JAX,JAX,NE,31.0,20.0,-11.0,51.0,2.0,44.5,,,,,-1.05,45.3,,,,,13.0,-6.5,11.0,9.95,False,True,outdoors,no_prior_season_situational_for_packaged_priors,rolling_features_unavailable_pre_2023
2018,2,2018-09-16,NYG@DAL,DAL,NYG,20.0,13.0,-7.0,33.0,-3.0,42.0,,,,,-1.05,44.8435,,,,,4.0,9.0,7.0,5.95,True,True,closed,no_prior_season_situational_for_packaged_priors,rolling_features_unavailable_pre_2023
2018,2,2018-09-16,OAK@DEN,DEN,OAK,20.0,19.0,-1.0,39.0,-5.5,44.5,,,,,-7.55,45.5201,,,,,-4.5,5.5,1.0,-0.050000000000000044,,True,outdoors,no_prior_season_situational_for_packaged_priors,rolling_features_unavailable_pre_2023
2018,2,2018-09-16,PHI@TB,TB,PHI,27.0,21.0,-6.0,48.0,3.0,46.5,,,,,-1.05,45.3,,,,,9.0,-1.5,6.0,4.95,False,True,outdoors,no_prior_season_situational_for_packaged_priors,rolling_features_unavailable_pre_2023
2018,2,2018-09-17,SEA@CHI,CHI,SEA,24.0,17.0,-7.0,41.0,-5.0,42.5,,,,,-1.05,44.8435,,,,,2.0,1.5,7.0,5.95,False,True,outdoors,no_prior_season_situational_for_packaged_priors,rolling_features_unavailable_pre_2023
2018,3,2018-09-23,BUF@MIN,MIN,BUF,6.0,27.0,21.0,33.0,-16.5,41.0,,,,,-7.55,45.5201,,,,,-37.5,8.0,-21.0,-22.05,False,True,dome,no_prior_season_situational_for_packaged_priors,rolling_features_unavailable_pre_2023
2018,3,2018-09-23,CHI@ARI,ARI,CHI,14.0,16.0,2.0,30.0,6.0,39.0,,,,,2.3976,45.0919,,,,,4.0,9.0,-2.0,-3.05,False,True,closed,no_prior_season_situational_for_packaged_priors,rolling_features_unavailable_pre_2023
2018,3,2018-09-23,CIN@CAR,CAR,CIN,31.0,21.0,-10.0,52.0,-2.5,44.0,,,,,2.0901,45.2982,,,,,7.5,-8.0,10.0,8.95,False,True,outdoors,no_prior_season_situational_for_packaged_priors,rolling_features_unavailable_pre_2023
2018,3,2018-09-23,DAL@SEA,SEA,DAL,24.0,13.0,-11.0,37.0,-1.0,40.0,,,,,2.3976,45.0919,,,,,10.0,3.0,11.0,9.95,False,True,outdoors,no_prior_season_situational_for_packaged_priors,rolling_features_unavailable_pre_2023
2018,3,2018-09-23,DEN@BAL,BAL,DEN,27.0,14.0,-13.0,41.0,-5.5,46.0,,,,,2.0901,45.2982,,,,,7.5,5.0,13.0,11.95,False,True,outdoors,no_prior_season_situational_for_packaged_priors,rolling_features_unavailable_pre_2023
2018,3,2018-09-23,GB@WSH,WSH,GB,31.0,17.0,-14.0,48.0,2.5,46.5,,,,,2.0901,45.2982,,,,,16.5,-1.5,14.0,12.95,False,True,outdoors,no_prior_season_situational_for_packaged_priors,rolling_features_unavailable_pre_2023
2018,3,2018-09-23,IND@PHI,PHI,IND,20.0,16.0,-4.0,36.0,-6.5,45.5,,,,,-1.05,45.0941,,,,,-2.5,9.5,4.0,2.95,False,True,outdoors,no_prior_season_situational_for_packaged_priors,rolling_features_unavailable_pre_2023
2018,3,2018-09-23,LAC@LAR,LAR,LAC,35.0,23.0,-12.0,58.0,-7.5,49.0,,,,,-4.1901,45.2982,,,,,4.5,-9.0,12.0,10.95,False,True,outdoors,no_prior_season_situational_for_packaged_priors,rolling_features_unavailable_pre_2023
2018,3,2018-09-23,NE@DET,DET,NE,26.0,10.0,-16.0,36.0,7.0,55.5,,,,,2.3976,45.0919,,,,,23.0,19.5,16.0,14.95,False,True,dome,no_prior_season_situational_for_packaged_priors,rolling_features_unavailable_pre_2023
2018,3,2018-09-23,NO@ATL,ATL,NO,37.0,43.0,6.0,80.0,-1.5,54.0,,,,,-1.05,45.0941,,,,,-7.5,-26.0,-6.0,-7.05,True,True,closed,no_prior_season_situational_for_packaged_priors,rolling_features_unavailable_pre_2023
2018,3,2018-09-23,NYG@HOU,HOU,NYG,22.0,27.0,5.0,49.0,-6.5,44.0,,,,,-1.05,44.8435,,,,,-11.5,-5.0,-5.0,-6.05,False,True,closed,no_prior_season_situational_for_packaged_priors,rolling_features_unavailable_pre_2023
2018,3,2018-09-20,NYJ@CLE,CLE,NYJ,21.0,17.0,-4.0,38.0,-3.0,41.0,,,,,2.3976,45.0919,,,,,1.0,3.0,4.0,2.95,False,True,outdoors,no_prior_season_situational_for_packaged_priors,rolling_features_unavailable_pre_2023
2018,3,2018-09-23,OAK@MIA,MIA,OAK,28.0,20.0,-8.0,48.0,-3.0,46.0,,,,,-7.55,45.5201,,,,,5.0,-2.0,8.0,6.95,,True,outdoors,no_prior_season_situational_for_packaged_priors,rolling_features_unavailable_pre_2023
2018,3,2018-09-24,PIT@TB,TB,PIT,27.0,30.0,3.0,57.0,-1.0,55.0,,,,,-7.55,45.5201,,,,,-4.0,-2.0,-3.0,-4.05,False,True,outdoors,no_prior_season_situational_for_packaged_priors,rolling_features_unavailable_pre_2023
2018,3,2018-09-23,SF@KC,KC,SF,38.0,27.0,-11.0,65.0,-6.0,53.0,,,,,-4.1901,45.2982,,,,,5.0,-12.0,11.0,9.95,False,True,outdoors,no_prior_season_situational_for_packaged_priors,rolling_features_unavailable_pre_2023
2018,3,2018-09-23,TEN@JAX,JAX,TEN,6.0,9.0,3.0,15.0,-10.0,39.0,,,,,-4.1901,45.2982,,,,,-13.0,24.0,-3.0,-4.05,True,True,outdoors,no_prior_season_situational_for_packaged_priors,rolling_features_unavailable_pre_2023
2018,4,2018-09-30,BAL@PIT,PIT,BAL,14.0,26.0,12.0,40.0,-3.0,51.0,,,,,0.0265,45.1425,,,,,-15.0,11.0,-12.0,-13.05,True,True,outdoors,no_prior_season_situational_for_packaged_priors,rolling_features_unavailable_pre_2023
2018,4,2018-09-30,BUF@GB,GB,BUF,22.0,0.0,-22.0,22.0,-8.5,44.0,,,,,-2.1604,45.0679,,,,,13.5,22.0,22.0,20.95,False,True,outdoors,no_prior_season_situational_for_packaged_priors,rolling_features_unavailable_pre_2023
2018,4,2018-09-30,CIN@ATL,ATL,CIN,36.0,37.0,1.0,73.0,-3.5,52.0,,,,,1.1382,45.141,,,,,-4.5,-21.0,-1.0,-2.05,False,True,closed,no_prior_season_situational_for_packaged_priors,rolling_features_unavailable_pre_2023
2018,4,2018-09-30,CLE@OAK,OAK,CLE,45.0,42.0,-3.0,87.0,-2.5,44.5,,,,,2.3976,45.0919,,,,,0.5,-42.5,3.0,1.95,,True,outdoors,no_prior_season_situational_for_packaged_priors,rolling_features_unavailable_pre_2023
2018,4,2018-09-30,DET@DAL,DAL,DET,26.0,24.0,-2.0,50.0,-2.5,44.0,,,,,-1.05,45.0162,,,,,-0.5,-6.0,2.0,0.95,False,True,closed,no_prior_season_situational_for_packaged_priors,rolling_features_unavailable_pre_2023
2018,4,2018-09-30,HOU@IND,IND,HOU,34.0,37.0,3.0,71.0,1.0,48.0,,,,,-3.3829,44.9864,,,,,-2.0,-23.0,-3.0,-4.05,True,True,closed,no_prior_season_situational_for_packaged_priors,rolling_features_unavailable_pre_2023
2018,4,2018-10-01,KC@DEN,DEN,KC,23.0,27.0,4.0,50.0,3.5,53.5,,,,,1.0103,45.2771,,,,,-0.5,3.5,-4.0,-5.05,True,True,outdoors,no_prior_season_situational_for_packaged_priors,rolling_features_unavailable_pre_2023
2018,4,2018-09-30,MIA@NE,NE,MIA,38.0,7.0,-31.0,45.0,-6.5,50.5,,,,,3.2074,45.3439,,,,,24.5,5.5,31.0,29.95,True,True,outdoors,no_prior_season_situational_for_packaged_priors,rolling_features_unavailable_pre_2023
2018,4,2018-09-27,MIN@LAR,LAR,MIN,38.0,31.0,-7.0,69.0,-7.5,48.5,,,,,-4.1901,45.2982,,,,,-0.5,-20.5,7.0,5.95,False,True,outdoors,no_prior_season_situational_for_packaged_priors,rolling_features_unavailable_pre_2023
2018,4,2018-09-30,NO@NYG,NYG,NO,18.0,33.0,15.0,51.0,3.5,51.5,,,,,1.1382,45.141,,,,,-11.5,0.5,-15.0,-16.05,False,True,outdoors,no_prior_season_situational_for_packaged_priors,rolling_features_unavailable_pre_2023
2018,4,2018-09-30,NYJ@JAX,JAX,NYJ,31.0,12.0,-19.0,43.0,-7.5,40.5,,,,,-3.2382,45.141,,,,,11.5,-2.5,19.0,17.95,False,True,outdoors,no_prior_season_situational_for_packaged_priors,rolling_features_unavailable_pre_2023
2018,4,2018-09-30,PHI@TEN,TEN,PHI,26.0,23.0,-3.0,49.0,3.0,41.5,,,,,-1.05,45.1671,,,,,6.0,-7.5,3.0,1.95,False,True,outdoors,no_prior_season_situational_for_packaged_priors,rolling_features_unavailable_pre_2023
2018,4,2018-09-30,SEA@ARI,ARI,SEA,17.0,20.0,3.0,37.0,3.5,40.0,,,,,1.2829,44.9864,,,,,0.5,3.0,-3.0,-4.05,True,True,closed,no_prior_season_situational_for_packaged_priors,rolling_features_unavailable_pre_2023
2018,4,2018-09-30,SF@LAC,LAC,SF,29.0,27.0,-2.0,56.0,-10.0,46.0,,,,,-1.05,45.0162,,,,,-8.0,-10.0,2.0,0.95,False,True,outdoors,no_prior_season_situational_for_packaged_priors,rolling_features_unavailable_pre_2023
2018,4,2018-09-30,TB@CHI,CHI,TB,48.0,10.0,-38.0,58.0,-3.0,46.0,,,,,-1.05,45.1671,,,,,35.0,-12.0,38.0,36.95,False,True,outdoors,no_prior_season_situational_for_packaged_priors,rolling_features_unavailable_pre_2023
2018,5,2018-10-07,ARI@SF,SF,ARI,18.0,28.0,10.0,46.0,-3.0,40.5,,,,,-2.8133,44.9417,,,,,-13.0,-5.5,-10.0,-11.05,True,False,outdoors,no_prior_season_situational_for_packaged_priors,rolling_features_unavailable_pre_2023
2018,5,2018-10-07,ATL@PIT,PIT,ATL,41.0,17.0,-24.0,58.0,-3.5,57.0,,,,,-1.6185,44.9991,,,,,20.5,-1.0,24.0,22.95,False,False,outdoors,no_prior_season_situational_for_packaged_priors,rolling_features_unavailable_pre_2023
2018,5,2018-10-07,BAL@CLE,CLE,BAL,12.0,9.0,-3.0,21.0,3.0,44.5,,,,,1.6658,45.185,,,,,6.0,23.5,3.0,1.95,True,False,outdoors,no_prior_season_situational_for_packaged_priors,rolling_features_unavailable_pre_2023
2018,5,2018-10-07,DAL@HOU,HOU,DAL,19.0,16.0,-3.0,35.0,-3.5,45.0,,,,,0.6294,45.0639,,,,,-0.5,10.0,3.0,1.95,False,False,closed,no_prior_season_situational_for_packaged_priors,rolling_features_unavailable_pre_2023
2018,5,2018-10-07,DEN@NYJ,NYJ,DEN,34.0,16.0,-18.0,50.0,1.0,42.0,,,,,0.6294,45.0639,,,,,19.0,-8.0,18.0,16.95,False,False,outdoors,no_prior_season_situational_for_packaged_priors,rolling_features_unavailable_pre_2023
2018,5,2018-10-07,GB@DET,DET,GB,31.0,23.0,-8.0,54.0,-1.0,50.0,,,,,1.7083,45.1497,,,,,7.0,-4.0,8.0,6.95,True,False,dome,no_prior_season_situational_for_packaged_priors,rolling_features_unavailable_pre_2023
2018,5,2018-10-04,IND@NE,NE,IND,38.0,24.0,-14.0,62.0,-10.5,49.5,,,,,-2.7294,45.0639,,,,,3.5,-12.5,14.0,12.95,False,False,outdoors,no_prior_season_situational_for_packaged_priors,rolling_features_unavailable_pre_2023
2018,5,2018-10-07,JAX@KC,KC,JAX,30.0,14.0,-16.0,44.0,-3.0,48.0,,,,,-2.5834,45.275,,,,,13.0,4.0,16.0,14.95,False,False,outdoors,no_prior_season_situational_for_packaged_priors,rolling_features_unavailable_pre_2023
2018,5,2018-10-07,LAR@SEA,SEA,LAR,31.0,33.0,2.0,64.0,7.5,50.5,,,,,2.0901,45.2982,,,,,5.5,-13.5,-2.0,-3.05,True,False,outdoors,no_prior_season_situational_for_packaged_priors,rolling_features_unavailable_pre_2023
2018,5,2018-10-07,MIA@CIN,CIN,MIA,27.0,17.0,-10.0,44.0,-6.0,47.5,,,,,-1.05,45.2019,,,,,4.0,3.5,10.0,8.95,False,False,outdoors,no_prior_season_situational_for_packaged_priors,rolling_features_unavailable_pre_2023
2018,5,2018-10-07,MIN@PHI,PHI,MIN,21.0,23.0,2.0,44.0,-3.5,48.0,,,,,-2.1604,45.0679,,,,,-5.5,4.0,-2.0,-3.05,False,False,outdoors,no_prior_season_situational_for_packaged_priors,rolling_features_unavailable_pre_2023
2018,5,2018-10-07,NYG@CAR,CAR,NYG,33.0,31.0,-2.0,64.0,-7.0,43.5,,,,,-3.8083,45.1497,,,,,-5.0,-20.5,2.0,0.95,False,False,outdoors,no_prior_season_situational_for_packaged_priors,rolling_features_unavailable_pre_2023
2018,5,2018-10-07,OAK@LAC,LAC,OAK,26.0,10.0,-16.0,36.0,-5.5,52.0,,,,,-2.7294,45.0639,,,,,10.5,16.0,16.0,14.95,,False,outdoors,no_prior_season_situational_for_packaged_priors,rolling_features_unavailable_pre_2023
2018,5,2018-10-07,TEN@BUF,BUF,TEN,13.0,12.0,-1.0,25.0,6.0,38.0,,,,,2.2366,45.1998,,,,,7.0,13.0,1.0,-0.050000000000000044,False,False,outdoors,no_prior_season_situational_for_packaged_priors,rolling_features_unavailable_pre_2023
2018,5,2018-10-08,WSH@NO,NO,WSH,43.0,19.0,-24.0,62.0,-5.5,51.5,,,,,-1.5761,45.1873,,,,,18.5,-10.5,24.0,22.95,False,False,dome,no_prior_season_situational_for_packaged_priors,rolling_features_unavailable_pre_2023
2018,6,2018-10-14,ARI@MIN,MIN,ARI,27.0,17.0,-10.0,44.0,-10.0,43.5,,,,,-3.0755,45.0645,,,,,0.0,-0.5,10.0,8.95,False,False,dome,no_prior_season_situational_for_packaged_priors,rolling_features_unavailable_pre_2023
2018,6,2018-10-14,BAL@TEN,TEN,BAL,0.0,21.0,21.0,21.0,2.5,43.5,,,,,-1.05,45.1385,,,,,-18.5,22.5,-21.0,-22.05,False,False,outdoors,no_prior_season_situational_for_packaged_priors,rolling_features_unavailable_pre_2023
2018,6,2018-10-14,BUF@HOU,HOU,BUF,20.0,13.0,-7.0,33.0,-10.5,40.5,,,,,-1.05,45.048,,,,,-3.5,7.5,7.0,5.95,False,False,closed,no_prior_season_situational_for_packaged_priors,rolling_features_unavailable_pre_2023
2018,6,2018-10-14,CAR@WSH,WSH,CAR,23.0,17.0,-6.0,40.0,1.0,44.5,,,,,0.5531,45.1745,,,,,7.0,4.5,6.0,4.95,False,False,outdoors,no_prior_season_situational_for_packaged_priors,rolling_features_unavailable_pre_2023
2018,6,2018-10-14,CHI@MIA,MIA,CHI,31.0,28.0,-3.0,59.0,7.5,40.5,,,,,-0.0972,45.1795,,,,,10.5,-18.5,3.0,1.95,False,False,outdoors,no_prior_season_situational_for_packaged_priors,rolling_features_unavailable_pre_2023
2018,6,2018-10-14,IND@NYJ,NYJ,IND,42.0,34.0,-8.0,76.0,-2.5,47.5,,,,,-2.4127,45.0182,,,,,5.5,-28.5,8.0,6.95,False,False,outdoors,no_prior_season_situational_for_packaged_priors,rolling_features_unavailable_pre_2023
2018,6,2018-10-14,JAX@DAL,DAL,JAX,40.0,7.0,-33.0,47.0,3.0,39.5,,,,,0.262,45.111,,,,,36.0,-7.5,33.0,31.95,False,False,closed,no_prior_season_situational_for_packaged_priors,rolling_features_unavailable_pre_2023
2018,6,2018-10-14,KC@NE,NE,KC,43.0,40.0,-3.0,83.0,-4.0,59.5,,,,,1.4379,45.2827,,,,,-1.0,-23.5,3.0,1.95,False,False,outdoors,no_prior_season_situational_for_packaged_priors,rolling_features_unavailable_pre_2023
2018,6,2018-10-14,LAC@CLE,CLE,LAC,14.0,38.0,24.0,52.0,-1.0,47.0,,,,,-0.4002,45.1206,,,,,-25.0,-5.0,-24.0,-25.05,False,False,outdoors,no_prior_season_situational_for_packaged_priors,rolling_features_unavailable_pre_2023
2018,6,2018-10-14,LAR@DEN,DEN,LAR,20.0,23.0,3.0,43.0,7.0,50.0,,,,,2.7557,45.3225,,,,,4.0,7.0,-3.0,-4.05,False,False,outdoors,no_prior_season_situational_for_packaged_priors,rolling_features_unavailable_pre_2023
2018,6,2018-10-11,PHI@NYG,NYG,PHI,13.0,34.0,21.0,47.0,1.5,45.5,,,,,0.3127,45.0182,,,,,-19.5,-1.5,-21.0,-22.05,True,False,outdoors,no_prior_season_situational_for_packaged_priors,rolling_features_unavailable_pre_2023
2018,6,2018-10-14,PIT@CIN,CIN,PIT,21.0,28.0,7.0,49.0,-1.0,49.5,,,,,-2.9655,45.1959,,,,,-8.0,0.5,-7.0,-8.05,True,False,outdoors,no_prior_season_situational_for_packaged_priors,rolling_features_unavailable_pre_2023
2018,6,2018-10-14,SEA@OAK,OAK,SEA,3.0,27.0,24.0,30.0,3.0,47.5,,,,,0.3127,45.0182,,,,,-21.0,17.5,-24.0,-25.05,,False,outdoors,no_prior_season_situational_for_packaged_priors,rolling_features_unavailable_pre_2023
2018,6,2018-10-15,SF@GB,GB,SF,33.0,30.0,-3.0,63.0,-9.0,46.5,,,,,-3.0755,45.0645,,,,,-6.0,-16.5,3.0,1.95,False,False,outdoors,no_prior_season_situational_for_packaged_priors,rolling_features_unavailable_pre_2023
2018,6,2018-10-14,TB@ATL,ATL,TB,34.0,29.0,-5.0,63.0,-3.0,57.5,,,,,0.9755,45.0645,,,,,2.0,-5.5,5.0,3.95,True,False,open,no_prior_season_situational_for_packaged_priors,rolling_features_unavailable_pre_2023
2018,7,2018-10-21,BUF@IND,IND,BUF,37.0,5.0,-32.0,42.0,-7.0,43.5,,,,,0.0965,44.9882,,,,,25.0,1.5,32.0,30.95,False,False,closed,no_prior_season_situational_for_packaged_priors,rolling_features_unavailable_pre_2023
2018,7,2018-10-21,CAR@PHI,PHI,CAR,17.0,21.0,4.0,38.0,-5.0,45.0,,,,,-0.4002,45.1206,,,,,-9.0,7.0,-4.0,-5.05,False,False,outdoors,no_prior_season_situational_for_packaged_priors,rolling_features_unavailable_pre_2023
2018,7,2018-10-21,CIN@KC,KC,CIN,45.0,10.0,-35.0,55.0,-6.5,56.0,,,,,-2.0947,45.2125,,,,,28.5,1.0,35.0,33.95,False,False,outdoors,no_prior_season_situational_for_packaged_priors,rolling_features_unavailable_pre_2023
2018,7,2018-10-21,CLE@TB,TB,CLE,26.0,23.0,-3.0,49.0,-3.5,52.5,,,,,-1.05,45.048,,,,,-0.5,3.5,3.0,1.95,False,False,outdoors,no_prior_season_situational_for_packaged_priors,rolling_features_unavailable_pre_2023
2018,7,2018-10-21,DAL@WSH,WSH,DAL,20.0,17.0,-3.0,37.0,1.5,40.5,,,,,-1.6998,45.1206,,,,,4.5,3.5,3.0,1.95,True,False,outdoors,no_prior_season_situational_for_packaged_priors,rolling_features_unavailable_pre_2023
2018,7,2018-10-18,DEN@ARI,ARI,DEN,10.0,45.0,35.0,55.0,1.0,42.5,,,,,0.0965,44.9882,,,,,-34.0,-12.5,-35.0,-36.05,False,False,closed,no_prior_season_situational_for_packaged_priors,rolling_features_unavailable_pre_2023
2018,7,2018-10-21,DET@MIA,MIA,DET,21.0,32.0,11.0,53.0,3.0,47.0,,,,,-2.7891,45.1387,,,,,-8.0,-6.0,-11.0,-12.05,False,False,outdoors,no_prior_season_situational_for_packaged_priors,rolling_features_unavailable_pre_2023
2018,7,2018-10-21,HOU@JAX,JAX,HOU,7.0,20.0,13.0,27.0,-4.0,43.0,,,,,-1.05,45.0941,,,,,-17.0,16.0,-13.0,-14.05,True,False,outdoors,no_prior_season_situational_for_packaged_priors,rolling_features_unavailable_pre_2023
2018,7,2018-10-21,LAR@SF,SF,LAR,10.0,39.0,29.0,49.0,8.0,52.0,,,,,4.3663,45.4169,,,,,-21.0,3.0,-29.0,-30.05,True,False,outdoors,no_prior_season_situational_for_packaged_priors,rolling_features_unavailable_pre_2023
2018,7,2018-10-21,MIN@NYJ,NYJ,MIN,17.0,37.0,20.0,54.0,3.5,45.0,,,,,-0.4002,45.1206,,,,,-16.5,-9.0,-20.0,-21.05,False,False,outdoors,no_prior_season_situational_for_packaged_priors,rolling_features_unavailable_pre_2023
2018,7,2018-10-21,NE@CHI,CHI,NE,31.0,38.0,7.0,69.0,1.0,49.0,,,,,-0.6234,45.1546,,,,,-6.0,-20.0,-7.0,-8.05,False,False,outdoors,no_prior_season_situational_for_packaged_priors,rolling_features_unavailable_pre_2023
2018,7,2018-10-21,NO@BAL,BAL,NO,23.0,24.0,1.0,47.0,-2.5,49.0,,,,,-0.2119,45.2019,,,,,-3.5,2.0,-1.0,-2.05,False,False,outdoors,no_prior_season_situational_for_packaged_priors,rolling_features_unavailable_pre_2023
2018,7,2018-10-22,NYG@ATL,ATL,NYG,23.0,20.0,-3.0,43.0,-4.5,52.0,,,,,-2.1965,44.9882,,,,,-1.5,9.0,3.0,1.95,False,False,open,no_prior_season_situational_for_packaged_priors,rolling_features_unavailable_pre_2023
2018,7,2018-10-21,TEN@LAC,LAC,TEN,20.0,19.0,-1.0,39.0,-6.5,46.0,,,,,-2.1265,45.1425,,,,,-5.5,7.0,1.0,-0.050000000000000044,False,False,outdoors,no_prior_season_situational_for_packaged_priors,rolling_features_unavailable_pre_2023
2018,8,2018-10-28,BAL@CAR,CAR,BAL,36.0,21.0,-15.0,57.0,2.5,44.0,,,,,-1.6611,45.1504,,,,,17.5,-13.0,15.0,13.95,False,False,outdoors,no_prior_season_situational_for_packaged_priors,rolling_features_unavailable_pre_2023
2018,8,2018-10-28,CLE@PIT,PIT,CLE,33.0,18.0,-15.0,51.0,-8.5,47.5,,,,,-2.8108,45.1094,,,,,6.5,-3.5,15.0,13.95,True,False,outdoors,no_prior_season_situational_for_packaged_priors,rolling_features_unavailable_pre_2023
2018,8,2018-10-28,DEN@KC,KC,DEN,30.0,23.0,-7.0,53.0,-8.5,53.0,,,,,-3.7923,45.2305,,,,,-1.5,0.0,7.0,5.95,True,False,outdoors,no_prior_season_situational_for_packaged_priors,rolling_features_unavailable_pre_2023
2018,8,2018-10-28,GB@LAR,LAR,GB,29.0,27.0,-2.0,56.0,-7.5,57.0,,,,,-3.5379,45.2827,,,,,-5.5,1.0,2.0,0.95,False,False,outdoors,no_prior_season_situational_for_packaged_priors,rolling_features_unavailable_pre_2023
2018,8,2018-10-28,IND@OAK,OAK,IND,28.0,42.0,14.0,70.0,3.5,51.0,,,,,-0.2274,44.97,,,,,-10.5,-19.0,-14.0,-15.05,,False,outdoors,no_prior_season_situational_for_packaged_priors,rolling_features_unavailable_pre_2023
2018,8,2018-10-25,MIA@HOU,HOU,MIA,42.0,23.0,-19.0,65.0,-7.5,45.0,,,,,-1.05,45.126,,,,,11.5,-20.0,19.0,17.95,False,False,closed,no_prior_season_situational_for_packaged_priors,rolling_features_unavailable_pre_2023
2018,8,2018-10-29,NE@BUF,BUF,NE,6.0,25.0,19.0,31.0,13.5,44.0,,,,,1.7653,45.1717,,,,,-5.5,13.0,-19.0,-20.05,True,False,outdoors,no_prior_season_situational_for_packaged_priors,rolling_features_unavailable_pre_2023
2018,8,2018-10-28,NO@MIN,MIN,NO,20.0,30.0,10.0,50.0,2.5,53.5,,,,,-0.0053,45.2125,,,,,-7.5,3.5,-10.0,-11.05,False,False,dome,no_prior_season_situational_for_packaged_priors,rolling_features_unavailable_pre_2023
2018,8,2018-10-28,NYJ@CHI,CHI,NYJ,24.0,10.0,-14.0,34.0,-8.5,42.5,,,,,-1.5215,45.08,,,,,5.5,8.5,14.0,12.95,False,False,outdoors,no_prior_season_situational_for_packaged_priors,rolling_features_unavailable_pre_2023
2018,8,2018-10-28,PHI@JAX,JAX,PHI,18.0,24.0,6.0,42.0,4.0,44.5,,,,,-1.05,45.0614,,,,,-2.0,2.5,-6.0,-7.05,False,False,outdoors,no_prior_season_situational_for_packaged_priors,rolling_features_unavailable_pre_2023
2018,8,2018-10-28,SEA@DET,DET,SEA,14.0,28.0,14.0,42.0,-3.0,47.5,,,,,-1.05,45.0941,,,,,-17.0,5.5,-14.0,-15.05,False,False,dome,no_prior_season_situational_for_packaged_priors,rolling_features_unavailable_pre_2023
2018,8,2018-10-28,SF@ARI,ARI,SF,18.0,15.0,-3.0,33.0,2.5,40.0,,,,,-1.05,44.9205,,,,,5.5,7.0,3.0,1.95,True,False,closed,no_prior_season_situational_for_packaged_priors,rolling_features_unavailable_pre_2023
2018,8,2018-10-28,TB@CIN,CIN,TB,37.0,34.0,-3.0,71.0,-3.5,55.0,,,,,-1.5153,45.1123,,,,,-0.5,-16.0,3.0,1.95,False,False,outdoors,no_prior_season_situational_for_packaged_priors,rolling_features_unavailable_pre_2023
2018,8,2018-10-28,WSH@NYG,NYG,WSH,13.0,20.0,7.0,33.0,1.0,43.0,,,,,2.4563,45.1707,,,,,-6.0,10.0,-7.0,-8.05,True,False,outdoors,no_prior_season_situational_for_packaged_priors,rolling_features_unavailable_pre_2023
2018,9,2018-11-04,ATL@WSH,WSH,ATL,14.0,38.0,24.0,52.0,-1.5,46.5,,,,,-2.9004,45.1595,,,,,-25.5,-5.5,-24.0,-25.05,False,False,outdoors,no_prior_season_situational_for_packaged_priors,rolling_features_unavailable_pre_2023
2018,9,2018-11-04,CHI@BUF,BUF,CHI,9.0,41.0,32.0,50.0,10.5,38.0,,,,,1.0955,45.0982,,,,,-21.5,-12.0,-32.0,-33.05,False,False,outdoors,no_prior_season_situational_for_packaged_priors,rolling_features_unavailable_pre_2023
2018,9,2018-11-04,DET@MIN,MIN,DET,24.0,9.0,-15.0,33.0,-4.5,47.0,,,,,-1.987,45.1027,,,,,10.5,14.0,15.0,13.95,True,False,dome,no_prior_season_situational_for_packaged_priors,rolling_features_unavailable_pre_2023
2018,9,2018-11-04,GB@NE,NE,GB,31.0,17.0,-14.0,48.0,-5.0,56.0,,,,,-2.6531,45.1745,,,,,9.0,8.0,14.0,12.95,False,False,outdoors,no_prior_season_situational_for_packaged_priors,rolling_features_unavailable_pre_2023
2018,9,2018-11-04,HOU@DEN,DEN,HOU,17.0,19.0,2.0,36.0,-1.0,46.5,,,,,0.5904,45.1205,,,,,-3.0,10.5,-2.0,-3.05,False,False,outdoors,no_prior_season_situational_for_packaged_priors,rolling_features_unavailable_pre_2023
2018,9,2018-11-04,KC@CLE,CLE,KC,21.0,37.0,16.0,58.0,7.5,51.0,,,,,2.7697,45.2725,,,,,-8.5,-7.0,-16.0,-17.05,False,False,outdoors,no_prior_season_situational_for_packaged_priors,rolling_features_unavailable_pre_2023
2018,9,2018-11-04,LAC@SEA,SEA,LAC,17.0,25.0,8.0,42.0,-1.0,48.5,,,,,-0.1373,45.1651,,,,,-9.0,6.5,-8.0,-9.05,False,False,outdoors,no_prior_season_situational_for_packaged_priors,rolling_features_unavailable_pre_2023
2018,9,2018-11-04,LAR@NO,NO,LAR,45.0,35.0,-10.0,80.0,2.5,57.5,,,,,-0.1822,45.2802,,,,,12.5,-22.5,10.0,8.95,False,False,dome,no_prior_season_situational_for_packaged_priors,rolling_features_unavailable_pre_2023
2018,9,2018-11-04,NYJ@MIA,MIA,NYJ,13.0,6.0,-7.0,19.0,-3.0,43.5,,,,,-1.8794,45.0723,,,,,4.0,24.5,7.0,5.95,True,False,outdoors,no_prior_season_situational_for_packaged_priors,rolling_features_unavailable_pre_2023
2018,9,2018-11-01,OAK@SF,SF,OAK,34.0,3.0,-31.0,37.0,1.5,44.0,,,,,-0.9244,44.916,,,,,32.5,7.0,31.0,29.95,,False,outdoors,no_prior_season_situational_for_packaged_priors,rolling_features_unavailable_pre_2023
2018,9,2018-11-04,PIT@BAL,BAL,PIT,16.0,23.0,7.0,39.0,-1.5,47.0,,,,,0.0265,45.1425,,,,,-8.5,8.0,-7.0,-8.05,True,False,outdoors,no_prior_season_situational_for_packaged_priors,rolling_features_unavailable_pre_2023
2018,9,2018-11-04,TB@CAR,CAR,TB,42.0,28.0,-14.0,70.0,-6.0,55.5,,,,,-2.9004,45.1595,,,,,8.0,-14.5,14.0,12.95,True,False,outdoors,no_prior_season_situational_for_packaged_priors,rolling_features_unavailable_pre_2023
2018,9,2018-11-05,TEN@DAL,DAL,TEN,14.0,28.0,14.0,42.0,-4.5,40.0,,,,,-1.05,45.0614,,,,,-18.5,-2.0,-14.0,-15.05,False,False,closed,no_prior_season_situational_for_packaged_priors,rolling_features_unavailable_pre_2023
2018,10,2018-11-11,ARI@KC,KC,ARI,26.0,14.0,-12.0,40.0,-16.5,49.5,,,,,-5.202,45.2935,,,,,-4.5,9.5,12.0,10.95,False,False,outdoors,no_prior_season_situational_for_packaged_priors,rolling_features_unavailable_pre_2023
2018,10,2018-11-11,ATL@CLE,CLE,ATL,28.0,16.0,-12.0,44.0,5.5,49.5,,,,,0.6294,45.0639,,,,,17.5,5.5,12.0,10.95,False,False,outdoors,no_prior_season_situational_for_packaged_priors,rolling_features_unavailable_pre_2023
2018,10,2018-11-11,BUF@NYJ,NYJ,BUF,10.0,41.0,31.0,51.0,-6.5,38.0,,,,,-1.8101,44.9947,,,,,-37.5,-13.0,-31.0,-32.05,True,False,outdoors,no_prior_season_situational_for_packaged_priors,rolling_features_unavailable_pre_2023
2018,10,2018-11-08,CAR@PIT,PIT,CAR,52.0,21.0,-31.0,73.0,-3.5,51.0,,,,,-0.8255,45.195,,,,,27.5,-22.0,31.0,29.95,False,False,outdoors,no_prior_season_situational_for_packaged_priors,rolling_features_unavailable_pre_2023
2018,10,2018-11-11,DAL@PHI,PHI,DAL,20.0,27.0,7.0,47.0,-7.5,45.5,,,,,-1.8794,45.0723,,,,,-14.5,-1.5,-7.0,-8.05,True,False,outdoors,no_prior_season_situational_for_packaged_priors,rolling_features_unavailable_pre_2023
2018,10,2018-11-11,DET@CHI,CHI,DET,34.0,22.0,-12.0,56.0,-7.5,44.5,,,,,-2.6904,45.1205,,,,,4.5,-11.5,12.0,10.95,True,False,outdoors,no_prior_season_situational_for_packaged_priors,rolling_features_unavailable_pre_2023
2018,10,2018-11-11,JAX@IND,IND,JAX,29.0,26.0,-3.0,55.0,-3.0,48.0,,,,,-1.05,45.0362,,,,,0.0,-7.0,3.0,1.95,True,False,closed,no_prior_season_situational_for_packaged_priors,rolling_features_unavailable_pre_2023
2018,10,2018-11-11,LAC@OAK,OAK,LAC,6.0,20.0,14.0,26.0,10.5,50.0,,,,,3.1126,45.235,,,,,-3.5,24.0,-14.0,-15.05,,False,outdoors,no_prior_season_situational_for_packaged_priors,rolling_features_unavailable_pre_2023
2018,10,2018-11-11,MIA@GB,GB,MIA,31.0,12.0,-19.0,43.0,-13.0,48.5,,,,,-0.2159,45.0973,,,,,6.0,5.5,19.0,17.95,False,False,outdoors,no_prior_season_situational_for_packaged_priors,rolling_features_unavailable_pre_2023
2018,10,2018-11-11,NE@TEN,TEN,NE,34.0,10.0,-24.0,44.0,6.0,47.0,,,,,0.7269,45.1862,,,,,30.0,3.0,24.0,22.95,False,False,outdoors,no_prior_season_situational_for_packaged_priors,rolling_features_unavailable_pre_2023
2018,10,2018-11-11,NO@CIN,CIN,NO,14.0,51.0,37.0,65.0,5.5,53.0,,,,,0.5175,45.2259,,,,,-31.5,-12.0,-37.0,-38.05,False,False,outdoors,no_prior_season_situational_for_packaged_priors,rolling_features_unavailable_pre_2023
2018,10,2018-11-12,NYG@SF,SF,NYG,23.0,27.0,4.0,50.0,-3.0,45.0,,,,,-1.7287,44.941,,,,,-7.0,-5.0,-4.0,-5.05,False,False,outdoors,no_prior_season_situational_for_packaged_priors,rolling_features_unavailable_pre_2023
2018,10,2018-11-11,SEA@LAR,LAR,SEA,36.0,31.0,-5.0,67.0,-10.0,51.0,,,,,-3.5145,45.2382,,,,,-5.0,-16.0,5.0,3.95,True,False,outdoors,no_prior_season_situational_for_packaged_priors,rolling_features_unavailable_pre_2023
2018,10,2018-11-11,WSH@TB,TB,WSH,3.0,16.0,13.0,19.0,-3.5,51.0,,,,,0.5904,45.1205,,,,,-16.5,32.0,-13.0,-14.05,False,False,outdoors,no_prior_season_situational_for_packaged_priors,rolling_features_unavailable_pre_2023
2018,11,2018-11-18,CAR@DET,DET,CAR,20.0,19.0,-1.0,39.0,4.0,48.0,,,,,1.1382,45.141,,,,,5.0,9.0,1.0,-0.050000000000000044,False,False,dome,no_prior_season_situational_for_packaged_priors,rolling_features_unavailable_pre_2023
2018,11,2018-11-18,CIN@BAL,BAL,CIN,24.0,21.0,-3.0,45.0,-6.5,44.0,,,,,-0.3213,45.0993,,,,,-3.5,-1.0,3.0,1.95,True,False,outdoors,no_prior_season_situational_for_packaged_priors,rolling_features_unavailable_pre_2023
2018,11,2018-11-18,DAL@ATL,ATL,DAL,19.0,22.0,3.0,41.0,-3.5,50.0,,,,,-1.05,45.0687,,,,,-6.5,9.0,-3.0,-4.05,False,False,open,no_prior_season_situational_for_packaged_priors,rolling_features_unavailable_pre_2023
2018,11,2018-11-18,DEN@LAC,LAC,DEN,22.0,23.0,1.0,45.0,-7.5,47.0,,,,,-3.94,45.2007,,,,,-8.5,2.0,-1.0,-2.05,True,False,outdoors,no_prior_season_situational_for_packaged_priors,rolling_features_unavailable_pre_2023
2018,11,2018-11-15,GB@SEA,SEA,GB,27.0,24.0,-3.0,51.0,-3.0,49.0,,,,,-0.6838,45.0828,,,,,0.0,-2.0,3.0,1.95,False,False,outdoors,no_prior_season_situational_for_packaged_priors,rolling_features_unavailable_pre_2023
2018,11,2018-11-18,HOU@WSH,WSH,HOU,21.0,23.0,2.0,44.0,3.0,40.5,,,,,-1.05,45.1671,,,,,1.0,-3.5,-2.0,-3.05,False,False,outdoors,no_prior_season_situational_for_packaged_priors,rolling_features_unavailable_pre_2023
2018,11,2018-11-19,KC@LAR,LAR,KC,54.0,51.0,-3.0,105.0,-3.0,63.5,,,,,-1.05,45.2618,,,,,0.0,-41.5,3.0,1.95,False,False,outdoors,no_prior_season_situational_for_packaged_priors,rolling_features_unavailable_pre_2023
2018,11,2018-11-18,MIN@CHI,CHI,MIN,25.0,20.0,-5.0,45.0,-2.5,44.0,,,,,-1.316,45.1589,,,,,2.5,-1.0,5.0,3.95,True,False,outdoors,no_prior_season_situational_for_packaged_priors,rolling_features_unavailable_pre_2023
2018,11,2018-11-18,OAK@ARI,ARI,OAK,21.0,23.0,2.0,44.0,-4.5,41.0,,,,,-1.8268,44.9388,,,,,-6.5,-3.0,-2.0,-3.05,,False,closed,no_prior_season_situational_for_packaged_priors,rolling_features_unavailable_pre_2023
2018,11,2018-11-18,PHI@NO,NO,PHI,48.0,7.0,-41.0,55.0,-7.0,56.5,,,,,-3.8819,45.2455,,,,,34.0,1.5,41.0,39.95,False,False,dome,no_prior_season_situational_for_packaged_priors,rolling_features_unavailable_pre_2023
2018,11,2018-11-18,PIT@JAX,JAX,PIT,16.0,20.0,4.0,36.0,4.0,47.0,,,,,1.6658,45.185,,,,,0.0,11.0,-4.0,-5.05,False,False,outdoors,no_prior_season_situational_for_packaged_priors,rolling_features_unavailable_pre_2023
2018,11,2018-11-18,TB@NYG,NYG,TB,38.0,35.0,-3.0,73.0,-3.0,54.5,,,,,-0.2899,44.9947,,,,,0.0,-18.5,3.0,1.95,False,False,outdoors,no_prior_season_situational_for_packaged_priors,rolling_features_unavailable_pre_2023
2018,11,2018-11-18,TEN@IND,IND,TEN,38.0,10.0,-28.0,48.0,-2.0,50.0,,,,,-0.3213,45.0993,,,,,26.0,2.0,28.0,26.95,True,False,closed,no_prior_season_situational_for_packaged_priors,rolling_features_unavailable_pre_2023
2018,12,2018-11-25,ARI@LAC,LAC,ARI,45.0,10.0,-35.0,55.0,-14.0,43.5,,,,,-4.3676,45.1791,,,,,21.0,-11.5,35.0,33.95,False,False,outdoors,no_prior_season_situational_for_packaged_priors,rolling_features_unavailable_pre_2023
2018,12,2018-11-22,ATL@NO,NO,ATL,31.0,17.0,-14.0,48.0,-11.5,61.0,,,,,-4.2471,45.2599,,,,,2.5,13.0,14.0,12.95,True,False,dome,no_prior_season_situational_for_packaged_priors,rolling_features_unavailable_pre_2023
2018,12,2018-11-22,CHI@DET,DET,CHI,16.0,23.0,7.0,39.0,3.0,43.0,,,,,0.9008,45.1538,,,,,-4.0,4.0,-7.0,-8.05,True,False,dome,no_prior_season_situational_for_packaged_priors,rolling_features_unavailable_pre_2023
2018,12,2018-11-25,CLE@CIN,CIN,CLE,20.0,35.0,15.0,55.0,1.0,46.5,,,,,-2.1604,45.0679,,,,,-14.0,-8.5,-15.0,-16.05,True,False,outdoors,no_prior_season_situational_for_packaged_priors,rolling_features_unavailable_pre_2023
2018,12,2018-11-25,GB@MIN,MIN,GB,24.0,17.0,-7.0,41.0,-4.0,48.5,,,,,-1.7787,45.0993,,,,,3.0,7.5,7.0,5.95,True,False,dome,no_prior_season_situational_for_packaged_priors,rolling_features_unavailable_pre_2023
2018,12,2018-11-25,JAX@BUF,BUF,JAX,24.0,21.0,-3.0,45.0,3.0,36.5,,,,,-1.05,45.0,,,,,6.0,-8.5,3.0,1.95,False,False,outdoors,no_prior_season_situational_for_packaged_priors,rolling_features_unavailable_pre_2023
2018,12,2018-11-25,MIA@IND,IND,MIA,27.0,24.0,-3.0,51.0,-9.0,52.5,,,,,-1.05,45.0941,,,,,-6.0,1.5,3.0,1.95,False,False,closed,no_prior_season_situational_for_packaged_priors,rolling_features_unavailable_pre_2023
2018,12,2018-11-25,NE@NYJ,NYJ,NE,13.0,27.0,14.0,40.0,13.0,46.5,,,,,1.577,45.1617,,,,,-1.0,6.5,-14.0,-15.05,True,False,outdoors,no_prior_season_situational_for_packaged_priors,rolling_features_unavailable_pre_2023
2018,12,2018-11-25,NYG@PHI,PHI,NYG,25.0,22.0,-3.0,47.0,-4.5,49.0,,,,,-1.7246,45.0287,,,,,-1.5,2.0,3.0,1.95,True,False,outdoors,no_prior_season_situational_for_packaged_priors,rolling_features_unavailable_pre_2023
2018,12,2018-11-25,OAK@BAL,BAL,OAK,34.0,17.0,-17.0,51.0,-13.0,42.0,,,,,-3.0755,45.0645,,,,,4.0,-9.0,17.0,15.95,,False,outdoors,no_prior_season_situational_for_packaged_priors,rolling_features_unavailable_pre_2023
2018,12,2018-11-25,PIT@DEN,DEN,PIT,24.0,17.0,-7.0,41.0,3.0,47.5,,,,,1.3903,45.1919,,,,,10.0,6.5,7.0,5.95,False,False,outdoors,no_prior_season_situational_for_packaged_priors,rolling_features_unavailable_pre_2023
2018,12,2018-11-25,SEA@CAR,CAR,SEA,27.0,30.0,3.0,57.0,-3.0,46.5,,,,,-1.6998,45.1206,,,,,-6.0,-10.5,-3.0,-4.05,False,False,outdoors,no_prior_season_situational_for_packaged_priors,rolling_features_unavailable_pre_2023
2018,12,2018-11-25,SF@TB,TB,SF,27.0,9.0,-18.0,36.0,-1.5,54.5,,,,,-1.7378,44.9799,,,,,16.5,18.5,18.0,16.95,False,False,outdoors,no_prior_season_situational_for_packaged_priors,rolling_features_unavailable_pre_2023
2018,12,2018-11-26,TEN@HOU,HOU,TEN,34.0,17.0,-17.0,51.0,-3.5,42.5,,,,,-2.3381,45.1547,,,,,13.5,-8.5,17.0,15.95,True,False,closed,no_prior_season_situational_for_packaged_priors,rolling_features_unavailable_pre_2023
2018,12,2018-11-22,WSH@DAL,DAL,WSH,31.0,23.0,-8.0,54.0,-7.0,40.0,,,,,-0.4002,45.1206,,,,,1.0,-14.0,8.0,6.95,True,False,closed,no_prior_season_situational_for_packaged_priors,rolling_features_unavailable_pre_2023
2018,13,2018-12-02,ARI@GB,GB,ARI,17.0,20.0,3.0,37.0,-13.5,41.0,,,,,-2.5393,45.0173,,,,,-16.5,4.0,-3.0,-4.05,False,False,outdoors,no_prior_season_situational_for_packaged_priors,rolling_features_unavailable_pre_2023
2018,13,2018-12-02,BAL@ATL,ATL,BAL,16.0,26.0,10.0,42.0,-2.5,46.5,,,,,0.1528,45.0876,,,,,-12.5,4.5,-10.0,-11.05,False,False,open,no_prior_season_situational_for_packaged_priors,rolling_features_unavailable_pre_2023
2018,13,2018-12-02,BUF@MIA,MIA,BUF,21.0,17.0,-4.0,38.0,-3.5,40.0,,,,,-1.6564,45.0559,,,,,0.5,2.0,4.0,2.95,True,False,outdoors,no_prior_season_situational_for_packaged_priors,rolling_features_unavailable_pre_2023
2018,13,2018-12-02,CAR@TB,TB,CAR,24.0,17.0,-7.0,41.0,3.5,52.0,,,,,0.1528,45.0876,,,,,10.5,11.0,7.0,5.95,True,False,outdoors,no_prior_season_situational_for_packaged_priors,rolling_features_unavailable_pre_2023
2018,13,2018-12-02,CHI@NYG,NYG,CHI,30.0,27.0,-3.0,57.0,3.5,44.0,,,,,1.9366,45.1815,,,,,6.5,-13.0,3.0,1.95,False,False,outdoors,no_prior_season_situational_for_packaged_priors,rolling_features_unavailable_pre_2023
2018,13,2018-12-02,CLE@HOU,HOU,CLE,29.0,13.0,-16.0,42.0,-5.0,47.5,,,,,-3.1731,45.1667,,,,,11.0,5.5,16.0,14.95,False,False,closed,no_prior_season_situational_for_packaged_priors,rolling_features_unavailable_pre_2023
2018,13,2018-12-02,DEN@CIN,CIN,DEN,10.0,24.0,14.0,34.0,3.5,45.0,,,,,-1.05,45.0734,,,,,-10.5,11.0,-14.0,-15.05,False,False,outdoors,no_prior_season_situational_for_packaged_priors,rolling_features_unavailable_pre_2023
2018,13,2018-12-02,IND@JAX,JAX,IND,6.0,0.0,-6.0,6.0,4.0,45.5,,,,,0.7705,45.0848,,,,,10.0,39.5,6.0,4.95,True,False,outdoors,no_prior_season_situational_for_packaged_priors,rolling_features_unavailable_pre_2023
2018,13,2018-12-02,KC@OAK,OAK,KC,33.0,40.0,7.0,73.0,14.0,53.5,,,,,3.1392,45.2656,,,,,7.0,-19.5,-7.0,-8.05,,False,outdoors,no_prior_season_situational_for_packaged_priors,rolling_features_unavailable_pre_2023
2018,13,2018-12-02,LAC@PIT,PIT,LAC,30.0,33.0,3.0,63.0,-3.5,53.5,,,,,-0.878,45.1871,,,,,-6.5,-9.5,-3.0,-4.05,False,False,outdoors,no_prior_season_situational_for_packaged_priors,rolling_features_unavailable_pre_2023
2018,13,2018-12-02,LAR@DET,DET,LAR,16.0,30.0,14.0,46.0,10.5,54.0,,,,,2.4479,45.2737,,,,,-3.5,8.0,-14.0,-15.05,False,False,dome,no_prior_season_situational_for_packaged_priors,rolling_features_unavailable_pre_2023
2018,13,2018-12-02,MIN@NE,NE,MIN,24.0,10.0,-14.0,34.0,-6.0,50.0,,,,,-1.8601,45.1722,,,,,8.0,16.0,14.0,12.95,False,False,outdoors,no_prior_season_situational_for_packaged_priors,rolling_features_unavailable_pre_2023
2018,13,2018-11-29,NO@DAL,DAL,NO,13.0,10.0,-3.0,23.0,7.0,51.5,,,,,1.2406,45.2438,,,,,10.0,28.5,3.0,1.95,False,False,closed,no_prior_season_situational_for_packaged_priors,rolling_features_unavailable_pre_2023
2018,13,2018-12-02,NYJ@TEN,TEN,NYJ,26.0,22.0,-4.0,48.0,-10.5,40.5,,,,,-2.2737,45.0455,,,,,-6.5,-7.5,4.0,2.95,False,False,outdoors,no_prior_season_situational_for_packaged_priors,rolling_features_unavailable_pre_2023
2018,13,2018-12-02,SF@SEA,SEA,SF,43.0,16.0,-27.0,59.0,-10.0,45.5,,,,,-3.4998,45.0897,,,,,17.0,-13.5,27.0,25.95,True,False,outdoors,no_prior_season_situational_for_packaged_priors,rolling_features_unavailable_pre_2023
2018,13,2018-12-03,WSH@PHI,PHI,WSH,28.0,13.0,-15.0,41.0,-5.5,45.0,,,,,-0.4538,45.0976,,,,,9.5,4.0,15.0,13.95,True,False,outdoors,no_prior_season_situational_for_packaged_priors,rolling_features_unavailable_pre_2023
2018,14,2018-12-09,ATL@GB,GB,ATL,34.0,20.0,-14.0,54.0,-4.0,51.0,,,,,-1.2545,45.0239,,,,,10.0,-3.0,14.0,12.95,False,False,outdoors,no_prior_season_situational_for_packaged_priors,rolling_features_unavailable_pre_2023
2018,14,2018-12-09,BAL@KC,KC,BAL,27.0,24.0,-3.0,51.0,-6.5,49.0,,,,,-2.6292,45.209,,,,,-3.5,-2.0,3.0,1.95,False,False,outdoors,no_prior_season_situational_for_packaged_priors,rolling_features_unavailable_pre_2023
2018,14,2018-12-09,CAR@CLE,CLE,CAR,26.0,20.0,-6.0,46.0,1.0,48.0,,,,,-0.1442,45.0709,,,,,7.0,2.0,6.0,4.95,False,False,outdoors,no_prior_season_situational_for_packaged_priors,rolling_features_unavailable_pre_2023
2018,14,2018-12-09,CIN@LAC,LAC,CIN,26.0,21.0,-5.0,47.0,-17.0,48.5,,,,,-3.2047,45.1767,,,,,-12.0,1.5,5.0,3.95,False,False,outdoors,no_prior_season_situational_for_packaged_priors,rolling_features_unavailable_pre_2023
2018,14,2018-12-09,DEN@SF,SF,DEN,20.0,14.0,-6.0,34.0,3.0,45.5,,,,,1.2082,45.0663,,,,,9.0,11.5,6.0,4.95,False,False,outdoors,no_prior_season_situational_for_packaged_priors,rolling_features_unavailable_pre_2023
2018,14,2018-12-09,DET@ARI,ARI,DET,3.0,17.0,14.0,20.0,2.5,40.0,,,,,-0.4815,44.9991,,,,,-11.5,20.0,-14.0,-15.05,False,False,closed,no_prior_season_situational_for_packaged_priors,rolling_features_unavailable_pre_2023
2018,14,2018-12-09,IND@HOU,HOU,IND,21.0,24.0,3.0,45.0,-4.0,49.5,,,,,-2.6531,45.1745,,,,,-7.0,4.5,-3.0,-4.05,True,False,closed,no_prior_season_situational_for_packaged_priors,rolling_features_unavailable_pre_2023
2018,14,2018-12-06,JAX@TEN,TEN,JAX,30.0,9.0,-21.0,39.0,-5.5,36.5,,,,,-2.1604,45.0679,,,,,15.5,-2.5,21.0,19.95,True,False,outdoors,no_prior_season_situational_for_packaged_priors,rolling_features_unavailable_pre_2023
2018,14,2018-12-09,LAR@CHI,CHI,LAR,15.0,6.0,-9.0,21.0,3.0,50.5,,,,,0.5059,45.2425,,,,,12.0,29.5,9.0,7.95,False,False,outdoors,no_prior_season_situational_for_packaged_priors,rolling_features_unavailable_pre_2023
2018,14,2018-12-10,MIN@SEA,SEA,MIN,21.0,7.0,-14.0,28.0,-3.0,45.5,,,,,-1.2955,45.1235,,,,,11.0,17.5,14.0,12.95,False,False,outdoors,no_prior_season_situational_for_packaged_priors,rolling_features_unavailable_pre_2023
2018,14,2018-12-09,NE@MIA,MIA,NE,34.0,33.0,-1.0,67.0,8.5,49.5,,,,,0.5531,45.1745,,,,,9.5,-17.5,1.0,-0.050000000000000044,True,False,outdoors,no_prior_season_situational_for_packaged_priors,rolling_features_unavailable_pre_2023
2018,14,2018-12-09,NO@TB,TB,NO,14.0,28.0,14.0,42.0,8.5,55.0,,,,,1.6245,45.2193,,,,,-5.5,13.0,-14.0,-15.05,True,False,outdoors,no_prior_season_situational_for_packaged_priors,rolling_features_unavailable_pre_2023
2018,14,2018-12-09,NYG@WSH,WSH,NYG,16.0,40.0,24.0,56.0,3.0,40.5,,,,,-2.1604,45.0679,,,,,-21.0,-15.5,-24.0,-25.05,True,False,outdoors,no_prior_season_situational_for_packaged_priors,rolling_features_unavailable_pre_2023
2018,14,2018-12-09,NYJ@BUF,BUF,NYJ,23.0,27.0,4.0,50.0,-4.5,37.0,,,,,-1.6185,44.9991,,,,,-8.5,-13.0,-4.0,-5.05,True,False,outdoors,no_prior_season_situational_for_packaged_priors,rolling_features_unavailable_pre_2023
2018,14,2018-12-09,PHI@DAL,DAL,PHI,29.0,23.0,-6.0,52.0,-3.5,46.0,,,,,-1.5923,45.1157,,,,,2.5,-6.0,6.0,4.95,True,False,closed,no_prior_season_situational_for_packaged_priors,rolling_features_unavailable_pre_2023
2018,14,2018-12-09,PIT@OAK,OAK,PIT,24.0,21.0,-3.0,45.0,10.5,51.0,,,,,2.0944,45.1456,,,,,13.5,6.0,3.0,1.95,,False,outdoors,no_prior_season_situational_for_packaged_priors,rolling_features_unavailable_pre_2023
2018,15,2018-12-16,ARI@ATL,ATL,ARI,40.0,14.0,-26.0,54.0,-10.0,43.5,,,,,-1.577,44.9876,,,,,16.0,-10.5,26.0,24.95,False,False,closed,no_prior_season_situational_for_packaged_priors,rolling_features_unavailable_pre_2023
2018,15,2018-12-15,CLE@DEN,DEN,CLE,16.0,17.0,1.0,33.0,-1.0,47.0,,,,,-1.3476,45.0671,,,,,-2.0,14.0,-1.0,-2.05,False,False,outdoors,no_prior_season_situational_for_packaged_priors,rolling_features_unavailable_pre_2023
2018,15,2018-12-16,DAL@IND,IND,DAL,23.0,0.0,-23.0,23.0,-3.0,47.0,,,,,-0.5527,45.1308,,,,,20.0,24.0,23.0,21.95,False,False,closed,no_prior_season_situational_for_packaged_priors,rolling_features_unavailable_pre_2023
2018,15,2018-12-16,DET@BUF,BUF,DET,14.0,13.0,-1.0,27.0,-2.5,40.0,,,,,-0.5307,45.025,,,,,-1.5,13.0,1.0,-0.050000000000000044,False,False,outdoors,no_prior_season_situational_for_packaged_priors,rolling_features_unavailable_pre_2023
2018,15,2018-12-16,GB@CHI,CHI,GB,24.0,17.0,-7.0,41.0,-6.0,46.5,,,,,-2.8407,45.1499,,,,,1.0,5.5,7.0,5.95,True,False,outdoors,no_prior_season_situational_for_packaged_priors,rolling_features_unavailable_pre_2023
2018,15,2018-12-15,HOU@NYJ,NYJ,HOU,22.0,29.0,7.0,51.0,7.0,44.0,,,,,1.4757,45.1566,,,,,0.0,-7.0,-7.0,-8.05,False,False,outdoors,no_prior_season_situational_for_packaged_priors,rolling_features_unavailable_pre_2023
2018,15,2018-12-13,LAC@KC,KC,LAC,28.0,29.0,1.0,57.0,-3.5,54.0,,,,,-1.5272,45.2275,,,,,-4.5,-3.0,-1.0,-2.05,True,False,outdoors,no_prior_season_situational_for_packaged_priors,rolling_features_unavailable_pre_2023
2018,15,2018-12-16,MIA@MIN,MIN,MIA,41.0,17.0,-24.0,58.0,-7.5,45.0,,,,,-0.7987,45.1034,,,,,16.5,-13.0,24.0,22.95,False,False,dome,no_prior_season_situational_for_packaged_priors,rolling_features_unavailable_pre_2023
2018,15,2018-12-16,NE@PIT,PIT,NE,17.0,10.0,-7.0,27.0,2.5,55.0,,,,,-0.3532,45.1595,,,,,9.5,28.0,7.0,5.95,False,False,outdoors,no_prior_season_situational_for_packaged_priors,rolling_features_unavailable_pre_2023
2018,15,2018-12-17,NO@CAR,CAR,NO,9.0,12.0,3.0,21.0,6.0,50.5,,,,,1.4053,45.2206,,,,,3.0,29.5,-3.0,-4.05,True,False,outdoors,no_prior_season_situational_for_packaged_priors,rolling_features_unavailable_pre_2023
2018,15,2018-12-16,OAK@CIN,CIN,OAK,30.0,16.0,-14.0,46.0,-3.0,46.0,,,,,-2.0965,45.0145,,,,,11.0,0.0,14.0,12.95,,False,outdoors,no_prior_season_situational_for_packaged_priors,rolling_features_unavailable_pre_2023
2018,15,2018-12-16,PHI@LAR,LAR,PHI,23.0,30.0,7.0,53.0,-13.5,52.5,,,,,-3.5053,45.2206,,,,,-20.5,-0.5,-7.0,-8.05,False,False,outdoors,no_prior_season_situational_for_packaged_priors,rolling_features_unavailable_pre_2023
2018,15,2018-12-16,SEA@SF,SF,SEA,26.0,23.0,-3.0,49.0,3.5,44.0,,,,,1.5124,45.1232,,,,,6.5,-5.0,3.0,1.95,True,False,outdoors,no_prior_season_situational_for_packaged_priors,rolling_features_unavailable_pre_2023
2018,15,2018-12-16,TB@BAL,BAL,TB,20.0,12.0,-8.0,32.0,-8.5,44.5,,,,,-2.0663,45.0867,,,,,-0.5,12.5,8.0,6.95,False,False,outdoors,no_prior_season_situational_for_packaged_priors,rolling_features_unavailable_pre_2023
2018,15,2018-12-16,TEN@NYG,NYG,TEN,0.0,17.0,17.0,17.0,2.5,42.0,,,,,-0.0337,45.0867,,,,,-14.5,25.0,-17.0,-18.05,False,False,outdoors,no_prior_season_situational_for_packaged_priors,rolling_features_unavailable_pre_2023
2018,15,2018-12-16,WSH@JAX,JAX,WSH,13.0,16.0,3.0,29.0,-7.5,36.0,,,,,-0.0188,45.0512,,,,,-10.5,7.0,-3.0,-4.05,False,False,outdoors,no_prior_season_situational_for_packaged_priors,rolling_features_unavailable_pre_2023
2018,16,2018-12-23,ATL@CAR,CAR,ATL,10.0,24.0,14.0,34.0,2.5,46.5,,,,,-1.5279,45.0469,,,,,-11.5,12.5,-14.0,-15.05,True,False,outdoors,no_prior_season_situational_for_packaged_priors,rolling_features_unavailable_pre_2023
2018,16,2018-12-22,BAL@LAC,LAC,BAL,10.0,22.0,12.0,32.0,-4.0,42.5,,,,,-2.4106,45.1902,,,,,-16.0,10.5,-12.0,-13.05,False,False,outdoors,no_prior_season_situational_for_packaged_priors,rolling_features_unavailable_pre_2023
2018,16,2018-12-23,BUF@NE,NE,BUF,24.0,12.0,-12.0,36.0,-14.0,46.0,,,,,-2.925,45.1286,,,,,-2.0,10.0,12.0,10.95,True,False,outdoors,no_prior_season_situational_for_packaged_priors,rolling_features_unavailable_pre_2023
2018,16,2018-12-23,CHI@SF,SF,CHI,9.0,14.0,5.0,23.0,3.5,44.0,,,,,1.7653,45.1717,,,,,-1.5,21.0,-5.0,-6.05,False,False,outdoors,no_prior_season_situational_for_packaged_priors,rolling_features_unavailable_pre_2023
2018,16,2018-12-23,CIN@CLE,CLE,CIN,26.0,18.0,-8.0,44.0,-10.0,44.0,,,,,-1.2684,45.0695,,,,,-2.0,0.0,8.0,6.95,True,False,outdoors,no_prior_season_situational_for_packaged_priors,rolling_features_unavailable_pre_2023
2018,16,2018-12-24,DEN@OAK,OAK,DEN,27.0,14.0,-13.0,41.0,2.5,42.5,,,,,0.4041,45.0312,,,,,15.5,1.5,13.0,11.95,,False,outdoors,no_prior_season_situational_for_packaged_priors,rolling_features_unavailable_pre_2023
2018,16,2018-12-23,GB@NYJ,NYJ,GB,38.0,44.0,6.0,82.0,3.0,47.5,,,,,-0.3809,45.0215,,,,,-3.0,-34.5,-6.0,-7.05,False,False,outdoors,no_prior_season_situational_for_packaged_priors,rolling_features_unavailable_pre_2023
2018,16,2018-12-23,HOU@PHI,PHI,HOU,32.0,30.0,-2.0,62.0,-1.0,47.0,,,,,0.3283,45.1602,,,,,1.0,-15.0,2.0,0.95,False,False,outdoors,no_prior_season_situational_for_packaged_priors,rolling_features_unavailable_pre_2023
2018,16,2018-12-23,JAX@MIA,MIA,JAX,7.0,17.0,10.0,24.0,-3.0,39.5,,,,,-2.4844,45.0648,,,,,-13.0,15.5,-10.0,-11.05,False,False,outdoors,no_prior_season_situational_for_packaged_priors,rolling_features_unavailable_pre_2023
2018,16,2018-12-23,KC@SEA,SEA,KC,38.0,31.0,-7.0,69.0,1.0,54.0,,,,,0.3106,45.1902,,,,,8.0,-15.0,7.0,5.95,False,False,outdoors,no_prior_season_situational_for_packaged_priors,rolling_features_unavailable_pre_2023
2018,16,2018-12-23,LAR@ARI,ARI,LAR,9.0,31.0,22.0,40.0,14.5,43.0,,,,,2.7089,45.2323,,,,,-7.5,3.0,-22.0,-23.05,True,False,closed,no_prior_season_situational_for_packaged_priors,rolling_features_unavailable_pre_2023
2018,16,2018-12-23,MIN@DET,DET,MIN,9.0,27.0,18.0,36.0,6.5,41.5,,,,,0.151,45.0844,,,,,-11.5,5.5,-18.0,-19.05,True,False,dome,no_prior_season_situational_for_packaged_priors,rolling_features_unavailable_pre_2023
2018,16,2018-12-23,NYG@IND,IND,NYG,28.0,27.0,-1.0,55.0,-10.0,48.5,,,,,-2.4652,45.0975,,,,,-9.0,-6.5,1.0,-0.050000000000000044,False,False,closed,no_prior_season_situational_for_packaged_priors,rolling_features_unavailable_pre_2023
2018,16,2018-12-23,PIT@NO,NO,PIT,31.0,28.0,-3.0,59.0,-6.5,53.0,,,,,-2.5694,45.2188,,,,,-3.5,-6.0,3.0,1.95,False,False,dome,no_prior_season_situational_for_packaged_priors,rolling_features_unavailable_pre_2023
2018,16,2018-12-23,TB@DAL,DAL,TB,27.0,20.0,-7.0,47.0,-7.0,48.0,,,,,-2.4652,45.0975,,,,,0.0,1.0,7.0,5.95,False,False,closed,no_prior_season_situational_for_packaged_priors,rolling_features_unavailable_pre_2023
2018,16,2018-12-22,WSH@TEN,TEN,WSH,25.0,16.0,-9.0,41.0,-12.5,38.0,,,,,-1.5153,45.1123,,,,,-3.5,-3.0,9.0,7.95,False,False,outdoors,no_prior_season_situational_for_packaged_priors,rolling_features_unavailable_pre_2023
2018,17,2018-12-30,ARI@SEA,SEA,ARI,27.0,24.0,-3.0,51.0,-15.5,39.5,,,,,-3.7269,45.1183,,,,,-12.5,-11.5,3.0,1.95,True,False,outdoors,no_prior_season_situational_for_packaged_priors,rolling_features_unavailable_pre_2023
2018,17,2018-12-30,ATL@TB,TB,ATL,32.0,34.0,2.0,66.0,2.5,52.0,,,,,-0.6017,45.0342,,,,,0.5,-14.0,-2.0,-3.05,True,False,outdoors,no_prior_season_situational_for_packaged_priors,rolling_features_unavailable_pre_2023
2018,17,2018-12-30,CAR@NO,NO,CAR,14.0,33.0,19.0,47.0,-8.0,42.0,,,,,-4.0421,45.2404,,,,,-27.0,-5.0,-19.0,-20.05,True,False,dome,no_prior_season_situational_for_packaged_priors,rolling_features_unavailable_pre_2023
2018,17,2018-12-30,CHI@MIN,MIN,CHI,10.0,24.0,14.0,34.0,-6.0,39.5,,,,,-0.0173,45.1715,,,,,-20.0,5.5,-14.0,-15.05,True,False,dome,no_prior_season_situational_for_packaged_priors,rolling_features_unavailable_pre_2023
2018,17,2018-12-30,CIN@PIT,PIT,CIN,16.0,13.0,-3.0,29.0,-14.0,45.5,,,,,-2.1775,45.1001,,,,,-11.0,16.5,3.0,1.95,True,False,outdoors,no_prior_season_situational_for_packaged_priors,rolling_features_unavailable_pre_2023
2018,17,2018-12-30,CLE@BAL,BAL,CLE,26.0,24.0,-2.0,50.0,-7.0,41.0,,,,,-1.6998,45.1206,,,,,-5.0,-9.0,2.0,0.95,True,False,outdoors,no_prior_season_situational_for_packaged_priors,rolling_features_unavailable_pre_2023
2018,17,2018-12-30,DAL@NYG,NYG,DAL,35.0,36.0,1.0,71.0,-7.5,38.5,,,,,0.7108,45.1094,,,,,-8.5,-32.5,-1.0,-2.05,True,False,outdoors,no_prior_season_situational_for_packaged_priors,rolling_features_unavailable_pre_2023
2018,17,2018-12-30,DET@GB,GB,DET,0.0,31.0,31.0,31.0,-7.5,44.5,,,,,-1.6887,45.043,,,,,-38.5,13.5,-31.0,-32.05,True,False,outdoors,no_prior_season_situational_for_packaged_priors,rolling_features_unavailable_pre_2023
2018,17,2018-12-30,IND@TEN,TEN,IND,17.0,33.0,16.0,50.0,5.0,42.5,,,,,-1.05,45.1385,,,,,-11.0,-7.5,-16.0,-17.05,True,False,outdoors,no_prior_season_situational_for_packaged_priors,rolling_features_unavailable_pre_2023
2018,17,2018-12-30,JAX@HOU,HOU,JAX,20.0,3.0,-17.0,23.0,-7.0,39.5,,,,,-3.2382,45.141,,,,,10.0,16.5,17.0,15.95,True,False,closed,no_prior_season_situational_for_packaged_priors,rolling_features_unavailable_pre_2023
2018,17,2018-12-30,LAC@DEN,DEN,LAC,9.0,23.0,14.0,32.0,7.0,43.5,,,,,1.1113,45.1696,,,,,-7.0,11.5,-14.0,-15.05,True,False,outdoors,no_prior_season_situational_for_packaged_priors,rolling_features_unavailable_pre_2023
2018,17,2018-12-30,MIA@BUF,BUF,MIA,42.0,17.0,-25.0,59.0,-5.5,39.5,,,,,-0.159,45.0558,,,,,19.5,-19.5,25.0,23.95,True,False,outdoors,no_prior_season_situational_for_packaged_priors,rolling_features_unavailable_pre_2023
2018,17,2018-12-30,NYJ@NE,NE,NYJ,38.0,3.0,-35.0,41.0,-14.0,47.0,,,,,-3.6935,45.1474,,,,,21.0,6.0,35.0,33.95,True,False,outdoors,no_prior_season_situational_for_packaged_priors,rolling_features_unavailable_pre_2023
2018,17,2018-12-30,OAK@KC,KC,OAK,35.0,3.0,-32.0,38.0,-14.5,54.0,,,,,-4.1166,45.1862,,,,,17.5,16.0,32.0,30.95,,False,outdoors,no_prior_season_situational_for_packaged_priors,rolling_features_unavailable_pre_2023
2018,17,2018-12-30,PHI@WSH,WSH,PHI,0.0,24.0,24.0,24.0,6.0,43.0,,,,,-0.6128,45.096,,,,,-18.0,19.0,-24.0,-25.05,True,False,outdoors,no_prior_season_situational_for_packaged_priors,rolling_features_unavailable_pre_2023
2018,17,2018-12-30,SF@LAR,LAR,SF,48.0,32.0,-16.0,80.0,-10.5,50.5,,,,,-4.5352,45.2279,,,,,5.5,-29.5,16.0,14.95,True,False,outdoors,no_prior_season_situational_for_packaged_priors,rolling_features_unavailable_pre_2023
2018,18,2019-01-05,IND@HOU,HOU,IND,7.0,21.0,14.0,28.0,-2.0,48.5,,,,,-1.4483,45.1642,,,,,-16.0,20.5,-14.0,-15.05,True,False,closed,no_prior_season_situational_for_packaged_priors,rolling_features_unavailable_pre_2023
2018,18,2019-01-06,LAC@BAL,BAL,LAC,17.0,23.0,6.0,40.0,-3.0,43.0,,,,,-0.2578,45.182,,,,,-9.0,3.0,-6.0,-7.05,False,False,outdoors,no_prior_season_situational_for_packaged_priors,rolling_features_unavailable_pre_2023
2018,18,2019-01-06,PHI@CHI,CHI,PHI,15.0,16.0,1.0,31.0,-6.5,42.5,,,,,-2.2452,45.1767,,,,,-7.5,11.5,-1.0,-2.05,False,False,outdoors,no_prior_season_situational_for_packaged_priors,rolling_features_unavailable_pre_2023
2018,18,2019-01-05,SEA@DAL,DAL,SEA,24.0,22.0,-2.0,46.0,-2.5,43.0,,,,,-1.05,45.1493,,,,,-0.5,-3.0,2.0,0.95,False,False,closed,no_prior_season_situational_for_packaged_priors,rolling_features_unavailable_pre_2023
2018,19,2019-01-12,DAL@LAR,LAR,DAL,30.0,22.0,-8.0,52.0,-7.5,48.0,,,,,-2.0907,45.2041,,,,,0.5,-4.0,8.0,6.95,False,False,outdoors,no_prior_season_situational_for_packaged_priors,rolling_features_unavailable_pre_2023
2018,19,2019-01-12,IND@KC,KC,IND,31.0,13.0,-18.0,44.0,-4.0,54.5,,,,,-1.7011,45.1847,,,,,14.0,10.5,18.0,16.95,False,False,outdoors,no_prior_season_situational_for_packaged_priors,rolling_features_unavailable_pre_2023
2018,19,2019-01-13,LAC@NE,NE,LAC,41.0,28.0,-13.0,69.0,-4.0,47.5,,,,,-0.5641,45.1943,,,,,9.0,-21.5,13.0,11.95,False,False,outdoors,no_prior_season_situational_for_packaged_priors,rolling_features_unavailable_pre_2023
2018,19,2019-01-13,PHI@NO,NO,PHI,20.0,14.0,-6.0,34.0,-8.5,52.0,,,,,-2.4685,45.201,,,,,-2.5,18.0,6.0,4.95,False,False,dome,no_prior_season_situational_for_packaged_priors,rolling_features_unavailable_pre_2023
2018,20,2019-01-20,LAR@NO,NO,LAR,23.0,26.0,3.0,49.0,-3.0,55.0,,,,,-1.05,45.2317,,,,,-6.0,6.0,-3.0,-4.05,False,False,dome,no_prior_season_situational_for_packaged_priors,rolling_features_unavailable_pre_2023
2018,20,2019-01-20,NE@KC,KC,NE,31.0,37.0,6.0,68.0,-3.0,56.5,,,,,-1.4196,45.1971,,,,,-9.0,-11.5,-6.0,-7.05,False,False,outdoors,no_prior_season_situational_for_packaged_priors,rolling_features_unavailable_pre_2023
2018,21,2019-02-03,NE@LAR,LAR,NE,3.0,13.0,10.0,16.0,2.0,55.5,,,,,-1.7429,45.2179,,,,,-8.0,39.5,-10.0,-11.05,False,False,closed,no_prior_season_situational_for_packaged_priors,rolling_features_unavailable_pre_2023
2019,1,2019-09-08,ATL@MIN,MIN,ATL,28.0,12.0,-16.0,40.0,-3.5,47.0,,,,,-1.05,44.8435,,,,,12.5,7.0,16.0,14.95,False,True,dome,no_prior_season_situational_for_packaged_priors,rolling_features_unavailable_pre_2023
2019,1,2019-09-08,BAL@MIA,MIA,BAL,10.0,59.0,49.0,69.0,7.0,41.0,,,,,-1.05,44.8435,,,,,-42.0,-28.0,-49.0,-50.05,False,True,outdoors,no_prior_season_situational_for_packaged_priors,rolling_features_unavailable_pre_2023
2019,1,2019-09-08,BUF@NYJ,NYJ,BUF,16.0,17.0,1.0,33.0,-2.5,41.0,,,,,-1.05,44.8435,,,,,-3.5,8.0,-1.0,-2.05,True,True,outdoors,no_prior_season_situational_for_packaged_priors,rolling_features_unavailable_pre_2023
2019,1,2019-09-08,CIN@SEA,SEA,CIN,21.0,20.0,-1.0,41.0,-9.5,44.0,,,,,-1.05,44.8435,,,,,-8.5,3.0,1.0,-0.050000000000000044,False,True,outdoors,no_prior_season_situational_for_packaged_priors,rolling_features_unavailable_pre_2023
2019,1,2019-09-09,DEN@OAK,OAK,DEN,24.0,16.0,-8.0,40.0,3.0,42.5,,,,,-1.05,44.8435,,,,,11.0,2.5,8.0,6.95,,True,outdoors,no_prior_season_situational_for_packaged_priors,rolling_features_unavailable_pre_2023
2019,1,2019-09-08,DET@ARI,ARI,DET,27.0,27.0,0.0,54.0,2.5,45.5,,,,,-1.05,44.8435,,,,,2.5,-8.5,0.0,-1.05,False,True,closed,no_prior_season_situational_for_packaged_priors,rolling_features_unavailable_pre_2023
2019,1,2019-09-05,GB@CHI,CHI,GB,3.0,10.0,7.0,13.0,-3.5,47.0,,,,,-1.05,44.8435,,,,,-10.5,34.0,-7.0,-8.05,True,True,outdoors,no_prior_season_situational_for_packaged_priors,rolling_features_unavailable_pre_2023
2019,1,2019-09-09,HOU@NO,NO,HOU,30.0,28.0,-2.0,58.0,-6.5,52.0,,,,,-1.05,44.8435,,,,,-4.5,-6.0,2.0,0.95,False,True,dome,no_prior_season_situational_for_packaged_priors,rolling_features_unavailable_pre_2023
2019,1,2019-09-08,IND@LAC,LAC,IND,30.0,24.0,-6.0,54.0,-6.0,44.5,,,,,-1.05,44.8435,,,,,0.0,-9.5,6.0,4.95,False,True,outdoors,no_prior_season_situational_for_packaged_priors,rolling_features_unavailable_pre_2023
2019,1,2019-09-08,KC@JAX,JAX,KC,26.0,40.0,14.0,66.0,3.5,49.0,,,,,-1.05,44.8435,,,,,-10.5,-17.0,-14.0,-15.05,False,True,outdoors,no_prior_season_situational_for_packaged_priors,rolling_features_unavailable_pre_2023
2019,1,2019-09-08,LAR@CAR,CAR,LAR,27.0,30.0,3.0,57.0,1.5,49.5,,,,,-1.05,44.8435,,,,,-1.5,-7.5,-3.0,-4.05,False,True,outdoors,no_prior_season_situational_for_packaged_priors,rolling_features_unavailable_pre_2023
2019,1,2019-09-08,NYG@DAL,DAL,NYG,35.0,17.0,-18.0,52.0,-7.0,44.0,,,,,-1.05,44.8435,,,,,11.0,-8.0,18.0,16.95,True,True,closed,no_prior_season_situational_for_packaged_priors,rolling_features_unavailable_pre_2023
2019,1,2019-09-08,PIT@NE,NE,PIT,33.0,3.0,-30.0,36.0,-5.5,49.0,,,,,-1.05,44.8435,,,,,24.5,13.0,30.0,28.95,False,True,outdoors,no_prior_season_situational_for_packaged_priors,rolling_features_unavailable_pre_2023
2019,1,2019-09-08,SF@TB,TB,SF,17.0,31.0,14.0,48.0,-1.0,51.0,,,,,-1.05,44.8435,,,,,-15.0,3.0,-14.0,-15.05,False,True,outdoors,no_prior_season_situational_for_packaged_priors,rolling_features_unavailable_pre_2023
2019,1,2019-09-08,TEN@CLE,CLE,TEN,13.0,43.0,30.0,56.0,-5.5,44.0,,,,,-1.05,44.8435,,,,,-35.5,-12.0,-30.0,-31.05,False,True,outdoors,no_prior_season_situational_for_packaged_priors,rolling_features_unavailable_pre_2023
2019,1,2019-09-08,WSH@PHI,PHI,WSH,32.0,27.0,-5.0,59.0,-10.5,44.0,,,,,-1.05,44.8435,,,,,-5.5,-15.0,5.0,3.95,True,True,outdoors,no_prior_season_situational_for_packaged_priors,rolling_features_unavailable_pre_2023
2019,2,2019-09-15,ARI@BAL,BAL,ARI,23.0,17.0,-6.0,40.0,-13.0,46.0,,,,,-7.55,45.5201,,,,,-7.0,6.0,6.0,4.95,False,True,outdoors,no_prior_season_situational_for_packaged_priors,rolling_features_unavailable_pre_2023
2019,2,2019-09-15,BUF@NYG,NYG,BUF,14.0,28.0,14.0,42.0,1.0,44.5,,,,,5.45,45.5201,,,,,-13.0,2.5,-14.0,-15.05,False,True,outdoors,no_prior_season_situational_for_packaged_priors,rolling_features_unavailable_pre_2023
2019,2,2019-09-15,CHI@DEN,DEN,CHI,14.0,16.0,2.0,30.0,3.0,41.0,,,,,-1.05,44.8435,,,,,1.0,11.0,-2.0,-3.05,False,True,outdoors,no_prior_season_situational_for_packaged_priors,rolling_features_unavailable_pre_2023
2019,2,2019-09-16,CLE@NYJ,NYJ,CLE,3.0,23.0,20.0,26.0,6.5,45.5,,,,,-1.05,44.8435,,,,,-13.5,19.5,-20.0,-21.05,False,True,outdoors,no_prior_season_situational_for_packaged_priors,rolling_features_unavailable_pre_2023
2019,2,2019-09-15,DAL@WSH,WSH,DAL,21.0,31.0,10.0,52.0,6.0,46.5,,,,,5.45,45.5201,,,,,-4.0,-5.5,-10.0,-11.05,True,True,outdoors,no_prior_season_situational_for_packaged_priors,rolling_features_unavailable_pre_2023
2019,2,2019-09-15,IND@TEN,TEN,IND,17.0,19.0,2.0,36.0,-3.0,43.5,,,,,-7.55,45.5201,,,,,-5.0,7.5,-2.0,-3.05,True,True,outdoors,no_prior_season_situational_for_packaged_priors,rolling_features_unavailable_pre_2023
2019,2,2019-09-15,JAX@HOU,HOU,JAX,13.0,12.0,-1.0,25.0,-7.5,43.0,,,,,-1.05,44.8435,,,,,-6.5,18.0,1.0,-0.050000000000000044,True,True,closed,no_prior_season_situational_for_packaged_priors,rolling_features_unavailable_pre_2023
2019,2,2019-09-15,KC@OAK,OAK,KC,10.0,28.0,18.0,38.0,7.0,53.5,,,,,-1.05,45.3,,,,,-11.0,15.5,-18.0,-19.05,,True,outdoors,no_prior_season_situational_for_packaged_priors,rolling_features_unavailable_pre_2023
2019,2,2019-09-15,LAC@DET,DET,LAC,13.0,10.0,-3.0,23.0,1.0,47.0,,,,,5.45,45.5201,,,,,4.0,24.0,3.0,1.95,False,True,dome,no_prior_season_situational_for_packaged_priors,rolling_features_unavailable_pre_2023
2019,2,2019-09-15,MIN@GB,GB,MIN,21.0,16.0,-5.0,37.0,-3.0,43.0,,,,,-1.05,45.3,,,,,2.0,6.0,5.0,3.95,True,True,outdoors,no_prior_season_situational_for_packaged_priors,rolling_features_unavailable_pre_2023
2019,2,2019-09-15,NE@MIA,MIA,NE,0.0,43.0,43.0,43.0,18.0,48.5,,,,,5.45,45.5201,,,,,-25.0,5.5,-43.0,-44.05,True,True,outdoors,no_prior_season_situational_for_packaged_priors,rolling_features_unavailable_pre_2023
2019,2,2019-09-15,NO@LAR,LAR,NO,27.0,9.0,-18.0,36.0,-2.0,52.5,,,,,-1.05,45.3,,,,,16.0,16.5,18.0,16.95,False,True,outdoors,no_prior_season_situational_for_packaged_priors,rolling_features_unavailable_pre_2023
2019,2,2019-09-15,PHI@ATL,ATL,PHI,24.0,20.0,-4.0,44.0,1.0,53.0,,,,,5.45,45.5201,,,,,5.0,9.0,4.0,2.95,False,True,open,no_prior_season_situational_for_packaged_priors,rolling_features_unavailable_pre_2023
2019,2,2019-09-15,SEA@PIT,PIT,SEA,26.0,28.0,2.0,54.0,-4.0,47.0,,,,,5.45,45.5201,,,,,-6.0,-7.0,-2.0,-3.05,False,True,outdoors,no_prior_season_situational_for_packaged_priors,rolling_features_unavailable_pre_2023
2019,2,2019-09-15,SF@CIN,CIN,SF,17.0,41.0,24.0,58.0,-1.0,46.0,,,,,5.45,45.5201,,,,,-25.0,-12.0,-24.0,-25.05,False,True,outdoors,no_prior_season_situational_for_packaged_priors,rolling_features_unavailable_pre_2023
2019,2,2019-09-12,TB@CAR,CAR,TB,14.0,20.0,6.0,34.0,-6.5,48.0,,,,,-1.05,44.8435,,,,,-12.5,14.0,-6.0,-7.05,True,True,outdoors,no_prior_season_situational_for_packaged_priors,rolling_features_unavailable_pre_2023
2019,3,2019-09-22,ATL@IND,IND,ATL,27.0,24.0,-3.0,51.0,-1.0,48.0,,,,,-1.05,45.0941,,,,,2.0,-3.0,3.0,1.95,False,True,closed,no_prior_season_situational_for_packaged_priors,rolling_features_unavailable_pre_2023
2019,3,2019-09-22,BAL@KC,KC,BAL,33.0,28.0,-5.0,61.0,-4.5,52.0,,,,,-1.05,45.3,,,,,0.5,-9.0,5.0,3.95,False,True,outdoors,no_prior_season_situational_for_packaged_priors,rolling_features_unavailable_pre_2023
2019,3,2019-09-22,CAR@ARI,ARI,CAR,20.0,38.0,18.0,58.0,-2.5,46.0,,,,,-1.05,44.8435,,,,,-20.5,-12.0,-18.0,-19.05,False,True,closed,no_prior_season_situational_for_packaged_priors,rolling_features_unavailable_pre_2023
2019,3,2019-09-23,CHI@WSH,WSH,CHI,15.0,31.0,16.0,46.0,5.0,41.0,,,,,2.3976,45.0919,,,,,-11.0,-5.0,-16.0,-17.05,False,True,outdoors,no_prior_season_situational_for_packaged_priors,rolling_features_unavailable_pre_2023
2019,3,2019-09-22,CIN@BUF,BUF,CIN,21.0,17.0,-4.0,38.0,-5.5,43.5,,,,,-7.55,45.5201,,,,,-1.5,5.5,4.0,2.95,False,True,outdoors,no_prior_season_situational_for_packaged_priors,rolling_features_unavailable_pre_2023
2019,3,2019-09-22,DEN@GB,GB,DEN,27.0,16.0,-11.0,43.0,-7.0,42.0,,,,,-7.55,45.5201,,,,,4.0,-1.0,11.0,9.95,False,True,outdoors,no_prior_season_situational_for_packaged_priors,rolling_features_unavailable_pre_2023
2019,3,2019-09-22,DET@PHI,PHI,DET,24.0,27.0,3.0,51.0,-4.0,45.0,,,,,2.0901,45.2982,,,,,-7.0,-6.0,-3.0,-4.05,False,True,outdoors,no_prior_season_situational_for_packaged_priors,rolling_features_unavailable_pre_2023
2019,3,2019-09-22,HOU@LAC,LAC,HOU,20.0,27.0,7.0,47.0,-3.0,49.0,,,,,-1.05,45.0941,,,,,-10.0,2.0,-7.0,-8.05,False,True,outdoors,no_prior_season_situational_for_packaged_priors,rolling_features_unavailable_pre_2023
2019,3,2019-09-22,LAR@CLE,CLE,LAR,13.0,20.0,7.0,33.0,4.0,48.0,,,,,2.0901,45.2982,,,,,-3.0,15.0,-7.0,-8.05,False,True,outdoors,no_prior_season_situational_for_packaged_priors,rolling_features_unavailable_pre_2023
2019,3,2019-09-22,MIA@DAL,DAL,MIA,31.0,6.0,-25.0,37.0,-22.0,46.5,,,,,-7.55,45.5201,,,,,3.0,9.5,25.0,23.95,False,True,closed,no_prior_season_situational_for_packaged_priors,rolling_features_unavailable_pre_2023
2019,3,2019-09-22,NO@SEA,SEA,NO,27.0,33.0,6.0,60.0,-5.0,44.0,,,,,-4.1901,45.2982,,,,,-11.0,-16.0,-6.0,-7.05,False,True,outdoors,no_prior_season_situational_for_packaged_priors,rolling_features_unavailable_pre_2023
2019,3,2019-09-22,NYG@TB,TB,NYG,31.0,32.0,1.0,63.0,-5.0,48.0,,,,,-4.4976,45.0919,,,,,-6.0,-15.0,-1.0,-2.05,False,True,outdoors,no_prior_season_situational_for_packaged_priors,rolling_features_unavailable_pre_2023
2019,3,2019-09-22,NYJ@NE,NE,NYJ,30.0,14.0,-16.0,44.0,-20.5,43.0,,,,,-7.55,45.5201,,,,,-4.5,-1.0,16.0,14.95,True,True,outdoors,no_prior_season_situational_for_packaged_priors,rolling_features_unavailable_pre_2023
2019,3,2019-09-22,OAK@MIN,MIN,OAK,34.0,14.0,-20.0,48.0,-8.5,43.0,,,,,-1.05,45.0941,,,,,11.5,-5.0,20.0,18.95,,True,dome,no_prior_season_situational_for_packaged_priors,rolling_features_unavailable_pre_2023
2019,3,2019-09-22,PIT@SF,SF,PIT,24.0,20.0,-4.0,44.0,-6.0,44.5,,,,,-7.55,45.5201,,,,,-2.0,0.5,4.0,2.95,False,True,outdoors,no_prior_season_situational_for_packaged_priors,rolling_features_unavailable_pre_2023
2019,3,2019-09-19,TEN@JAX,JAX,TEN,20.0,7.0,-13.0,27.0,1.5,38.0,,,,,2.3976,45.0919,,,,,14.5,11.0,13.0,11.95,True,True,outdoors,no_prior_season_situational_for_packaged_priors,rolling_features_unavailable_pre_2023
2019,4,2019-09-29,CAR@HOU,HOU,CAR,10.0,16.0,6.0,26.0,-5.5,47.5,,,,,-3.2382,45.141,,,,,-11.5,21.5,-6.0,-7.05,False,True,closed,no_prior_season_situational_for_packaged_priors,rolling_features_unavailable_pre_2023
2019,4,2019-09-30,CIN@PIT,PIT,CIN,27.0,3.0,-24.0,30.0,-3.5,45.5,,,,,-1.05,44.8435,,,,,20.5,15.5,24.0,22.95,True,True,outdoors,no_prior_season_situational_for_packaged_priors,rolling_features_unavailable_pre_2023
2019,4,2019-09-29,CLE@BAL,BAL,CLE,25.0,40.0,15.0,65.0,-7.5,47.0,,,,,-3.2382,45.141,,,,,-22.5,-18.0,-15.0,-16.05,True,True,outdoors,no_prior_season_situational_for_packaged_priors,rolling_features_unavailable_pre_2023
2019,4,2019-09-29,DAL@NO,NO,DAL,12.0,10.0,-2.0,22.0,2.5,47.0,,,,,1.0103,45.2771,,,,,4.5,25.0,2.0,0.95,False,True,dome,no_prior_season_situational_for_packaged_priors,rolling_features_unavailable_pre_2023
2019,4,2019-09-29,JAX@DEN,DEN,JAX,24.0,26.0,2.0,50.0,-2.5,37.0,,,,,1.2829,44.9864,,,,,-4.5,-13.0,-2.0,-3.05,False,True,outdoors,no_prior_season_situational_for_packaged_priors,rolling_features_unavailable_pre_2023
2019,4,2019-09-29,KC@DET,DET,KC,30.0,34.0,4.0,64.0,7.5,54.5,,,,,-1.05,45.3,,,,,3.5,-9.5,-4.0,-5.05,False,True,dome,no_prior_season_situational_for_packaged_priors,rolling_features_unavailable_pre_2023
2019,4,2019-09-29,LAC@MIA,MIA,LAC,10.0,30.0,20.0,40.0,15.0,43.5,,,,,1.2829,44.9864,,,,,-5.0,3.5,-20.0,-21.05,False,True,outdoors,no_prior_season_situational_for_packaged_priors,rolling_features_unavailable_pre_2023
2019,4,2019-09-29,MIN@CHI,CHI,MIN,16.0,6.0,-10.0,22.0,1.0,38.0,,,,,-1.05,45.1671,,,,,11.0,16.0,10.0,8.95,True,True,outdoors,no_prior_season_situational_for_packaged_priors,rolling_features_unavailable_pre_2023
2019,4,2019-09-29,NE@BUF,BUF,NE,10.0,16.0,6.0,26.0,7.0,41.5,,,,,-1.05,45.3,,,,,1.0,15.5,-6.0,-7.05,True,True,outdoors,no_prior_season_situational_for_packaged_priors,rolling_features_unavailable_pre_2023
2019,4,2019-09-29,OAK@IND,IND,OAK,24.0,31.0,7.0,55.0,-5.5,46.0,,,,,-3.2382,45.141,,,,,-12.5,-9.0,-7.0,-8.05,,True,closed,no_prior_season_situational_for_packaged_priors,rolling_features_unavailable_pre_2023
2019,4,2019-09-26,PHI@GB,GB,PHI,27.0,34.0,7.0,61.0,-3.5,46.0,,,,,-5.3074,45.3439,,,,,-10.5,-15.0,-7.0,-8.05,False,True,outdoors,no_prior_season_situational_for_packaged_priors,rolling_features_unavailable_pre_2023
2019,4,2019-09-29,SEA@ARI,ARI,SEA,10.0,27.0,17.0,37.0,5.5,49.0,,,,,3.482,45.2172,,,,,-11.5,12.0,-17.0,-18.05,True,True,closed,no_prior_season_situational_for_packaged_priors,rolling_features_unavailable_pre_2023
2019,4,2019-09-29,TB@LAR,LAR,TB,40.0,55.0,15.0,95.0,-9.0,48.5,,,,,-5.3074,45.3439,,,,,-24.0,-46.5,-15.0,-16.05,False,True,outdoors,no_prior_season_situational_for_packaged_priors,rolling_features_unavailable_pre_2023
2019,4,2019-09-29,TEN@ATL,ATL,TEN,10.0,24.0,14.0,34.0,-3.5,46.0,,,,,-1.05,45.0162,,,,,-17.5,12.0,-14.0,-15.05,False,True,closed,no_prior_season_situational_for_packaged_priors,rolling_features_unavailable_pre_2023
2019,4,2019-09-29,WSH@NYG,NYG,WSH,24.0,3.0,-21.0,27.0,-3.0,48.0,,,,,-3.3829,44.9864,,,,,18.0,21.0,21.0,19.95,True,True,outdoors,no_prior_season_situational_for_packaged_priors,rolling_features_unavailable_pre_2023
2019,5,2019-10-06,ARI@CIN,CIN,ARI,23.0,26.0,3.0,49.0,-3.0,45.0,,,,,-1.05,44.8435,,,,,-6.0,-4.0,-3.0,-4.05,False,False,outdoors,no_prior_season_situational_for_packaged_priors,rolling_features_unavailable_pre_2023
2019,5,2019-10-06,ATL@HOU,HOU,ATL,53.0,32.0,-21.0,85.0,-4.0,49.0,,,,,-2.7294,45.0639,,,,,17.0,-36.0,21.0,19.95,False,False,closed,no_prior_season_situational_for_packaged_priors,rolling_features_unavailable_pre_2023
2019,5,2019-10-06,BAL@PIT,PIT,BAL,23.0,26.0,3.0,49.0,3.5,44.0,,,,,0.6294,45.0639,,,,,0.5,-5.0,-3.0,-4.05,True,False,outdoors,no_prior_season_situational_for_packaged_priors,rolling_features_unavailable_pre_2023
2019,5,2019-10-06,BUF@TEN,TEN,BUF,7.0,14.0,7.0,21.0,-3.5,39.5,,,,,0.5531,45.1745,,,,,-10.5,18.5,-7.0,-8.05,False,False,outdoors,no_prior_season_situational_for_packaged_priors,rolling_features_unavailable_pre_2023
2019,5,2019-10-06,CHI@OAK,OAK,CHI,24.0,21.0,-3.0,45.0,6.5,39.5,,,,,0.5531,45.1745,,,,,9.5,-5.5,3.0,1.95,,False,outdoors,no_prior_season_situational_for_packaged_priors,rolling_features_unavailable_pre_2023
2019,5,2019-10-07,CLE@SF,SF,CLE,31.0,3.0,-28.0,34.0,-5.0,47.5,,,,,-4.1901,45.2982,,,,,23.0,13.5,28.0,26.95,False,False,outdoors,no_prior_season_situational_for_packaged_priors,rolling_features_unavailable_pre_2023
2019,5,2019-10-06,DEN@LAC,LAC,DEN,13.0,20.0,7.0,33.0,-4.0,46.0,,,,,-4.4976,45.0919,,,,,-11.0,13.0,-7.0,-8.05,True,False,outdoors,no_prior_season_situational_for_packaged_priors,rolling_features_unavailable_pre_2023
2019,5,2019-10-06,GB@DAL,DAL,GB,24.0,34.0,10.0,58.0,-3.5,46.5,,,,,-1.05,45.2019,,,,,-13.5,-11.5,-10.0,-11.05,False,False,closed,no_prior_season_situational_for_packaged_priors,rolling_features_unavailable_pre_2023
2019,5,2019-10-06,IND@KC,KC,IND,13.0,19.0,6.0,32.0,-10.5,55.5,,,,,-4.1901,45.2982,,,,,-16.5,23.5,-6.0,-7.05,False,False,outdoors,no_prior_season_situational_for_packaged_priors,rolling_features_unavailable_pre_2023
2019,5,2019-10-06,JAX@CAR,CAR,JAX,34.0,27.0,-7.0,61.0,-3.0,41.0,,,,,-1.05,45.0941,,,,,4.0,-20.0,7.0,5.95,False,False,outdoors,no_prior_season_situational_for_packaged_priors,rolling_features_unavailable_pre_2023
2019,5,2019-10-03,LAR@SEA,SEA,LAR,30.0,29.0,-1.0,59.0,-1.5,49.0,,,,,-1.05,45.2019,,,,,-0.5,-10.0,1.0,-0.050000000000000044,True,False,outdoors,no_prior_season_situational_for_packaged_priors,rolling_features_unavailable_pre_2023
2019,5,2019-10-06,MIN@NYG,NYG,MIN,10.0,28.0,18.0,38.0,5.5,44.0,,,,,-1.05,45.0941,,,,,-12.5,6.0,-18.0,-19.05,False,False,outdoors,no_prior_season_situational_for_packaged_priors,rolling_features_unavailable_pre_2023
2019,5,2019-10-06,NE@WSH,WSH,NE,7.0,33.0,26.0,40.0,15.5,42.0,,,,,5.45,45.5201,,,,,-10.5,2.0,-26.0,-27.05,False,False,outdoors,no_prior_season_situational_for_packaged_priors,rolling_features_unavailable_pre_2023
2019,5,2019-10-06,NYJ@PHI,PHI,NYJ,31.0,6.0,-25.0,37.0,-14.0,43.0,,,,,-4.4976,45.0919,,,,,11.0,6.0,25.0,23.95,False,False,outdoors,no_prior_season_situational_for_packaged_priors,rolling_features_unavailable_pre_2023
2019,5,2019-10-06,TB@NO,NO,TB,31.0,24.0,-7.0,55.0,-3.0,46.0,,,,,-2.6531,45.1745,,,,,4.0,-9.0,7.0,5.95,True,False,dome,no_prior_season_situational_for_packaged_priors,rolling_features_unavailable_pre_2023
2019,6,2019-10-13,ATL@ARI,ARI,ATL,34.0,33.0,-1.0,67.0,3.0,52.5,,,,,-1.3955,44.9639,,,,,4.0,-14.5,1.0,-0.050000000000000044,False,False,closed,no_prior_season_situational_for_packaged_priors,rolling_features_unavailable_pre_2023
2019,6,2019-10-13,CAR@TB,TB,CAR,26.0,37.0,11.0,63.0,2.0,48.5,,,,,0.262,45.111,,,,,-9.0,-14.5,-11.0,-12.05,True,False,outdoors,no_prior_season_situational_for_packaged_priors,rolling_features_unavailable_pre_2023
2019,6,2019-10-13,CIN@BAL,BAL,CIN,23.0,17.0,-6.0,40.0,-10.5,47.0,,,,,-5.1517,45.1648,,,,,-4.5,7.0,6.0,4.95,True,False,outdoors,no_prior_season_situational_for_packaged_priors,rolling_features_unavailable_pre_2023
2019,6,2019-10-13,DAL@NYJ,NYJ,DAL,24.0,22.0,-2.0,46.0,7.0,43.5,,,,,3.0517,45.1648,,,,,9.0,-2.5,2.0,0.95,False,False,outdoors,no_prior_season_situational_for_packaged_priors,rolling_features_unavailable_pre_2023
2019,6,2019-10-14,DET@GB,GB,DET,23.0,22.0,-1.0,45.0,-3.5,47.0,,,,,-1.8881,45.2019,,,,,-2.5,2.0,1.0,-0.050000000000000044,True,False,outdoors,no_prior_season_situational_for_packaged_priors,rolling_features_unavailable_pre_2023
2019,6,2019-10-13,HOU@KC,KC,HOU,24.0,31.0,7.0,55.0,-3.5,54.5,,,,,-2.315,45.1968,,,,,-10.5,-0.5,-7.0,-8.05,False,False,outdoors,no_prior_season_situational_for_packaged_priors,rolling_features_unavailable_pre_2023
2019,6,2019-10-13,NO@JAX,JAX,NO,6.0,13.0,7.0,19.0,-2.5,42.5,,,,,1.529,45.2036,,,,,-9.5,23.5,-7.0,-8.05,False,False,outdoors,no_prior_season_situational_for_packaged_priors,rolling_features_unavailable_pre_2023
2019,6,2019-10-10,NYG@NE,NE,NYG,35.0,14.0,-21.0,49.0,-16.5,43.0,,,,,-4.8557,45.3225,,,,,4.5,-6.0,21.0,19.95,False,False,outdoors,no_prior_season_situational_for_packaged_priors,rolling_features_unavailable_pre_2023
2019,6,2019-10-13,PHI@MIN,MIN,PHI,38.0,20.0,-18.0,58.0,-3.5,44.0,,,,,-1.05,45.1385,,,,,14.5,-14.0,18.0,16.95,False,False,dome,no_prior_season_situational_for_packaged_priors,rolling_features_unavailable_pre_2023
2019,6,2019-10-13,PIT@LAC,LAC,PIT,17.0,24.0,7.0,41.0,-6.0,42.5,,,,,-2.4127,45.0182,,,,,-13.0,1.5,-7.0,-8.05,False,False,outdoors,no_prior_season_situational_for_packaged_priors,rolling_features_unavailable_pre_2023
2019,6,2019-10-13,SEA@CLE,CLE,SEA,28.0,32.0,4.0,60.0,-1.0,45.5,,,,,1.529,45.2036,,,,,-5.0,-14.5,-4.0,-5.05,False,False,outdoors,no_prior_season_situational_for_packaged_priors,rolling_features_unavailable_pre_2023
2019,6,2019-10-13,SF@LAR,LAR,SF,7.0,20.0,13.0,27.0,-3.0,49.5,,,,,1.4379,45.2827,,,,,-16.0,22.5,-13.0,-14.05,True,False,outdoors,no_prior_season_situational_for_packaged_priors,rolling_features_unavailable_pre_2023
2019,6,2019-10-13,TEN@DEN,DEN,TEN,16.0,0.0,-16.0,16.0,-1.0,41.0,,,,,0.3127,45.0182,,,,,15.0,25.0,16.0,14.95,False,False,outdoors,no_prior_season_situational_for_packaged_priors,rolling_features_unavailable_pre_2023
2019,6,2019-10-13,WSH@MIA,MIA,WSH,16.0,17.0,1.0,33.0,6.0,42.0,,,,,-1.05,44.8435,,,,,5.0,9.0,-1.0,-2.05,False,False,outdoors,no_prior_season_situational_for_packaged_priors,rolling_features_unavailable_pre_2023
2019,7,2019-10-20,ARI@NYG,NYG,ARI,21.0,27.0,6.0,48.0,-3.5,49.5,,,,,-0.6017,45.0342,,,,,-9.5,1.5,-6.0,-7.05,False,False,outdoors,no_prior_season_situational_for_packaged_priors,rolling_features_unavailable_pre_2023
2019,7,2019-10-20,BAL@SEA,SEA,BAL,16.0,30.0,14.0,46.0,-3.0,49.0,,,,,-2.0947,45.2125,,,,,-17.0,3.0,-14.0,-15.05,False,False,outdoors,no_prior_season_situational_for_packaged_priors,rolling_features_unavailable_pre_2023
2019,7,2019-10-20,HOU@IND,IND,HOU,30.0,23.0,-7.0,53.0,-1.5,46.5,,,,,-0.6234,45.1546,,,,,5.5,-6.5,7.0,5.95,True,False,open,no_prior_season_situational_for_packaged_priors,rolling_features_unavailable_pre_2023
2019,7,2019-10-20,JAX@CIN,CIN,JAX,17.0,27.0,10.0,44.0,4.0,44.5,,,,,1.2829,44.9864,,,,,-6.0,0.5,-10.0,-11.05,False,False,outdoors,no_prior_season_situational_for_packaged_priors,rolling_features_unavailable_pre_2023
2019,7,2019-10-17,KC@DEN,DEN,KC,6.0,30.0,24.0,36.0,3.0,49.5,,,,,1.1382,45.141,,,,,-21.0,13.5,-24.0,-25.05,True,False,outdoors,no_prior_season_situational_for_packaged_priors,rolling_features_unavailable_pre_2023
2019,7,2019-10-20,LAR@ATL,ATL,LAR,10.0,37.0,27.0,47.0,3.0,54.5,,,,,1.2082,45.0663,,,,,-24.0,7.5,-27.0,-28.05,False,False,open,no_prior_season_situational_for_packaged_priors,rolling_features_unavailable_pre_2023
2019,7,2019-10-20,LAC@TEN,TEN,LAC,23.0,20.0,-3.0,43.0,-3.0,42.5,,,,,-1.05,45.0162,,,,,0.0,-0.5,3.0,1.95,False,False,outdoors,no_prior_season_situational_for_packaged_priors,rolling_features_unavailable_pre_2023
2019,7,2019-10-20,MIA@BUF,BUF,MIA,31.0,21.0,-10.0,52.0,-17.0,42.5,,,,,-6.4297,45.3304,,,,,-7.0,-9.5,10.0,8.95,True,False,outdoors,no_prior_season_situational_for_packaged_priors,rolling_features_unavailable_pre_2023
2019,7,2019-10-20,MIN@DET,DET,MIN,30.0,42.0,12.0,72.0,2.5,43.5,,,,,0.0265,45.1425,,,,,-9.5,-28.5,-12.0,-13.05,True,False,dome,no_prior_season_situational_for_packaged_priors,rolling_features_unavailable_pre_2023
2019,7,2019-10-21,NE@NYJ,NYJ,NE,0.0,33.0,33.0,33.0,9.5,43.0,,,,,4.131,45.4,,,,,-23.5,10.0,-33.0,-34.05,True,False,outdoors,no_prior_season_situational_for_packaged_priors,rolling_features_unavailable_pre_2023
2019,7,2019-10-20,NO@CHI,CHI,NO,25.0,36.0,11.0,61.0,-4.0,37.0,,,,,0.4216,45.2093,,,,,-15.0,-24.0,-11.0,-12.05,False,False,outdoors,no_prior_season_situational_for_packaged_priors,rolling_features_unavailable_pre_2023
2019,7,2019-10-20,OAK@GB,GB,OAK,42.0,24.0,-18.0,66.0,-5.5,48.0,,,,,-2.5216,45.2093,,,,,12.5,-18.0,18.0,16.95,,False,outdoors,no_prior_season_situational_for_packaged_priors,rolling_features_unavailable_pre_2023
2019,7,2019-10-20,PHI@DAL,DAL,PHI,37.0,10.0,-27.0,47.0,-3.0,50.0,,,,,-1.05,45.0941,,,,,24.0,3.0,27.0,25.95,True,False,closed,no_prior_season_situational_for_packaged_priors,rolling_features_unavailable_pre_2023
2019,7,2019-10-20,SF@WSH,WSH,SF,0.0,9.0,9.0,9.0,10.0,39.0,,,,,4.3663,45.4169,,,,,1.0,30.0,-9.0,-10.05,False,False,outdoors,no_prior_season_situational_for_packaged_priors,rolling_features_unavailable_pre_2023
2019,8,2019-10-27,ARI@NO,NO,ARI,31.0,9.0,-22.0,40.0,-12.5,47.5,,,,,-3.3193,45.2225,,,,,9.5,7.5,22.0,20.95,False,False,dome,no_prior_season_situational_for_packaged_priors,rolling_features_unavailable_pre_2023
2019,8,2019-10-27,CAR@SF,SF,CAR,51.0,13.0,-38.0,64.0,-4.5,41.0,,,,,-3.1103,45.2771,,,,,33.5,-23.0,38.0,36.95,False,False,outdoors,no_prior_season_situational_for_packaged_priors,rolling_features_unavailable_pre_2023
2019,8,2019-10-27,CIN@LAR,LAR,CIN,24.0,10.0,-14.0,34.0,-12.0,48.5,,,,,-4.9659,45.1433,,,,,2.0,14.5,14.0,12.95,False,False,outdoors,no_prior_season_situational_for_packaged_priors,rolling_features_unavailable_pre_2023
2019,8,2019-10-27,CLE@NE,NE,CLE,27.0,13.0,-14.0,40.0,-9.5,43.0,,,,,-5.3074,45.3439,,,,,4.5,3.0,14.0,12.95,False,False,outdoors,no_prior_season_situational_for_packaged_priors,rolling_features_unavailable_pre_2023
2019,8,2019-10-27,DEN@IND,IND,DEN,15.0,13.0,-2.0,28.0,-6.0,41.0,,,,,-3.5627,45.1452,,,,,-4.0,13.0,2.0,0.95,False,False,open,no_prior_season_situational_for_packaged_priors,rolling_features_unavailable_pre_2023
2019,8,2019-10-27,GB@KC,KC,GB,24.0,31.0,7.0,55.0,5.0,48.0,,,,,-0.1603,45.2242,,,,,-2.0,-7.0,-7.0,-8.05,False,False,outdoors,no_prior_season_situational_for_packaged_priors,rolling_features_unavailable_pre_2023
2019,8,2019-10-27,LAC@CHI,CHI,LAC,16.0,17.0,1.0,33.0,-3.5,41.0,,,,,-2.4844,45.0648,,,,,-4.5,8.0,-1.0,-2.05,False,False,outdoors,no_prior_season_situational_for_packaged_priors,rolling_features_unavailable_pre_2023
2019,8,2019-10-28,MIA@PIT,PIT,MIA,27.0,14.0,-13.0,41.0,-14.0,44.0,,,,,-3.3829,44.9864,,,,,-1.0,3.0,13.0,11.95,False,False,outdoors,no_prior_season_situational_for_packaged_priors,rolling_features_unavailable_pre_2023
2019,8,2019-10-27,NYG@DET,DET,NYG,31.0,26.0,-5.0,57.0,-6.5,49.0,,,,,-1.8221,45.0267,,,,,-1.5,-8.0,5.0,3.95,False,False,dome,no_prior_season_situational_for_packaged_priors,rolling_features_unavailable_pre_2023
2019,8,2019-10-27,NYJ@JAX,JAX,NYJ,29.0,15.0,-14.0,44.0,-7.0,39.5,,,,,-2.8358,45.0302,,,,,7.0,-4.5,14.0,12.95,False,False,outdoors,no_prior_season_situational_for_packaged_priors,rolling_features_unavailable_pre_2023
2019,8,2019-10-27,OAK@HOU,HOU,OAK,27.0,24.0,-3.0,51.0,-5.0,52.0,,,,,-1.5153,45.1123,,,,,-2.0,1.0,3.0,1.95,,False,closed,no_prior_season_situational_for_packaged_priors,rolling_features_unavailable_pre_2023
2019,8,2019-10-27,PHI@BUF,BUF,PHI,13.0,31.0,18.0,44.0,-1.0,39.5,,,,,-3.6451,45.2177,,,,,-19.0,-4.5,-18.0,-19.05,False,False,outdoors,no_prior_season_situational_for_packaged_priors,rolling_features_unavailable_pre_2023
2019,8,2019-10-27,SEA@ATL,ATL,SEA,20.0,27.0,7.0,47.0,7.5,48.5,,,,,2.7598,45.2034,,,,,0.5,1.5,-7.0,-8.05,False,False,open,no_prior_season_situational_for_packaged_priors,rolling_features_unavailable_pre_2023
2019,8,2019-10-27,TB@TEN,TEN,TB,27.0,23.0,-4.0,50.0,-2.0,45.5,,,,,-1.6887,45.043,,,,,2.0,-4.5,4.0,2.95,False,False,outdoors,no_prior_season_situational_for_packaged_priors,rolling_features_unavailable_pre_2023
2019,8,2019-10-24,WSH@MIN,MIN,WSH,19.0,9.0,-10.0,28.0,-16.5,42.0,,,,,-4.8598,45.2034,,,,,-6.5,14.0,10.0,8.95,False,False,dome,no_prior_season_situational_for_packaged_priors,rolling_features_unavailable_pre_2023
2019,9,2019-11-03,CHI@PHI,PHI,CHI,22.0,14.0,-8.0,36.0,-5.0,41.0,,,,,-1.5215,45.08,,,,,3.0,5.0,8.0,6.95,False,False,outdoors,no_prior_season_situational_for_packaged_priors,rolling_features_unavailable_pre_2023
2019,9,2019-11-03,CLE@DEN,DEN,CLE,24.0,19.0,-5.0,43.0,4.0,39.0,,,,,-0.8052,44.9847,,,,,9.0,-4.0,5.0,3.95,False,False,outdoors,no_prior_season_situational_for_packaged_priors,rolling_features_unavailable_pre_2023
2019,9,2019-11-04,DAL@NYG,NYG,DAL,18.0,37.0,19.0,55.0,6.5,48.5,,,,,1.0955,45.0982,,,,,-12.5,-6.5,-19.0,-20.05,True,False,outdoors,no_prior_season_situational_for_packaged_priors,rolling_features_unavailable_pre_2023
2019,9,2019-11-03,DET@OAK,OAK,DET,31.0,24.0,-7.0,55.0,-2.5,51.5,,,,,-0.5785,45.08,,,,,4.5,-3.5,7.0,5.95,,False,outdoors,no_prior_season_situational_for_packaged_priors,rolling_features_unavailable_pre_2023
2019,9,2019-11-03,GB@LAC,LAC,GB,26.0,11.0,-15.0,37.0,4.0,50.0,,,,,2.1617,45.2501,,,,,19.0,13.0,15.0,13.95,False,False,outdoors,no_prior_season_situational_for_packaged_priors,rolling_features_unavailable_pre_2023
2019,9,2019-11-03,HOU@JAX,JAX,HOU,3.0,26.0,23.0,29.0,-1.0,46.0,,,,,-0.2396,45.1285,,,,,-24.0,17.0,-23.0,-24.05,True,False,outdoors,no_prior_season_situational_for_packaged_priors,rolling_features_unavailable_pre_2023
2019,9,2019-11-03,IND@PIT,PIT,IND,26.0,24.0,-2.0,50.0,-1.0,39.5,,,,,0.8004,45.1595,,,,,1.0,-10.5,2.0,0.95,False,False,outdoors,no_prior_season_situational_for_packaged_priors,rolling_features_unavailable_pre_2023
2019,9,2019-11-03,MIN@KC,KC,MIN,26.0,23.0,-3.0,49.0,5.5,46.0,,,,,-0.2578,45.182,,,,,8.5,-3.0,3.0,1.95,False,False,outdoors,no_prior_season_situational_for_packaged_priors,rolling_features_unavailable_pre_2023
2019,9,2019-11-03,NE@BAL,BAL,NE,37.0,20.0,-17.0,57.0,3.0,44.5,,,,,0.7082,45.2752,,,,,20.0,-12.5,17.0,15.95,False,False,outdoors,no_prior_season_situational_for_packaged_priors,rolling_features_unavailable_pre_2023
2019,9,2019-11-03,NYJ@MIA,MIA,NYJ,26.0,18.0,-8.0,44.0,3.5,42.5,,,,,-0.032,44.8928,,,,,11.5,-1.5,8.0,6.95,True,False,outdoors,no_prior_season_situational_for_packaged_priors,rolling_features_unavailable_pre_2023
2019,9,2019-10-31,SF@ARI,ARI,SF,25.0,28.0,3.0,53.0,10.5,43.5,,,,,2.5641,45.3146,,,,,7.5,-9.5,-3.0,-4.05,True,False,closed,no_prior_season_situational_for_packaged_priors,rolling_features_unavailable_pre_2023
2019,9,2019-11-03,TB@SEA,SEA,TB,40.0,34.0,-6.0,74.0,-4.0,51.0,,,,,-4.0907,45.1927,,,,,2.0,-23.0,6.0,4.95,False,False,outdoors,no_prior_season_situational_for_packaged_priors,rolling_features_unavailable_pre_2023
2019,9,2019-11-03,TEN@CAR,CAR,TEN,30.0,20.0,-10.0,50.0,-3.5,43.0,,,,,-1.5153,45.1123,,,,,6.5,-7.0,10.0,8.95,False,False,outdoors,no_prior_season_situational_for_packaged_priors,rolling_features_unavailable_pre_2023
2019,9,2019-11-03,WSH@BUF,BUF,WSH,24.0,9.0,-15.0,33.0,-10.5,37.0,,,,,-4.9863,45.2088,,,,,4.5,4.0,15.0,13.95,False,False,outdoors,no_prior_season_situational_for_packaged_priors,rolling_features_unavailable_pre_2023
2019,10,2019-11-10,ARI@TB,TB,ARI,30.0,27.0,-3.0,57.0,-5.5,51.0,,,,,-0.2006,45.0132,,,,,-2.5,-6.0,3.0,1.95,False,False,outdoors,no_prior_season_situational_for_packaged_priors,rolling_features_unavailable_pre_2023
2019,10,2019-11-10,ATL@NO,NO,ATL,9.0,26.0,17.0,35.0,-14.0,51.5,,,,,-5.9948,45.3327,,,,,-31.0,16.5,-17.0,-18.05,True,False,dome,no_prior_season_situational_for_packaged_priors,rolling_features_unavailable_pre_2023
2019,10,2019-11-10,BAL@CIN,CIN,BAL,13.0,49.0,36.0,62.0,10.5,44.0,,,,,4.0138,45.2867,,,,,-25.5,-18.0,-36.0,-37.05,True,False,outdoors,no_prior_season_situational_for_packaged_priors,rolling_features_unavailable_pre_2023
2019,10,2019-11-10,BUF@CLE,CLE,BUF,19.0,16.0,-3.0,35.0,-3.0,42.0,,,,,2.2366,45.1998,,,,,0.0,7.0,3.0,1.95,False,False,outdoors,no_prior_season_situational_for_packaged_priors,rolling_features_unavailable_pre_2023
2019,10,2019-11-10,CAR@GB,GB,CAR,24.0,16.0,-8.0,40.0,-5.0,49.0,,,,,-2.0159,45.1908,,,,,3.0,9.0,8.0,6.95,False,False,outdoors,no_prior_season_situational_for_packaged_priors,rolling_features_unavailable_pre_2023
2019,10,2019-11-10,DET@CHI,CHI,DET,20.0,13.0,-7.0,33.0,-6.0,38.0,,,,,-0.6922,45.0501,,,,,1.0,5.0,7.0,5.95,True,False,outdoors,no_prior_season_situational_for_packaged_priors,rolling_features_unavailable_pre_2023
2019,10,2019-11-10,KC@TEN,TEN,KC,35.0,32.0,-3.0,67.0,5.0,49.0,,,,,0.393,45.1394,,,,,8.0,-18.0,3.0,1.95,False,False,outdoors,no_prior_season_situational_for_packaged_priors,rolling_features_unavailable_pre_2023
2019,10,2019-11-07,LAC@OAK,OAK,LAC,26.0,24.0,-2.0,50.0,1.0,49.0,,,,,-1.4162,45.0828,,,,,3.0,-1.0,2.0,0.95,,False,outdoors,no_prior_season_situational_for_packaged_priors,rolling_features_unavailable_pre_2023
2019,10,2019-11-10,LAR@PIT,PIT,LAR,17.0,12.0,-5.0,29.0,4.0,43.0,,,,,-0.2396,45.1285,,,,,9.0,14.0,5.0,3.95,False,False,outdoors,no_prior_season_situational_for_packaged_priors,rolling_features_unavailable_pre_2023
2019,10,2019-11-10,MIA@IND,IND,MIA,12.0,16.0,4.0,28.0,-11.0,44.5,,,,,-4.4152,45.1472,,,,,-15.0,16.5,-4.0,-5.05,False,False,closed,no_prior_season_situational_for_packaged_priors,rolling_features_unavailable_pre_2023
2019,10,2019-11-10,MIN@DAL,DAL,MIN,24.0,28.0,4.0,52.0,-3.5,48.5,,,,,-0.784,45.1589,,,,,-7.5,-3.5,-4.0,-5.05,False,False,closed,no_prior_season_situational_for_packaged_priors,rolling_features_unavailable_pre_2023
2019,10,2019-11-10,NYG@NYJ,NYJ,NYG,34.0,27.0,-7.0,61.0,3.0,43.0,,,,,-0.3713,44.941,,,,,10.0,-18.0,7.0,5.95,False,False,outdoors,no_prior_season_situational_for_packaged_priors,rolling_features_unavailable_pre_2023
2019,10,2019-11-11,SEA@SF,SF,SEA,24.0,27.0,3.0,51.0,-6.5,47.0,,,,,-2.4096,45.2756,,,,,-9.5,-4.0,-3.0,-4.05,True,False,outdoors,no_prior_season_situational_for_packaged_priors,rolling_features_unavailable_pre_2023
2019,11,2019-11-17,ARI@SF,SF,ARI,36.0,26.0,-10.0,62.0,-10.0,44.0,,,,,-4.6295,45.2685,,,,,0.0,-18.0,10.0,8.95,True,False,outdoors,no_prior_season_situational_for_packaged_priors,rolling_features_unavailable_pre_2023
2019,11,2019-11-17,ATL@CAR,CAR,ATL,3.0,29.0,26.0,32.0,-3.5,49.0,,,,,-3.2844,45.0917,,,,,-29.5,17.0,-26.0,-27.05,True,False,outdoors,no_prior_season_situational_for_packaged_priors,rolling_features_unavailable_pre_2023
2019,11,2019-11-17,BUF@MIA,MIA,BUF,20.0,37.0,17.0,57.0,7.0,41.5,,,,,1.9006,45.154,,,,,-10.0,-15.5,-17.0,-18.05,True,False,outdoors,no_prior_season_situational_for_packaged_priors,rolling_features_unavailable_pre_2023
2019,11,2019-11-17,CHI@LAR,LAR,CHI,17.0,7.0,-10.0,24.0,-5.0,40.0,,,,,-1.7787,45.0993,,,,,5.0,16.0,10.0,8.95,False,False,outdoors,no_prior_season_situational_for_packaged_priors,rolling_features_unavailable_pre_2023
2019,11,2019-11-17,CIN@OAK,OAK,CIN,17.0,10.0,-7.0,27.0,-13.0,48.0,,,,,-4.8623,45.1315,,,,,-6.0,21.0,7.0,5.95,,False,outdoors,no_prior_season_situational_for_packaged_priors,rolling_features_unavailable_pre_2023
2019,11,2019-11-17,DAL@DET,DET,DAL,27.0,35.0,8.0,62.0,7.5,46.5,,,,,0.1421,45.0923,,,,,-0.5,-15.5,-8.0,-9.05,False,False,dome,no_prior_season_situational_for_packaged_priors,rolling_features_unavailable_pre_2023
2019,11,2019-11-17,DEN@MIN,MIN,DEN,27.0,23.0,-4.0,50.0,-10.0,40.5,,,,,-3.4501,45.1581,,,,,-6.0,-9.5,4.0,2.95,False,False,dome,no_prior_season_situational_for_packaged_priors,rolling_features_unavailable_pre_2023
2019,11,2019-11-17,HOU@BAL,BAL,HOU,41.0,7.0,-34.0,48.0,-4.0,51.0,,,,,-1.7498,45.1952,,,,,30.0,3.0,34.0,32.95,False,False,outdoors,no_prior_season_situational_for_packaged_priors,rolling_features_unavailable_pre_2023
2019,11,2019-11-17,JAX@IND,IND,JAX,33.0,13.0,-20.0,46.0,-2.5,41.5,,,,,-1.7787,45.0993,,,,,17.5,-4.5,20.0,18.95,True,False,closed,no_prior_season_situational_for_packaged_priors,rolling_features_unavailable_pre_2023
2019,11,2019-11-18,KC@LAC,LAC,KC,17.0,24.0,7.0,41.0,5.5,52.5,,,,,0.262,45.111,,,,,-1.5,11.5,-7.0,-8.05,True,False,outdoors,no_prior_season_situational_for_packaged_priors,rolling_features_unavailable_pre_2023
2019,11,2019-11-17,NE@PHI,PHI,NE,10.0,17.0,7.0,27.0,4.5,45.0,,,,,1.0512,45.2336,,,,,-2.5,18.0,-7.0,-8.05,False,False,outdoors,no_prior_season_situational_for_packaged_priors,rolling_features_unavailable_pre_2023
2019,11,2019-11-17,NO@TB,TB,NO,17.0,34.0,17.0,51.0,5.0,50.5,,,,,1.84,45.2007,,,,,-12.0,-0.5,-17.0,-18.05,True,False,outdoors,no_prior_season_situational_for_packaged_priors,rolling_features_unavailable_pre_2023
2019,11,2019-11-17,NYJ@WSH,WSH,NYJ,17.0,34.0,17.0,51.0,-1.0,37.5,,,,,-0.2732,44.9388,,,,,-18.0,-13.5,-17.0,-18.05,False,False,outdoors,no_prior_season_situational_for_packaged_priors,rolling_features_unavailable_pre_2023
2019,11,2019-11-14,PIT@CLE,CLE,PIT,21.0,7.0,-14.0,28.0,-3.0,41.5,,,,,0.4231,45.09,,,,,11.0,13.5,14.0,12.95,True,False,outdoors,no_prior_season_situational_for_packaged_priors,rolling_features_unavailable_pre_2023
2019,12,2019-11-25,BAL@LAR,LAR,BAL,6.0,45.0,39.0,51.0,3.5,47.0,,,,,0.215,45.1968,,,,,-35.5,-4.0,-39.0,-40.05,False,False,outdoors,no_prior_season_situational_for_packaged_priors,rolling_features_unavailable_pre_2023
2019,12,2019-11-24,CAR@NO,NO,CAR,34.0,31.0,-3.0,65.0,-10.0,46.0,,,,,-2.9655,45.1959,,,,,-7.0,-19.0,3.0,1.95,True,False,dome,no_prior_season_situational_for_packaged_priors,rolling_features_unavailable_pre_2023
2019,12,2019-11-24,DAL@NE,NE,DAL,13.0,9.0,-4.0,22.0,-5.5,44.5,,,,,-2.9314,45.2365,,,,,-1.5,22.5,4.0,2.95,False,False,outdoors,no_prior_season_situational_for_packaged_priors,rolling_features_unavailable_pre_2023
2019,12,2019-11-24,DEN@BUF,BUF,DEN,20.0,3.0,-17.0,23.0,-3.5,37.0,,,,,-3.677,45.1617,,,,,13.5,14.0,17.0,15.95,False,False,outdoors,no_prior_season_situational_for_packaged_priors,rolling_features_unavailable_pre_2023
2019,12,2019-11-24,DET@WSH,WSH,DET,19.0,16.0,-3.0,35.0,4.0,39.0,,,,,0.566,44.9842,,,,,7.0,4.0,3.0,1.95,False,False,outdoors,no_prior_season_situational_for_packaged_priors,rolling_features_unavailable_pre_2023
2019,12,2019-11-24,GB@SF,SF,GB,37.0,8.0,-29.0,45.0,-3.0,48.0,,,,,-1.6658,45.2459,,,,,26.0,3.0,29.0,27.95,False,False,outdoors,no_prior_season_situational_for_packaged_priors,rolling_features_unavailable_pre_2023
2019,12,2019-11-21,IND@HOU,HOU,IND,20.0,17.0,-3.0,37.0,-3.5,46.0,,,,,-1.05,45.1385,,,,,-0.5,9.0,3.0,1.95,True,False,closed,no_prior_season_situational_for_packaged_priors,rolling_features_unavailable_pre_2023
2019,12,2019-11-24,JAX@TEN,TEN,JAX,42.0,20.0,-22.0,62.0,-4.5,42.0,,,,,-1.712,45.0756,,,,,17.5,-20.0,22.0,20.95,True,False,outdoors,no_prior_season_situational_for_packaged_priors,rolling_features_unavailable_pre_2023
2019,12,2019-11-24,MIA@CLE,CLE,MIA,41.0,24.0,-17.0,65.0,-11.0,45.5,,,,,-2.4127,45.0182,,,,,6.0,-19.5,17.0,15.95,False,False,outdoors,no_prior_season_situational_for_packaged_priors,rolling_features_unavailable_pre_2023
2019,12,2019-11-24,NYG@CHI,CHI,NYG,19.0,14.0,-5.0,33.0,-6.0,41.0,,,,,-2.4127,45.0182,,,,,-1.0,8.0,5.0,3.95,False,False,outdoors,no_prior_season_situational_for_packaged_priors,rolling_features_unavailable_pre_2023
2019,12,2019-11-24,OAK@NYJ,NYJ,OAK,34.0,3.0,-31.0,37.0,3.5,45.0,,,,,0.9374,45.11,,,,,34.5,8.0,31.0,29.95,,False,outdoors,no_prior_season_situational_for_packaged_priors,rolling_features_unavailable_pre_2023
2019,12,2019-11-24,PIT@CIN,CIN,PIT,10.0,16.0,6.0,26.0,5.5,37.5,,,,,2.3976,45.0919,,,,,-0.5,11.5,-6.0,-7.05,True,False,outdoors,no_prior_season_situational_for_packaged_priors,rolling_features_unavailable_pre_2023
2019,12,2019-11-24,SEA@PHI,PHI,SEA,9.0,17.0,8.0,26.0,1.0,45.5,,,,,0.8655,45.1959,,,,,-7.0,19.5,-8.0,-9.05,False,False,outdoors,no_prior_season_situational_for_packaged_priors,rolling_features_unavailable_pre_2023
2019,12,2019-11-24,TB@ATL,ATL,TB,22.0,35.0,13.0,57.0,-3.5,51.5,,,,,-1.05,45.0,,,,,-16.5,-5.5,-13.0,-14.05,True,False,closed,no_prior_season_situational_for_packaged_priors,rolling_features_unavailable_pre_2023
2019,13,2019-11-28,BUF@DAL,DAL,BUF,15.0,26.0,11.0,41.0,-6.5,46.5,,,,,0.1132,45.1674,,,,,-17.5,5.5,-11.0,-12.05,False,False,closed,no_prior_season_situational_for_packaged_priors,rolling_features_unavailable_pre_2023
2019,13,2019-11-28,CHI@DET,DET,CHI,20.0,24.0,4.0,44.0,5.5,37.5,,,,,-0.0127,45.0478,,,,,1.5,-6.5,-4.0,-5.05,True,False,dome,no_prior_season_situational_for_packaged_priors,rolling_features_unavailable_pre_2023
2019,13,2019-12-01,CLE@PIT,PIT,CLE,20.0,13.0,-7.0,33.0,1.0,40.0,,,,,-1.6462,45.0976,,,,,8.0,7.0,7.0,5.95,True,False,outdoors,no_prior_season_situational_for_packaged_priors,rolling_features_unavailable_pre_2023
2019,13,2019-12-01,GB@NYG,NYG,GB,13.0,31.0,18.0,44.0,6.5,43.5,,,,,2.5678,45.2015,,,,,-11.5,-0.5,-18.0,-19.05,False,False,outdoors,no_prior_season_situational_for_packaged_priors,rolling_features_unavailable_pre_2023
2019,13,2019-12-01,LAR@ARI,ARI,LAR,7.0,34.0,27.0,41.0,2.5,47.0,,,,,0.584,45.0848,,,,,-24.5,6.0,-27.0,-28.05,True,False,closed,no_prior_season_situational_for_packaged_priors,rolling_features_unavailable_pre_2023
2019,13,2019-12-01,LAC@DEN,DEN,LAC,23.0,20.0,-3.0,43.0,4.5,39.0,,,,,-0.433,45.0126,,,,,7.5,-4.0,3.0,1.95,True,False,outdoors,no_prior_season_situational_for_packaged_priors,rolling_features_unavailable_pre_2023
2019,13,2019-12-02,MIN@SEA,SEA,MIN,37.0,30.0,-7.0,67.0,-2.5,48.0,,,,,-1.6174,45.2143,,,,,4.5,-19.0,7.0,5.95,False,False,outdoors,no_prior_season_situational_for_packaged_priors,rolling_features_unavailable_pre_2023
2019,13,2019-12-01,NE@HOU,HOU,NE,28.0,22.0,-6.0,50.0,3.5,47.0,,,,,0.6532,45.2395,,,,,9.5,-3.0,6.0,4.95,False,False,closed,no_prior_season_situational_for_packaged_priors,rolling_features_unavailable_pre_2023
2019,13,2019-11-28,NO@ATL,ATL,NO,18.0,26.0,8.0,44.0,7.0,48.0,,,,,2.5068,45.2382,,,,,-1.0,4.0,-8.0,-9.05,True,False,closed,no_prior_season_situational_for_packaged_priors,rolling_features_unavailable_pre_2023
2019,13,2019-12-01,NYJ@CIN,CIN,NYJ,22.0,6.0,-16.0,28.0,2.5,43.0,,,,,1.488,45.004,,,,,18.5,15.0,16.0,14.95,False,False,outdoors,no_prior_season_situational_for_packaged_priors,rolling_features_unavailable_pre_2023
2019,13,2019-12-01,OAK@KC,KC,OAK,40.0,9.0,-31.0,49.0,-11.5,49.5,,,,,-1.6363,45.1379,,,,,19.5,0.5,31.0,29.95,,False,outdoors,no_prior_season_situational_for_packaged_priors,rolling_features_unavailable_pre_2023
2019,13,2019-12-01,PHI@MIA,MIA,PHI,37.0,31.0,-6.0,68.0,10.5,45.0,,,,,0.8023,45.0426,,,,,16.5,-23.0,6.0,4.95,False,False,outdoors,no_prior_season_situational_for_packaged_priors,rolling_features_unavailable_pre_2023
2019,13,2019-12-01,SF@BAL,BAL,SF,20.0,17.0,-3.0,37.0,-5.5,45.0,,,,,-0.4916,45.2506,,,,,-2.5,8.0,3.0,1.95,False,False,outdoors,no_prior_season_situational_for_packaged_priors,rolling_features_unavailable_pre_2023
2019,13,2019-12-01,TB@JAX,JAX,TB,11.0,28.0,17.0,39.0,3.0,46.5,,,,,-1.05,45.0308,,,,,-14.0,7.5,-17.0,-18.05,False,False,outdoors,no_prior_season_situational_for_packaged_priors,rolling_features_unavailable_pre_2023
2019,13,2019-12-01,TEN@IND,IND,TEN,17.0,31.0,14.0,48.0,1.0,41.5,,,,,-1.05,45.1145,,,,,-13.0,-6.5,-14.0,-15.05,True,False,closed,no_prior_season_situational_for_packaged_priors,rolling_features_unavailable_pre_2023
2019,13,2019-12-01,WSH@CAR,CAR,WSH,21.0,29.0,8.0,50.0,-10.5,38.5,,,,,-2.9023,45.0426,,,,,-18.5,-11.5,-8.0,-9.05,False,False,outdoors,no_prior_season_situational_for_packaged_priors,rolling_features_unavailable_pre_2023
2019,14,2019-12-08,BAL@BUF,BUF,BAL,17.0,24.0,7.0,41.0,6.5,44.0,,,,,-0.5316,45.2215,,,,,-0.5,3.0,-7.0,-8.05,False,False,outdoors,no_prior_season_situational_for_packaged_priors,rolling_features_unavailable_pre_2023
2019,14,2019-12-08,CAR@ATL,ATL,CAR,40.0,20.0,-20.0,60.0,-3.5,48.0,,,,,0.0782,45.0287,,,,,16.5,-12.0,20.0,18.95,True,False,closed,no_prior_season_situational_for_packaged_priors,rolling_features_unavailable_pre_2023
2019,14,2019-12-08,CIN@CLE,CLE,CIN,27.0,19.0,-8.0,46.0,-6.5,43.0,,,,,-3.345,45.027,,,,,1.5,-3.0,8.0,6.95,True,False,outdoors,no_prior_season_situational_for_packaged_priors,rolling_features_unavailable_pre_2023
2019,14,2019-12-05,DAL@CHI,CHI,DAL,31.0,24.0,-7.0,55.0,3.0,43.0,,,,,-1.05,45.0941,,,,,10.0,-12.0,7.0,5.95,False,False,outdoors,no_prior_season_situational_for_packaged_priors,rolling_features_unavailable_pre_2023
2019,14,2019-12-08,DEN@HOU,HOU,DEN,24.0,38.0,14.0,62.0,-8.0,42.5,,,,,-3.2382,45.141,,,,,-22.0,-19.5,-14.0,-15.05,False,False,closed,no_prior_season_situational_for_packaged_priors,rolling_features_unavailable_pre_2023
2019,14,2019-12-08,DET@MIN,MIN,DET,20.0,7.0,-13.0,27.0,-12.0,43.5,,,,,-3.6518,45.1467,,,,,1.0,16.5,13.0,11.95,True,False,dome,no_prior_season_situational_for_packaged_priors,rolling_features_unavailable_pre_2023
2019,14,2019-12-08,IND@TB,TB,IND,38.0,35.0,-3.0,73.0,-3.0,46.5,,,,,-0.4992,45.0781,,,,,0.0,-26.5,3.0,1.95,False,False,outdoors,no_prior_season_situational_for_packaged_priors,rolling_features_unavailable_pre_2023
2019,14,2019-12-08,KC@NE,NE,KC,16.0,23.0,7.0,39.0,-3.0,49.5,,,,,-2.0947,45.2125,,,,,-10.0,10.5,-7.0,-8.05,False,False,outdoors,no_prior_season_situational_for_packaged_priors,rolling_features_unavailable_pre_2023
2019,14,2019-12-08,LAC@JAX,JAX,LAC,10.0,45.0,35.0,55.0,3.5,42.0,,,,,-1.05,45.0162,,,,,-31.5,-13.0,-35.0,-36.05,False,False,outdoors,no_prior_season_situational_for_packaged_priors,rolling_features_unavailable_pre_2023
2019,14,2019-12-08,MIA@NYJ,NYJ,MIA,22.0,21.0,-1.0,43.0,-5.0,47.0,,,,,-1.6185,44.9991,,,,,-4.0,4.0,1.0,-0.050000000000000044,True,False,outdoors,no_prior_season_situational_for_packaged_priors,rolling_features_unavailable_pre_2023
2019,14,2019-12-09,NYG@PHI,PHI,NYG,23.0,17.0,-6.0,40.0,-9.5,45.5,,,,,-2.7565,45.0245,,,,,-3.5,5.5,6.0,4.95,True,False,outdoors,no_prior_season_situational_for_packaged_priors,rolling_features_unavailable_pre_2023
2019,14,2019-12-08,PIT@ARI,ARI,PIT,17.0,23.0,6.0,40.0,2.5,43.5,,,,,1.0164,45.103,,,,,-3.5,3.5,-6.0,-7.05,False,False,closed,no_prior_season_situational_for_packaged_priors,rolling_features_unavailable_pre_2023
2019,14,2019-12-08,SEA@LAR,LAR,SEA,28.0,12.0,-16.0,40.0,-1.0,47.5,,,,,0.5292,45.209,,,,,15.0,7.5,16.0,14.95,True,False,outdoors,no_prior_season_situational_for_packaged_priors,rolling_features_unavailable_pre_2023
2019,14,2019-12-08,SF@NO,NO,SF,46.0,48.0,2.0,94.0,-1.0,45.0,,,,,-1.05,45.2356,,,,,-3.0,-49.0,-2.0,-3.05,False,False,dome,no_prior_season_situational_for_packaged_priors,rolling_features_unavailable_pre_2023
2019,14,2019-12-08,TEN@OAK,OAK,TEN,21.0,42.0,21.0,63.0,3.0,47.0,,,,,-0.5077,45.1157,,,,,-18.0,-16.0,-21.0,-22.05,,False,outdoors,no_prior_season_situational_for_packaged_priors,rolling_features_unavailable_pre_2023
2019,14,2019-12-08,WSH@GB,GB,WSH,20.0,15.0,-5.0,35.0,-13.0,42.5,,,,,-4.3366,45.1998,,,,,-8.0,7.5,5.0,3.95,False,False,outdoors,no_prior_season_situational_for_packaged_priors,rolling_features_unavailable_pre_2023
2019,15,2019-12-15,ATL@SF,SF,ATL,22.0,29.0,7.0,51.0,-10.5,50.0,,,,,-4.5406,45.2475,,,,,-17.5,-1.0,-7.0,-8.05,False,False,outdoors,no_prior_season_situational_for_packaged_priors,rolling_features_unavailable_pre_2023
2019,15,2019-12-15,BUF@PIT,PIT,BUF,10.0,17.0,7.0,27.0,-1.0,37.0,,,,,-0.5596,45.164,,,,,-8.0,10.0,-7.0,-8.05,False,False,outdoors,no_prior_season_situational_for_packaged_priors,rolling_features_unavailable_pre_2023
2019,15,2019-12-15,CHI@GB,GB,CHI,21.0,13.0,-8.0,34.0,-4.0,40.0,,,,,-2.5219,45.1829,,,,,4.0,6.0,8.0,6.95,True,False,outdoors,no_prior_season_situational_for_packaged_priors,rolling_features_unavailable_pre_2023
2019,15,2019-12-15,CLE@ARI,ARI,CLE,38.0,24.0,-14.0,62.0,3.0,49.0,,,,,0.376,45.047,,,,,17.0,-13.0,14.0,12.95,False,False,closed,no_prior_season_situational_for_packaged_priors,rolling_features_unavailable_pre_2023
2019,15,2019-12-15,DEN@KC,KC,DEN,23.0,3.0,-20.0,26.0,-10.0,43.0,,,,,-3.0552,45.1508,,,,,10.0,17.0,20.0,18.95,True,False,outdoors,no_prior_season_situational_for_packaged_priors,rolling_features_unavailable_pre_2023
2019,15,2019-12-15,HOU@TEN,TEN,HOU,21.0,24.0,3.0,45.0,-3.0,50.0,,,,,-1.05,45.1451,,,,,-6.0,5.0,-3.0,-4.05,True,False,outdoors,no_prior_season_situational_for_packaged_priors,rolling_features_unavailable_pre_2023
2019,15,2019-12-16,IND@NO,NO,IND,34.0,7.0,-27.0,41.0,-8.0,48.5,,,,,-3.0271,45.1834,,,,,19.0,7.5,27.0,25.95,False,False,dome,no_prior_season_situational_for_packaged_priors,rolling_features_unavailable_pre_2023
2019,15,2019-12-15,JAX@OAK,OAK,JAX,16.0,20.0,4.0,36.0,-7.0,47.0,,,,,-2.0812,45.0512,,,,,-11.0,11.0,-4.0,-5.05,,False,outdoors,no_prior_season_situational_for_packaged_priors,rolling_features_unavailable_pre_2023
2019,15,2019-12-15,LAR@DAL,DAL,LAR,44.0,21.0,-23.0,65.0,1.0,48.5,,,,,-0.0481,45.1212,,,,,24.0,-16.5,23.0,21.95,False,False,closed,no_prior_season_situational_for_packaged_priors,rolling_features_unavailable_pre_2023
2019,15,2019-12-15,MIA@NYG,NYG,MIA,36.0,20.0,-16.0,56.0,-3.5,47.0,,,,,-0.515,44.9489,,,,,12.5,-9.0,16.0,14.95,False,False,outdoors,no_prior_season_situational_for_packaged_priors,rolling_features_unavailable_pre_2023
2019,15,2019-12-15,MIN@LAC,LAC,MIN,10.0,39.0,29.0,49.0,1.0,45.0,,,,,0.9552,45.1508,,,,,-28.0,-4.0,-29.0,-30.05,False,False,outdoors,no_prior_season_situational_for_packaged_priors,rolling_features_unavailable_pre_2023
2019,15,2019-12-15,NE@CIN,CIN,NE,13.0,34.0,21.0,47.0,10.5,42.0,,,,,3.5776,45.2681,,,,,-10.5,-5.0,-21.0,-22.05,False,False,outdoors,no_prior_season_situational_for_packaged_priors,rolling_features_unavailable_pre_2023
2019,15,2019-12-12,NYJ@BAL,BAL,NYJ,42.0,21.0,-21.0,63.0,-17.0,44.0,,,,,-4.0188,45.2313,,,,,4.0,-19.0,21.0,19.95,False,False,outdoors,no_prior_season_situational_for_packaged_priors,rolling_features_unavailable_pre_2023
2019,15,2019-12-15,PHI@WSH,WSH,PHI,27.0,37.0,10.0,64.0,7.0,38.0,,,,,0.5086,45.0463,,,,,-3.0,-26.0,-10.0,-11.05,True,False,outdoors,no_prior_season_situational_for_packaged_priors,rolling_features_unavailable_pre_2023
2019,15,2019-12-15,SEA@CAR,CAR,SEA,24.0,30.0,6.0,54.0,6.0,48.5,,,,,1.44,45.1891,,,,,0.0,-5.5,-6.0,-7.05,False,False,outdoors,no_prior_season_situational_for_packaged_priors,rolling_features_unavailable_pre_2023
2019,15,2019-12-15,TB@DET,DET,TB,17.0,38.0,21.0,55.0,5.5,46.0,,,,,0.376,45.047,,,,,-15.5,-9.0,-21.0,-22.05,False,False,dome,no_prior_season_situational_for_packaged_priors,rolling_features_unavailable_pre_2023
2019,16,2019-12-22,ARI@SEA,SEA,ARI,13.0,27.0,14.0,40.0,-8.0,51.0,,,,,-4.1644,45.21,,,,,-22.0,11.0,-14.0,-15.05,True,False,outdoors,no_prior_season_situational_for_packaged_priors,rolling_features_unavailable_pre_2023
2019,16,2019-12-22,BAL@CLE,CLE,BAL,15.0,31.0,16.0,46.0,9.5,48.5,,,,,1.6923,45.2305,,,,,-6.5,2.5,-16.0,-17.05,True,False,outdoors,no_prior_season_situational_for_packaged_priors,rolling_features_unavailable_pre_2023
2019,16,2019-12-21,BUF@NE,NE,BUF,24.0,17.0,-7.0,41.0,-7.0,39.5,,,,,-1.4976,45.2038,,,,,0.0,-1.5,7.0,5.95,True,False,outdoors,no_prior_season_situational_for_packaged_priors,rolling_features_unavailable_pre_2023
2019,16,2019-12-22,CAR@IND,IND,CAR,38.0,6.0,-32.0,44.0,-7.5,46.0,,,,,-1.5279,45.0469,,,,,24.5,2.0,32.0,30.95,False,False,closed,no_prior_season_situational_for_packaged_priors,rolling_features_unavailable_pre_2023
2019,16,2019-12-22,CIN@MIA,MIA,CIN,38.0,35.0,-3.0,73.0,1.5,46.0,,,,,-2.0536,44.9304,,,,,4.5,-27.0,3.0,1.95,False,False,outdoors,no_prior_season_situational_for_packaged_priors,rolling_features_unavailable_pre_2023
2019,16,2019-12-22,DAL@PHI,PHI,DAL,17.0,9.0,-8.0,26.0,2.0,47.0,,,,,-1.05,45.0941,,,,,10.0,21.0,8.0,6.95,True,False,outdoors,no_prior_season_situational_for_packaged_priors,rolling_features_unavailable_pre_2023
2019,16,2019-12-22,DET@DEN,DEN,DET,27.0,17.0,-10.0,44.0,-9.5,40.0,,,,,-1.9118,45.0043,,,,,0.5,-4.0,10.0,8.95,False,False,outdoors,no_prior_season_situational_for_packaged_priors,rolling_features_unavailable_pre_2023
2019,16,2019-12-23,GB@MIN,MIN,GB,10.0,23.0,13.0,33.0,-4.0,47.0,,,,,-0.6024,45.2038,,,,,-17.0,14.0,-13.0,-14.05,True,False,dome,no_prior_season_situational_for_packaged_priors,rolling_features_unavailable_pre_2023
2019,16,2019-12-21,HOU@TB,TB,HOU,20.0,23.0,3.0,43.0,3.0,50.0,,,,,-0.1253,45.1343,,,,,0.0,7.0,-3.0,-4.05,False,False,outdoors,no_prior_season_situational_for_packaged_priors,rolling_features_unavailable_pre_2023
2019,16,2019-12-22,JAX@ATL,ATL,JAX,24.0,12.0,-12.0,36.0,-7.5,48.0,,,,,-1.05,45.0277,,,,,4.5,12.0,12.0,10.95,False,False,closed,no_prior_season_situational_for_packaged_priors,rolling_features_unavailable_pre_2023
2019,16,2019-12-22,KC@CHI,CHI,KC,3.0,26.0,23.0,29.0,6.5,45.5,,,,,0.3283,45.1602,,,,,-16.5,16.5,-23.0,-24.05,False,False,outdoors,no_prior_season_situational_for_packaged_priors,rolling_features_unavailable_pre_2023
2019,16,2019-12-21,LAR@SF,SF,LAR,34.0,31.0,-3.0,65.0,-7.0,45.5,,,,,-2.4106,45.1902,,,,,-4.0,-19.5,3.0,1.95,True,False,outdoors,no_prior_season_situational_for_packaged_priors,rolling_features_unavailable_pre_2023
2019,16,2019-12-22,NO@TEN,TEN,NO,28.0,38.0,10.0,66.0,3.5,49.0,,,,,0.3106,45.1902,,,,,-6.5,-17.0,-10.0,-11.05,False,False,outdoors,no_prior_season_situational_for_packaged_priors,rolling_features_unavailable_pre_2023
2019,16,2019-12-22,NYG@WSH,WSH,NYG,35.0,41.0,6.0,76.0,1.0,42.0,,,,,-1.05,44.9573,,,,,-5.0,-34.0,-6.0,-7.05,True,False,outdoors,no_prior_season_situational_for_packaged_priors,rolling_features_unavailable_pre_2023
2019,16,2019-12-22,OAK@LAC,LAC,OAK,17.0,24.0,7.0,41.0,-7.5,45.0,,,,,-0.5721,45.0469,,,,,-14.5,4.0,-7.0,-8.05,,False,outdoors,no_prior_season_situational_for_packaged_priors,rolling_features_unavailable_pre_2023
2019,16,2019-12-22,PIT@NYJ,NYJ,PIT,16.0,10.0,-6.0,26.0,3.0,36.5,,,,,0.3652,45.0975,,,,,9.0,10.5,6.0,4.95,False,False,outdoors,no_prior_season_situational_for_packaged_priors,rolling_features_unavailable_pre_2023
2019,17,2019-12-29,ARI@LAR,LAR,ARI,31.0,24.0,-7.0,55.0,-7.0,46.0,,,,,-2.2176,45.0825,,,,,0.0,-9.0,7.0,5.95,True,False,outdoors,no_prior_season_situational_for_packaged_priors,rolling_features_unavailable_pre_2023
2019,17,2019-12-29,ATL@TB,TB,ATL,22.0,28.0,6.0,50.0,-1.0,48.0,,,,,-1.4927,45.0655,,,,,-7.0,-2.0,-6.0,-7.05,True,False,outdoors,no_prior_season_situational_for_packaged_priors,rolling_features_unavailable_pre_2023
2019,17,2019-12-29,CHI@MIN,MIN,CHI,19.0,21.0,2.0,40.0,5.5,36.5,,,,,-2.3459,45.1403,,,,,3.5,-3.5,-2.0,-3.05,True,False,dome,no_prior_season_situational_for_packaged_priors,rolling_features_unavailable_pre_2023
2019,17,2019-12-29,CLE@CIN,CIN,CLE,33.0,23.0,-10.0,56.0,2.5,44.0,,,,,1.2525,45.019,,,,,12.5,-12.0,10.0,8.95,True,False,outdoors,no_prior_season_situational_for_packaged_priors,rolling_features_unavailable_pre_2023
2019,17,2019-12-29,GB@DET,DET,GB,20.0,23.0,3.0,43.0,13.5,44.0,,,,,2.7984,45.2422,,,,,10.5,1.0,-3.0,-4.05,True,False,dome,no_prior_season_situational_for_packaged_priors,rolling_features_unavailable_pre_2023
2019,17,2019-12-29,IND@JAX,JAX,IND,38.0,20.0,-18.0,58.0,5.0,41.5,,,,,-0.159,45.0558,,,,,23.0,-16.5,18.0,16.95,True,False,outdoors,no_prior_season_situational_for_packaged_priors,rolling_features_unavailable_pre_2023
2019,17,2019-12-29,LAC@KC,KC,LAC,31.0,21.0,-10.0,52.0,-10.0,46.0,,,,,-3.6608,45.1758,,,,,0.0,-6.0,10.0,8.95,True,False,outdoors,no_prior_season_situational_for_packaged_priors,rolling_features_unavailable_pre_2023
2019,17,2019-12-29,MIA@NE,NE,MIA,24.0,27.0,3.0,51.0,-17.5,46.0,,,,,-4.5352,45.2279,,,,,-20.5,-5.0,-3.0,-4.05,True,False,outdoors,no_prior_season_situational_for_packaged_priors,rolling_features_unavailable_pre_2023
2019,17,2019-12-29,NO@CAR,CAR,NO,10.0,42.0,32.0,52.0,13.5,45.0,,,,,1.9789,45.2136,,,,,-18.5,-7.0,-32.0,-33.05,True,False,outdoors,no_prior_season_situational_for_packaged_priors,rolling_features_unavailable_pre_2023
2019,17,2019-12-29,NYJ@BUF,BUF,NYJ,6.0,13.0,7.0,19.0,1.5,37.0,,,,,-2.7891,45.1387,,,,,-5.5,18.0,-7.0,-8.05,True,False,outdoors,no_prior_season_situational_for_packaged_priors,rolling_features_unavailable_pre_2023
2019,17,2019-12-29,OAK@DEN,DEN,OAK,16.0,15.0,-1.0,31.0,-5.5,41.5,,,,,-0.6073,45.0655,,,,,-4.5,10.5,1.0,-0.050000000000000044,,False,outdoors,no_prior_season_situational_for_packaged_priors,rolling_features_unavailable_pre_2023
2019,17,2019-12-29,PHI@NYG,NYG,PHI,17.0,34.0,17.0,51.0,4.0,44.0,,,,,0.733,45.0792,,,,,-13.0,-7.0,-17.0,-18.05,True,False,outdoors,no_prior_season_situational_for_packaged_priors,rolling_features_unavailable_pre_2023
2019,17,2019-12-29,PIT@BAL,BAL,PIT,28.0,10.0,-18.0,38.0,2.0,35.0,,,,,-3.1596,45.2247,,,,,20.0,-3.0,18.0,16.95,True,False,outdoors,no_prior_season_situational_for_packaged_priors,rolling_features_unavailable_pre_2023
2019,17,2019-12-29,SF@SEA,SEA,SF,21.0,26.0,5.0,47.0,3.5,47.0,,,,,-0.6335,45.2104,,,,,-1.5,0.0,-5.0,-6.05,True,False,outdoors,no_prior_season_situational_for_packaged_priors,rolling_features_unavailable_pre_2023
2019,17,2019-12-29,TEN@HOU,HOU,TEN,14.0,35.0,21.0,49.0,10.0,43.0,,,,,-1.9085,45.1457,,,,,-11.0,-6.0,-21.0,-22.05,True,False,closed,no_prior_season_situational_for_packaged_priors,rolling_features_unavailable_pre_2023
2019,17,2019-12-29,WSH@DAL,DAL,WSH,47.0,16.0,-31.0,63.0,-13.0,47.5,,,,,-2.8558,45.0482,,,,,18.0,-15.5,31.0,29.95,True,False,closed,no_prior_season_situational_for_packaged_priors,rolling_features_unavailable_pre_2023
2019,18,2020-01-04,BUF@HOU,HOU,BUF,22.0,19.0,-3.0,41.0,-2.5,43.0,,,,,-1.05,45.1493,,,,,0.5,2.0,3.0,1.95,False,False,closed,no_prior_season_situational_for_packaged_priors,rolling_features_unavailable_pre_2023
2019,18,2020-01-05,MIN@NO,NO,MIN,20.0,26.0,6.0,46.0,-7.5,50.0,,,,,-2.2319,45.2026,,,,,-13.5,4.0,-6.0,-7.05,False,False,dome,no_prior_season_situational_for_packaged_priors,rolling_features_unavailable_pre_2023
2019,18,2020-01-05,SEA@PHI,PHI,SEA,9.0,17.0,8.0,26.0,-1.0,44.0,,,,,-0.2488,45.1556,,,,,-9.0,18.0,-8.0,-9.05,False,False,outdoors,no_prior_season_situational_for_packaged_priors,rolling_features_unavailable_pre_2023
2019,18,2020-01-04,TEN@NE,NE,TEN,13.0,20.0,7.0,33.0,-4.5,45.0,,,,,-2.2452,45.1767,,,,,-11.5,12.0,-7.0,-8.05,False,False,outdoors,no_prior_season_situational_for_packaged_priors,rolling_features_unavailable_pre_2023
2019,19,2020-01-12,HOU@KC,KC,HOU,51.0,31.0,-20.0,82.0,-10.0,50.5,,,,,-1.7011,45.1847,,,,,10.0,-31.5,20.0,18.95,False,False,outdoors,no_prior_season_situational_for_packaged_priors,rolling_features_unavailable_pre_2023
2019,19,2020-01-11,MIN@SF,SF,MIN,27.0,10.0,-17.0,37.0,-7.0,44.5,,,,,-2.0907,45.2041,,,,,10.0,7.5,17.0,15.95,False,False,outdoors,no_prior_season_situational_for_packaged_priors,rolling_features_unavailable_pre_2023
2019,19,2020-01-12,SEA@GB,GB,SEA,28.0,23.0,-5.0,51.0,-4.5,46.0,,,,,-1.7171,45.21,,,,,0.5,-5.0,5.0,3.95,False,False,outdoors,no_prior_season_situational_for_packaged_priors,rolling_features_unavailable_pre_2023
2019,19,2020-01-11,TEN@BAL,BAL,TEN,12.0,28.0,16.0,40.0,-10.0,47.5,,,,,-2.8542,45.2261,,,,,-26.0,7.5,-16.0,-17.05,False,False,outdoors,no_prior_season_situational_for_packaged_priors,rolling_features_unavailable_pre_2023
2019,20,2020-01-19,GB@SF,SF,GB,37.0,20.0,-17.0,57.0,-8.0,46.5,,,,,-1.05,45.2317,,,,,9.0,-10.5,17.0,15.95,False,False,outdoors,no_prior_season_situational_for_packaged_priors,rolling_features_unavailable_pre_2023
2019,20,2020-01-19,TEN@KC,KC,TEN,35.0,24.0,-11.0,59.0,-7.5,51.0,,,,,-2.0234,45.1853,,,,,3.5,-8.0,11.0,9.95,False,False,outdoors,no_prior_season_situational_for_packaged_priors,rolling_features_unavailable_pre_2023
2019,21,2020-02-02,SF@KC,KC,SF,31.0,20.0,-11.0,51.0,-1.5,52.5,,,,,-0.7053,45.2256,,,,,9.5,1.5,11.0,9.95,False,False,outdoors,no_prior_season_situational_for_packaged_priors,rolling_features_unavailable_pre_2023
2020,1,2020-09-13,ARI@SF,SF,ARI,20.0,24.0,4.0,44.0,-7.0,48.5,,,,,-1.05,44.8435,,,,,-11.0,4.5,-4.0,-5.05,True,True,outdoors,no_prior_season_situational_for_packaged_priors,rolling_features_unavailable_pre_2023
2020,1,2020-09-13,CHI@DET,DET,CHI,23.0,27.0,4.0,50.0,-2.5,42.5,,,,,-1.05,44.8435,,,,,-6.5,-7.5,-4.0,-5.05,True,True,dome,no_prior_season_situational_for_packaged_priors,rolling_features_unavailable_pre_2023
2020,1,2020-09-13,CLE@BAL,BAL,CLE,38.0,6.0,-32.0,44.0,-7.0,47.0,,,,,-1.05,44.8435,,,,,25.0,3.0,32.0,30.95,True,True,outdoors,no_prior_season_situational_for_packaged_priors,rolling_features_unavailable_pre_2023
2020,1,2020-09-13,DAL@LAR,LAR,DAL,20.0,17.0,-3.0,37.0,-1.0,52.0,,,,,-1.05,44.8435,,,,,2.0,15.0,3.0,1.95,False,True,dome,no_prior_season_situational_for_packaged_priors,rolling_features_unavailable_pre_2023
2020,1,2020-09-13,GB@MIN,MIN,GB,34.0,43.0,9.0,77.0,-1.0,45.0,,,,,-1.05,44.8435,,,,,-10.0,-32.0,-9.0,-10.05,True,True,dome,no_prior_season_situational_for_packaged_priors,rolling_features_unavailable_pre_2023
2020,1,2020-09-10,HOU@KC,KC,HOU,34.0,20.0,-14.0,54.0,-9.5,53.5,,,,,-1.05,44.8435,,,,,4.5,-0.5,14.0,12.95,False,True,outdoors,no_prior_season_situational_for_packaged_priors,rolling_features_unavailable_pre_2023
2020,1,2020-09-13,IND@JAX,JAX,IND,27.0,20.0,-7.0,47.0,7.0,44.0,,,,,-1.05,44.8435,,,,,14.0,-3.0,7.0,5.95,True,True,outdoors,no_prior_season_situational_for_packaged_priors,rolling_features_unavailable_pre_2023
2020,1,2020-09-13,LAC@CIN,CIN,LAC,13.0,16.0,3.0,29.0,2.5,41.5,,,,,-1.05,44.8435,,,,,-0.5,12.5,-3.0,-4.05,False,True,outdoors,no_prior_season_situational_for_packaged_priors,rolling_features_unavailable_pre_2023
2020,1,2020-09-13,LV@CAR,CAR,LV,30.0,34.0,4.0,64.0,3.0,48.0,,,,,-1.05,44.8435,,,,,-1.0,-16.0,-4.0,-5.05,False,True,outdoors,no_prior_season_situational_for_packaged_priors,rolling_features_unavailable_pre_2023
2020,1,2020-09-13,MIA@NE,NE,MIA,21.0,11.0,-10.0,32.0,-7.5,41.5,,,,,-1.05,44.8435,,,,,2.5,9.5,10.0,8.95,True,True,outdoors,no_prior_season_situational_for_packaged_priors,rolling_features_unavailable_pre_2023
2020,1,2020-09-13,NYJ@BUF,BUF,NYJ,27.0,17.0,-10.0,44.0,-6.5,39.5,,,,,-1.05,44.8435,,,,,3.5,-4.5,10.0,8.95,True,True,outdoors,no_prior_season_situational_for_packaged_priors,rolling_features_unavailable_pre_2023
2020,1,2020-09-13,PHI@WSH,WSH,PHI,27.0,17.0,-10.0,44.0,5.5,41.5,,,,,-1.05,44.8435,,,,,15.5,-2.5,10.0,8.95,True,True,outdoors,no_prior_season_situational_for_packaged_priors,rolling_features_unavailable_pre_2023
2020,1,2020-09-14,PIT@NYG,NYG,PIT,16.0,26.0,10.0,42.0,6.0,44.0,,,,,-1.05,44.8435,,,,,-4.0,2.0,-10.0,-11.05,False,True,outdoors,no_prior_season_situational_for_packaged_priors,rolling_features_unavailable_pre_2023
2020,1,2020-09-13,SEA@ATL,ATL,SEA,25.0,38.0,13.0,63.0,-1.0,49.5,,,,,-1.05,44.8435,,,,,-14.0,-13.5,-13.0,-14.05,False,True,closed,no_prior_season_situational_for_packaged_priors,rolling_features_unavailable_pre_2023
2020,1,2020-09-13,TB@NO,NO,TB,34.0,23.0,-11.0,57.0,-4.0,48.5,,,,,-1.05,44.8435,,,,,7.0,-8.5,11.0,9.95,True,True,dome,no_prior_season_situational_for_packaged_priors,rolling_features_unavailable_pre_2023
2020,1,2020-09-14,TEN@DEN,DEN,TEN,14.0,16.0,2.0,30.0,3.0,41.0,,,,,-1.05,44.8435,,,,,1.0,11.0,-2.0,-3.05,False,True,outdoors,no_prior_season_situational_for_packaged_priors,rolling_features_unavailable_pre_2023
2020,2,2020-09-20,ATL@DAL,DAL,ATL,40.0,39.0,-1.0,79.0,-3.0,53.0,,,,,-1.05,44.8435,,,,,-2.0,-26.0,1.0,-0.050000000000000044,False,True,closed,no_prior_season_situational_for_packaged_priors,rolling_features_unavailable_pre_2023
2020,2,2020-09-20,BAL@HOU,HOU,BAL,16.0,33.0,17.0,49.0,7.5,49.5,,,,,5.45,45.5201,,,,,-9.5,0.5,-17.0,-18.05,False,True,closed,no_prior_season_situational_for_packaged_priors,rolling_features_unavailable_pre_2023
2020,2,2020-09-20,BUF@MIA,MIA,BUF,28.0,31.0,3.0,59.0,5.5,42.5,,,,,5.45,45.5201,,,,,2.5,-16.5,-3.0,-4.05,True,True,outdoors,no_prior_season_situational_for_packaged_priors,rolling_features_unavailable_pre_2023
2020,2,2020-09-20,CAR@TB,TB,CAR,31.0,17.0,-14.0,48.0,-7.5,47.0,,,,,-1.05,44.8435,,,,,6.5,-1.0,14.0,12.95,True,True,outdoors,no_prior_season_situational_for_packaged_priors,rolling_features_unavailable_pre_2023
2020,2,2020-09-17,CIN@CLE,CLE,CIN,35.0,30.0,-5.0,65.0,-6.0,44.5,,,,,-1.05,44.8435,,,,,-1.0,-20.5,5.0,3.95,True,True,outdoors,no_prior_season_situational_for_packaged_priors,rolling_features_unavailable_pre_2023
2020,2,2020-09-20,DEN@PIT,PIT,DEN,26.0,21.0,-5.0,47.0,-6.0,41.0,,,,,-7.55,45.5201,,,,,-1.0,-6.0,5.0,3.95,False,True,outdoors,no_prior_season_situational_for_packaged_priors,rolling_features_unavailable_pre_2023
2020,2,2020-09-20,DET@GB,GB,DET,42.0,21.0,-21.0,63.0,-7.0,51.0,,,,,-7.55,45.5201,,,,,14.0,-12.0,21.0,19.95,True,True,outdoors,no_prior_season_situational_for_packaged_priors,rolling_features_unavailable_pre_2023
2020,2,2020-09-20,JAX@TEN,TEN,JAX,33.0,30.0,-3.0,63.0,-7.0,44.5,,,,,-1.05,45.3,,,,,-4.0,-18.5,3.0,1.95,True,True,outdoors,no_prior_season_situational_for_packaged_priors,rolling_features_unavailable_pre_2023
2020,2,2020-09-20,KC@LAC,LAC,KC,20.0,23.0,3.0,43.0,8.5,47.0,,,,,-1.05,45.3,,,,,5.5,4.0,-3.0,-4.05,True,True,dome,no_prior_season_situational_for_packaged_priors,rolling_features_unavailable_pre_2023
2020,2,2020-09-20,LAR@PHI,PHI,LAR,19.0,37.0,18.0,56.0,-2.0,46.0,,,,,5.45,45.5201,,,,,-20.0,-10.0,-18.0,-19.05,False,True,outdoors,no_prior_season_situational_for_packaged_priors,rolling_features_unavailable_pre_2023
2020,2,2020-09-20,MIN@IND,IND,MIN,28.0,11.0,-17.0,39.0,-3.5,49.0,,,,,-1.05,44.8435,,,,,13.5,10.0,17.0,15.95,False,True,closed,no_prior_season_situational_for_packaged_priors,rolling_features_unavailable_pre_2023
2020,2,2020-09-20,NE@SEA,SEA,NE,35.0,30.0,-5.0,65.0,-4.0,45.0,,,,,-1.05,45.3,,,,,1.0,-20.0,5.0,3.95,False,True,outdoors,no_prior_season_situational_for_packaged_priors,rolling_features_unavailable_pre_2023
2020,2,2020-09-21,NO@LV,LV,NO,34.0,24.0,-10.0,58.0,4.0,47.5,,,,,-1.05,45.3,,,,,14.0,-10.5,10.0,8.95,False,True,dome,no_prior_season_situational_for_packaged_priors,rolling_features_unavailable_pre_2023
2020,2,2020-09-20,NYG@CHI,CHI,NYG,17.0,13.0,-4.0,30.0,-4.5,42.5,,,,,-7.55,45.5201,,,,,-0.5,12.5,4.0,2.95,False,True,outdoors,no_prior_season_situational_for_packaged_priors,rolling_features_unavailable_pre_2023
2020,2,2020-09-20,SF@NYJ,NYJ,SF,13.0,31.0,18.0,44.0,7.0,41.5,,,,,-1.05,44.8435,,,,,-11.0,-2.5,-18.0,-19.05,False,True,outdoors,no_prior_season_situational_for_packaged_priors,rolling_features_unavailable_pre_2023
2020,2,2020-09-20,WSH@ARI,ARI,WSH,30.0,15.0,-15.0,45.0,-7.5,46.5,,,,,-1.05,45.3,,,,,7.5,1.5,15.0,13.95,False,True,closed,no_prior_season_situational_for_packaged_priors,rolling_features_unavailable_pre_2023
2020,3,2020-09-27,CAR@LAC,LAC,CAR,16.0,21.0,5.0,37.0,-6.0,43.5,,,,,-4.4976,45.0919,,,,,-11.0,6.5,-5.0,-6.05,False,True,dome,no_prior_season_situational_for_packaged_priors,rolling_features_unavailable_pre_2023
2020,3,2020-09-27,CHI@ATL,ATL,CHI,26.0,30.0,4.0,56.0,-2.5,46.0,,,,,5.45,45.5201,,,,,-6.5,-10.0,-4.0,-5.05,False,True,closed,no_prior_season_situational_for_packaged_priors,rolling_features_unavailable_pre_2023
2020,3,2020-09-27,CIN@PHI,PHI,CIN,23.0,23.0,0.0,46.0,-5.5,46.5,,,,,-1.05,44.8435,,,,,-5.5,0.5,0.0,-1.05,False,True,outdoors,no_prior_season_situational_for_packaged_priors,rolling_features_unavailable_pre_2023
2020,3,2020-09-27,DAL@SEA,SEA,DAL,38.0,31.0,-7.0,69.0,-5.5,58.0,,,,,-4.1901,45.2982,,,,,1.5,-11.0,7.0,5.95,False,True,outdoors,no_prior_season_situational_for_packaged_priors,rolling_features_unavailable_pre_2023
2020,3,2020-09-27,DET@ARI,ARI,DET,23.0,26.0,3.0,49.0,-4.5,55.5,,,,,-7.55,45.5201,,,,,-7.5,6.5,-3.0,-4.05,False,True,closed,no_prior_season_situational_for_packaged_priors,rolling_features_unavailable_pre_2023
2020,3,2020-09-27,GB@NO,NO,GB,30.0,37.0,7.0,67.0,-3.5,52.0,,,,,2.0901,45.2982,,,,,-10.5,-15.0,-7.0,-8.05,False,True,dome,no_prior_season_situational_for_packaged_priors,rolling_features_unavailable_pre_2023
2020,3,2020-09-27,HOU@PIT,PIT,HOU,28.0,21.0,-7.0,49.0,-4.0,46.5,,,,,-7.55,45.5201,,,,,3.0,-2.5,7.0,5.95,False,True,outdoors,no_prior_season_situational_for_packaged_priors,rolling_features_unavailable_pre_2023
2020,3,2020-09-28,KC@BAL,BAL,KC,20.0,34.0,14.0,54.0,-3.5,55.0,,,,,-1.05,45.3,,,,,-17.5,1.0,-14.0,-15.05,False,True,outdoors,no_prior_season_situational_for_packaged_priors,rolling_features_unavailable_pre_2023
2020,3,2020-09-27,LAR@BUF,BUF,LAR,35.0,32.0,-3.0,67.0,-1.5,46.5,,,,,-1.05,45.3,,,,,1.5,-20.5,3.0,1.95,False,True,outdoors,no_prior_season_situational_for_packaged_priors,rolling_features_unavailable_pre_2023
2020,3,2020-09-27,LV@NE,NE,LV,36.0,20.0,-16.0,56.0,-7.0,47.0,,,,,2.0901,45.2982,,,,,9.0,-9.0,16.0,14.95,False,True,outdoors,no_prior_season_situational_for_packaged_priors,rolling_features_unavailable_pre_2023
2020,3,2020-09-24,MIA@JAX,JAX,MIA,13.0,31.0,18.0,44.0,-3.0,49.0,,,,,-4.4976,45.0919,,,,,-21.0,5.0,-18.0,-19.05,False,True,outdoors,no_prior_season_situational_for_packaged_priors,rolling_features_unavailable_pre_2023
2020,3,2020-09-27,NYJ@IND,IND,NYJ,36.0,7.0,-29.0,43.0,-12.5,44.0,,,,,-4.4976,45.0919,,,,,16.5,1.0,29.0,27.95,False,True,closed,no_prior_season_situational_for_packaged_priors,rolling_features_unavailable_pre_2023
2020,3,2020-09-27,SF@NYG,NYG,SF,9.0,36.0,27.0,45.0,3.0,44.0,,,,,2.3976,45.0919,,,,,-24.0,-1.0,-27.0,-28.05,False,True,outdoors,no_prior_season_situational_for_packaged_priors,rolling_features_unavailable_pre_2023
2020,3,2020-09-27,TB@DEN,DEN,TB,10.0,28.0,18.0,38.0,6.0,42.5,,,,,2.3976,45.0919,,,,,-12.0,4.5,-18.0,-19.05,False,True,outdoors,no_prior_season_situational_for_packaged_priors,rolling_features_unavailable_pre_2023
2020,3,2020-09-27,TEN@MIN,MIN,TEN,30.0,31.0,1.0,61.0,3.0,49.5,,,,,5.45,45.5201,,,,,2.0,-11.5,-1.0,-2.05,False,True,dome,no_prior_season_situational_for_packaged_priors,rolling_features_unavailable_pre_2023
2020,3,2020-09-27,WSH@CLE,CLE,WSH,34.0,20.0,-14.0,54.0,-7.5,45.0,,,,,-1.05,45.0941,,,,,6.5,-9.0,14.0,12.95,False,True,outdoors,no_prior_season_situational_for_packaged_priors,rolling_features_unavailable_pre_2023
2020,4,2020-10-04,ARI@CAR,CAR,ARI,31.0,21.0,-10.0,52.0,3.0,52.5,,,,,1.1382,45.141,,,,,13.0,0.5,10.0,8.95,False,True,outdoors,no_prior_season_situational_for_packaged_priors,rolling_features_unavailable_pre_2023
2020,4,2020-10-05,ATL@GB,GB,ATL,30.0,16.0,-14.0,46.0,-5.0,56.5,,,,,-7.55,45.5201,,,,,9.0,10.5,14.0,12.95,False,True,outdoors,no_prior_season_situational_for_packaged_priors,rolling_features_unavailable_pre_2023
2020,4,2020-10-04,BAL@WSH,WSH,BAL,17.0,31.0,14.0,48.0,14.5,45.0,,,,,1.1382,45.141,,,,,0.5,-3.0,-14.0,-15.05,False,True,outdoors,no_prior_season_situational_for_packaged_priors,rolling_features_unavailable_pre_2023
2020,4,2020-10-04,BUF@LV,LV,BUF,23.0,30.0,7.0,53.0,3.0,53.0,,,,,1.0103,45.2771,,,,,-4.0,0.0,-7.0,-8.05,False,True,dome,no_prior_season_situational_for_packaged_priors,rolling_features_unavailable_pre_2023
2020,4,2020-10-04,CLE@DAL,DAL,CLE,38.0,49.0,11.0,87.0,-3.5,56.5,,,,,1.1382,45.141,,,,,-14.5,-30.5,-11.0,-12.05,False,True,closed,no_prior_season_situational_for_packaged_priors,rolling_features_unavailable_pre_2023
2020,4,2020-10-01,DEN@NYJ,NYJ,DEN,28.0,37.0,9.0,65.0,-1.0,41.0,,,,,-1.05,44.8435,,,,,-10.0,-24.0,-9.0,-10.05,False,True,outdoors,no_prior_season_situational_for_packaged_priors,rolling_features_unavailable_pre_2023
2020,4,2020-10-04,IND@CHI,CHI,IND,11.0,19.0,8.0,30.0,3.5,43.5,,,,,-3.1103,45.2771,,,,,-4.5,13.5,-8.0,-9.05,False,True,outdoors,no_prior_season_situational_for_packaged_priors,rolling_features_unavailable_pre_2023
2020,4,2020-10-04,JAX@CIN,CIN,JAX,33.0,25.0,-8.0,58.0,-1.0,50.0,,,,,1.2829,44.9864,,,,,7.0,-8.0,8.0,6.95,False,True,outdoors,no_prior_season_situational_for_packaged_priors,rolling_features_unavailable_pre_2023
2020,4,2020-10-04,LAC@TB,TB,LAC,38.0,31.0,-7.0,69.0,-7.5,42.5,,,,,-3.2382,45.141,,,,,-0.5,-26.5,7.0,5.95,False,True,outdoors,no_prior_season_situational_for_packaged_priors,rolling_features_unavailable_pre_2023
2020,4,2020-10-04,MIN@HOU,HOU,MIN,23.0,31.0,8.0,54.0,-3.5,52.5,,,,,-1.05,44.8435,,,,,-11.5,-1.5,-8.0,-9.05,False,True,closed,no_prior_season_situational_for_packaged_priors,rolling_features_unavailable_pre_2023
2020,4,2020-10-05,NE@KC,KC,NE,26.0,10.0,-16.0,36.0,-7.0,52.5,,,,,-3.1103,45.2771,,,,,9.0,16.5,16.0,14.95,False,True,outdoors,no_prior_season_situational_for_packaged_priors,rolling_features_unavailable_pre_2023
2020,4,2020-10-04,NO@DET,DET,NO,29.0,35.0,6.0,64.0,3.0,51.5,,,,,-1.05,45.0162,,,,,-3.0,-12.5,-6.0,-7.05,False,True,dome,no_prior_season_situational_for_packaged_priors,rolling_features_unavailable_pre_2023
2020,4,2020-10-04,NYG@LAR,LAR,NYG,17.0,9.0,-8.0,26.0,-13.5,49.5,,,,,-5.582,45.2172,,,,,-5.5,23.5,8.0,6.95,False,True,dome,no_prior_season_situational_for_packaged_priors,rolling_features_unavailable_pre_2023
2020,4,2020-10-04,PHI@SF,SF,PHI,20.0,25.0,5.0,45.0,-8.5,45.5,,,,,-5.582,45.2172,,,,,-13.5,0.5,-5.0,-6.05,False,True,outdoors,no_prior_season_situational_for_packaged_priors,rolling_features_unavailable_pre_2023
2020,4,2020-10-04,SEA@MIA,MIA,SEA,23.0,31.0,8.0,54.0,4.5,55.0,,,,,3.2074,45.3439,,,,,-3.5,1.0,-8.0,-9.05,False,True,outdoors,no_prior_season_situational_for_packaged_priors,rolling_features_unavailable_pre_2023
2020,5,2020-10-11,ARI@NYJ,NYJ,ARI,10.0,30.0,20.0,40.0,7.0,48.5,,,,,2.3976,45.0919,,,,,-13.0,8.5,-20.0,-21.05,False,False,outdoors,no_prior_season_situational_for_packaged_priors,rolling_features_unavailable_pre_2023
2020,5,2020-10-13,BUF@TEN,TEN,BUF,42.0,16.0,-26.0,58.0,3.0,52.0,,,,,-1.05,45.3,,,,,29.0,-6.0,26.0,24.95,False,False,outdoors,no_prior_season_situational_for_packaged_priors,rolling_features_unavailable_pre_2023
2020,5,2020-10-11,CAR@ATL,ATL,CAR,16.0,23.0,7.0,39.0,-2.5,53.5,,,,,2.3976,45.0919,,,,,-9.5,14.5,-7.0,-8.05,True,False,closed,no_prior_season_situational_for_packaged_priors,rolling_features_unavailable_pre_2023
2020,5,2020-10-11,CIN@BAL,BAL,CIN,27.0,3.0,-24.0,30.0,-12.5,49.0,,,,,-3.7658,45.185,,,,,11.5,19.0,24.0,22.95,True,False,outdoors,no_prior_season_situational_for_packaged_priors,rolling_features_unavailable_pre_2023
2020,5,2020-10-11,IND@CLE,CLE,IND,32.0,23.0,-9.0,55.0,-1.0,48.5,,,,,-1.05,45.2019,,,,,8.0,-6.5,9.0,7.95,False,False,outdoors,no_prior_season_situational_for_packaged_priors,rolling_features_unavailable_pre_2023
2020,5,2020-10-11,JAX@HOU,HOU,JAX,30.0,14.0,-16.0,44.0,-6.5,55.0,,,,,0.7133,44.9417,,,,,9.5,11.0,16.0,14.95,True,False,closed,no_prior_season_situational_for_packaged_priors,rolling_features_unavailable_pre_2023
2020,5,2020-10-12,LAC@NO,NO,LAC,30.0,27.0,-3.0,57.0,-7.0,49.5,,,,,-2.7294,45.0639,,,,,-4.0,-7.5,3.0,1.95,False,False,dome,no_prior_season_situational_for_packaged_priors,rolling_features_unavailable_pre_2023
2020,5,2020-10-11,LAR@WSH,WSH,LAR,10.0,30.0,20.0,40.0,7.0,45.0,,,,,2.2366,45.1998,,,,,-13.0,5.0,-20.0,-21.05,False,False,outdoors,no_prior_season_situational_for_packaged_priors,rolling_features_unavailable_pre_2023
2020,5,2020-10-11,LV@KC,KC,LV,32.0,40.0,8.0,72.0,-11.0,54.5,,,,,-4.1901,45.2982,,,,,-19.0,-17.5,-8.0,-9.05,True,False,outdoors,no_prior_season_situational_for_packaged_priors,rolling_features_unavailable_pre_2023
2020,5,2020-10-11,MIA@SF,SF,MIA,17.0,43.0,26.0,60.0,-8.5,50.5,,,,,-2.7294,45.0639,,,,,-34.5,-9.5,-26.0,-27.05,False,False,outdoors,no_prior_season_situational_for_packaged_priors,rolling_features_unavailable_pre_2023
2020,5,2020-10-11,MIN@SEA,SEA,MIN,27.0,26.0,-1.0,53.0,-6.5,54.0,,,,,-5.8814,45.3768,,,,,-5.5,1.0,1.0,-0.050000000000000044,False,False,outdoors,no_prior_season_situational_for_packaged_priors,rolling_features_unavailable_pre_2023
2020,5,2020-10-11,NYG@DAL,DAL,NYG,37.0,34.0,-3.0,71.0,-7.5,52.0,,,,,-2.8133,44.9417,,,,,-4.5,-19.0,3.0,1.95,True,False,closed,no_prior_season_situational_for_packaged_priors,rolling_features_unavailable_pre_2023
2020,5,2020-10-11,PHI@PIT,PIT,PHI,38.0,29.0,-9.0,67.0,-7.5,44.0,,,,,-5.3074,45.3439,,,,,1.5,-23.0,9.0,7.95,False,False,outdoors,no_prior_season_situational_for_packaged_priors,rolling_features_unavailable_pre_2023
2020,5,2020-10-08,TB@CHI,CHI,TB,20.0,19.0,-1.0,39.0,3.5,44.0,,,,,-1.05,45.2019,,,,,4.5,5.0,1.0,-0.050000000000000044,False,False,outdoors,no_prior_season_situational_for_packaged_priors,rolling_features_unavailable_pre_2023
2020,6,2020-10-19,ARI@DAL,DAL,ARI,10.0,38.0,28.0,48.0,-1.0,55.5,,,,,0.262,45.111,,,,,-29.0,7.5,-28.0,-29.05,False,False,closed,no_prior_season_situational_for_packaged_priors,rolling_features_unavailable_pre_2023
2020,6,2020-10-18,ATL@MIN,MIN,ATL,23.0,40.0,17.0,63.0,-3.5,53.0,,,,,-2.4674,44.9177,,,,,-20.5,-10.0,-17.0,-18.05,False,False,dome,no_prior_season_situational_for_packaged_priors,rolling_features_unavailable_pre_2023
2020,6,2020-10-18,BAL@PHI,PHI,BAL,28.0,30.0,2.0,58.0,10.5,46.5,,,,,2.5503,45.2321,,,,,8.5,-11.5,-2.0,-3.05,False,False,outdoors,no_prior_season_situational_for_packaged_priors,rolling_features_unavailable_pre_2023
2020,6,2020-10-18,CHI@CAR,CAR,CHI,16.0,23.0,7.0,39.0,-2.0,45.0,,,,,0.215,45.1968,,,,,-9.0,6.0,-7.0,-8.05,False,False,outdoors,no_prior_season_situational_for_packaged_priors,rolling_features_unavailable_pre_2023
2020,6,2020-10-18,CIN@IND,IND,CIN,31.0,27.0,-4.0,58.0,-7.5,46.0,,,,,-3.3804,45.113,,,,,-3.5,-12.0,4.0,2.95,False,False,closed,no_prior_season_situational_for_packaged_priors,rolling_features_unavailable_pre_2023
2020,6,2020-10-18,CLE@PIT,PIT,CLE,38.0,7.0,-31.0,45.0,-3.0,50.0,,,,,-2.2712,45.2764,,,,,28.0,5.0,31.0,29.95,True,False,outdoors,no_prior_season_situational_for_packaged_priors,rolling_features_unavailable_pre_2023
2020,6,2020-10-18,DEN@NE,NE,DEN,12.0,18.0,6.0,30.0,-7.0,43.5,,,,,-2.7294,45.0639,,,,,-13.0,13.5,-6.0,-7.05,False,False,outdoors,no_prior_season_situational_for_packaged_priors,rolling_features_unavailable_pre_2023
2020,6,2020-10-18,DET@JAX,JAX,DET,16.0,34.0,18.0,50.0,3.0,52.5,,,,,-0.7045,44.9639,,,,,-15.0,2.5,-18.0,-19.05,False,False,outdoors,no_prior_season_situational_for_packaged_priors,rolling_features_unavailable_pre_2023
2020,6,2020-10-18,GB@TB,TB,GB,38.0,10.0,-28.0,48.0,3.0,55.0,,,,,1.4379,45.2827,,,,,31.0,7.0,28.0,26.95,False,False,outdoors,no_prior_season_situational_for_packaged_priors,rolling_features_unavailable_pre_2023
2020,6,2020-10-18,HOU@TEN,TEN,HOU,42.0,36.0,-6.0,78.0,-4.0,52.0,,,,,-6.231,45.4,,,,,2.0,-26.0,6.0,4.95,True,False,outdoors,no_prior_season_situational_for_packaged_priors,rolling_features_unavailable_pre_2023
2020,6,2020-10-19,KC@BUF,BUF,KC,17.0,26.0,9.0,43.0,5.5,55.0,,,,,-1.05,45.2222,,,,,-3.5,12.0,-9.0,-10.05,False,False,outdoors,no_prior_season_situational_for_packaged_priors,rolling_features_unavailable_pre_2023
2020,6,2020-10-18,LAR@SF,SF,LAR,24.0,16.0,-8.0,40.0,2.0,51.0,,,,,1.529,45.2036,,,,,10.0,11.0,8.0,6.95,True,False,outdoors,no_prior_season_situational_for_packaged_priors,rolling_features_unavailable_pre_2023
2020,6,2020-10-18,NYJ@MIA,MIA,NYJ,24.0,0.0,-24.0,24.0,-9.5,46.0,,,,,-3.8326,45.0261,,,,,14.5,22.0,24.0,22.95,True,False,outdoors,no_prior_season_situational_for_packaged_priors,rolling_features_unavailable_pre_2023
2020,6,2020-10-18,WSH@NYG,NYG,WSH,20.0,19.0,-1.0,39.0,-2.0,42.5,,,,,0.3674,44.9177,,,,,-1.0,3.5,1.0,-0.050000000000000044,True,False,outdoors,no_prior_season_situational_for_packaged_priors,rolling_features_unavailable_pre_2023
2020,7,2020-10-25,BUF@NYJ,NYJ,BUF,10.0,18.0,8.0,28.0,9.5,47.0,,,,,3.482,45.2172,,,,,1.5,19.0,-8.0,-9.05,True,False,outdoors,no_prior_season_situational_for_packaged_priors,rolling_features_unavailable_pre_2023
2020,7,2020-10-25,CAR@NO,NO,CAR,27.0,24.0,-3.0,51.0,-7.0,49.5,,,,,-1.6998,45.1206,,,,,-4.0,-1.5,3.0,1.95,True,False,dome,no_prior_season_situational_for_packaged_priors,rolling_features_unavailable_pre_2023
2020,7,2020-10-26,CHI@LAR,LAR,CHI,24.0,10.0,-14.0,34.0,-6.5,44.0,,,,,-0.0053,45.2125,,,,,7.5,10.0,14.0,12.95,False,False,dome,no_prior_season_situational_for_packaged_priors,rolling_features_unavailable_pre_2023
2020,7,2020-10-25,CLE@CIN,CIN,CLE,34.0,37.0,3.0,71.0,4.5,50.0,,,,,2.0552,45.158,,,,,1.5,-21.0,-3.0,-4.05,True,False,outdoors,no_prior_season_situational_for_packaged_priors,rolling_features_unavailable_pre_2023
2020,7,2020-10-25,DAL@WSH,WSH,DAL,25.0,3.0,-22.0,28.0,1.0,44.5,,,,,0.0965,44.9882,,,,,23.0,16.5,22.0,20.95,True,False,outdoors,no_prior_season_situational_for_packaged_priors,rolling_features_unavailable_pre_2023
2020,7,2020-10-25,DET@ATL,ATL,DET,22.0,23.0,1.0,45.0,-1.0,54.0,,,,,0.5452,45.0168,,,,,-2.0,9.0,-1.0,-2.05,False,False,closed,no_prior_season_situational_for_packaged_priors,rolling_features_unavailable_pre_2023
2020,7,2020-10-25,GB@HOU,HOU,GB,20.0,35.0,15.0,55.0,2.5,55.5,,,,,3.1322,45.2575,,,,,-12.5,0.5,-15.0,-16.05,False,False,closed,no_prior_season_situational_for_packaged_priors,rolling_features_unavailable_pre_2023
2020,7,2020-10-25,JAX@LAC,LAC,JAX,39.0,29.0,-10.0,68.0,-8.0,48.0,,,,,-1.2822,44.942,,,,,2.0,-20.0,10.0,8.95,False,False,dome,no_prior_season_situational_for_packaged_priors,rolling_features_unavailable_pre_2023
2020,7,2020-10-25,KC@DEN,DEN,KC,16.0,43.0,27.0,59.0,7.0,46.0,,,,,1.7361,45.2216,,,,,-20.0,-13.0,-27.0,-28.05,True,False,outdoors,no_prior_season_situational_for_packaged_priors,rolling_features_unavailable_pre_2023
2020,7,2020-10-22,NYG@PHI,PHI,NYG,22.0,21.0,-1.0,43.0,-5.0,44.5,,,,,-1.2822,44.942,,,,,-4.0,1.5,1.0,-0.050000000000000044,True,False,outdoors,no_prior_season_situational_for_packaged_priors,rolling_features_unavailable_pre_2023
2020,7,2020-10-25,PIT@TEN,TEN,PIT,24.0,27.0,3.0,51.0,-1.0,51.0,,,,,-1.05,45.3,,,,,-4.0,0.0,-3.0,-4.05,False,False,outdoors,no_prior_season_situational_for_packaged_priors,rolling_features_unavailable_pre_2023
2020,7,2020-10-25,SEA@ARI,ARI,SEA,37.0,34.0,-3.0,71.0,3.5,55.5,,,,,1.0103,45.2771,,,,,6.5,-15.5,3.0,1.95,True,False,closed,no_prior_season_situational_for_packaged_priors,rolling_features_unavailable_pre_2023
2020,7,2020-10-25,SF@NE,NE,SF,6.0,33.0,27.0,39.0,-3.0,44.0,,,,,-0.388,45.0756,,,,,-30.0,5.0,-27.0,-28.05,False,False,outdoors,no_prior_season_situational_for_packaged_priors,rolling_features_unavailable_pre_2023
2020,7,2020-10-25,TB@LV,LV,TB,20.0,45.0,25.0,65.0,3.5,51.5,,,,,-0.6234,45.1546,,,,,-21.5,-13.5,-25.0,-26.05,False,False,dome,no_prior_season_situational_for_packaged_priors,rolling_features_unavailable_pre_2023
2020,8,2020-10-29,ATL@CAR,CAR,ATL,17.0,25.0,8.0,42.0,-1.5,52.0,,,,,-3.0029,45.0305,,,,,-9.5,10.0,-8.0,-9.05,True,False,outdoors,no_prior_season_situational_for_packaged_priors,rolling_features_unavailable_pre_2023
2020,8,2020-11-01,DAL@PHI,PHI,DAL,23.0,9.0,-14.0,32.0,-10.0,43.0,,,,,-1.3737,45.0057,,,,,4.0,11.0,14.0,12.95,True,False,outdoors,no_prior_season_situational_for_packaged_priors,rolling_features_unavailable_pre_2023
2020,8,2020-11-01,IND@DET,DET,IND,21.0,41.0,20.0,62.0,3.5,49.0,,,,,0.0265,45.1425,,,,,-16.5,-13.0,-20.0,-21.05,False,False,dome,no_prior_season_situational_for_packaged_priors,rolling_features_unavailable_pre_2023
2020,8,2020-11-01,LAC@DEN,DEN,LAC,31.0,30.0,-1.0,61.0,3.0,44.5,,,,,-1.05,45.0162,,,,,4.0,-16.5,1.0,-0.050000000000000044,True,False,outdoors,no_prior_season_situational_for_packaged_priors,rolling_features_unavailable_pre_2023
2020,8,2020-11-01,LAR@MIA,MIA,LAR,28.0,17.0,-11.0,45.0,3.5,46.5,,,,,0.3283,45.1602,,,,,14.5,1.5,11.0,9.95,False,False,outdoors,no_prior_season_situational_for_packaged_priors,rolling_features_unavailable_pre_2023
2020,8,2020-11-01,LV@CLE,CLE,LV,6.0,16.0,10.0,22.0,-1.0,48.0,,,,,-2.4283,45.1602,,,,,-11.0,26.0,-10.0,-11.05,False,False,outdoors,no_prior_season_situational_for_packaged_priors,rolling_features_unavailable_pre_2023
2020,8,2020-11-01,MIN@GB,GB,MIN,22.0,28.0,6.0,50.0,-5.5,47.0,,,,,-5.4404,45.2824,,,,,-11.5,-3.0,-6.0,-7.05,True,False,outdoors,no_prior_season_situational_for_packaged_priors,rolling_features_unavailable_pre_2023
2020,8,2020-11-01,NE@BUF,BUF,NE,24.0,21.0,-3.0,45.0,-4.0,41.0,,,,,-3.5405,45.1656,,,,,-1.0,-4.0,3.0,1.95,True,False,outdoors,no_prior_season_situational_for_packaged_priors,rolling_features_unavailable_pre_2023
2020,8,2020-11-01,NO@CHI,CHI,NO,23.0,26.0,3.0,49.0,5.5,41.0,,,,,-1.3516,45.178,,,,,2.5,-8.0,-3.0,-4.05,False,False,outdoors,no_prior_season_situational_for_packaged_priors,rolling_features_unavailable_pre_2023
2020,8,2020-11-01,NYJ@KC,KC,NYJ,35.0,9.0,-26.0,44.0,-20.0,49.0,,,,,-6.788,45.3823,,,,,6.0,5.0,26.0,24.95,False,False,outdoors,no_prior_season_situational_for_packaged_priors,rolling_features_unavailable_pre_2023
2020,8,2020-11-01,PIT@BAL,BAL,PIT,24.0,28.0,4.0,52.0,-4.0,44.0,,,,,-0.0354,45.2783,,,,,-8.0,-8.0,-4.0,-5.05,True,False,outdoors,no_prior_season_situational_for_packaged_priors,rolling_features_unavailable_pre_2023
2020,8,2020-11-01,SF@SEA,SEA,SF,37.0,27.0,-10.0,64.0,-1.0,54.5,,,,,-2.7062,45.209,,,,,9.0,-9.5,10.0,8.95,True,False,outdoors,no_prior_season_situational_for_packaged_priors,rolling_features_unavailable_pre_2023
2020,8,2020-11-02,TB@NYG,NYG,TB,23.0,25.0,2.0,48.0,13.0,47.0,,,,,2.7598,45.2034,,,,,11.0,-1.0,-2.0,-3.05,False,False,outdoors,no_prior_season_situational_for_packaged_priors,rolling_features_unavailable_pre_2023
2020,8,2020-11-01,TEN@CIN,CIN,TEN,31.0,20.0,-11.0,51.0,7.5,49.5,,,,,3.3404,45.2824,,,,,18.5,-1.5,11.0,9.95,False,False,outdoors,no_prior_season_situational_for_packaged_priors,rolling_features_unavailable_pre_2023
2020,9,2020-11-08,BAL@IND,IND,BAL,10.0,24.0,14.0,34.0,-1.0,48.0,,,,,-1.05,45.1871,,,,,-15.0,14.0,-14.0,-15.05,False,False,closed,no_prior_season_situational_for_packaged_priors,rolling_features_unavailable_pre_2023
2020,9,2020-11-08,CAR@KC,KC,CAR,33.0,31.0,-2.0,64.0,-10.0,51.5,,,,,-4.2617,45.2501,,,,,-8.0,-12.5,2.0,0.95,False,False,outdoors,no_prior_season_situational_for_packaged_priors,rolling_features_unavailable_pre_2023
2020,9,2020-11-08,CHI@TEN,TEN,CHI,24.0,17.0,-7.0,41.0,-6.5,46.5,,,,,-1.6176,45.1715,,,,,0.5,5.5,7.0,5.95,False,False,outdoors,no_prior_season_situational_for_packaged_priors,rolling_features_unavailable_pre_2023
2020,9,2020-11-08,DEN@ATL,ATL,DEN,34.0,27.0,-7.0,61.0,-4.5,50.0,,,,,0.1574,45.0334,,,,,2.5,-11.0,7.0,5.95,False,False,closed,no_prior_season_situational_for_packaged_priors,rolling_features_unavailable_pre_2023
2020,9,2020-11-08,DET@MIN,MIN,DET,34.0,20.0,-14.0,54.0,-3.0,51.5,,,,,-0.0875,45.0368,,,,,11.0,-2.5,14.0,12.95,True,False,dome,no_prior_season_situational_for_packaged_priors,rolling_features_unavailable_pre_2023
2020,9,2020-11-05,GB@SF,SF,GB,17.0,34.0,17.0,51.0,6.0,48.5,,,,,0.3283,45.1602,,,,,-11.0,-2.5,-17.0,-18.05,False,False,outdoors,no_prior_season_situational_for_packaged_priors,rolling_features_unavailable_pre_2023
2020,9,2020-11-08,HOU@JAX,JAX,HOU,25.0,27.0,2.0,52.0,7.0,49.0,,,,,-1.05,44.9205,,,,,5.0,-3.0,-2.0,-3.05,True,False,outdoors,no_prior_season_situational_for_packaged_priors,rolling_features_unavailable_pre_2023
2020,9,2020-11-08,LV@LAC,LAC,LV,26.0,31.0,5.0,57.0,1.0,52.5,,,,,0.8503,45.0968,,,,,-4.0,-4.5,-5.0,-6.05,True,False,dome,no_prior_season_situational_for_packaged_priors,rolling_features_unavailable_pre_2023
2020,9,2020-11-08,MIA@ARI,ARI,MIA,31.0,34.0,3.0,65.0,-6.0,49.0,,,,,-1.9627,45.1651,,,,,-9.0,-16.0,-3.0,-4.05,False,False,closed,no_prior_season_situational_for_packaged_priors,rolling_features_unavailable_pre_2023
2020,9,2020-11-09,NE@NYJ,NYJ,NE,27.0,30.0,3.0,57.0,9.5,41.5,,,,,0.9585,44.9602,,,,,6.5,-15.5,-3.0,-4.05,True,False,outdoors,no_prior_season_situational_for_packaged_priors,rolling_features_unavailable_pre_2023
2020,9,2020-11-08,NO@TB,TB,NO,3.0,38.0,35.0,41.0,-3.0,51.0,,,,,-1.2745,45.195,,,,,-38.0,10.0,-35.0,-36.05,True,False,outdoors,no_prior_season_situational_for_packaged_priors,rolling_features_unavailable_pre_2023
2020,9,2020-11-08,NYG@WSH,WSH,NYG,20.0,23.0,3.0,43.0,-3.0,43.0,,,,,-2.1652,44.965,,,,,-6.0,0.0,-3.0,-4.05,True,False,outdoors,no_prior_season_situational_for_packaged_priors,rolling_features_unavailable_pre_2023
2020,9,2020-11-08,PIT@DAL,DAL,PIT,19.0,24.0,5.0,43.0,14.0,44.0,,,,,3.7814,45.3768,,,,,9.0,1.0,-5.0,-6.05,False,False,closed,no_prior_season_situational_for_packaged_priors,rolling_features_unavailable_pre_2023
2020,9,2020-11-08,SEA@BUF,BUF,SEA,44.0,34.0,-10.0,78.0,3.0,55.0,,,,,-0.3849,45.228,,,,,13.0,-23.0,10.0,8.95,False,False,outdoors,no_prior_season_situational_for_packaged_priors,rolling_features_unavailable_pre_2023
2020,10,2020-11-15,BAL@NE,NE,BAL,23.0,17.0,-6.0,40.0,7.0,44.0,,,,,1.384,45.18,,,,,13.0,4.0,6.0,4.95,False,False,outdoors,no_prior_season_situational_for_packaged_priors,rolling_features_unavailable_pre_2023
2020,10,2020-11-15,BUF@ARI,ARI,BUF,32.0,30.0,-2.0,62.0,-3.0,55.5,,,,,-0.0841,45.1908,,,,,-1.0,-6.5,2.0,0.95,False,False,closed,no_prior_season_situational_for_packaged_priors,rolling_features_unavailable_pre_2023
2020,10,2020-11-15,CIN@PIT,PIT,CIN,36.0,10.0,-26.0,46.0,-6.5,45.5,,,,,-5.6341,45.3619,,,,,19.5,-0.5,26.0,24.95,True,False,outdoors,no_prior_season_situational_for_packaged_priors,rolling_features_unavailable_pre_2023
2020,10,2020-11-15,DEN@LV,LV,DEN,37.0,12.0,-25.0,49.0,-3.5,50.5,,,,,-2.6904,45.1205,,,,,21.5,1.5,25.0,23.95,True,False,dome,no_prior_season_situational_for_packaged_priors,rolling_features_unavailable_pre_2023
2020,10,2020-11-15,HOU@CLE,CLE,HOU,10.0,7.0,-3.0,17.0,-4.5,46.0,,,,,-3.5414,45.1264,,,,,-1.5,29.0,3.0,1.95,False,False,outdoors,no_prior_season_situational_for_packaged_priors,rolling_features_unavailable_pre_2023
2020,10,2020-11-12,IND@TEN,TEN,IND,17.0,34.0,17.0,51.0,1.0,49.0,,,,,-1.8422,45.182,,,,,-16.0,-2.0,-17.0,-18.05,True,False,outdoors,no_prior_season_situational_for_packaged_priors,rolling_features_unavailable_pre_2023
2020,10,2020-11-15,JAX@GB,GB,JAX,24.0,20.0,-4.0,44.0,-13.5,47.0,,,,,-5.2126,45.235,,,,,-9.5,3.0,4.0,2.95,False,False,outdoors,no_prior_season_situational_for_packaged_priors,rolling_features_unavailable_pre_2023
2020,10,2020-11-15,LAC@MIA,MIA,LAC,29.0,21.0,-8.0,50.0,-1.0,48.5,,,,,-3.5414,45.1264,,,,,7.0,-1.5,8.0,6.95,False,False,outdoors,no_prior_season_situational_for_packaged_priors,rolling_features_unavailable_pre_2023
2020,10,2020-11-16,MIN@CHI,CHI,MIN,13.0,19.0,6.0,32.0,3.5,44.0,,,,,-2.2421,45.0923,,,,,-2.5,12.0,-6.0,-7.05,True,False,outdoors,no_prior_season_situational_for_packaged_priors,rolling_features_unavailable_pre_2023
2020,10,2020-11-15,PHI@NYG,NYG,PHI,27.0,17.0,-10.0,44.0,4.5,45.0,,,,,0.3491,45.0316,,,,,14.5,1.0,10.0,8.95,True,False,outdoors,no_prior_season_situational_for_packaged_priors,rolling_features_unavailable_pre_2023
2020,10,2020-11-15,SEA@LAR,LAR,SEA,23.0,16.0,-7.0,39.0,-3.0,55.0,,,,,-0.2578,45.182,,,,,4.0,16.0,7.0,5.95,True,False,dome,no_prior_season_situational_for_packaged_priors,rolling_features_unavailable_pre_2023
2020,10,2020-11-15,SF@NO,NO,SF,27.0,13.0,-14.0,40.0,-9.5,49.5,,,,,-3.0198,45.1753,,,,,4.5,9.5,14.0,12.95,False,False,dome,no_prior_season_situational_for_packaged_priors,rolling_features_unavailable_pre_2023
2020,10,2020-11-15,TB@CAR,CAR,TB,23.0,46.0,23.0,69.0,6.0,49.5,,,,,1.1382,45.141,,,,,-17.0,-19.5,-23.0,-24.05,True,False,outdoors,no_prior_season_situational_for_packaged_priors,rolling_features_unavailable_pre_2023
2020,10,2020-11-15,WSH@DET,DET,WSH,30.0,27.0,-3.0,57.0,-2.5,46.0,,,,,-1.8994,45.0132,,,,,0.5,-11.0,3.0,1.95,False,False,dome,no_prior_season_situational_for_packaged_priors,rolling_features_unavailable_pre_2023
2020,11,2020-11-19,ARI@SEA,SEA,ARI,28.0,21.0,-7.0,49.0,-3.0,56.5,,,,,-1.05,45.1671,,,,,4.0,7.5,7.0,5.95,True,False,outdoors,no_prior_season_situational_for_packaged_priors,rolling_features_unavailable_pre_2023
2020,11,2020-11-22,ATL@NO,NO,ATL,24.0,9.0,-15.0,33.0,-3.5,49.5,,,,,-3.94,45.2007,,,,,11.5,16.5,15.0,13.95,True,False,dome,no_prior_season_situational_for_packaged_priors,rolling_features_unavailable_pre_2023
2020,11,2020-11-22,CIN@WSH,WSH,CIN,20.0,9.0,-11.0,29.0,-2.0,48.0,,,,,-0.8585,44.9687,,,,,9.0,19.0,11.0,9.95,False,False,outdoors,no_prior_season_situational_for_packaged_priors,rolling_features_unavailable_pre_2023
2020,11,2020-11-22,DAL@MIN,MIN,DAL,28.0,31.0,3.0,59.0,-7.0,50.0,,,,,-2.5545,45.0385,,,,,-10.0,-9.0,-3.0,-4.05,False,False,dome,no_prior_season_situational_for_packaged_priors,rolling_features_unavailable_pre_2023
2020,11,2020-11-22,DET@CAR,CAR,DET,20.0,0.0,-20.0,20.0,3.0,47.0,,,,,-0.0796,45.0441,,,,,23.0,27.0,20.0,18.95,False,False,outdoors,no_prior_season_situational_for_packaged_priors,rolling_features_unavailable_pre_2023
2020,11,2020-11-22,GB@IND,IND,GB,34.0,31.0,-3.0,65.0,-1.5,52.0,,,,,-0.3502,45.1952,,,,,1.5,-13.0,3.0,1.95,False,False,closed,no_prior_season_situational_for_packaged_priors,rolling_features_unavailable_pre_2023
2020,11,2020-11-22,KC@LV,LV,KC,31.0,35.0,4.0,66.0,7.5,56.5,,,,,0.3363,45.232,,,,,3.5,-9.5,-4.0,-5.05,True,False,dome,no_prior_season_situational_for_packaged_priors,rolling_features_unavailable_pre_2023
2020,11,2020-11-23,LAR@TB,TB,LAR,24.0,27.0,3.0,51.0,-4.0,47.5,,,,,-1.2614,45.1746,,,,,-7.0,-3.5,-3.0,-4.05,False,False,outdoors,no_prior_season_situational_for_packaged_priors,rolling_features_unavailable_pre_2023
2020,11,2020-11-22,MIA@DEN,DEN,MIA,20.0,13.0,-7.0,33.0,4.0,46.0,,,,,1.1382,45.141,,,,,11.0,13.0,7.0,5.95,False,False,outdoors,no_prior_season_situational_for_packaged_priors,rolling_features_unavailable_pre_2023
2020,11,2020-11-22,NE@HOU,HOU,NE,27.0,20.0,-7.0,47.0,2.5,49.5,,,,,0.4545,45.0385,,,,,9.5,2.5,7.0,5.95,False,False,closed,no_prior_season_situational_for_packaged_priors,rolling_features_unavailable_pre_2023
2020,11,2020-11-22,NYJ@LAC,LAC,NYJ,34.0,28.0,-6.0,62.0,-10.0,47.0,,,,,-2.6215,44.9281,,,,,-4.0,-15.0,6.0,4.95,False,False,dome,no_prior_season_situational_for_packaged_priors,rolling_features_unavailable_pre_2023
2020,11,2020-11-22,PHI@CLE,CLE,PHI,22.0,17.0,-5.0,39.0,-2.5,45.5,,,,,-2.9568,45.1391,,,,,2.5,6.5,5.0,3.95,False,False,outdoors,no_prior_season_situational_for_packaged_priors,rolling_features_unavailable_pre_2023
2020,11,2020-11-22,PIT@JAX,JAX,PIT,3.0,27.0,24.0,30.0,11.0,47.0,,,,,4.7625,45.4478,,,,,-13.0,17.0,-24.0,-25.05,False,False,outdoors,no_prior_season_situational_for_packaged_priors,rolling_features_unavailable_pre_2023
2020,11,2020-11-22,TEN@BAL,BAL,TEN,24.0,30.0,6.0,54.0,-6.0,50.5,,,,,-1.05,45.1671,,,,,-12.0,-3.5,-6.0,-7.05,False,False,outdoors,no_prior_season_situational_for_packaged_priors,rolling_features_unavailable_pre_2023
2020,12,2020-11-29,ARI@NE,NE,ARI,20.0,17.0,-3.0,37.0,1.0,51.0,,,,,0.262,45.111,,,,,4.0,14.0,3.0,1.95,False,False,outdoors,no_prior_season_situational_for_packaged_priors,rolling_features_unavailable_pre_2023
2020,12,2020-12-02,BAL@PIT,PIT,BAL,19.0,14.0,-5.0,33.0,-10.5,41.5,,,,,-3.5379,45.2827,,,,,-5.5,8.5,5.0,3.95,True,False,outdoors,no_prior_season_situational_for_packaged_priors,rolling_features_unavailable_pre_2023
2020,12,2020-11-29,CAR@MIN,MIN,CAR,28.0,27.0,-1.0,55.0,-3.0,50.0,,,,,-1.2938,45.04,,,,,-2.0,-5.0,1.0,-0.050000000000000044,False,False,dome,no_prior_season_situational_for_packaged_priors,rolling_features_unavailable_pre_2023
2020,12,2020-11-29,CHI@GB,GB,CHI,41.0,25.0,-16.0,66.0,-7.5,44.0,,,,,-2.3381,45.1547,,,,,8.5,-22.0,16.0,14.95,True,False,outdoors,no_prior_season_situational_for_packaged_priors,rolling_features_unavailable_pre_2023
2020,12,2020-11-29,CLE@JAX,JAX,CLE,25.0,27.0,2.0,52.0,7.5,48.5,,,,,2.9734,45.2064,,,,,5.5,-3.5,-2.0,-3.05,False,False,outdoors,no_prior_season_situational_for_packaged_priors,rolling_features_unavailable_pre_2023
2020,12,2020-11-26,HOU@DET,DET,HOU,25.0,41.0,16.0,66.0,3.0,52.5,,,,,-1.7246,45.0287,,,,,-13.0,-13.5,-16.0,-17.05,False,False,dome,no_prior_season_situational_for_packaged_priors,rolling_features_unavailable_pre_2023
2020,12,2020-11-29,KC@TB,TB,KC,24.0,27.0,3.0,51.0,3.5,56.0,,,,,0.5977,45.2359,,,,,0.5,5.0,-3.0,-4.05,False,False,outdoors,no_prior_season_situational_for_packaged_priors,rolling_features_unavailable_pre_2023
2020,12,2020-11-29,LAC@BUF,BUF,LAC,27.0,17.0,-10.0,44.0,-4.5,51.0,,,,,-3.677,45.1617,,,,,5.5,7.0,10.0,8.95,False,False,outdoors,no_prior_season_situational_for_packaged_priors,rolling_features_unavailable_pre_2023
2020,12,2020-11-29,LV@ATL,ATL,LV,43.0,6.0,-37.0,49.0,3.5,53.0,,,,,0.9374,45.11,,,,,40.5,4.0,37.0,35.95,False,False,closed,no_prior_season_situational_for_packaged_priors,rolling_features_unavailable_pre_2023
2020,12,2020-11-29,MIA@NYJ,NYJ,MIA,3.0,20.0,17.0,23.0,7.5,46.0,,,,,3.0517,45.1648,,,,,-9.5,23.0,-17.0,-18.05,True,False,outdoors,no_prior_season_situational_for_packaged_priors,rolling_features_unavailable_pre_2023
2020,12,2020-11-29,NO@DEN,DEN,NO,3.0,31.0,28.0,34.0,17.0,36.5,,,,,1.529,45.2036,,,,,-11.0,2.5,-28.0,-29.05,False,False,outdoors,no_prior_season_situational_for_packaged_priors,rolling_features_unavailable_pre_2023
2020,12,2020-11-29,NYG@CIN,CIN,NYG,17.0,19.0,2.0,36.0,6.5,45.0,,,,,-0.5163,44.9836,,,,,4.5,9.0,-2.0,-3.05,False,False,outdoors,no_prior_season_situational_for_packaged_priors,rolling_features_unavailable_pre_2023
2020,12,2020-11-30,SEA@PHI,PHI,SEA,17.0,23.0,6.0,40.0,6.5,50.0,,,,,1.3501,45.1581,,,,,0.5,10.0,-6.0,-7.05,False,False,outdoors,no_prior_season_situational_for_packaged_priors,rolling_features_unavailable_pre_2023
2020,12,2020-11-29,SF@LAR,LAR,SF,20.0,23.0,3.0,43.0,-5.0,44.5,,,,,-3.0008,45.1538,,,,,-8.0,1.5,-3.0,-4.05,True,False,dome,no_prior_season_situational_for_packaged_priors,rolling_features_unavailable_pre_2023
2020,12,2020-11-29,TEN@IND,IND,TEN,26.0,45.0,19.0,71.0,-3.0,51.5,,,,,-1.05,45.1811,,,,,-22.0,-19.5,-19.0,-20.05,True,False,closed,no_prior_season_situational_for_packaged_priors,rolling_features_unavailable_pre_2023
2020,12,2020-11-26,WSH@DAL,DAL,WSH,16.0,41.0,25.0,57.0,-2.5,46.0,,,,,-1.05,45.0,,,,,-27.5,-11.0,-25.0,-26.05,True,False,closed,no_prior_season_situational_for_packaged_priors,rolling_features_unavailable_pre_2023
2020,13,2020-12-07,BUF@SF,SF,BUF,24.0,34.0,10.0,58.0,-1.5,48.0,,,,,0.7099,45.1648,,,,,-11.5,-10.0,-10.0,-11.05,False,False,closed,no_prior_season_situational_for_packaged_priors,rolling_features_unavailable_pre_2023
2020,13,2020-12-06,CIN@MIA,MIA,CIN,19.0,7.0,-12.0,26.0,-10.5,43.0,,,,,-3.9611,45.1396,,,,,1.5,17.0,12.0,10.95,False,False,outdoors,no_prior_season_situational_for_packaged_priors,rolling_features_unavailable_pre_2023
2020,13,2020-12-06,CLE@TEN,TEN,CLE,35.0,41.0,6.0,76.0,-4.0,54.0,,,,,-1.05,45.1925,,,,,-10.0,-22.0,-6.0,-7.05,False,False,outdoors,no_prior_season_situational_for_packaged_priors,rolling_features_unavailable_pre_2023
2020,13,2020-12-08,DAL@BAL,BAL,DAL,34.0,17.0,-17.0,51.0,-8.5,46.0,,,,,-2.8705,45.0848,,,,,8.5,-5.0,17.0,15.95,False,False,outdoors,no_prior_season_situational_for_packaged_priors,rolling_features_unavailable_pre_2023
2020,13,2020-12-06,DEN@KC,KC,DEN,22.0,16.0,-6.0,38.0,-13.0,51.0,,,,,-4.5479,45.2737,,,,,-7.0,13.0,6.0,4.95,True,False,outdoors,no_prior_season_situational_for_packaged_priors,rolling_features_unavailable_pre_2023
2020,13,2020-12-06,DET@CHI,CHI,DET,30.0,34.0,4.0,64.0,-3.0,44.0,,,,,-1.6564,45.0559,,,,,-7.0,-20.0,-4.0,-5.05,True,False,outdoors,no_prior_season_situational_for_packaged_priors,rolling_features_unavailable_pre_2023
2020,13,2020-12-06,IND@HOU,HOU,IND,20.0,26.0,6.0,46.0,3.5,50.0,,,,,0.7397,45.1255,,,,,-2.5,4.0,-6.0,-7.05,True,False,closed,no_prior_season_situational_for_packaged_priors,rolling_features_unavailable_pre_2023
2020,13,2020-12-06,JAX@MIN,MIN,JAX,27.0,24.0,-3.0,51.0,-10.5,51.0,,,,,-3.5431,45.0476,,,,,-7.5,0.0,3.0,1.95,False,False,dome,no_prior_season_situational_for_packaged_priors,rolling_features_unavailable_pre_2023
2020,13,2020-12-06,LAR@ARI,ARI,LAR,28.0,38.0,10.0,66.0,2.5,49.0,,,,,-0.4637,45.1379,,,,,-7.5,-17.0,-10.0,-11.05,True,False,closed,no_prior_season_situational_for_packaged_priors,rolling_features_unavailable_pre_2023
2020,13,2020-12-06,LV@NYJ,NYJ,LV,28.0,31.0,3.0,59.0,7.5,48.0,,,,,2.6962,45.1242,,,,,4.5,-11.0,-3.0,-4.05,False,False,outdoors,no_prior_season_situational_for_packaged_priors,rolling_features_unavailable_pre_2023
2020,13,2020-12-06,NE@LAC,LAC,NE,0.0,45.0,45.0,45.0,-2.5,47.0,,,,,0.1737,45.0455,,,,,-47.5,2.0,-45.0,-46.05,False,False,dome,no_prior_season_situational_for_packaged_priors,rolling_features_unavailable_pre_2023
2020,13,2020-12-06,NO@ATL,ATL,NO,16.0,21.0,5.0,37.0,2.5,46.0,,,,,1.8868,45.2189,,,,,-2.5,9.0,-5.0,-6.05,True,False,closed,no_prior_season_situational_for_packaged_priors,rolling_features_unavailable_pre_2023
2020,13,2020-12-06,NYG@SEA,SEA,NYG,12.0,17.0,5.0,29.0,-11.0,48.5,,,,,-3.4175,45.1694,,,,,-16.0,19.5,-5.0,-6.05,False,False,outdoors,no_prior_season_situational_for_packaged_priors,rolling_features_unavailable_pre_2023
2020,13,2020-12-06,PHI@GB,GB,PHI,30.0,16.0,-14.0,46.0,-8.0,50.0,,,,,-3.8496,45.177,,,,,6.0,4.0,14.0,12.95,False,False,outdoors,no_prior_season_situational_for_packaged_priors,rolling_features_unavailable_pre_2023
2020,13,2020-12-07,WSH@PIT,PIT,WSH,17.0,23.0,6.0,40.0,-5.5,43.5,,,,,-5.1013,45.3337,,,,,-11.5,3.5,-6.0,-7.05,False,False,outdoors,no_prior_season_situational_for_packaged_priors,rolling_features_unavailable_pre_2023
2020,14,2020-12-13,ARI@NYG,NYG,ARI,7.0,26.0,19.0,33.0,3.0,47.0,,,,,-0.4992,45.0781,,,,,-16.0,14.0,-19.0,-20.05,False,False,outdoors,no_prior_season_situational_for_packaged_priors,rolling_features_unavailable_pre_2023
2020,14,2020-12-13,ATL@LAC,LAC,ATL,20.0,17.0,-3.0,37.0,-1.0,49.0,,,,,-0.4815,44.9991,,,,,2.0,12.0,3.0,1.95,False,False,dome,no_prior_season_situational_for_packaged_priors,rolling_features_unavailable_pre_2023
2020,14,2020-12-14,BAL@CLE,CLE,BAL,42.0,47.0,5.0,89.0,3.0,45.5,,,,,-2.1104,45.1781,,,,,-2.0,-43.5,-5.0,-6.05,True,False,outdoors,no_prior_season_situational_for_packaged_priors,rolling_features_unavailable_pre_2023
2020,14,2020-12-13,DAL@CIN,CIN,DAL,7.0,30.0,23.0,37.0,3.0,44.0,,,,,-0.578,44.9603,,,,,-20.0,7.0,-23.0,-24.05,False,False,outdoors,no_prior_season_situational_for_packaged_priors,rolling_features_unavailable_pre_2023
2020,14,2020-12-13,DEN@CAR,CAR,DEN,27.0,32.0,5.0,59.0,-4.0,46.0,,,,,-1.05,45.0162,,,,,-9.0,-13.0,-5.0,-6.05,False,False,outdoors,no_prior_season_situational_for_packaged_priors,rolling_features_unavailable_pre_2023
2020,14,2020-12-13,GB@DET,DET,GB,24.0,31.0,7.0,55.0,9.5,55.5,,,,,1.1047,45.1767,,,,,2.5,0.5,-7.0,-8.05,True,False,dome,no_prior_season_situational_for_packaged_priors,rolling_features_unavailable_pre_2023
2020,14,2020-12-13,HOU@CHI,CHI,HOU,36.0,7.0,-29.0,43.0,1.0,46.0,,,,,-1.6095,45.0393,,,,,30.0,3.0,29.0,27.95,False,False,outdoors,no_prior_season_situational_for_packaged_priors,rolling_features_unavailable_pre_2023
2020,14,2020-12-13,IND@LV,LV,IND,27.0,44.0,17.0,71.0,2.5,51.5,,,,,-0.5159,45.1521,,,,,-14.5,-19.5,-17.0,-18.05,False,False,dome,no_prior_season_situational_for_packaged_priors,rolling_features_unavailable_pre_2023
2020,14,2020-12-13,KC@MIA,MIA,KC,27.0,33.0,6.0,60.0,7.5,51.5,,,,,0.5059,45.2425,,,,,1.5,-8.5,-6.0,-7.05,False,False,outdoors,no_prior_season_situational_for_packaged_priors,rolling_features_unavailable_pre_2023
2020,14,2020-12-13,MIN@TB,TB,MIN,26.0,14.0,-12.0,40.0,-7.0,52.5,,,,,-1.5923,45.1157,,,,,5.0,12.5,12.0,10.95,False,False,outdoors,no_prior_season_situational_for_packaged_priors,rolling_features_unavailable_pre_2023
2020,14,2020-12-10,NE@LAR,LAR,NE,24.0,3.0,-21.0,27.0,-5.0,43.5,,,,,-2.1265,45.1425,,,,,16.0,16.5,21.0,19.95,False,False,dome,no_prior_season_situational_for_packaged_priors,rolling_features_unavailable_pre_2023
2020,14,2020-12-13,NO@PHI,PHI,NO,24.0,21.0,-3.0,45.0,7.5,43.0,,,,,2.6011,45.2482,,,,,10.5,-2.0,3.0,1.95,False,False,outdoors,no_prior_season_situational_for_packaged_priors,rolling_features_unavailable_pre_2023
2020,14,2020-12-13,NYJ@SEA,SEA,NYJ,40.0,3.0,-37.0,43.0,-16.5,49.5,,,,,-5.582,45.2172,,,,,20.5,6.5,37.0,35.95,False,False,outdoors,no_prior_season_situational_for_packaged_priors,rolling_features_unavailable_pre_2023
2020,14,2020-12-13,PIT@BUF,BUF,PIT,26.0,15.0,-11.0,41.0,-2.0,48.5,,,,,-0.0206,45.2459,,,,,9.0,7.5,11.0,9.95,False,False,outdoors,no_prior_season_situational_for_packaged_priors,rolling_features_unavailable_pre_2023
2020,14,2020-12-13,TEN@JAX,JAX,TEN,10.0,31.0,21.0,41.0,7.5,53.0,,,,,2.8796,45.1874,,,,,-13.5,12.0,-21.0,-22.05,True,False,outdoors,no_prior_season_situational_for_packaged_priors,rolling_features_unavailable_pre_2023
2020,14,2020-12-13,WSH@SF,SF,WSH,15.0,23.0,8.0,38.0,-3.0,43.5,,,,,-1.05,45.0558,,,,,-11.0,5.5,-8.0,-9.05,False,False,closed,no_prior_season_situational_for_packaged_priors,rolling_features_unavailable_pre_2023
2020,15,2020-12-19,BUF@DEN,DEN,BUF,19.0,48.0,29.0,67.0,5.5,49.0,,,,,1.44,45.1891,,,,,-23.5,-18.0,-29.0,-30.05,False,False,outdoors,no_prior_season_situational_for_packaged_priors,rolling_features_unavailable_pre_2023
2020,15,2020-12-19,CAR@GB,GB,CAR,24.0,16.0,-8.0,40.0,-9.5,53.0,,,,,-4.0611,45.2001,,,,,-1.5,13.0,8.0,6.95,False,False,outdoors,no_prior_season_situational_for_packaged_priors,rolling_features_unavailable_pre_2023
2020,15,2020-12-20,CHI@MIN,MIN,CHI,27.0,33.0,6.0,60.0,-2.5,47.5,,,,,-1.05,45.0766,,,,,-8.5,-12.5,-6.0,-7.05,True,False,dome,no_prior_season_situational_for_packaged_priors,rolling_features_unavailable_pre_2023
2020,15,2020-12-20,CLE@NYG,NYG,CLE,6.0,20.0,14.0,26.0,6.0,44.5,,,,,0.9552,45.1508,,,,,-8.0,18.5,-14.0,-15.05,False,False,outdoors,no_prior_season_situational_for_packaged_priors,rolling_features_unavailable_pre_2023
2020,15,2020-12-20,DET@TEN,TEN,DET,46.0,25.0,-21.0,71.0,-9.5,54.5,,,,,-3.0552,45.1508,,,,,11.5,-16.5,21.0,19.95,False,False,outdoors,no_prior_season_situational_for_packaged_priors,rolling_features_unavailable_pre_2023
2020,15,2020-12-20,HOU@IND,IND,HOU,27.0,20.0,-7.0,47.0,-7.5,52.5,,,,,-3.5757,45.1566,,,,,-0.5,5.5,7.0,5.95,True,False,closed,no_prior_season_situational_for_packaged_priors,rolling_features_unavailable_pre_2023
2020,15,2020-12-20,JAX@BAL,BAL,JAX,40.0,14.0,-26.0,54.0,-13.0,49.5,,,,,-4.6956,45.1526,,,,,13.0,-4.5,26.0,24.95,False,False,outdoors,no_prior_season_situational_for_packaged_priors,rolling_features_unavailable_pre_2023
2020,15,2020-12-20,KC@NO,NO,KC,29.0,32.0,3.0,61.0,2.5,53.5,,,,,-0.1019,45.2495,,,,,-0.5,-7.5,-3.0,-4.05,False,False,dome,no_prior_season_situational_for_packaged_priors,rolling_features_unavailable_pre_2023
2020,15,2020-12-17,LAC@LV,LV,LAC,27.0,30.0,3.0,57.0,-3.5,52.0,,,,,-2.586,45.082,,,,,-6.5,-5.0,-3.0,-4.05,True,False,dome,no_prior_season_situational_for_packaged_priors,rolling_features_unavailable_pre_2023
2020,15,2020-12-20,NE@MIA,MIA,NE,22.0,12.0,-10.0,34.0,1.5,40.0,,,,,-2.0519,45.1212,,,,,11.5,6.0,10.0,8.95,True,False,outdoors,no_prior_season_situational_for_packaged_priors,rolling_features_unavailable_pre_2023
2020,15,2020-12-20,NYJ@LAR,LAR,NYJ,20.0,23.0,3.0,43.0,-17.5,44.5,,,,,-5.7464,45.2381,,,,,-20.5,1.5,-3.0,-4.05,False,False,dome,no_prior_season_situational_for_packaged_priors,rolling_features_unavailable_pre_2023
2020,15,2020-12-20,PHI@ARI,ARI,PHI,33.0,26.0,-7.0,59.0,-6.5,49.5,,,,,-2.4119,45.083,,,,,0.5,-9.5,7.0,5.95,False,False,closed,no_prior_season_situational_for_packaged_priors,rolling_features_unavailable_pre_2023
2020,15,2020-12-21,PIT@CIN,CIN,PIT,27.0,17.0,-10.0,44.0,14.5,40.5,,,,,3.4202,45.2922,,,,,24.5,-3.5,10.0,8.95,True,False,outdoors,no_prior_season_situational_for_packaged_priors,rolling_features_unavailable_pre_2023
2020,15,2020-12-20,SEA@WSH,WSH,SEA,15.0,20.0,5.0,35.0,6.0,44.5,,,,,0.4427,45.1502,,,,,1.0,9.5,-5.0,-6.05,False,False,outdoors,no_prior_season_situational_for_packaged_priors,rolling_features_unavailable_pre_2023
2020,15,2020-12-20,SF@DAL,DAL,SF,41.0,33.0,-8.0,74.0,4.0,46.0,,,,,-0.5307,45.025,,,,,12.0,-28.0,8.0,6.95,False,False,closed,no_prior_season_situational_for_packaged_priors,rolling_features_unavailable_pre_2023
2020,15,2020-12-20,TB@ATL,ATL,TB,27.0,31.0,4.0,58.0,6.0,49.5,,,,,0.9841,45.1172,,,,,2.0,-8.5,-4.0,-5.05,True,False,closed,no_prior_season_situational_for_packaged_priors,rolling_features_unavailable_pre_2023
2020,16,2020-12-27,ATL@KC,KC,ATL,17.0,14.0,-3.0,31.0,-11.0,54.0,,,,,-5.1991,45.3096,,,,,-8.0,23.0,3.0,1.95,False,False,outdoors,no_prior_season_situational_for_packaged_priors,rolling_features_unavailable_pre_2023
2020,16,2020-12-28,BUF@NE,NE,BUF,9.0,38.0,29.0,47.0,7.0,47.0,,,,,1.249,45.1933,,,,,-22.0,0.0,-29.0,-30.05,True,False,outdoors,no_prior_season_situational_for_packaged_priors,rolling_features_unavailable_pre_2023
2020,16,2020-12-27,CAR@WSH,WSH,CAR,13.0,20.0,7.0,33.0,1.0,41.0,,,,,-2.0125,45.0368,,,,,-6.0,8.0,-7.0,-8.05,False,False,outdoors,no_prior_season_situational_for_packaged_priors,rolling_features_unavailable_pre_2023
2020,16,2020-12-27,CHI@JAX,JAX,CHI,17.0,41.0,24.0,58.0,9.5,47.0,,,,,1.8825,45.0774,,,,,-14.5,-11.0,-24.0,-25.05,False,False,outdoors,no_prior_season_situational_for_packaged_priors,rolling_features_unavailable_pre_2023
2020,16,2020-12-27,CIN@HOU,HOU,CIN,31.0,37.0,6.0,68.0,-7.5,46.0,,,,,-1.4273,44.9808,,,,,-13.5,-22.0,-6.0,-7.05,False,False,closed,no_prior_season_situational_for_packaged_priors,rolling_features_unavailable_pre_2023
2020,16,2020-12-27,CLE@NYJ,NYJ,CLE,23.0,16.0,-7.0,39.0,6.5,45.0,,,,,3.269,45.2271,,,,,13.5,6.0,7.0,5.95,False,False,outdoors,no_prior_season_situational_for_packaged_priors,rolling_features_unavailable_pre_2023
2020,16,2020-12-27,DEN@LAC,LAC,DEN,19.0,16.0,-3.0,35.0,-2.5,47.5,,,,,-1.05,45.0277,,,,,0.5,12.5,3.0,1.95,True,False,dome,no_prior_season_situational_for_packaged_priors,rolling_features_unavailable_pre_2023
2020,16,2020-12-27,IND@PIT,PIT,IND,28.0,24.0,-4.0,52.0,1.0,43.0,,,,,-1.4976,45.2038,,,,,5.0,-9.0,4.0,2.95,False,False,outdoors,no_prior_season_situational_for_packaged_priors,rolling_features_unavailable_pre_2023
2020,16,2020-12-27,LAR@SEA,SEA,LAR,20.0,9.0,-11.0,29.0,-1.5,48.0,,,,,-1.5034,45.1741,,,,,9.5,19.0,11.0,9.95,True,False,outdoors,no_prior_season_situational_for_packaged_priors,rolling_features_unavailable_pre_2023
2020,16,2020-12-26,MIA@LV,LV,MIA,25.0,26.0,1.0,51.0,2.0,50.0,,,,,-0.1253,45.1343,,,,,1.0,-1.0,-1.0,-2.05,False,False,dome,no_prior_season_situational_for_packaged_priors,rolling_features_unavailable_pre_2023
2020,16,2020-12-25,MIN@NO,NO,MIN,52.0,33.0,-19.0,85.0,-6.5,49.0,,,,,-2.9004,45.1595,,,,,12.5,-36.0,19.0,17.95,False,False,dome,no_prior_season_situational_for_packaged_priors,rolling_features_unavailable_pre_2023
2020,16,2020-12-27,NYG@BAL,BAL,NYG,27.0,13.0,-14.0,40.0,-10.0,43.5,,,,,-2.925,45.1286,,,,,4.0,3.5,14.0,12.95,False,False,outdoors,no_prior_season_situational_for_packaged_priors,rolling_features_unavailable_pre_2023
2020,16,2020-12-27,PHI@DAL,DAL,PHI,37.0,17.0,-20.0,54.0,3.0,50.0,,,,,-1.3847,45.0169,,,,,23.0,-4.0,20.0,18.95,True,False,closed,no_prior_season_situational_for_packaged_priors,rolling_features_unavailable_pre_2023
2020,16,2020-12-26,SF@ARI,ARI,SF,12.0,20.0,8.0,32.0,-6.0,49.0,,,,,-2.4652,45.0975,,,,,-14.0,17.0,-8.0,-9.05,True,False,closed,no_prior_season_situational_for_packaged_priors,rolling_features_unavailable_pre_2023
2020,16,2020-12-26,TB@DET,DET,TB,7.0,47.0,40.0,54.0,12.0,55.0,,,,,0.825,45.1286,,,,,-28.0,1.0,-40.0,-41.05,False,False,dome,no_prior_season_situational_for_packaged_priors,rolling_features_unavailable_pre_2023
2020,16,2020-12-27,TEN@GB,GB,TEN,40.0,14.0,-26.0,54.0,-3.0,52.5,,,,,-1.4976,45.2038,,,,,23.0,-1.5,26.0,24.95,False,False,outdoors,no_prior_season_situational_for_packaged_priors,rolling_features_unavailable_pre_2023
2020,17,2021-01-03,ARI@LAR,LAR,ARI,18.0,7.0,-11.0,25.0,-1.0,42.0,,,,,-1.4818,45.1257,,,,,10.0,17.0,11.0,9.95,True,False,dome,no_prior_season_situational_for_packaged_priors,rolling_features_unavailable_pre_2023
2020,17,2021-01-03,ATL@TB,TB,ATL,44.0,27.0,-17.0,71.0,-7.5,51.0,,,,,-3.6935,45.1474,,,,,9.5,-20.0,17.0,15.95,True,False,outdoors,no_prior_season_situational_for_packaged_priors,rolling_features_unavailable_pre_2023
2020,17,2021-01-03,BAL@CIN,CIN,BAL,3.0,38.0,35.0,41.0,13.5,46.0,,,,,1.4627,45.1452,,,,,-21.5,5.0,-35.0,-36.05,True,False,outdoors,no_prior_season_situational_for_packaged_priors,rolling_features_unavailable_pre_2023
2020,17,2021-01-03,DAL@NYG,NYG,DAL,23.0,19.0,-4.0,42.0,1.5,44.5,,,,,-0.6017,45.0342,,,,,5.5,2.5,4.0,2.95,True,False,outdoors,no_prior_season_situational_for_packaged_priors,rolling_features_unavailable_pre_2023
2020,17,2021-01-03,GB@CHI,CHI,GB,16.0,35.0,19.0,51.0,4.5,48.5,,,,,0.6472,45.1953,,,,,-14.5,-2.5,-19.0,-20.05,True,False,outdoors,no_prior_season_situational_for_packaged_priors,rolling_features_unavailable_pre_2023
2020,17,2021-01-03,JAX@IND,IND,JAX,28.0,14.0,-14.0,42.0,-15.5,48.0,,,,,-5.0992,45.1927,,,,,-1.5,6.0,14.0,12.95,True,False,closed,no_prior_season_situational_for_packaged_priors,rolling_features_unavailable_pre_2023
2020,17,2021-01-03,LAC@KC,KC,LAC,21.0,38.0,17.0,59.0,7.0,43.0,,,,,-4.451,45.2801,,,,,-10.0,-16.0,-17.0,-18.05,True,False,outdoors,no_prior_season_situational_for_packaged_priors,rolling_features_unavailable_pre_2023
2020,17,2021-01-03,LV@DEN,DEN,LV,31.0,32.0,1.0,63.0,2.5,50.5,,,,,-0.159,45.0558,,,,,1.5,-12.5,-1.0,-2.05,True,False,outdoors,no_prior_season_situational_for_packaged_priors,rolling_features_unavailable_pre_2023
2020,17,2021-01-03,MIA@BUF,BUF,MIA,56.0,26.0,-30.0,82.0,3.5,42.5,,,,,-1.8881,45.2019,,,,,33.5,-39.5,30.0,28.95,True,False,outdoors,no_prior_season_situational_for_packaged_priors,rolling_features_unavailable_pre_2023
2020,17,2021-01-03,MIN@DET,DET,MIN,35.0,37.0,2.0,72.0,3.0,54.0,,,,,-0.6017,45.0342,,,,,1.0,-18.0,-2.0,-3.05,True,False,dome,no_prior_season_situational_for_packaged_priors,rolling_features_unavailable_pre_2023
2020,17,2021-01-03,NO@CAR,CAR,NO,7.0,33.0,26.0,40.0,6.0,47.0,,,,,1.5608,45.1758,,,,,-20.0,7.0,-26.0,-27.05,True,False,outdoors,no_prior_season_situational_for_packaged_priors,rolling_features_unavailable_pre_2023
2020,17,2021-01-03,NYJ@NE,NE,NYJ,28.0,14.0,-14.0,42.0,-3.0,41.0,,,,,-2.8793,45.0165,,,,,11.0,-1.0,14.0,12.95,True,False,outdoors,no_prior_season_situational_for_packaged_priors,rolling_features_unavailable_pre_2023
2020,17,2021-01-03,PIT@CLE,CLE,PIT,24.0,22.0,-2.0,46.0,-10.5,45.0,,,,,-0.2119,45.2019,,,,,-8.5,-1.0,2.0,0.95,True,False,outdoors,no_prior_season_situational_for_packaged_priors,rolling_features_unavailable_pre_2023
2020,17,2021-01-03,SEA@SF,SF,SEA,23.0,26.0,3.0,49.0,7.0,45.0,,,,,1.1113,45.1696,,,,,4.0,-4.0,-3.0,-4.05,True,False,closed,no_prior_season_situational_for_packaged_priors,rolling_features_unavailable_pre_2023
2020,17,2021-01-03,TEN@HOU,HOU,TEN,38.0,41.0,3.0,79.0,7.0,55.5,,,,,1.5935,45.1474,,,,,4.0,-23.5,-3.0,-4.05,True,False,closed,no_prior_season_situational_for_packaged_priors,rolling_features_unavailable_pre_2023
2020,17,2021-01-03,WSH@PHI,PHI,WSH,14.0,20.0,6.0,34.0,6.5,43.5,,,,,-0.2779,45.0267,,,,,0.5,9.5,-6.0,-7.05,True,False,outdoors,no_prior_season_situational_for_packaged_priors,rolling_features_unavailable_pre_2023
2020,18,2021-01-10,BAL@TEN,TEN,BAL,13.0,20.0,7.0,33.0,3.5,53.0,,,,,-1.05,45.1759,,,,,-3.5,20.0,-7.0,-8.05,False,False,outdoors,no_prior_season_situational_for_packaged_priors,rolling_features_unavailable_pre_2023
2020,18,2021-01-10,CHI@NO,NO,CHI,21.0,9.0,-12.0,30.0,-11.0,48.0,,,,,-2.6531,45.1745,,,,,1.0,18.0,12.0,10.95,False,False,dome,no_prior_season_situational_for_packaged_priors,rolling_features_unavailable_pre_2023
2020,18,2021-01-10,CLE@PIT,PIT,CLE,37.0,48.0,11.0,85.0,-5.0,47.5,,,,,-1.4438,45.1905,,,,,-16.0,-37.5,-11.0,-12.05,True,False,outdoors,no_prior_season_situational_for_packaged_priors,rolling_features_unavailable_pre_2023
2020,18,2021-01-09,IND@BUF,BUF,IND,27.0,24.0,-3.0,51.0,-7.0,50.5,,,,,-1.8334,45.2079,,,,,-4.0,-0.5,3.0,1.95,False,False,outdoors,no_prior_season_situational_for_packaged_priors,rolling_features_unavailable_pre_2023
2020,18,2021-01-09,LAR@SEA,SEA,LAR,20.0,30.0,10.0,50.0,-3.0,42.0,,,,,-1.8422,45.182,,,,,-13.0,-8.0,-10.0,-11.05,True,False,outdoors,no_prior_season_situational_for_packaged_priors,rolling_features_unavailable_pre_2023
2020,18,2021-01-09,TB@WSH,WSH,TB,23.0,31.0,8.0,54.0,10.0,45.0,,,,,0.5715,45.1478,,,,,2.0,-9.0,-8.0,-9.05,False,False,outdoors,no_prior_season_situational_for_packaged_priors,rolling_features_unavailable_pre_2023
2020,19,2021-01-16,BAL@BUF,BUF,BAL,17.0,3.0,-14.0,20.0,-2.5,50.0,,,,,-1.7854,45.2132,,,,,11.5,30.0,14.0,12.95,False,False,outdoors,no_prior_season_situational_for_packaged_priors,rolling_features_unavailable_pre_2023
2020,19,2021-01-17,CLE@KC,KC,CLE,22.0,17.0,-5.0,39.0,-7.5,55.5,,,,,-2.1025,45.2292,,,,,-2.5,16.5,5.0,3.95,False,False,outdoors,no_prior_season_situational_for_packaged_priors,rolling_features_unavailable_pre_2023
2020,19,2021-01-16,LAR@GB,GB,LAR,32.0,18.0,-14.0,50.0,-7.0,45.0,,,,,-2.0907,45.2041,,,,,7.0,-5.0,14.0,12.95,False,False,outdoors,no_prior_season_situational_for_packaged_priors,rolling_features_unavailable_pre_2023
2020,19,2021-01-17,TB@NO,NO,TB,20.0,30.0,10.0,50.0,-2.5,53.0,,,,,-1.4196,45.1971,,,,,-12.5,3.0,-10.0,-11.05,True,False,dome,no_prior_season_situational_for_packaged_priors,rolling_features_unavailable_pre_2023
2020,20,2021-01-24,BUF@KC,KC,BUF,38.0,24.0,-14.0,62.0,-3.0,54.5,,,,,-1.3514,45.2462,,,,,11.0,-7.5,14.0,12.95,False,False,outdoors,no_prior_season_situational_for_packaged_priors,rolling_features_unavailable_pre_2023
2020,20,2021-01-24,TB@GB,GB,TB,26.0,31.0,5.0,57.0,-3.0,53.0,,,,,-1.6823,45.2151,,,,,-8.0,-4.0,-5.0,-6.05,False,False,outdoors,no_prior_season_situational_for_packaged_priors,rolling_features_unavailable_pre_2023
2020,21,2021-02-07,KC@TB,TB,KC,31.0,9.0,-22.0,40.0,3.0,55.0,,,,,-0.1075,45.2361,,,,,25.0,15.0,22.0,20.95,False,False,outdoors,no_prior_season_situational_for_packaged_priors,rolling_features_unavailable_pre_2023
2021,1,2021-09-12,ARI@TEN,TEN,ARI,13.0,38.0,25.0,51.0,-2.5,54.0,,,,,-1.05,44.8435,,,,,-27.5,3.0,-25.0,-26.05,False,True,outdoors,no_prior_season_situational_for_packaged_priors,rolling_features_unavailable_pre_2023
2021,1,2021-09-13,BAL@LV,LV,BAL,33.0,27.0,-6.0,60.0,3.0,50.5,,,,,-1.05,44.8435,,,,,9.0,-9.5,6.0,4.95,False,True,dome,no_prior_season_situational_for_packaged_priors,rolling_features_unavailable_pre_2023
2021,1,2021-09-12,CHI@LAR,LAR,CHI,34.0,14.0,-20.0,48.0,-9.5,46.0,,,,,-1.05,44.8435,,,,,10.5,-2.0,20.0,18.95,False,True,dome,no_prior_season_situational_for_packaged_priors,rolling_features_unavailable_pre_2023
2021,1,2021-09-12,CLE@KC,KC,CLE,33.0,29.0,-4.0,62.0,-5.5,54.5,,,,,-1.05,44.8435,,,,,-1.5,-7.5,4.0,2.95,False,True,outdoors,no_prior_season_situational_for_packaged_priors,rolling_features_unavailable_pre_2023
2021,1,2021-09-09,DAL@TB,TB,DAL,31.0,29.0,-2.0,60.0,-10.0,52.5,,,,,-1.05,44.8435,,,,,-8.0,-7.5,2.0,0.95,False,True,outdoors,no_prior_season_situational_for_packaged_priors,rolling_features_unavailable_pre_2023
2021,1,2021-09-12,DEN@NYG,NYG,DEN,13.0,27.0,14.0,40.0,3.0,41.5,,,,,-1.05,44.8435,,,,,-11.0,1.5,-14.0,-15.05,False,True,outdoors,no_prior_season_situational_for_packaged_priors,rolling_features_unavailable_pre_2023
2021,1,2021-09-12,GB@NO,NO,GB,38.0,3.0,-35.0,41.0,4.0,49.0,,,,,-1.05,44.8435,,,,,39.0,8.0,35.0,33.95,False,True,outdoors,no_prior_season_situational_for_packaged_priors,rolling_features_unavailable_pre_2023
2021,1,2021-09-12,JAX@HOU,HOU,JAX,37.0,21.0,-16.0,58.0,3.5,45.5,,,,,-1.05,44.8435,,,,,19.5,-12.5,16.0,14.95,True,True,closed,no_prior_season_situational_for_packaged_priors,rolling_features_unavailable_pre_2023
2021,1,2021-09-12,LAC@WSH,WSH,LAC,16.0,20.0,4.0,36.0,-2.5,45.5,,,,,-1.05,44.8435,,,,,-6.5,9.5,-4.0,-5.05,False,True,outdoors,no_prior_season_situational_for_packaged_priors,rolling_features_unavailable_pre_2023
2021,1,2021-09-12,MIA@NE,NE,MIA,16.0,17.0,1.0,33.0,-3.5,43.5,,,,,-1.05,44.8435,,,,,-4.5,10.5,-1.0,-2.05,True,True,outdoors,no_prior_season_situational_for_packaged_priors,rolling_features_unavailable_pre_2023
2021,1,2021-09-12,MIN@CIN,CIN,MIN,27.0,24.0,-3.0,51.0,3.0,47.0,,,,,-1.05,44.8435,,,,,6.0,-4.0,3.0,1.95,False,True,outdoors,no_prior_season_situational_for_packaged_priors,rolling_features_unavailable_pre_2023
2021,1,2021-09-12,NYJ@CAR,CAR,NYJ,19.0,14.0,-5.0,33.0,-3.5,44.5,,,,,-1.05,44.8435,,,,,1.5,11.5,5.0,3.95,False,True,outdoors,no_prior_season_situational_for_packaged_priors,rolling_features_unavailable_pre_2023
2021,1,2021-09-12,PHI@ATL,ATL,PHI,6.0,32.0,26.0,38.0,-3.5,49.0,,,,,-1.05,44.8435,,,,,-29.5,11.0,-26.0,-27.05,False,True,open,no_prior_season_situational_for_packaged_priors,rolling_features_unavailable_pre_2023
2021,1,2021-09-12,PIT@BUF,BUF,PIT,16.0,23.0,7.0,39.0,-6.5,48.0,,,,,-1.05,44.8435,,,,,-13.5,9.0,-7.0,-8.05,False,True,outdoors,no_prior_season_situational_for_packaged_priors,rolling_features_unavailable_pre_2023
2021,1,2021-09-12,SEA@IND,IND,SEA,16.0,28.0,12.0,44.0,3.0,49.0,,,,,-1.05,44.8435,,,,,-9.0,5.0,-12.0,-13.05,False,True,closed,no_prior_season_situational_for_packaged_priors,rolling_features_unavailable_pre_2023
2021,1,2021-09-12,SF@DET,DET,SF,33.0,41.0,8.0,74.0,9.5,46.0,,,,,-1.05,44.8435,,,,,1.5,-28.0,-8.0,-9.05,False,True,dome,no_prior_season_situational_for_packaged_priors,rolling_features_unavailable_pre_2023
2021,2,2021-09-19,ATL@TB,TB,ATL,48.0,25.0,-23.0,73.0,-13.5,52.0,,,,,-7.55,45.5201,,,,,9.5,-21.0,23.0,21.95,True,True,outdoors,no_prior_season_situational_for_packaged_priors,rolling_features_unavailable_pre_2023
2021,2,2021-09-19,BUF@MIA,MIA,BUF,0.0,35.0,35.0,35.0,3.5,48.0,,,,,-7.55,45.5201,,,,,-31.5,13.0,-35.0,-36.05,True,True,outdoors,no_prior_season_situational_for_packaged_priors,rolling_features_unavailable_pre_2023
2021,2,2021-09-19,CIN@CHI,CHI,CIN,20.0,17.0,-3.0,37.0,-2.0,44.5,,,,,5.45,45.5201,,,,,1.0,7.5,3.0,1.95,False,True,outdoors,no_prior_season_situational_for_packaged_priors,rolling_features_unavailable_pre_2023
2021,2,2021-09-19,DAL@LAC,LAC,DAL,17.0,20.0,3.0,37.0,-3.0,55.0,,,,,-7.55,45.5201,,,,,-6.0,18.0,-3.0,-4.05,False,True,dome,no_prior_season_situational_for_packaged_priors,rolling_features_unavailable_pre_2023
2021,2,2021-09-19,DEN@JAX,JAX,DEN,13.0,23.0,10.0,36.0,6.0,45.0,,,,,5.45,45.5201,,,,,-4.0,9.0,-10.0,-11.05,False,True,outdoors,no_prior_season_situational_for_packaged_priors,rolling_features_unavailable_pre_2023
2021,2,2021-09-20,DET@GB,GB,DET,35.0,17.0,-18.0,52.0,-11.5,49.5,,,,,-1.05,44.8435,,,,,6.5,-2.5,18.0,16.95,True,True,outdoors,no_prior_season_situational_for_packaged_priors,rolling_features_unavailable_pre_2023
2021,2,2021-09-19,HOU@CLE,CLE,HOU,31.0,21.0,-10.0,52.0,-13.5,48.5,,,,,5.45,45.5201,,,,,-3.5,-3.5,10.0,8.95,False,True,outdoors,no_prior_season_situational_for_packaged_priors,rolling_features_unavailable_pre_2023
2021,2,2021-09-19,KC@BAL,BAL,KC,36.0,35.0,-1.0,71.0,3.5,53.5,,,,,5.45,45.5201,,,,,4.5,-17.5,1.0,-0.050000000000000044,False,True,outdoors,no_prior_season_situational_for_packaged_priors,rolling_features_unavailable_pre_2023
2021,2,2021-09-19,LAR@IND,IND,LAR,24.0,27.0,3.0,51.0,4.0,48.0,,,,,5.45,45.5201,,,,,1.0,-3.0,-3.0,-4.05,False,True,closed,no_prior_season_situational_for_packaged_priors,rolling_features_unavailable_pre_2023
2021,2,2021-09-19,LV@PIT,PIT,LV,17.0,26.0,9.0,43.0,-5.5,46.5,,,,,-1.05,45.3,,,,,-14.5,3.5,-9.0,-10.05,False,True,outdoors,no_prior_season_situational_for_packaged_priors,rolling_features_unavailable_pre_2023
2021,2,2021-09-19,MIN@ARI,ARI,MIN,34.0,33.0,-1.0,67.0,-4.0,51.0,,,,,-7.55,45.5201,,,,,-3.0,-16.0,1.0,-0.050000000000000044,False,True,closed,no_prior_season_situational_for_packaged_priors,rolling_features_unavailable_pre_2023
2021,2,2021-09-19,NE@NYJ,NYJ,NE,6.0,25.0,19.0,31.0,5.5,43.0,,,,,-1.05,44.8435,,,,,-13.5,12.0,-19.0,-20.05,True,True,outdoors,no_prior_season_situational_for_packaged_priors,rolling_features_unavailable_pre_2023
2021,2,2021-09-19,NO@CAR,CAR,NO,26.0,7.0,-19.0,33.0,3.0,45.0,,,,,-1.05,45.3,,,,,22.0,12.0,19.0,17.95,True,True,outdoors,no_prior_season_situational_for_packaged_priors,rolling_features_unavailable_pre_2023
2021,2,2021-09-16,NYG@WSH,WSH,NYG,30.0,29.0,-1.0,59.0,-4.0,42.0,,,,,-1.05,44.8435,,,,,-3.0,-17.0,1.0,-0.050000000000000044,True,True,outdoors,no_prior_season_situational_for_packaged_priors,rolling_features_unavailable_pre_2023
2021,2,2021-09-19,SF@PHI,PHI,SF,11.0,17.0,6.0,28.0,3.0,49.0,,,,,-1.05,45.3,,,,,-3.0,21.0,-6.0,-7.05,False,True,outdoors,no_prior_season_situational_for_packaged_priors,rolling_features_unavailable_pre_2023
2021,2,2021-09-19,TEN@SEA,SEA,TEN,30.0,33.0,3.0,63.0,-6.5,53.5,,,,,-7.55,45.5201,,,,,-9.5,-9.5,-3.0,-4.05,False,True,outdoors,no_prior_season_situational_for_packaged_priors,rolling_features_unavailable_pre_2023
2021,3,2021-09-26,ARI@JAX,JAX,ARI,19.0,31.0,12.0,50.0,8.0,51.5,,,,,5.45,45.5201,,,,,-4.0,1.5,-12.0,-13.05,False,True,outdoors,no_prior_season_situational_for_packaged_priors,rolling_features_unavailable_pre_2023
2021,3,2021-09-26,ATL@NYG,NYG,ATL,14.0,17.0,3.0,31.0,-3.0,48.0,,,,,-1.05,44.8435,,,,,-6.0,17.0,-3.0,-4.05,False,True,outdoors,no_prior_season_situational_for_packaged_priors,rolling_features_unavailable_pre_2023
2021,3,2021-09-26,BAL@DET,DET,BAL,17.0,19.0,2.0,36.0,7.5,51.0,,,,,2.3976,45.0919,,,,,5.5,15.0,-2.0,-3.05,False,True,dome,no_prior_season_situational_for_packaged_priors,rolling_features_unavailable_pre_2023
2021,3,2021-09-23,CAR@HOU,HOU,CAR,9.0,24.0,15.0,33.0,8.0,43.0,,,,,2.0901,45.2982,,,,,-7.0,10.0,-15.0,-16.05,False,True,closed,no_prior_season_situational_for_packaged_priors,rolling_features_unavailable_pre_2023
2021,3,2021-09-26,CHI@CLE,CLE,CHI,26.0,6.0,-20.0,32.0,-7.5,45.0,,,,,-1.05,45.0941,,,,,12.5,13.0,20.0,18.95,False,True,outdoors,no_prior_season_situational_for_packaged_priors,rolling_features_unavailable_pre_2023
2021,3,2021-09-26,CIN@PIT,PIT,CIN,10.0,24.0,14.0,34.0,-2.5,42.5,,,,,-1.05,45.0941,,,,,-16.5,8.5,-14.0,-15.05,True,True,outdoors,no_prior_season_situational_for_packaged_priors,rolling_features_unavailable_pre_2023
2021,3,2021-09-26,GB@SF,SF,GB,28.0,30.0,2.0,58.0,-3.5,50.5,,,,,-4.1901,45.2982,,,,,-5.5,-7.5,-2.0,-3.05,False,True,outdoors,no_prior_season_situational_for_packaged_priors,rolling_features_unavailable_pre_2023
2021,3,2021-09-26,IND@TEN,TEN,IND,25.0,16.0,-9.0,41.0,-4.5,47.0,,,,,-4.4976,45.0919,,,,,4.5,6.0,9.0,7.95,True,True,outdoors,no_prior_season_situational_for_packaged_priors,rolling_features_unavailable_pre_2023
2021,3,2021-09-26,LAC@KC,KC,LAC,24.0,30.0,6.0,54.0,-6.5,55.0,,,,,-1.05,45.0941,,,,,-12.5,1.0,-6.0,-7.05,True,True,outdoors,no_prior_season_situational_for_packaged_priors,rolling_features_unavailable_pre_2023
2021,3,2021-09-26,MIA@LV,LV,MIA,31.0,28.0,-3.0,59.0,-4.0,45.0,,,,,-4.1901,45.2982,,,,,-1.0,-14.0,3.0,1.95,False,True,dome,no_prior_season_situational_for_packaged_priors,rolling_features_unavailable_pre_2023
2021,3,2021-09-26,NO@NE,NE,NO,13.0,28.0,15.0,41.0,-3.0,44.0,,,,,-1.05,45.0941,,,,,-18.0,3.0,-15.0,-16.05,False,True,outdoors,no_prior_season_situational_for_packaged_priors,rolling_features_unavailable_pre_2023
2021,3,2021-09-26,NYJ@DEN,DEN,NYJ,26.0,0.0,-26.0,26.0,-10.5,42.0,,,,,-7.55,45.5201,,,,,15.5,16.0,26.0,24.95,False,True,outdoors,no_prior_season_situational_for_packaged_priors,rolling_features_unavailable_pre_2023
2021,3,2021-09-27,PHI@DAL,DAL,PHI,41.0,21.0,-20.0,62.0,-3.5,51.5,,,,,-1.05,45.0941,,,,,16.5,-10.5,20.0,18.95,True,True,open,no_prior_season_situational_for_packaged_priors,rolling_features_unavailable_pre_2023
2021,3,2021-09-26,SEA@MIN,MIN,SEA,30.0,17.0,-13.0,47.0,2.0,53.5,,,,,2.3976,45.0919,,,,,15.0,6.5,13.0,11.95,False,True,dome,no_prior_season_situational_for_packaged_priors,rolling_features_unavailable_pre_2023
2021,3,2021-09-26,TB@LAR,LAR,TB,34.0,24.0,-10.0,58.0,1.0,55.0,,,,,-1.05,45.3,,,,,11.0,-3.0,10.0,8.95,False,True,dome,no_prior_season_situational_for_packaged_priors,rolling_features_unavailable_pre_2023
2021,3,2021-09-26,WSH@BUF,BUF,WSH,43.0,21.0,-22.0,64.0,-7.5,45.5,,,,,-1.05,45.0941,,,,,14.5,-18.5,22.0,20.95,False,True,outdoors,no_prior_season_situational_for_packaged_priors,rolling_features_unavailable_pre_2023
2021,4,2021-10-03,ARI@LAR,LAR,ARI,20.0,37.0,17.0,57.0,-3.5,53.5,,,,,-1.05,45.3,,,,,-20.5,-3.5,-17.0,-18.05,True,True,dome,no_prior_season_situational_for_packaged_priors,rolling_features_unavailable_pre_2023
2021,4,2021-10-03,BAL@DEN,DEN,BAL,7.0,23.0,16.0,30.0,-1.0,44.0,,,,,-3.1103,45.2771,,,,,-17.0,14.0,-16.0,-17.05,False,True,outdoors,no_prior_season_situational_for_packaged_priors,rolling_features_unavailable_pre_2023
2021,4,2021-10-03,CAR@DAL,DAL,CAR,36.0,28.0,-8.0,64.0,-4.5,51.5,,,,,1.0103,45.2771,,,,,3.5,-12.5,8.0,6.95,False,True,closed,no_prior_season_situational_for_packaged_priors,rolling_features_unavailable_pre_2023
2021,4,2021-10-03,CLE@MIN,MIN,CLE,7.0,14.0,7.0,21.0,1.0,52.0,,,,,1.1382,45.141,,,,,-6.0,31.0,-7.0,-8.05,False,True,dome,no_prior_season_situational_for_packaged_priors,rolling_features_unavailable_pre_2023
2021,4,2021-10-03,DET@CHI,CHI,DET,24.0,14.0,-10.0,38.0,-3.0,42.0,,,,,-3.3829,44.9864,,,,,7.0,4.0,10.0,8.95,True,True,outdoors,no_prior_season_situational_for_packaged_priors,rolling_features_unavailable_pre_2023
2021,4,2021-10-03,HOU@BUF,BUF,HOU,40.0,0.0,-40.0,40.0,-19.0,47.5,,,,,-3.2382,45.141,,,,,21.0,7.5,40.0,38.95,False,True,outdoors,no_prior_season_situational_for_packaged_priors,rolling_features_unavailable_pre_2023
2021,4,2021-10-03,IND@MIA,MIA,IND,17.0,27.0,10.0,44.0,-2.5,41.5,,,,,-3.3829,44.9864,,,,,-12.5,-2.5,-10.0,-11.05,False,True,outdoors,no_prior_season_situational_for_packaged_priors,rolling_features_unavailable_pre_2023
2021,4,2021-09-30,JAX@CIN,CIN,JAX,24.0,21.0,-3.0,45.0,-7.5,46.0,,,,,-5.582,45.2172,,,,,-4.5,1.0,3.0,1.95,False,True,outdoors,no_prior_season_situational_for_packaged_priors,rolling_features_unavailable_pre_2023
2021,4,2021-10-03,KC@PHI,PHI,KC,30.0,42.0,12.0,72.0,7.5,53.5,,,,,-1.05,45.0162,,,,,-4.5,-18.5,-12.0,-13.05,False,True,outdoors,no_prior_season_situational_for_packaged_priors,rolling_features_unavailable_pre_2023
2021,4,2021-10-04,LV@LAC,LAC,LV,28.0,14.0,-14.0,42.0,-3.0,52.0,,,,,1.0103,45.2771,,,,,11.0,10.0,14.0,12.95,True,True,dome,no_prior_season_situational_for_packaged_priors,rolling_features_unavailable_pre_2023
2021,4,2021-10-03,NYG@NO,NO,NYG,21.0,27.0,6.0,48.0,-7.5,43.0,,,,,-5.582,45.2172,,,,,-13.5,-5.0,-6.0,-7.05,False,True,dome,no_prior_season_situational_for_packaged_priors,rolling_features_unavailable_pre_2023
2021,4,2021-10-03,PIT@GB,GB,PIT,27.0,17.0,-10.0,44.0,-6.5,45.0,,,,,-3.2382,45.141,,,,,3.5,1.0,10.0,8.95,False,True,outdoors,no_prior_season_situational_for_packaged_priors,rolling_features_unavailable_pre_2023
2021,4,2021-10-03,SEA@SF,SF,SEA,21.0,28.0,7.0,49.0,-2.5,52.0,,,,,-3.2382,45.141,,,,,-9.5,3.0,-7.0,-8.05,True,True,outdoors,no_prior_season_situational_for_packaged_priors,rolling_features_unavailable_pre_2023
2021,4,2021-10-03,TB@NE,NE,TB,17.0,19.0,2.0,36.0,6.0,49.5,,,,,1.1382,45.141,,,,,4.0,13.5,-2.0,-3.05,False,True,outdoors,no_prior_season_situational_for_packaged_priors,rolling_features_unavailable_pre_2023
2021,4,2021-10-03,TEN@NYJ,NYJ,TEN,27.0,24.0,-3.0,51.0,5.5,44.5,,,,,3.482,45.2172,,,,,8.5,-6.5,3.0,1.95,False,True,outdoors,no_prior_season_situational_for_packaged_priors,rolling_features_unavailable_pre_2023
2021,4,2021-10-03,WSH@ATL,ATL,WSH,30.0,34.0,4.0,64.0,1.0,47.5,,,,,-1.05,45.0162,,,,,-3.0,-16.5,-4.0,-5.05,False,True,open,no_prior_season_situational_for_packaged_priors,rolling_features_unavailable_pre_2023
2021,5,2021-10-10,BUF@KC,KC,BUF,20.0,38.0,18.0,58.0,-2.5,57.0,,,,,0.5531,45.1745,,,,,-20.5,-1.0,-18.0,-19.05,False,False,outdoors,no_prior_season_situational_for_packaged_priors,rolling_features_unavailable_pre_2023
2021,5,2021-10-10,CHI@LV,LV,CHI,9.0,20.0,11.0,29.0,-5.5,46.0,,,,,-2.6531,45.1745,,,,,-16.5,17.0,-11.0,-12.05,False,False,dome,no_prior_season_situational_for_packaged_priors,rolling_features_unavailable_pre_2023
2021,5,2021-10-10,CLE@LAC,LAC,CLE,47.0,42.0,-5.0,89.0,-2.5,46.5,,,,,-1.05,45.2019,,,,,2.5,-42.5,5.0,3.95,False,False,dome,no_prior_season_situational_for_packaged_priors,rolling_features_unavailable_pre_2023
2021,5,2021-10-10,DEN@PIT,PIT,DEN,27.0,19.0,-8.0,46.0,2.0,40.0,,,,,2.2366,45.1998,,,,,10.0,-6.0,8.0,6.95,False,False,outdoors,no_prior_season_situational_for_packaged_priors,rolling_features_unavailable_pre_2023
2021,5,2021-10-10,DET@MIN,MIN,DET,19.0,17.0,-2.0,36.0,-10.0,49.5,,,,,-2.8133,44.9417,,,,,-8.0,13.5,2.0,0.95,True,False,dome,no_prior_season_situational_for_packaged_priors,rolling_features_unavailable_pre_2023
2021,5,2021-10-10,GB@CIN,CIN,GB,22.0,25.0,3.0,47.0,2.0,50.0,,,,,-1.05,45.2019,,,,,-1.0,3.0,-3.0,-4.05,False,False,outdoors,no_prior_season_situational_for_packaged_priors,rolling_features_unavailable_pre_2023
2021,5,2021-10-11,IND@BAL,BAL,IND,31.0,25.0,-6.0,56.0,-7.5,46.5,,,,,-4.3366,45.1998,,,,,-1.5,-9.5,6.0,4.95,False,False,outdoors,no_prior_season_situational_for_packaged_priors,rolling_features_unavailable_pre_2023
2021,5,2021-10-07,LAR@SEA,SEA,LAR,17.0,26.0,9.0,43.0,2.5,53.5,,,,,0.5531,45.1745,,,,,-6.5,10.5,-9.0,-10.05,True,False,outdoors,no_prior_season_situational_for_packaged_priors,rolling_features_unavailable_pre_2023
2021,5,2021-10-10,MIA@TB,TB,MIA,45.0,17.0,-28.0,62.0,-11.0,48.0,,,,,-4.3366,45.1998,,,,,17.0,-14.0,28.0,26.95,False,False,outdoors,no_prior_season_situational_for_packaged_priors,rolling_features_unavailable_pre_2023
2021,5,2021-10-10,NE@HOU,HOU,NE,22.0,25.0,3.0,47.0,8.0,39.5,,,,,-1.05,44.9753,,,,,5.0,-7.5,-3.0,-4.05,False,False,closed,no_prior_season_situational_for_packaged_priors,rolling_features_unavailable_pre_2023
2021,5,2021-10-10,NO@WSH,WSH,NO,22.0,33.0,11.0,55.0,2.5,43.5,,,,,-1.05,45.0941,,,,,-8.5,-11.5,-11.0,-12.05,False,False,outdoors,no_prior_season_situational_for_packaged_priors,rolling_features_unavailable_pre_2023
2021,5,2021-10-10,NYG@DAL,DAL,NYG,44.0,20.0,-24.0,64.0,-7.5,53.0,,,,,-4.3366,45.1998,,,,,16.5,-11.0,24.0,22.95,True,False,closed,no_prior_season_situational_for_packaged_priors,rolling_features_unavailable_pre_2023
2021,5,2021-10-10,NYJ@ATL,ATL,NYJ,27.0,20.0,-7.0,47.0,-3.0,45.5,,,,,-1.05,44.9753,,,,,4.0,-1.5,7.0,5.95,False,False,outdoors,no_prior_season_situational_for_packaged_priors,rolling_features_unavailable_pre_2023
2021,5,2021-10-10,PHI@CAR,CAR,PHI,18.0,21.0,3.0,39.0,-2.5,46.0,,,,,-4.3366,45.1998,,,,,-5.5,7.0,-3.0,-4.05,False,False,outdoors,no_prior_season_situational_for_packaged_priors,rolling_features_unavailable_pre_2023
2021,5,2021-10-10,SF@ARI,ARI,SF,17.0,10.0,-7.0,27.0,-6.0,48.5,,,,,-4.1901,45.2982,,,,,1.0,21.5,7.0,5.95,True,False,closed,no_prior_season_situational_for_packaged_priors,rolling_features_unavailable_pre_2023
2021,5,2021-10-10,TEN@JAX,JAX,TEN,19.0,37.0,18.0,56.0,4.0,49.0,,,,,2.3976,45.0919,,,,,-14.0,-7.0,-18.0,-19.05,True,False,outdoors,no_prior_season_situational_for_packaged_priors,rolling_features_unavailable_pre_2023
2021,6,2021-10-17,ARI@CLE,CLE,ARI,14.0,37.0,23.0,51.0,-3.0,48.0,,,,,1.4379,45.2827,,,,,-26.0,-3.0,-23.0,-24.05,False,False,outdoors,no_prior_season_situational_for_packaged_priors,rolling_features_unavailable_pre_2023
2021,6,2021-10-18,BUF@TEN,TEN,BUF,34.0,31.0,-3.0,65.0,6.0,53.5,,,,,0.215,45.1968,,,,,9.0,-11.5,3.0,1.95,False,False,outdoors,no_prior_season_situational_for_packaged_priors,rolling_features_unavailable_pre_2023
2021,6,2021-10-17,CIN@DET,DET,CIN,11.0,34.0,23.0,45.0,3.5,46.5,,,,,3.0517,45.1648,,,,,-19.5,1.5,-23.0,-24.05,False,False,dome,no_prior_season_situational_for_packaged_priors,rolling_features_unavailable_pre_2023
2021,6,2021-10-17,DAL@NE,NE,DAL,29.0,35.0,6.0,64.0,3.5,50.5,,,,,1.529,45.2036,,,,,-2.5,-13.5,-6.0,-7.05,False,False,outdoors,no_prior_season_situational_for_packaged_priors,rolling_features_unavailable_pre_2023
2021,6,2021-10-17,GB@CHI,CHI,GB,14.0,24.0,10.0,38.0,5.5,44.0,,,,,0.215,45.1968,,,,,-4.5,6.0,-10.0,-11.05,True,False,outdoors,no_prior_season_situational_for_packaged_priors,rolling_features_unavailable_pre_2023
2021,6,2021-10-17,HOU@IND,IND,HOU,31.0,3.0,-28.0,34.0,-10.5,43.5,,,,,-1.05,44.95,,,,,17.5,9.5,28.0,26.95,True,False,open,no_prior_season_situational_for_packaged_priors,rolling_features_unavailable_pre_2023
2021,6,2021-10-17,KC@WSH,WSH,KC,13.0,31.0,18.0,44.0,6.0,54.0,,,,,-1.05,45.048,,,,,-12.0,10.0,-18.0,-19.05,False,False,outdoors,no_prior_season_situational_for_packaged_priors,rolling_features_unavailable_pre_2023
2021,6,2021-10-17,LAC@BAL,BAL,LAC,34.0,6.0,-28.0,40.0,-3.0,50.5,,,,,-1.05,45.2222,,,,,25.0,10.5,28.0,26.95,False,False,outdoors,no_prior_season_situational_for_packaged_priors,rolling_features_unavailable_pre_2023
2021,6,2021-10-17,LAR@NYG,NYG,LAR,11.0,38.0,27.0,49.0,7.5,49.5,,,,,2.8981,45.2465,,,,,-19.5,0.5,-27.0,-28.05,False,False,outdoors,no_prior_season_situational_for_packaged_priors,rolling_features_unavailable_pre_2023
2021,6,2021-10-17,LV@DEN,DEN,LV,24.0,34.0,10.0,58.0,-5.0,45.5,,,,,-1.05,45.1385,,,,,-15.0,-12.5,-10.0,-11.05,True,False,outdoors,no_prior_season_situational_for_packaged_priors,rolling_features_unavailable_pre_2023
2021,6,2021-10-17,MIA@JAX,JAX,MIA,23.0,20.0,-3.0,43.0,2.5,47.5,,,,,0.3674,44.9177,,,,,5.5,4.5,3.0,1.95,False,False,outdoors,no_prior_season_situational_for_packaged_priors,rolling_features_unavailable_pre_2023
2021,6,2021-10-17,MIN@CAR,CAR,MIN,28.0,34.0,6.0,62.0,2.5,45.5,,,,,-2.362,45.111,,,,,-3.5,-16.5,-6.0,-7.05,False,False,outdoors,no_prior_season_situational_for_packaged_priors,rolling_features_unavailable_pre_2023
2021,6,2021-10-17,SEA@PIT,PIT,SEA,23.0,20.0,-3.0,43.0,-5.5,43.0,,,,,-1.05,45.048,,,,,-2.5,0.0,3.0,1.95,False,False,outdoors,no_prior_season_situational_for_packaged_priors,rolling_features_unavailable_pre_2023
2021,6,2021-10-14,TB@PHI,PHI,TB,22.0,28.0,6.0,50.0,7.0,53.0,,,,,1.529,45.2036,,,,,1.0,3.0,-6.0,-7.05,False,False,outdoors,no_prior_season_situational_for_packaged_priors,rolling_features_unavailable_pre_2023
2021,7,2021-10-24,ATL@MIA,MIA,ATL,28.0,30.0,2.0,58.0,1.5,48.5,,,,,0.5452,45.0168,,,,,-0.5,-9.5,-2.0,-3.05,False,False,outdoors,no_prior_season_situational_for_packaged_priors,rolling_features_unavailable_pre_2023
2021,7,2021-10-24,CAR@NYG,NYG,CAR,25.0,3.0,-22.0,28.0,3.0,42.5,,,,,1.2082,45.0663,,,,,25.0,14.5,22.0,20.95,False,False,outdoors,no_prior_season_situational_for_packaged_priors,rolling_features_unavailable_pre_2023
2021,7,2021-10-24,CHI@TB,TB,CHI,38.0,3.0,-35.0,41.0,-12.5,47.0,,,,,-3.1723,45.2112,,,,,22.5,6.0,35.0,33.95,False,False,outdoors,no_prior_season_situational_for_packaged_priors,rolling_features_unavailable_pre_2023
2021,7,2021-10-24,CIN@BAL,BAL,CIN,17.0,41.0,24.0,58.0,-6.5,45.5,,,,,-2.0947,45.2125,,,,,-30.5,-12.5,-24.0,-25.05,True,False,outdoors,no_prior_season_situational_for_packaged_priors,rolling_features_unavailable_pre_2023
2021,7,2021-10-21,DEN@CLE,CLE,DEN,17.0,14.0,-3.0,31.0,-2.0,40.5,,,,,-1.05,45.0941,,,,,1.0,9.5,3.0,1.95,False,False,outdoors,no_prior_season_situational_for_packaged_priors,rolling_features_unavailable_pre_2023
2021,7,2021-10-24,DET@LAR,LAR,DET,28.0,19.0,-9.0,47.0,-17.0,51.0,,,,,-6.639,45.3604,,,,,-8.0,4.0,9.0,7.95,False,False,dome,no_prior_season_situational_for_packaged_priors,rolling_features_unavailable_pre_2023
2021,7,2021-10-24,HOU@ARI,ARI,HOU,31.0,5.0,-26.0,36.0,-20.5,47.0,,,,,-6.4663,45.4169,,,,,5.5,11.0,26.0,24.95,False,False,closed,no_prior_season_situational_for_packaged_priors,rolling_features_unavailable_pre_2023
2021,7,2021-10-24,IND@SF,SF,IND,18.0,30.0,12.0,48.0,-3.5,41.5,,,,,-1.4983,45.0342,,,,,-15.5,-6.5,-12.0,-13.05,False,False,outdoors,no_prior_season_situational_for_packaged_priors,rolling_features_unavailable_pre_2023
2021,7,2021-10-24,KC@TEN,TEN,KC,27.0,3.0,-24.0,30.0,4.0,57.5,,,,,-2.1265,45.1425,,,,,28.0,27.5,24.0,22.95,False,False,outdoors,no_prior_season_situational_for_packaged_priors,rolling_features_unavailable_pre_2023
2021,7,2021-10-25,NO@SEA,SEA,NO,10.0,13.0,3.0,23.0,6.0,42.0,,,,,0.7108,45.1094,,,,,3.0,19.0,-3.0,-4.05,False,False,outdoors,no_prior_season_situational_for_packaged_priors,rolling_features_unavailable_pre_2023
2021,7,2021-10-24,NYJ@NE,NE,NYJ,54.0,13.0,-41.0,67.0,-7.0,43.0,,,,,-1.9641,44.9918,,,,,34.0,-24.0,41.0,39.95,True,False,outdoors,no_prior_season_situational_for_packaged_priors,rolling_features_unavailable_pre_2023
2021,7,2021-10-24,PHI@LV,LV,PHI,33.0,22.0,-11.0,55.0,-1.0,48.0,,,,,-3.2382,45.141,,,,,10.0,-7.0,11.0,9.95,False,False,dome,no_prior_season_situational_for_packaged_priors,rolling_features_unavailable_pre_2023
2021,7,2021-10-24,WSH@GB,GB,WSH,24.0,10.0,-14.0,34.0,-8.5,48.0,,,,,-4.2863,45.2336,,,,,5.5,14.0,14.0,12.95,False,False,outdoors,no_prior_season_situational_for_packaged_priors,rolling_features_unavailable_pre_2023
2021,8,2021-10-31,CAR@ATL,ATL,CAR,13.0,19.0,6.0,32.0,-2.5,47.0,,,,,-1.5215,45.08,,,,,-8.5,15.0,-6.0,-7.05,True,False,open,no_prior_season_situational_for_packaged_priors,rolling_features_unavailable_pre_2023
2021,8,2021-10-31,CIN@NYJ,NYJ,CIN,34.0,31.0,-3.0,65.0,11.5,43.5,,,,,2.5919,45.1967,,,,,14.5,-21.5,3.0,1.95,False,False,outdoors,no_prior_season_situational_for_packaged_priors,rolling_features_unavailable_pre_2023
2021,8,2021-10-31,DAL@MIN,MIN,DAL,16.0,20.0,4.0,36.0,-4.5,49.5,,,,,1.0723,45.2112,,,,,-8.5,13.5,-4.0,-5.05,False,False,dome,no_prior_season_situational_for_packaged_priors,rolling_features_unavailable_pre_2023
2021,8,2021-10-28,GB@ARI,ARI,GB,21.0,24.0,3.0,45.0,-6.5,51.0,,,,,-1.9178,45.2802,,,,,-9.5,6.0,-3.0,-4.05,False,False,open,no_prior_season_situational_for_packaged_priors,rolling_features_unavailable_pre_2023
2021,8,2021-10-31,JAX@SEA,SEA,JAX,31.0,7.0,-24.0,38.0,-4.0,44.0,,,,,-1.8726,44.97,,,,,20.0,6.0,24.0,22.95,False,False,outdoors,no_prior_season_situational_for_packaged_priors,rolling_features_unavailable_pre_2023
2021,8,2021-10-31,LAR@HOU,HOU,LAR,22.0,38.0,16.0,60.0,17.0,47.0,,,,,3.657,45.3104,,,,,1.0,-13.0,-16.0,-17.05,False,False,closed,no_prior_season_situational_for_packaged_priors,rolling_features_unavailable_pre_2023
2021,8,2021-10-31,MIA@BUF,BUF,MIA,26.0,11.0,-15.0,37.0,-15.0,48.5,,,,,-4.5563,45.1707,,,,,0.0,11.5,15.0,13.95,True,False,outdoors,no_prior_season_situational_for_packaged_priors,rolling_features_unavailable_pre_2023
2021,8,2021-10-31,NE@LAC,LAC,NE,24.0,27.0,3.0,51.0,-3.5,50.5,,,,,-2.5984,45.1389,,,,,-6.5,-0.5,-3.0,-4.05,False,False,dome,no_prior_season_situational_for_packaged_priors,rolling_features_unavailable_pre_2023
2021,8,2021-11-01,NYG@KC,KC,NYG,20.0,17.0,-3.0,37.0,-10.5,53.0,,,,,-2.0125,45.0368,,,,,-7.5,16.0,3.0,1.95,False,False,outdoors,no_prior_season_situational_for_packaged_priors,rolling_features_unavailable_pre_2023
2021,8,2021-10-31,PHI@DET,DET,PHI,6.0,44.0,38.0,50.0,3.0,48.5,,,,,0.9585,44.9602,,,,,-35.0,-1.5,-38.0,-39.05,False,False,dome,no_prior_season_situational_for_packaged_priors,rolling_features_unavailable_pre_2023
2021,8,2021-10-31,PIT@CLE,CLE,PIT,10.0,15.0,5.0,25.0,-5.5,43.0,,,,,-1.5153,45.1123,,,,,-10.5,18.0,-5.0,-6.05,True,False,outdoors,no_prior_season_situational_for_packaged_priors,rolling_features_unavailable_pre_2023
2021,8,2021-10-31,SF@CHI,CHI,SF,22.0,33.0,11.0,55.0,4.5,40.0,,,,,-1.6887,45.043,,,,,-6.5,-15.0,-11.0,-12.05,False,False,outdoors,no_prior_season_situational_for_packaged_priors,rolling_features_unavailable_pre_2023
2021,8,2021-10-31,TB@NO,NO,TB,36.0,27.0,-9.0,63.0,4.0,48.5,,,,,0.1415,45.2206,,,,,13.0,-14.5,9.0,7.95,True,False,dome,no_prior_season_situational_for_packaged_priors,rolling_features_unavailable_pre_2023
2021,8,2021-10-31,TEN@IND,IND,TEN,31.0,34.0,3.0,65.0,-3.0,51.0,,,,,0.8004,45.1595,,,,,-6.0,-14.0,-3.0,-4.05,True,False,open,no_prior_season_situational_for_packaged_priors,rolling_features_unavailable_pre_2023
2021,8,2021-10-31,WSH@DEN,DEN,WSH,17.0,10.0,-7.0,27.0,-4.0,45.0,,,,,-2.0125,45.0368,,,,,3.0,18.0,7.0,5.95,False,False,outdoors,no_prior_season_situational_for_packaged_priors,rolling_features_unavailable_pre_2023
2021,9,2021-11-07,ARI@SF,SF,ARI,17.0,31.0,14.0,48.0,-5.5,44.5,,,,,1.8023,45.2403,,,,,-19.5,-3.5,-14.0,-15.05,True,False,outdoors,no_prior_season_situational_for_packaged_priors,rolling_features_unavailable_pre_2023
2021,9,2021-11-07,ATL@NO,NO,ATL,25.0,27.0,2.0,52.0,-7.0,43.0,,,,,-2.9004,45.1595,,,,,-9.0,-9.0,-2.0,-3.05,True,False,dome,no_prior_season_situational_for_packaged_priors,rolling_features_unavailable_pre_2023
2021,9,2021-11-07,BUF@JAX,JAX,BUF,9.0,6.0,-3.0,15.0,14.5,48.0,,,,,2.7598,45.2034,,,,,17.5,33.0,3.0,1.95,False,False,outdoors,no_prior_season_situational_for_packaged_priors,rolling_features_unavailable_pre_2023
2021,9,2021-11-08,CHI@PIT,PIT,CHI,29.0,27.0,-2.0,56.0,-7.0,40.0,,,,,-2.345,45.0984,,,,,-5.0,-16.0,2.0,0.95,False,False,outdoors,no_prior_season_situational_for_packaged_priors,rolling_features_unavailable_pre_2023
2021,9,2021-11-07,CLE@CIN,CIN,CLE,16.0,41.0,25.0,57.0,-2.5,47.5,,,,,-1.8604,45.1285,,,,,-27.5,-9.5,-25.0,-26.05,True,False,outdoors,no_prior_season_situational_for_packaged_priors,rolling_features_unavailable_pre_2023
2021,9,2021-11-07,DEN@DAL,DAL,DEN,16.0,30.0,14.0,46.0,-10.5,50.0,,,,,-3.3193,45.2225,,,,,-24.5,4.0,-14.0,-15.05,False,False,closed,no_prior_season_situational_for_packaged_priors,rolling_features_unavailable_pre_2023
2021,9,2021-11-07,GB@KC,KC,GB,13.0,7.0,-6.0,20.0,-7.0,48.0,,,,,1.3293,45.2313,,,,,-1.0,28.0,6.0,4.95,False,False,outdoors,no_prior_season_situational_for_packaged_priors,rolling_features_unavailable_pre_2023
2021,9,2021-11-07,HOU@MIA,MIA,HOU,17.0,9.0,-8.0,26.0,-4.0,45.0,,,,,-1.05,44.9111,,,,,4.0,19.0,8.0,6.95,False,False,outdoors,no_prior_season_situational_for_packaged_priors,rolling_features_unavailable_pre_2023
2021,9,2021-11-07,LAC@PHI,PHI,LAC,24.0,27.0,3.0,51.0,1.0,49.5,,,,,0.245,45.0984,,,,,-2.0,-1.5,-3.0,-4.05,False,False,outdoors,no_prior_season_situational_for_packaged_priors,rolling_features_unavailable_pre_2023
2021,9,2021-11-07,LV@NYG,NYG,LV,23.0,16.0,-7.0,39.0,3.0,47.0,,,,,2.0111,45.1778,,,,,10.0,8.0,7.0,5.95,False,False,outdoors,no_prior_season_situational_for_packaged_priors,rolling_features_unavailable_pre_2023
2021,9,2021-11-07,MIN@BAL,BAL,MIN,34.0,31.0,-3.0,65.0,-7.5,51.0,,,,,-2.9004,45.1595,,,,,-4.5,-14.0,3.0,1.95,False,False,outdoors,no_prior_season_situational_for_packaged_priors,rolling_features_unavailable_pre_2023
2021,9,2021-11-07,NE@CAR,CAR,NE,6.0,24.0,18.0,30.0,3.5,41.5,,,,,-1.05,45.0941,,,,,-14.5,11.5,-18.0,-19.05,False,False,outdoors,no_prior_season_situational_for_packaged_priors,rolling_features_unavailable_pre_2023
2021,9,2021-11-04,NYJ@IND,IND,NYJ,45.0,30.0,-15.0,75.0,-10.5,46.0,,,,,-1.6546,45.0184,,,,,4.5,-29.0,15.0,13.95,False,False,closed,no_prior_season_situational_for_packaged_priors,rolling_features_unavailable_pre_2023
2021,9,2021-11-07,TEN@LAR,LAR,TEN,16.0,28.0,12.0,44.0,-7.0,53.5,,,,,-1.8248,45.2331,,,,,-19.0,9.5,-12.0,-13.05,False,False,dome,no_prior_season_situational_for_packaged_priors,rolling_features_unavailable_pre_2023
2021,10,2021-11-14,ATL@DAL,DAL,ATL,43.0,3.0,-40.0,46.0,-8.0,55.0,,,,,-2.6531,45.1745,,,,,32.0,9.0,40.0,38.95,False,False,closed,no_prior_season_situational_for_packaged_priors,rolling_features_unavailable_pre_2023
2021,10,2021-11-11,BAL@MIA,MIA,BAL,22.0,10.0,-12.0,32.0,8.5,46.5,,,,,2.4292,45.2063,,,,,20.5,14.5,12.0,10.95,False,False,outdoors,no_prior_season_situational_for_packaged_priors,rolling_features_unavailable_pre_2023
2021,10,2021-11-14,BUF@NYJ,NYJ,BUF,17.0,45.0,28.0,62.0,13.0,47.0,,,,,1.4414,45.1264,,,,,-15.0,-15.0,-28.0,-29.05,True,False,outdoors,no_prior_season_situational_for_packaged_priors,rolling_features_unavailable_pre_2023
2021,10,2021-11-14,CAR@ARI,ARI,CAR,10.0,34.0,24.0,44.0,-7.0,42.0,,,,,-3.8819,45.2455,,,,,-31.0,-2.0,-24.0,-25.05,False,False,closed,no_prior_season_situational_for_packaged_priors,rolling_features_unavailable_pre_2023
2021,10,2021-11-14,CLE@NE,NE,CLE,45.0,7.0,-38.0,52.0,-2.5,45.5,,,,,-1.05,45.119,,,,,35.5,-6.5,38.0,36.95,False,False,outdoors,no_prior_season_situational_for_packaged_priors,rolling_features_unavailable_pre_2023
2021,10,2021-11-14,DET@PIT,PIT,DET,16.0,16.0,0.0,32.0,-9.0,43.0,,,,,-5.3136,45.1841,,,,,-9.0,11.0,0.0,-1.05,False,False,outdoors,no_prior_season_situational_for_packaged_priors,rolling_features_unavailable_pre_2023
2021,10,2021-11-14,JAX@IND,IND,JAX,23.0,17.0,-6.0,40.0,-10.5,47.5,,,,,-2.3628,45.0398,,,,,-4.5,7.5,6.0,4.95,True,False,closed,no_prior_season_situational_for_packaged_priors,rolling_features_unavailable_pre_2023
2021,10,2021-11-14,KC@LV,LV,KC,14.0,41.0,27.0,55.0,2.5,53.5,,,,,-1.4979,45.1362,,,,,-24.5,-1.5,-27.0,-28.05,True,False,dome,no_prior_season_situational_for_packaged_priors,rolling_features_unavailable_pre_2023
2021,10,2021-11-15,LAR@SF,SF,LAR,31.0,10.0,-21.0,41.0,3.5,50.0,,,,,1.5582,45.1947,,,,,24.5,9.0,21.0,19.95,True,False,outdoors,no_prior_season_situational_for_packaged_priors,rolling_features_unavailable_pre_2023
2021,10,2021-11-14,MIN@LAC,LAC,MIN,20.0,27.0,7.0,47.0,-3.0,53.5,,,,,-2.6904,45.1205,,,,,-10.0,6.5,-7.0,-8.05,False,False,dome,no_prior_season_situational_for_packaged_priors,rolling_features_unavailable_pre_2023
2021,10,2021-11-14,NO@TEN,TEN,NO,23.0,21.0,-2.0,44.0,-3.0,44.0,,,,,-2.0159,45.1908,,,,,-1.0,0.0,2.0,0.95,False,False,outdoors,no_prior_season_situational_for_packaged_priors,rolling_features_unavailable_pre_2023
2021,10,2021-11-14,PHI@DEN,DEN,PHI,13.0,30.0,17.0,43.0,-1.0,44.5,,,,,-2.5231,45.09,,,,,-18.0,1.5,-17.0,-18.05,False,False,outdoors,no_prior_season_situational_for_packaged_priors,rolling_features_unavailable_pre_2023
2021,10,2021-11-14,SEA@GB,GB,SEA,17.0,0.0,-17.0,17.0,-3.0,49.5,,,,,-3.6582,45.1947,,,,,14.0,32.5,17.0,15.95,False,False,outdoors,no_prior_season_situational_for_packaged_priors,rolling_features_unavailable_pre_2023
2021,10,2021-11-14,TB@WSH,WSH,TB,29.0,19.0,-10.0,48.0,10.0,51.0,,,,,2.2366,45.1998,,,,,20.0,3.0,10.0,8.95,False,False,outdoors,no_prior_season_situational_for_packaged_priors,rolling_features_unavailable_pre_2023
2021,11,2021-11-21,ARI@SEA,SEA,ARI,13.0,23.0,10.0,36.0,-2.5,46.0,,,,,1.9789,45.2136,,,,,-12.5,10.0,-10.0,-11.05,True,False,outdoors,no_prior_season_situational_for_packaged_priors,rolling_features_unavailable_pre_2023
2021,11,2021-11-21,BAL@CHI,CHI,BAL,13.0,16.0,3.0,29.0,5.0,43.0,,,,,1.1382,45.141,,,,,2.0,14.0,-3.0,-4.05,False,False,outdoors,no_prior_season_situational_for_packaged_priors,rolling_features_unavailable_pre_2023
2021,11,2021-11-21,CIN@LV,LV,CIN,13.0,32.0,19.0,45.0,1.0,50.5,,,,,-1.05,45.119,,,,,-18.0,5.5,-19.0,-20.05,False,False,dome,no_prior_season_situational_for_packaged_priors,rolling_features_unavailable_pre_2023
2021,11,2021-11-21,DAL@KC,KC,DAL,19.0,9.0,-10.0,28.0,-2.5,56.0,,,,,0.0766,45.1889,,,,,7.5,28.0,10.0,8.95,False,False,outdoors,no_prior_season_situational_for_packaged_priors,rolling_features_unavailable_pre_2023
2021,11,2021-11-21,DET@CLE,CLE,DET,13.0,10.0,-3.0,23.0,-13.0,42.5,,,,,-4.4976,45.0919,,,,,-10.0,19.5,3.0,1.95,False,False,outdoors,no_prior_season_situational_for_packaged_priors,rolling_features_unavailable_pre_2023
2021,11,2021-11-21,GB@MIN,MIN,GB,34.0,31.0,-3.0,65.0,1.0,48.0,,,,,1.2324,45.1991,,,,,4.0,-17.0,3.0,1.95,True,False,dome,no_prior_season_situational_for_packaged_priors,rolling_features_unavailable_pre_2023
2021,11,2021-11-21,HOU@TEN,TEN,HOU,13.0,22.0,9.0,35.0,-10.5,44.5,,,,,-5.6262,45.2785,,,,,-19.5,9.5,-9.0,-10.05,True,False,outdoors,no_prior_season_situational_for_packaged_priors,rolling_features_unavailable_pre_2023
2021,11,2021-11-21,IND@BUF,BUF,IND,15.0,41.0,26.0,56.0,-7.5,49.5,,,,,-2.1265,45.1425,,,,,-33.5,-6.5,-26.0,-27.05,False,False,outdoors,no_prior_season_situational_for_packaged_priors,rolling_features_unavailable_pre_2023
2021,11,2021-11-21,MIA@NYJ,NYJ,MIA,17.0,24.0,7.0,41.0,3.5,44.5,,,,,-0.5163,44.9836,,,,,-3.5,3.5,-7.0,-8.05,True,False,outdoors,no_prior_season_situational_for_packaged_priors,rolling_features_unavailable_pre_2023
2021,11,2021-11-18,NE@ATL,ATL,NE,0.0,25.0,25.0,25.0,7.0,47.5,,,,,-0.0339,45.1142,,,,,-18.0,22.5,-25.0,-26.05,False,False,closed,no_prior_season_situational_for_packaged_priors,rolling_features_unavailable_pre_2023
2021,11,2021-11-21,NO@PHI,PHI,NO,40.0,29.0,-11.0,69.0,-2.5,42.5,,,,,-0.0255,45.0943,,,,,8.5,-26.5,11.0,9.95,False,False,outdoors,no_prior_season_situational_for_packaged_priors,rolling_features_unavailable_pre_2023
2021,11,2021-11-22,NYG@TB,TB,NYG,30.0,10.0,-20.0,40.0,-11.5,49.5,,,,,-3.2382,45.141,,,,,8.5,9.5,20.0,18.95,False,False,outdoors,no_prior_season_situational_for_packaged_priors,rolling_features_unavailable_pre_2023
2021,11,2021-11-21,PIT@LAC,LAC,PIT,41.0,37.0,-4.0,78.0,-5.5,47.5,,,,,-0.6021,45.1362,,,,,-1.5,-30.5,4.0,2.95,False,False,dome,no_prior_season_situational_for_packaged_priors,rolling_features_unavailable_pre_2023
2021,11,2021-11-21,SF@JAX,JAX,SF,10.0,30.0,20.0,40.0,6.5,45.0,,,,,0.4545,45.0385,,,,,-13.5,5.0,-20.0,-21.05,False,False,outdoors,no_prior_season_situational_for_packaged_priors,rolling_features_unavailable_pre_2023
2021,11,2021-11-21,WSH@CAR,CAR,WSH,21.0,27.0,6.0,48.0,-3.5,43.0,,,,,-2.1604,45.0679,,,,,-9.5,-5.0,-6.0,-7.05,False,False,outdoors,no_prior_season_situational_for_packaged_priors,rolling_features_unavailable_pre_2023
2021,12,2021-11-28,ATL@JAX,JAX,ATL,14.0,21.0,7.0,35.0,1.5,46.0,,,,,0.3127,45.0182,,,,,-5.5,11.0,-7.0,-8.05,False,False,outdoors,no_prior_season_situational_for_packaged_priors,rolling_features_unavailable_pre_2023
2021,12,2021-11-25,BUF@NO,NO,BUF,6.0,31.0,25.0,37.0,7.0,45.0,,,,,-0.4002,45.1206,,,,,-18.0,8.0,-25.0,-26.05,False,False,dome,no_prior_season_situational_for_packaged_priors,rolling_features_unavailable_pre_2023
2021,12,2021-11-28,CAR@MIA,MIA,CAR,33.0,10.0,-23.0,43.0,1.0,41.0,,,,,-0.4436,45.0559,,,,,24.0,-2.0,23.0,21.95,False,False,outdoors,no_prior_season_situational_for_packaged_priors,rolling_features_unavailable_pre_2023
2021,12,2021-11-25,CHI@DET,DET,CHI,14.0,16.0,2.0,30.0,2.0,41.5,,,,,1.0561,44.9679,,,,,0.0,11.5,-2.0,-3.05,True,False,dome,no_prior_season_situational_for_packaged_priors,rolling_features_unavailable_pre_2023
2021,12,2021-11-28,CLE@BAL,BAL,CLE,16.0,10.0,-6.0,26.0,-3.0,47.0,,,,,-2.0411,45.1579,,,,,3.0,21.0,6.0,4.95,True,False,outdoors,no_prior_season_situational_for_packaged_priors,rolling_features_unavailable_pre_2023
2021,12,2021-11-28,LAC@DEN,DEN,LAC,28.0,13.0,-15.0,41.0,2.5,47.5,,,,,-0.4002,45.1206,,,,,17.5,6.5,15.0,13.95,True,False,outdoors,no_prior_season_situational_for_packaged_priors,rolling_features_unavailable_pre_2023
2021,12,2021-11-28,LAR@GB,GB,LAR,36.0,28.0,-8.0,64.0,2.0,47.0,,,,,-1.222,45.1871,,,,,10.0,-17.0,8.0,6.95,False,False,outdoors,no_prior_season_situational_for_packaged_priors,rolling_features_unavailable_pre_2023
2021,12,2021-11-25,LV@DAL,DAL,LV,33.0,36.0,3.0,69.0,-7.0,51.0,,,,,-2.3381,45.1547,,,,,-10.0,-18.0,-3.0,-4.05,False,False,closed,no_prior_season_situational_for_packaged_priors,rolling_features_unavailable_pre_2023
2021,12,2021-11-28,MIN@SF,SF,MIN,34.0,26.0,-8.0,60.0,-3.5,49.0,,,,,-1.05,45.0941,,,,,4.5,-11.0,8.0,6.95,False,False,outdoors,no_prior_season_situational_for_packaged_priors,rolling_features_unavailable_pre_2023
2021,12,2021-11-28,NYJ@HOU,HOU,NYJ,14.0,21.0,7.0,35.0,-3.0,44.5,,,,,-1.05,44.95,,,,,-10.0,9.5,-7.0,-8.05,False,False,closed,no_prior_season_situational_for_packaged_priors,rolling_features_unavailable_pre_2023
2021,12,2021-11-28,PHI@NYG,NYG,PHI,13.0,7.0,-6.0,20.0,4.0,45.5,,,,,-0.0127,45.0478,,,,,10.0,25.5,6.0,4.95,True,False,outdoors,no_prior_season_situational_for_packaged_priors,rolling_features_unavailable_pre_2023
2021,12,2021-11-28,PIT@CIN,CIN,PIT,41.0,10.0,-31.0,51.0,-3.5,43.5,,,,,-1.3373,45.1296,,,,,27.5,-7.5,31.0,29.95,True,False,outdoors,no_prior_season_situational_for_packaged_priors,rolling_features_unavailable_pre_2023
2021,12,2021-11-29,SEA@WSH,WSH,SEA,17.0,15.0,-2.0,32.0,1.0,47.0,,,,,-1.7246,45.0287,,,,,3.0,15.0,2.0,0.95,False,False,outdoors,no_prior_season_situational_for_packaged_priors,rolling_features_unavailable_pre_2023
2021,12,2021-11-28,TB@IND,IND,TB,31.0,38.0,7.0,69.0,3.0,53.0,,,,,-0.0589,45.1579,,,,,-4.0,-16.0,-7.0,-8.05,False,False,closed,no_prior_season_situational_for_packaged_priors,rolling_features_unavailable_pre_2023
2021,12,2021-11-28,TEN@NE,NE,TEN,36.0,13.0,-23.0,49.0,-7.5,43.0,,,,,-0.4733,45.1768,,,,,15.5,-6.0,23.0,21.95,False,False,outdoors,no_prior_season_situational_for_packaged_priors,rolling_features_unavailable_pre_2023
2021,13,2021-12-05,ARI@CHI,CHI,ARI,22.0,33.0,11.0,55.0,7.5,43.5,,,,,1.8868,45.2189,,,,,-3.5,-11.5,-11.0,-12.05,False,False,outdoors,no_prior_season_situational_for_packaged_priors,rolling_features_unavailable_pre_2023
2021,13,2021-12-05,BAL@PIT,PIT,BAL,20.0,19.0,-1.0,39.0,4.0,44.0,,,,,0.4102,45.1653,,,,,5.0,5.0,1.0,-0.050000000000000044,True,False,outdoors,no_prior_season_situational_for_packaged_priors,rolling_features_unavailable_pre_2023
2021,13,2021-12-02,DAL@NO,NO,DAL,17.0,27.0,10.0,44.0,6.0,46.0,,,,,0.1327,45.1282,,,,,-4.0,2.0,-10.0,-11.05,False,False,dome,no_prior_season_situational_for_packaged_priors,rolling_features_unavailable_pre_2023
2021,13,2021-12-05,DEN@KC,KC,DEN,22.0,9.0,-13.0,31.0,-8.5,46.5,,,,,-1.6363,45.1379,,,,,4.5,15.5,13.0,11.95,True,False,outdoors,no_prior_season_situational_for_packaged_priors,rolling_features_unavailable_pre_2023
2021,13,2021-12-05,IND@HOU,HOU,IND,0.0,31.0,31.0,31.0,10.0,45.5,,,,,1.1022,45.0653,,,,,-21.0,14.5,-31.0,-32.05,True,False,closed,no_prior_season_situational_for_packaged_priors,rolling_features_unavailable_pre_2023
2021,13,2021-12-05,JAX@LAR,LAR,JAX,37.0,7.0,-30.0,44.0,-14.0,48.0,,,,,-4.0881,45.1427,,,,,16.0,4.0,30.0,28.95,False,False,dome,no_prior_season_situational_for_packaged_priors,rolling_features_unavailable_pre_2023
2021,13,2021-12-05,LAC@CIN,CIN,LAC,22.0,41.0,19.0,63.0,-2.5,49.5,,,,,-1.6363,45.1379,,,,,-21.5,-13.5,-19.0,-20.05,False,False,outdoors,no_prior_season_situational_for_packaged_priors,rolling_features_unavailable_pre_2023
2021,13,2021-12-05,MIN@DET,DET,MIN,29.0,27.0,-2.0,56.0,7.0,47.5,,,,,2.0967,45.0611,,,,,9.0,-8.5,2.0,0.95,True,False,dome,no_prior_season_situational_for_packaged_priors,rolling_features_unavailable_pre_2023
2021,13,2021-12-06,NE@BUF,BUF,NE,10.0,14.0,4.0,24.0,-3.0,40.0,,,,,-0.8567,45.161,,,,,-7.0,16.0,-4.0,-5.05,True,False,outdoors,no_prior_season_situational_for_packaged_priors,rolling_features_unavailable_pre_2023
2021,13,2021-12-05,NYG@MIA,MIA,NYG,20.0,9.0,-11.0,29.0,-6.5,40.0,,,,,-1.405,45.0446,,,,,4.5,11.0,11.0,9.95,False,False,outdoors,no_prior_season_situational_for_packaged_priors,rolling_features_unavailable_pre_2023
2021,13,2021-12-05,PHI@NYJ,NYJ,PHI,18.0,33.0,15.0,51.0,5.0,44.0,,,,,-0.0779,45.031,,,,,-10.0,-7.0,-15.0,-16.05,False,False,outdoors,no_prior_season_situational_for_packaged_priors,rolling_features_unavailable_pre_2023
2021,13,2021-12-05,SF@SEA,SEA,SF,30.0,23.0,-7.0,53.0,3.0,44.5,,,,,0.7705,45.0848,,,,,10.0,-8.5,7.0,5.95,True,False,outdoors,no_prior_season_situational_for_packaged_priors,rolling_features_unavailable_pre_2023
2021,13,2021-12-05,TB@ATL,ATL,TB,17.0,30.0,13.0,47.0,11.0,51.0,,,,,0.7099,45.1648,,,,,-2.0,4.0,-13.0,-14.05,True,False,closed,no_prior_season_situational_for_packaged_priors,rolling_features_unavailable_pre_2023
2021,13,2021-12-05,WSH@LV,LV,WSH,15.0,17.0,2.0,32.0,-1.0,47.5,,,,,-1.6462,45.0976,,,,,-3.0,15.5,-2.0,-3.05,False,False,dome,no_prior_season_situational_for_packaged_priors,rolling_features_unavailable_pre_2023
2021,14,2021-12-12,ATL@CAR,CAR,ATL,21.0,29.0,8.0,50.0,-2.5,41.0,,,,,-1.05,45.0558,,,,,-10.5,-9.0,-8.0,-9.05,True,False,outdoors,no_prior_season_situational_for_packaged_priors,rolling_features_unavailable_pre_2023
2021,14,2021-12-12,BAL@CLE,CLE,BAL,24.0,22.0,-2.0,46.0,-3.0,44.0,,,,,0.0265,45.1425,,,,,-1.0,-2.0,2.0,0.95,True,False,outdoors,no_prior_season_situational_for_packaged_priors,rolling_features_unavailable_pre_2023
2021,14,2021-12-12,BUF@TB,TB,BUF,33.0,27.0,-6.0,60.0,-3.5,52.5,,,,,-2.1104,45.1781,,,,,2.5,-7.5,6.0,4.95,False,False,outdoors,no_prior_season_situational_for_packaged_priors,rolling_features_unavailable_pre_2023
2021,14,2021-12-12,CHI@GB,GB,CHI,45.0,30.0,-15.0,75.0,-11.5,43.0,,,,,-3.7658,45.185,,,,,3.5,-32.0,15.0,13.95,True,False,outdoors,no_prior_season_situational_for_packaged_priors,rolling_features_unavailable_pre_2023
2021,14,2021-12-12,DAL@WSH,WSH,DAL,20.0,27.0,7.0,47.0,6.5,48.0,,,,,0.0265,45.1425,,,,,-0.5,1.0,-7.0,-8.05,True,False,outdoors,no_prior_season_situational_for_packaged_priors,rolling_features_unavailable_pre_2023
2021,14,2021-12-12,DET@DEN,DEN,DET,38.0,10.0,-28.0,48.0,-13.0,42.0,,,,,-3.8434,45.0744,,,,,15.0,-6.0,28.0,26.95,False,False,outdoors,no_prior_season_situational_for_packaged_priors,rolling_features_unavailable_pre_2023
2021,14,2021-12-12,JAX@TEN,TEN,JAX,20.0,0.0,-20.0,20.0,-8.5,44.5,,,,,-4.3886,45.165,,,,,11.5,24.5,20.0,18.95,True,False,outdoors,no_prior_season_situational_for_packaged_priors,rolling_features_unavailable_pre_2023
2021,14,2021-12-13,LAR@ARI,ARI,LAR,23.0,30.0,7.0,53.0,-3.0,51.0,,,,,-2.0947,45.2125,,,,,-10.0,-2.0,-7.0,-8.05,True,False,open,no_prior_season_situational_for_packaged_priors,rolling_features_unavailable_pre_2023
2021,14,2021-12-12,LV@KC,KC,LV,48.0,9.0,-39.0,57.0,-10.0,48.0,,,,,-2.1265,45.1425,,,,,29.0,-9.0,39.0,37.95,True,False,outdoors,no_prior_season_situational_for_packaged_priors,rolling_features_unavailable_pre_2023
2021,14,2021-12-12,NO@NYJ,NYJ,NO,9.0,30.0,21.0,39.0,4.5,42.0,,,,,0.0782,45.0287,,,,,-16.5,3.0,-21.0,-22.05,False,False,outdoors,no_prior_season_situational_for_packaged_priors,rolling_features_unavailable_pre_2023
2021,14,2021-12-12,NYG@LAC,LAC,NYG,37.0,21.0,-16.0,58.0,-9.5,44.0,,,,,-2.7032,45.1019,,,,,6.5,-14.0,16.0,14.95,False,False,dome,no_prior_season_situational_for_packaged_priors,rolling_features_unavailable_pre_2023
2021,14,2021-12-09,PIT@MIN,MIN,PIT,36.0,28.0,-8.0,64.0,-3.5,45.0,,,,,-0.2024,45.0926,,,,,4.5,-19.0,8.0,6.95,False,False,dome,no_prior_season_situational_for_packaged_priors,rolling_features_unavailable_pre_2023
2021,14,2021-12-12,SEA@HOU,HOU,SEA,13.0,33.0,20.0,46.0,10.0,40.5,,,,,0.0965,44.9882,,,,,-10.0,-5.5,-20.0,-21.05,False,False,open,no_prior_season_situational_for_packaged_priors,rolling_features_unavailable_pre_2023
2021,14,2021-12-12,SF@CIN,CIN,SF,23.0,26.0,3.0,49.0,2.5,49.0,,,,,-1.5923,45.1157,,,,,-0.5,0.0,-3.0,-4.05,False,False,outdoors,no_prior_season_situational_for_packaged_priors,rolling_features_unavailable_pre_2023
2021,15,2021-12-19,ARI@DET,DET,ARI,30.0,12.0,-18.0,42.0,13.0,48.0,,,,,3.5315,45.2654,,,,,31.0,6.0,18.0,16.95,False,False,dome,no_prior_season_situational_for_packaged_priors,rolling_features_unavailable_pre_2023
2021,15,2021-12-19,ATL@SF,SF,ATL,31.0,13.0,-18.0,44.0,-9.5,48.0,,,,,-1.5545,45.0966,,,,,8.5,4.0,18.0,16.95,False,False,outdoors,no_prior_season_situational_for_packaged_priors,rolling_features_unavailable_pre_2023
2021,15,2021-12-19,CAR@BUF,BUF,CAR,31.0,14.0,-17.0,45.0,-14.0,43.0,,,,,-2.0663,45.0867,,,,,3.0,-2.0,17.0,15.95,False,False,outdoors,no_prior_season_situational_for_packaged_priors,rolling_features_unavailable_pre_2023
2021,15,2021-12-19,CIN@DEN,DEN,CIN,10.0,15.0,5.0,25.0,-3.0,45.0,,,,,-1.05,45.1114,,,,,-8.0,20.0,-5.0,-6.05,False,False,outdoors,no_prior_season_situational_for_packaged_priors,rolling_features_unavailable_pre_2023
2021,15,2021-12-19,DAL@NYG,NYG,DAL,6.0,21.0,15.0,27.0,11.5,43.0,,,,,1.4757,45.1566,,,,,-3.5,16.0,-15.0,-16.05,True,False,outdoors,no_prior_season_situational_for_packaged_priors,rolling_features_unavailable_pre_2023
2021,15,2021-12-19,GB@BAL,BAL,GB,30.0,31.0,1.0,61.0,9.5,45.5,,,,,-0.0758,45.1872,,,,,8.5,-15.5,-1.0,-2.05,False,False,outdoors,no_prior_season_situational_for_packaged_priors,rolling_features_unavailable_pre_2023
2021,15,2021-12-19,HOU@JAX,JAX,HOU,16.0,30.0,14.0,46.0,-6.0,40.0,,,,,-1.05,44.9262,,,,,-20.0,-6.0,-14.0,-15.05,True,False,outdoors,no_prior_season_situational_for_packaged_priors,rolling_features_unavailable_pre_2023
2021,15,2021-12-16,KC@LAC,LAC,KC,28.0,34.0,6.0,62.0,3.0,54.0,,,,,-0.5596,45.164,,,,,-3.0,-8.0,-6.0,-7.05,True,False,dome,no_prior_season_situational_for_packaged_priors,rolling_features_unavailable_pre_2023
2021,15,2021-12-20,LV@CLE,CLE,LV,14.0,16.0,2.0,30.0,3.0,41.0,,,,,-1.5545,45.0966,,,,,1.0,11.0,-2.0,-3.05,False,False,outdoors,no_prior_season_situational_for_packaged_priors,rolling_features_unavailable_pre_2023
2021,15,2021-12-20,MIN@CHI,CHI,MIN,9.0,17.0,8.0,26.0,7.0,48.0,,,,,-0.0188,45.0512,,,,,-1.0,22.0,-8.0,-9.05,True,False,outdoors,no_prior_season_situational_for_packaged_priors,rolling_features_unavailable_pre_2023
2021,15,2021-12-18,NE@IND,IND,NE,27.0,17.0,-10.0,44.0,1.0,46.0,,,,,-0.0621,45.1547,,,,,11.0,2.0,10.0,8.95,False,False,closed,no_prior_season_situational_for_packaged_priors,rolling_features_unavailable_pre_2023
2021,15,2021-12-19,NO@TB,TB,NO,0.0,9.0,9.0,9.0,-11.5,45.5,,,,,-3.0271,45.1834,,,,,-20.5,36.5,-9.0,-10.05,True,False,outdoors,no_prior_season_situational_for_packaged_priors,rolling_features_unavailable_pre_2023
2021,15,2021-12-19,NYJ@MIA,MIA,NYJ,31.0,24.0,-7.0,55.0,-10.5,42.0,,,,,-2.6086,45.0463,,,,,-3.5,-13.0,7.0,5.95,True,False,outdoors,no_prior_season_situational_for_packaged_priors,rolling_features_unavailable_pre_2023
2021,15,2021-12-21,SEA@LAR,LAR,SEA,20.0,10.0,-10.0,30.0,-7.5,47.0,,,,,-3.0552,45.1508,,,,,2.5,17.0,10.0,8.95,True,False,dome,no_prior_season_situational_for_packaged_priors,rolling_features_unavailable_pre_2023
2021,15,2021-12-19,TEN@PIT,PIT,TEN,19.0,13.0,-6.0,32.0,-1.0,44.0,,,,,0.1893,45.1518,,,,,5.0,12.0,6.0,4.95,False,False,outdoors,no_prior_season_situational_for_packaged_priors,rolling_features_unavailable_pre_2023
2021,15,2021-12-21,WSH@PHI,PHI,WSH,27.0,17.0,-10.0,44.0,-10.0,39.5,,,,,-1.05,45.0766,,,,,0.0,-4.5,10.0,8.95,True,False,outdoors,no_prior_season_situational_for_packaged_priors,rolling_features_unavailable_pre_2023
2021,16,2021-12-26,BAL@CIN,CIN,BAL,41.0,21.0,-20.0,62.0,-7.5,43.0,,,,,-1.05,45.126,,,,,12.5,-19.0,20.0,18.95,True,False,outdoors,no_prior_season_situational_for_packaged_priors,rolling_features_unavailable_pre_2023
2021,16,2021-12-26,BUF@NE,NE,BUF,21.0,33.0,12.0,54.0,-1.0,43.5,,,,,-1.5093,45.1436,,,,,-13.0,-10.5,-12.0,-13.05,True,False,outdoors,no_prior_season_situational_for_packaged_priors,rolling_features_unavailable_pre_2023
2021,16,2021-12-26,CHI@SEA,SEA,CHI,24.0,25.0,1.0,49.0,-7.0,41.0,,,,,-1.5345,45.0128,,,,,-8.0,-8.0,-1.0,-2.05,False,False,outdoors,no_prior_season_situational_for_packaged_priors,rolling_features_unavailable_pre_2023
2021,16,2021-12-25,CLE@GB,GB,CLE,24.0,22.0,-2.0,46.0,-7.5,46.5,,,,,-2.8765,45.1896,,,,,-5.5,0.5,2.0,0.95,False,False,outdoors,no_prior_season_situational_for_packaged_priors,rolling_features_unavailable_pre_2023
2021,16,2021-12-26,DEN@LV,LV,DEN,17.0,13.0,-4.0,30.0,1.0,42.0,,,,,-1.05,45.0941,,,,,5.0,12.0,4.0,2.95,True,False,dome,no_prior_season_situational_for_packaged_priors,rolling_features_unavailable_pre_2023
2021,16,2021-12-26,DET@ATL,ATL,DET,20.0,16.0,-4.0,36.0,-7.5,42.5,,,,,-2.9257,45.0303,,,,,-3.5,6.5,4.0,2.95,False,False,open,no_prior_season_situational_for_packaged_priors,rolling_features_unavailable_pre_2023
2021,16,2021-12-25,IND@ARI,ARI,IND,16.0,22.0,6.0,38.0,-3.0,48.0,,,,,-1.9627,45.1651,,,,,-9.0,10.0,-6.0,-7.05,False,False,closed,no_prior_season_situational_for_packaged_priors,rolling_features_unavailable_pre_2023
2021,16,2021-12-26,JAX@NYJ,NYJ,JAX,26.0,21.0,-5.0,47.0,-2.5,42.5,,,,,-1.5482,44.9415,,,,,2.5,-4.5,5.0,3.95,False,False,outdoors,no_prior_season_situational_for_packaged_priors,rolling_features_unavailable_pre_2023
2021,16,2021-12-26,LAC@HOU,HOU,LAC,41.0,29.0,-12.0,70.0,13.5,46.0,,,,,1.3426,45.1008,,,,,25.5,-24.0,12.0,10.95,False,False,closed,no_prior_season_situational_for_packaged_priors,rolling_features_unavailable_pre_2023
2021,16,2021-12-26,LAR@MIN,MIN,LAR,23.0,30.0,7.0,53.0,3.5,48.5,,,,,0.3283,45.1602,,,,,-3.5,-4.5,-7.0,-8.05,False,False,dome,no_prior_season_situational_for_packaged_priors,rolling_features_unavailable_pre_2023
2021,16,2021-12-27,MIA@NO,NO,MIA,3.0,20.0,17.0,23.0,3.0,37.5,,,,,-1.05,45.0941,,,,,-14.0,14.5,-17.0,-18.05,False,False,dome,no_prior_season_situational_for_packaged_priors,rolling_features_unavailable_pre_2023
2021,16,2021-12-26,NYG@PHI,PHI,NYG,34.0,10.0,-24.0,44.0,-11.0,41.0,,,,,-2.4844,45.0648,,,,,13.0,-3.0,24.0,22.95,True,False,outdoors,no_prior_season_situational_for_packaged_priors,rolling_features_unavailable_pre_2023
2021,16,2021-12-26,PIT@KC,KC,PIT,36.0,10.0,-26.0,46.0,-10.5,44.0,,,,,-2.1768,45.1623,,,,,15.5,-2.0,26.0,24.95,False,False,outdoors,no_prior_season_situational_for_packaged_priors,rolling_features_unavailable_pre_2023
2021,16,2021-12-23,SF@TEN,TEN,SF,20.0,17.0,-3.0,37.0,3.5,45.5,,,,,-1.5093,45.1436,,,,,6.5,8.5,3.0,1.95,False,False,outdoors,no_prior_season_situational_for_packaged_priors,rolling_features_unavailable_pre_2023
2021,16,2021-12-26,TB@CAR,CAR,TB,6.0,32.0,26.0,38.0,11.5,44.5,,,,,1.2793,45.1633,,,,,-14.5,6.5,-26.0,-27.05,True,False,outdoors,no_prior_season_situational_for_packaged_priors,rolling_features_unavailable_pre_2023
2021,16,2021-12-26,WSH@DAL,DAL,WSH,56.0,14.0,-42.0,70.0,-10.5,45.5,,,,,-2.9004,45.1595,,,,,31.5,-24.5,42.0,40.95,True,False,closed,no_prior_season_situational_for_packaged_priors,rolling_features_unavailable_pre_2023
2021,17,2022-01-02,ARI@DAL,DAL,ARI,22.0,25.0,3.0,47.0,-6.5,53.0,,,,,-1.4715,45.1829,,,,,-9.5,6.0,-3.0,-4.05,False,False,closed,no_prior_season_situational_for_packaged_priors,rolling_features_unavailable_pre_2023
2021,17,2022-01-02,ATL@BUF,BUF,ATL,29.0,15.0,-14.0,44.0,-14.0,46.5,,,,,-1.9191,45.1165,,,,,0.0,2.5,14.0,12.95,False,False,outdoors,no_prior_season_situational_for_packaged_priors,rolling_features_unavailable_pre_2023
2021,17,2022-01-02,CAR@NO,NO,CAR,18.0,10.0,-8.0,28.0,-7.0,37.0,,,,,-1.941,45.0558,,,,,1.0,9.0,8.0,6.95,True,False,dome,no_prior_season_situational_for_packaged_priors,rolling_features_unavailable_pre_2023
2021,17,2022-01-03,CLE@PIT,PIT,CLE,26.0,14.0,-12.0,40.0,1.0,43.5,,,,,-1.2693,45.087,,,,,13.0,3.5,12.0,10.95,True,False,outdoors,no_prior_season_situational_for_packaged_priors,rolling_features_unavailable_pre_2023
2021,17,2022-01-02,DEN@LAC,LAC,DEN,34.0,13.0,-21.0,47.0,-8.0,45.5,,,,,-1.4872,45.096,,,,,13.0,-1.5,21.0,19.95,True,False,dome,no_prior_season_situational_for_packaged_priors,rolling_features_unavailable_pre_2023
2021,17,2022-01-02,DET@SEA,SEA,DET,51.0,29.0,-22.0,80.0,-8.5,41.5,,,,,-2.3634,44.9863,,,,,13.5,-38.5,22.0,20.95,False,False,outdoors,no_prior_season_situational_for_packaged_priors,rolling_features_unavailable_pre_2023
2021,17,2022-01-02,HOU@SF,SF,HOU,23.0,7.0,-16.0,30.0,-14.0,44.0,,,,,-2.833,45.0792,,,,,2.0,14.0,16.0,14.95,False,False,outdoors,no_prior_season_situational_for_packaged_priors,rolling_features_unavailable_pre_2023
2021,17,2022-01-02,JAX@NE,NE,JAX,50.0,10.0,-40.0,60.0,-17.5,42.0,,,,,-4.1948,45.1292,,,,,22.5,-18.0,40.0,38.95,False,False,outdoors,no_prior_season_situational_for_packaged_priors,rolling_features_unavailable_pre_2023
2021,17,2022-01-02,KC@CIN,CIN,KC,34.0,31.0,-3.0,65.0,3.5,51.0,,,,,-0.2018,45.1741,,,,,6.5,-14.0,3.0,1.95,False,False,outdoors,no_prior_season_situational_for_packaged_priors,rolling_features_unavailable_pre_2023
2021,17,2022-01-02,LAR@BAL,BAL,LAR,19.0,20.0,1.0,39.0,7.0,47.0,,,,,0.2303,45.1689,,,,,6.0,8.0,-1.0,-2.05,False,False,outdoors,no_prior_season_situational_for_packaged_priors,rolling_features_unavailable_pre_2023
2021,17,2022-01-02,LV@IND,IND,LV,20.0,23.0,3.0,43.0,-8.5,46.5,,,,,-1.4818,45.1257,,,,,-11.5,3.5,-3.0,-4.05,False,False,closed,no_prior_season_situational_for_packaged_priors,rolling_features_unavailable_pre_2023
2021,17,2022-01-02,MIA@TEN,TEN,MIA,34.0,3.0,-31.0,37.0,-3.0,41.0,,,,,-1.9085,45.1457,,,,,28.0,4.0,31.0,29.95,False,False,outdoors,no_prior_season_situational_for_packaged_priors,rolling_features_unavailable_pre_2023
2021,17,2022-01-02,MIN@GB,GB,MIN,37.0,10.0,-27.0,47.0,-13.0,42.0,,,,,-3.1852,45.1975,,,,,14.0,-5.0,27.0,25.95,True,False,outdoors,no_prior_season_situational_for_packaged_priors,rolling_features_unavailable_pre_2023
2021,17,2022-01-02,NYG@CHI,CHI,NYG,29.0,3.0,-26.0,32.0,-7.0,36.5,,,,,-1.5041,45.002,,,,,19.0,4.5,26.0,24.95,False,False,outdoors,no_prior_season_situational_for_packaged_priors,rolling_features_unavailable_pre_2023
2021,17,2022-01-02,PHI@WSH,WSH,PHI,16.0,20.0,4.0,36.0,6.5,44.5,,,,,-0.1701,45.0865,,,,,2.5,8.5,-4.0,-5.05,True,False,outdoors,no_prior_season_situational_for_packaged_priors,rolling_features_unavailable_pre_2023
2021,17,2022-01-02,TB@NYJ,NYJ,TB,24.0,28.0,4.0,52.0,14.5,48.0,,,,,2.0166,45.1862,,,,,10.5,-4.0,-4.0,-5.05,False,False,outdoors,no_prior_season_situational_for_packaged_priors,rolling_features_unavailable_pre_2023
2021,18,2022-01-09,CAR@TB,TB,CAR,41.0,17.0,-24.0,58.0,-11.0,43.0,,,,,-3.9075,45.1881,,,,,13.0,-15.0,24.0,22.95,True,False,outdoors,no_prior_season_situational_for_packaged_priors,rolling_features_unavailable_pre_2023
2021,18,2022-01-09,CHI@MIN,MIN,CHI,31.0,17.0,-14.0,48.0,-3.5,45.5,,,,,-1.4671,45.0526,,,,,10.5,-2.5,14.0,12.95,True,False,dome,no_prior_season_situational_for_packaged_priors,rolling_features_unavailable_pre_2023
2021,18,2022-01-09,CIN@CLE,CLE,CIN,21.0,16.0,-5.0,37.0,-6.5,38.0,,,,,0.1728,45.1228,,,,,-1.5,1.0,5.0,3.95,True,False,outdoors,no_prior_season_situational_for_packaged_priors,rolling_features_unavailable_pre_2023
2021,18,2022-01-08,DAL@PHI,PHI,DAL,26.0,51.0,25.0,77.0,6.5,46.0,,,,,-0.2488,45.1556,,,,,-18.5,-31.0,-25.0,-26.05,True,False,outdoors,no_prior_season_situational_for_packaged_priors,rolling_features_unavailable_pre_2023
2021,18,2022-01-09,GB@DET,DET,GB,37.0,30.0,-7.0,67.0,4.0,45.0,,,,,3.4463,45.2793,,,,,11.0,-22.0,7.0,5.95,True,False,dome,no_prior_season_situational_for_packaged_priors,rolling_features_unavailable_pre_2023
2021,18,2022-01-09,IND@JAX,JAX,IND,26.0,11.0,-15.0,37.0,14.0,43.0,,,,,1.9105,45.1072,,,,,29.0,6.0,15.0,13.95,True,False,outdoors,no_prior_season_situational_for_packaged_priors,rolling_features_unavailable_pre_2023
2021,18,2022-01-08,KC@DEN,DEN,KC,24.0,28.0,4.0,52.0,11.5,44.5,,,,,0.5715,45.1478,,,,,7.5,-7.5,-4.0,-5.05,True,False,outdoors,no_prior_season_situational_for_packaged_priors,rolling_features_unavailable_pre_2023
2021,18,2022-01-09,LAC@LV,LV,LAC,35.0,32.0,-3.0,67.0,3.5,48.0,,,,,-1.05,45.122,,,,,6.5,-19.0,3.0,1.95,True,False,dome,no_prior_season_situational_for_packaged_priors,rolling_features_unavailable_pre_2023
2021,18,2022-01-09,NE@MIA,MIA,NE,33.0,24.0,-9.0,57.0,6.0,41.0,,,,,-0.2396,45.1285,,,,,15.0,-16.0,9.0,7.95,True,False,outdoors,no_prior_season_situational_for_packaged_priors,rolling_features_unavailable_pre_2023
2021,18,2022-01-09,NO@ATL,ATL,NO,20.0,30.0,10.0,50.0,4.5,40.0,,,,,-0.6377,45.0816,,,,,-5.5,-10.0,-10.0,-11.05,True,False,closed,no_prior_season_situational_for_packaged_priors,rolling_features_unavailable_pre_2023
2021,18,2022-01-09,NYJ@BUF,BUF,NYJ,27.0,10.0,-17.0,37.0,-16.0,43.0,,,,,-3.5414,45.1264,,,,,1.0,6.0,17.0,15.95,True,False,outdoors,no_prior_season_situational_for_packaged_priors,rolling_features_unavailable_pre_2023
2021,18,2022-01-09,PIT@BAL,BAL,PIT,13.0,16.0,3.0,29.0,-3.0,41.0,,,,,-0.8321,45.1021,,,,,-6.0,12.0,-3.0,-4.05,True,False,outdoors,no_prior_season_situational_for_packaged_priors,rolling_features_unavailable_pre_2023
2021,18,2022-01-09,SEA@ARI,ARI,SEA,30.0,38.0,8.0,68.0,-5.5,48.0,,,,,-3.0893,45.1489,,,,,-13.5,-20.0,-8.0,-9.05,True,False,open,no_prior_season_situational_for_packaged_priors,rolling_features_unavailable_pre_2023
2021,18,2022-01-09,SF@LAR,LAR,SF,24.0,27.0,3.0,51.0,-3.0,46.5,,,,,-2.2452,45.1767,,,,,-6.0,-4.5,-3.0,-4.05,True,False,dome,no_prior_season_situational_for_packaged_priors,rolling_features_unavailable_pre_2023
2021,18,2022-01-09,TEN@HOU,HOU,TEN,25.0,28.0,3.0,53.0,10.5,43.0,,,,,1.841,45.1618,,,,,7.5,-10.0,-3.0,-4.05,True,False,closed,no_prior_season_situational_for_packaged_priors,rolling_features_unavailable_pre_2023
2021,18,2022-01-09,WSH@NYG,NYG,WSH,7.0,22.0,15.0,29.0,6.0,36.0,,,,,-0.2006,45.0132,,,,,-9.0,7.0,-15.0,-16.05,True,False,outdoors,no_prior_season_situational_for_packaged_priors,rolling_features_unavailable_pre_2023
2021,19,2022-01-17,ARI@LAR,LAR,ARI,34.0,11.0,-23.0,45.0,-4.0,49.5,,,,,-1.4235,45.1726,,,,,19.0,4.5,23.0,21.95,True,False,dome,no_prior_season_situational_for_packaged_priors,rolling_features_unavailable_pre_2023
2021,19,2022-01-15,LV@CIN,CIN,LV,26.0,19.0,-7.0,45.0,-6.0,48.5,,,,,-1.05,45.1333,,,,,1.0,3.5,7.0,5.95,False,False,outdoors,no_prior_season_situational_for_packaged_priors,rolling_features_unavailable_pre_2023
2021,19,2022-01-15,NE@BUF,BUF,NE,47.0,17.0,-30.0,64.0,-4.5,43.0,,,,,-1.4275,45.1475,,,,,25.5,-21.0,30.0,28.95,True,False,outdoors,no_prior_season_situational_for_packaged_priors,rolling_features_unavailable_pre_2023
2021,19,2022-01-16,PHI@TB,TB,PHI,31.0,15.0,-16.0,46.0,-7.5,45.5,,,,,-2.5527,45.1809,,,,,8.5,-0.5,16.0,14.95,False,False,outdoors,no_prior_season_situational_for_packaged_priors,rolling_features_unavailable_pre_2023
2021,19,2022-01-16,PIT@KC,KC,PIT,42.0,21.0,-21.0,63.0,-13.0,46.0,,,,,-1.9675,45.1615,,,,,8.0,-17.0,21.0,19.95,False,False,outdoors,no_prior_season_situational_for_packaged_priors,rolling_features_unavailable_pre_2023
2021,19,2022-01-16,SF@DAL,DAL,SF,17.0,23.0,6.0,40.0,-3.0,51.0,,,,,-1.801,45.1643,,,,,-9.0,11.0,-6.0,-7.05,False,False,closed,no_prior_season_situational_for_packaged_priors,rolling_features_unavailable_pre_2023
2021,20,2022-01-23,BUF@KC,KC,BUF,42.0,36.0,-6.0,78.0,-2.5,54.0,,,,,-1.4016,45.18,,,,,3.5,-24.0,6.0,4.95,False,False,outdoors,no_prior_season_situational_for_packaged_priors,rolling_features_unavailable_pre_2023
2021,20,2022-01-22,CIN@TEN,TEN,CIN,16.0,19.0,3.0,35.0,-4.0,48.5,,,,,-1.6537,45.1672,,,,,-7.0,13.5,-3.0,-4.05,False,False,outdoors,no_prior_season_situational_for_packaged_priors,rolling_features_unavailable_pre_2023
2021,20,2022-01-23,LAR@TB,TB,LAR,27.0,30.0,3.0,57.0,-2.5,48.0,,,,,-1.3981,45.2031,,,,,-5.5,-9.0,-3.0,-4.05,False,False,outdoors,no_prior_season_situational_for_packaged_priors,rolling_features_unavailable_pre_2023
2021,20,2022-01-22,SF@GB,GB,SF,10.0,13.0,3.0,23.0,-5.5,47.0,,,,,-2.0234,45.1853,,,,,-8.5,24.0,-3.0,-4.05,False,False,outdoors,no_prior_season_situational_for_packaged_priors,rolling_features_unavailable_pre_2023
2021,21,2022-01-30,CIN@KC,KC,CIN,24.0,27.0,3.0,51.0,-7.0,54.5,,,,,-1.7175,45.1789,,,,,-10.0,3.5,-3.0,-4.05,False,False,outdoors,no_prior_season_situational_for_packaged_priors,rolling_features_unavailable_pre_2023
2021,21,2022-01-30,SF@LAR,LAR,SF,20.0,17.0,-3.0,37.0,-3.5,45.5,,,,,-1.7175,45.1789,,,,,-0.5,8.5,3.0,1.95,True,False,dome,no_prior_season_situational_for_packaged_priors,rolling_features_unavailable_pre_2023
2021,22,2022-02-13,LAR@CIN,CIN,LAR,20.0,23.0,3.0,43.0,4.5,48.5,,,,,-0.4177,45.185,,,,,1.5,5.5,-3.0,-4.05,False,False,dome,no_prior_season_situational_for_packaged_priors,rolling_features_unavailable_pre_2023
2022,1,2022-09-11,BAL@NYJ,NYJ,BAL,9.0,24.0,15.0,33.0,6.5,44.0,,,,,-1.05,44.8435,,,,,-8.5,11.0,-15.0,-16.05,False,True,outdoors,no_prior_season_situational_for_packaged_priors,rolling_features_unavailable_pre_2023
2022,1,2022-09-08,BUF@LAR,LAR,BUF,10.0,31.0,21.0,41.0,1.0,51.5,,,,,-1.05,44.8435,,,,,-20.0,10.5,-21.0,-22.05,False,True,dome,no_prior_season_situational_for_packaged_priors,rolling_features_unavailable_pre_2023
2022,1,2022-09-11,CLE@CAR,CAR,CLE,24.0,26.0,2.0,50.0,-2.5,42.5,,,,,-1.05,44.8435,,,,,-4.5,-7.5,-2.0,-3.05,False,True,outdoors,no_prior_season_situational_for_packaged_priors,rolling_features_unavailable_pre_2023
2022,1,2022-09-12,DEN@SEA,SEA,DEN,17.0,16.0,-1.0,33.0,6.0,44.0,,,,,-1.05,44.8435,,,,,7.0,11.0,1.0,-0.050000000000000044,False,True,outdoors,no_prior_season_situational_for_packaged_priors,rolling_features_unavailable_pre_2023
2022,1,2022-09-11,GB@MIN,MIN,GB,23.0,7.0,-16.0,30.0,-2.5,47.0,,,,,-1.05,44.8435,,,,,13.5,17.0,16.0,14.95,True,True,dome,no_prior_season_situational_for_packaged_priors,rolling_features_unavailable_pre_2023
2022,1,2022-09-11,IND@HOU,HOU,IND,20.0,20.0,0.0,40.0,7.0,46.0,,,,,-1.05,44.8435,,,,,7.0,6.0,0.0,-1.05,True,True,closed,no_prior_season_situational_for_packaged_priors,rolling_features_unavailable_pre_2023
2022,1,2022-09-11,JAX@WSH,WSH,JAX,28.0,22.0,-6.0,50.0,-3.0,43.5,,,,,-1.05,44.8435,,,,,3.0,-6.5,6.0,4.95,False,True,outdoors,no_prior_season_situational_for_packaged_priors,rolling_features_unavailable_pre_2023
2022,1,2022-09-11,KC@ARI,ARI,KC,21.0,44.0,23.0,65.0,6.0,54.0,,,,,-1.05,44.8435,,,,,-17.0,-11.0,-23.0,-24.05,False,True,closed,no_prior_season_situational_for_packaged_priors,rolling_features_unavailable_pre_2023
2022,1,2022-09-11,LV@LAC,LAC,LV,24.0,19.0,-5.0,43.0,-3.5,52.5,,,,,-1.05,44.8435,,,,,1.5,9.5,5.0,3.95,True,True,dome,no_prior_season_situational_for_packaged_priors,rolling_features_unavailable_pre_2023
2022,1,2022-09-11,NE@MIA,MIA,NE,20.0,7.0,-13.0,27.0,-3.0,47.0,,,,,-1.05,44.8435,,,,,10.0,20.0,13.0,11.95,True,True,outdoors,no_prior_season_situational_for_packaged_priors,rolling_features_unavailable_pre_2023
2022,1,2022-09-11,NO@ATL,ATL,NO,26.0,27.0,1.0,53.0,6.0,43.5,,,,,-1.05,44.8435,,,,,5.0,-9.5,-1.0,-2.05,True,True,closed,no_prior_season_situational_for_packaged_priors,rolling_features_unavailable_pre_2023
2022,1,2022-09-11,NYG@TEN,TEN,NYG,20.0,21.0,1.0,41.0,-5.5,43.5,,,,,-1.05,44.8435,,,,,-6.5,2.5,-1.0,-2.05,False,True,outdoors,no_prior_season_situational_for_packaged_priors,rolling_features_unavailable_pre_2023
2022,1,2022-09-11,PHI@DET,DET,PHI,35.0,38.0,3.0,73.0,6.0,49.0,,,,,-1.05,44.8435,,,,,3.0,-24.0,-3.0,-4.05,False,True,dome,no_prior_season_situational_for_packaged_priors,rolling_features_unavailable_pre_2023
2022,1,2022-09-11,PIT@CIN,CIN,PIT,20.0,23.0,3.0,43.0,-7.5,44.5,,,,,-1.05,44.8435,,,,,-10.5,1.5,-3.0,-4.05,True,True,outdoors,no_prior_season_situational_for_packaged_priors,rolling_features_unavailable_pre_2023
2022,1,2022-09-11,SF@CHI,CHI,SF,19.0,10.0,-9.0,29.0,6.5,38.0,,,,,-1.05,44.8435,,,,,15.5,9.0,9.0,7.95,False,True,outdoors,no_prior_season_situational_for_packaged_priors,rolling_features_unavailable_pre_2023
2022,1,2022-09-11,TB@DAL,DAL,TB,3.0,19.0,16.0,22.0,2.5,49.5,,,,,-1.05,44.8435,,,,,-13.5,27.5,-16.0,-17.05,False,True,closed,no_prior_season_situational_for_packaged_priors,rolling_features_unavailable_pre_2023
2022,2,2022-09-18,ARI@LV,LV,ARI,23.0,29.0,6.0,52.0,-5.5,51.5,,,,,-1.05,44.8435,,,,,-11.5,-0.5,-6.0,-7.05,False,True,dome,no_prior_season_situational_for_packaged_priors,rolling_features_unavailable_pre_2023
2022,2,2022-09-18,ATL@LAR,LAR,ATL,31.0,27.0,-4.0,58.0,-10.5,46.5,,,,,-1.05,44.8435,,,,,-6.5,-11.5,4.0,2.95,False,True,dome,no_prior_season_situational_for_packaged_priors,rolling_features_unavailable_pre_2023
2022,2,2022-09-18,CAR@NYG,NYG,CAR,19.0,16.0,-3.0,35.0,1.0,44.0,,,,,-7.55,45.5201,,,,,4.0,9.0,3.0,1.95,False,True,outdoors,no_prior_season_situational_for_packaged_priors,rolling_features_unavailable_pre_2023
2022,2,2022-09-18,CHI@GB,GB,CHI,27.0,10.0,-17.0,37.0,-10.5,42.0,,,,,5.45,45.5201,,,,,6.5,5.0,17.0,15.95,True,True,outdoors,no_prior_season_situational_for_packaged_priors,rolling_features_unavailable_pre_2023
2022,2,2022-09-18,CIN@DAL,DAL,CIN,20.0,17.0,-3.0,37.0,7.5,42.0,,,,,-1.05,44.8435,,,,,10.5,5.0,3.0,1.95,False,True,closed,no_prior_season_situational_for_packaged_priors,rolling_features_unavailable_pre_2023
2022,2,2022-09-18,HOU@DEN,DEN,HOU,16.0,9.0,-7.0,25.0,-10.5,46.0,,,,,-1.05,44.8435,,,,,-3.5,21.0,7.0,5.95,False,True,outdoors,no_prior_season_situational_for_packaged_priors,rolling_features_unavailable_pre_2023
2022,2,2022-09-18,IND@JAX,JAX,IND,24.0,0.0,-24.0,24.0,3.0,43.5,,,,,-1.05,44.8435,,,,,27.0,19.5,24.0,22.95,True,True,outdoors,no_prior_season_situational_for_packaged_priors,rolling_features_unavailable_pre_2023
2022,2,2022-09-15,LAC@KC,KC,LAC,27.0,24.0,-3.0,51.0,-4.0,52.5,,,,,-1.05,45.3,,,,,-1.0,1.5,3.0,1.95,True,True,outdoors,no_prior_season_situational_for_packaged_priors,rolling_features_unavailable_pre_2023
2022,2,2022-09-18,MIA@BAL,BAL,MIA,38.0,42.0,4.0,80.0,-3.0,44.0,,,,,-1.05,45.3,,,,,-7.0,-36.0,-4.0,-5.05,False,True,outdoors,no_prior_season_situational_for_packaged_priors,rolling_features_unavailable_pre_2023
2022,2,2022-09-19,MIN@PHI,PHI,MIN,24.0,7.0,-17.0,31.0,-2.5,49.5,,,,,-1.05,45.3,,,,,14.5,18.5,17.0,15.95,False,True,outdoors,no_prior_season_situational_for_packaged_priors,rolling_features_unavailable_pre_2023
2022,2,2022-09-18,NE@PIT,PIT,NE,14.0,17.0,3.0,31.0,3.0,40.0,,,,,-7.55,45.5201,,,,,0.0,9.0,-3.0,-4.05,False,True,outdoors,no_prior_season_situational_for_packaged_priors,rolling_features_unavailable_pre_2023
2022,2,2022-09-18,NYJ@CLE,CLE,NYJ,30.0,31.0,1.0,61.0,-6.5,38.5,,,,,-7.55,45.5201,,,,,-7.5,-22.5,-1.0,-2.05,False,True,outdoors,no_prior_season_situational_for_packaged_priors,rolling_features_unavailable_pre_2023
2022,2,2022-09-18,SEA@SF,SF,SEA,27.0,7.0,-20.0,34.0,-8.5,40.0,,,,,5.45,45.5201,,,,,11.5,6.0,20.0,18.95,True,True,outdoors,no_prior_season_situational_for_packaged_priors,rolling_features_unavailable_pre_2023
2022,2,2022-09-18,TB@NO,NO,TB,10.0,20.0,10.0,30.0,2.5,44.0,,,,,-1.05,45.3,,,,,-7.5,14.0,-10.0,-11.05,True,True,dome,no_prior_season_situational_for_packaged_priors,rolling_features_unavailable_pre_2023
2022,2,2022-09-19,TEN@BUF,BUF,TEN,41.0,7.0,-34.0,48.0,-10.0,47.5,,,,,-7.55,45.5201,,,,,24.0,-0.5,34.0,32.95,False,True,outdoors,no_prior_season_situational_for_packaged_priors,rolling_features_unavailable_pre_2023
2022,2,2022-09-18,WSH@DET,DET,WSH,36.0,27.0,-9.0,63.0,1.0,48.5,,,,,5.45,45.5201,,,,,10.0,-14.5,9.0,7.95,False,True,dome,no_prior_season_situational_for_packaged_priors,rolling_features_unavailable_pre_2023
2022,3,2022-09-25,ATL@SEA,SEA,ATL,23.0,27.0,4.0,50.0,-1.0,43.0,,,,,-4.4976,45.0919,,,,,-5.0,-7.0,-4.0,-5.05,False,True,outdoors,no_prior_season_situational_for_packaged_priors,rolling_features_unavailable_pre_2023
2022,3,2022-09-25,BAL@NE,NE,BAL,26.0,37.0,11.0,63.0,2.5,45.5,,,,,-1.05,45.0941,,,,,-8.5,-17.5,-11.0,-12.05,False,True,outdoors,no_prior_season_situational_for_packaged_priors,rolling_features_unavailable_pre_2023
2022,3,2022-09-25,BUF@MIA,MIA,BUF,21.0,19.0,-2.0,40.0,4.0,54.0,,,,,-1.05,45.3,,,,,6.0,14.0,2.0,0.95,True,True,outdoors,no_prior_season_situational_for_packaged_priors,rolling_features_unavailable_pre_2023
2022,3,2022-09-25,CIN@NYJ,NYJ,CIN,12.0,27.0,15.0,39.0,6.5,46.0,,,,,-4.4976,45.0919,,,,,-8.5,7.0,-15.0,-16.05,False,True,outdoors,no_prior_season_situational_for_packaged_priors,rolling_features_unavailable_pre_2023
2022,3,2022-09-26,DAL@NYG,NYG,DAL,16.0,23.0,7.0,39.0,-1.0,38.5,,,,,-4.1901,45.2982,,,,,-8.0,-0.5,-7.0,-8.05,True,True,outdoors,no_prior_season_situational_for_packaged_priors,rolling_features_unavailable_pre_2023
2022,3,2022-09-25,DET@MIN,MIN,DET,28.0,24.0,-4.0,52.0,-6.5,52.0,,,,,-1.05,45.0941,,,,,-2.5,0.0,4.0,2.95,True,True,dome,no_prior_season_situational_for_packaged_priors,rolling_features_unavailable_pre_2023
2022,3,2022-09-25,GB@TB,TB,GB,12.0,14.0,2.0,26.0,-1.0,41.5,,,,,-4.1901,45.2982,,,,,-3.0,15.5,-2.0,-3.05,False,True,outdoors,no_prior_season_situational_for_packaged_priors,rolling_features_unavailable_pre_2023
2022,3,2022-09-25,HOU@CHI,CHI,HOU,23.0,20.0,-3.0,43.0,-3.0,40.0,,,,,-4.4976,45.0919,,,,,0.0,-3.0,3.0,1.95,False,True,outdoors,no_prior_season_situational_for_packaged_priors,rolling_features_unavailable_pre_2023
2022,3,2022-09-25,JAX@LAC,LAC,JAX,10.0,38.0,28.0,48.0,-6.5,46.0,,,,,-1.05,45.0941,,,,,-34.5,-2.0,-28.0,-29.05,False,True,dome,no_prior_season_situational_for_packaged_priors,rolling_features_unavailable_pre_2023
2022,3,2022-09-25,KC@IND,IND,KC,20.0,17.0,-3.0,37.0,4.5,51.0,,,,,5.45,45.5201,,,,,7.5,14.0,3.0,1.95,False,True,open,no_prior_season_situational_for_packaged_priors,rolling_features_unavailable_pre_2023
2022,3,2022-09-25,LAR@ARI,ARI,LAR,12.0,20.0,8.0,32.0,3.5,49.0,,,,,-1.05,45.0941,,,,,-4.5,17.0,-8.0,-9.05,True,True,closed,no_prior_season_situational_for_packaged_priors,rolling_features_unavailable_pre_2023
2022,3,2022-09-25,LV@TEN,TEN,LV,24.0,22.0,-2.0,46.0,1.5,45.5,,,,,-1.05,44.8435,,,,,3.5,-0.5,2.0,0.95,False,True,outdoors,no_prior_season_situational_for_packaged_priors,rolling_features_unavailable_pre_2023
2022,3,2022-09-25,NO@CAR,CAR,NO,22.0,14.0,-8.0,36.0,2.0,41.0,,,,,2.3976,45.0919,,,,,10.0,5.0,8.0,6.95,True,True,outdoors,no_prior_season_situational_for_packaged_priors,rolling_features_unavailable_pre_2023
2022,3,2022-09-25,PHI@WSH,WSH,PHI,8.0,24.0,16.0,32.0,6.0,47.0,,,,,2.0901,45.2982,,,,,-10.0,15.0,-16.0,-17.05,True,True,outdoors,no_prior_season_situational_for_packaged_priors,rolling_features_unavailable_pre_2023
2022,3,2022-09-22,PIT@CLE,CLE,PIT,29.0,17.0,-12.0,46.0,-4.5,38.0,,,,,-1.05,45.0941,,,,,7.5,-8.0,12.0,10.95,True,True,outdoors,no_prior_season_situational_for_packaged_priors,rolling_features_unavailable_pre_2023
2022,3,2022-09-25,SF@DEN,DEN,SF,11.0,10.0,-1.0,21.0,1.0,44.0,,,,,-1.05,45.0941,,,,,2.0,23.0,1.0,-0.050000000000000044,False,True,outdoors,no_prior_season_situational_for_packaged_priors,rolling_features_unavailable_pre_2023
2022,4,2022-10-02,ARI@CAR,CAR,ARI,16.0,26.0,10.0,42.0,-1.0,44.0,,,,,-1.05,45.0162,,,,,-11.0,2.0,-10.0,-11.05,False,True,outdoors,no_prior_season_situational_for_packaged_priors,rolling_features_unavailable_pre_2023
2022,4,2022-10-02,BUF@BAL,BAL,BUF,20.0,23.0,3.0,43.0,3.0,50.0,,,,,-1.05,45.1671,,,,,0.0,7.0,-3.0,-4.05,False,True,outdoors,no_prior_season_situational_for_packaged_priors,rolling_features_unavailable_pre_2023
2022,4,2022-10-02,CHI@NYG,NYG,CHI,20.0,12.0,-8.0,32.0,-3.0,39.0,,,,,-1.05,45.1671,,,,,5.0,7.0,8.0,6.95,False,True,outdoors,no_prior_season_situational_for_packaged_priors,rolling_features_unavailable_pre_2023
2022,4,2022-10-02,CLE@ATL,ATL,CLE,23.0,20.0,-3.0,43.0,1.0,48.0,,,,,1.1382,45.141,,,,,4.0,5.0,3.0,1.95,False,True,open,no_prior_season_situational_for_packaged_priors,rolling_features_unavailable_pre_2023
2022,4,2022-10-02,DEN@LV,LV,DEN,32.0,23.0,-9.0,55.0,-2.5,45.5,,,,,3.482,45.2172,,,,,6.5,-9.5,9.0,7.95,True,True,dome,no_prior_season_situational_for_packaged_priors,rolling_features_unavailable_pre_2023
2022,4,2022-10-02,JAX@PHI,PHI,JAX,29.0,21.0,-8.0,50.0,-6.5,44.0,,,,,-3.1103,45.2771,,,,,1.5,-6.0,8.0,6.95,False,True,outdoors,no_prior_season_situational_for_packaged_priors,rolling_features_unavailable_pre_2023
2022,4,2022-10-02,KC@TB,TB,KC,31.0,41.0,10.0,72.0,-1.0,46.5,,,,,-1.05,45.1671,,,,,-11.0,-25.5,-10.0,-11.05,False,True,outdoors,no_prior_season_situational_for_packaged_priors,rolling_features_unavailable_pre_2023
2022,4,2022-10-02,LAC@HOU,HOU,LAC,24.0,34.0,10.0,58.0,5.5,45.0,,,,,1.2829,44.9864,,,,,-4.5,-13.0,-10.0,-11.05,False,True,closed,no_prior_season_situational_for_packaged_priors,rolling_features_unavailable_pre_2023
2022,4,2022-10-03,LAR@SF,SF,LAR,24.0,9.0,-15.0,33.0,-1.0,42.0,,,,,1.1382,45.141,,,,,14.0,9.0,15.0,13.95,True,True,outdoors,no_prior_season_situational_for_packaged_priors,rolling_features_unavailable_pre_2023
2022,4,2022-09-29,MIA@CIN,CIN,MIA,27.0,15.0,-12.0,42.0,-4.0,48.5,,,,,3.2074,45.3439,,,,,8.0,6.5,12.0,10.95,False,True,outdoors,no_prior_season_situational_for_packaged_priors,rolling_features_unavailable_pre_2023
2022,4,2022-10-02,MIN@NO,NO,MIN,25.0,28.0,3.0,53.0,4.0,42.0,,,,,1.1382,45.141,,,,,1.0,-11.0,-3.0,-4.05,False,True,outdoors,no_prior_season_situational_for_packaged_priors,rolling_features_unavailable_pre_2023
2022,4,2022-10-02,NE@GB,GB,NE,27.0,24.0,-3.0,51.0,-10.0,40.5,,,,,-3.2382,45.141,,,,,-7.0,-10.5,3.0,1.95,False,True,outdoors,no_prior_season_situational_for_packaged_priors,rolling_features_unavailable_pre_2023
2022,4,2022-10-02,NYJ@PIT,PIT,NYJ,20.0,24.0,4.0,44.0,-3.0,41.0,,,,,-1.05,45.0162,,,,,-7.0,-3.0,-4.0,-5.05,False,True,outdoors,no_prior_season_situational_for_packaged_priors,rolling_features_unavailable_pre_2023
2022,4,2022-10-02,SEA@DET,DET,SEA,45.0,48.0,3.0,93.0,-3.0,48.5,,,,,-1.05,45.0162,,,,,-6.0,-44.5,-3.0,-4.05,False,True,dome,no_prior_season_situational_for_packaged_priors,rolling_features_unavailable_pre_2023
2022,4,2022-10-02,TEN@IND,IND,TEN,17.0,24.0,7.0,41.0,-4.5,43.0,,,,,-2.1604,45.0679,,,,,-11.5,2.0,-7.0,-8.05,True,True,open,no_prior_season_situational_for_packaged_priors,rolling_features_unavailable_pre_2023
2022,4,2022-10-02,WSH@DAL,DAL,WSH,25.0,10.0,-15.0,35.0,-3.0,40.5,,,,,-3.2382,45.141,,,,,12.0,5.5,15.0,13.95,True,True,closed,no_prior_season_situational_for_packaged_priors,rolling_features_unavailable_pre_2023
2022,5,2022-10-09,ATL@TB,TB,ATL,21.0,15.0,-6.0,36.0,-10.5,46.0,,,,,-1.05,45.0941,,,,,-4.5,10.0,6.0,4.95,True,False,outdoors,no_prior_season_situational_for_packaged_priors,rolling_features_unavailable_pre_2023
2022,5,2022-10-09,CHI@MIN,MIN,CHI,29.0,22.0,-7.0,51.0,-10.0,44.0,,,,,-2.6531,45.1745,,,,,-3.0,-7.0,7.0,5.95,True,False,dome,no_prior_season_situational_for_packaged_priors,rolling_features_unavailable_pre_2023
2022,5,2022-10-09,CIN@BAL,BAL,CIN,19.0,17.0,-2.0,36.0,-3.0,47.5,,,,,-1.05,45.0941,,,,,-1.0,11.5,2.0,0.95,True,False,outdoors,no_prior_season_situational_for_packaged_priors,rolling_features_unavailable_pre_2023
2022,5,2022-10-09,DAL@LAR,LAR,DAL,10.0,22.0,12.0,32.0,-5.5,42.0,,,,,0.5531,45.1745,,,,,-17.5,10.0,-12.0,-13.05,False,False,dome,no_prior_season_situational_for_packaged_priors,rolling_features_unavailable_pre_2023
2022,5,2022-10-09,DET@NE,NE,DET,29.0,0.0,-29.0,29.0,-3.0,46.5,,,,,-1.05,44.9753,,,,,26.0,17.5,29.0,27.95,False,False,outdoors,no_prior_season_situational_for_packaged_priors,rolling_features_unavailable_pre_2023
2022,5,2022-10-09,HOU@JAX,JAX,HOU,6.0,13.0,7.0,19.0,-7.0,44.0,,,,,-4.4976,45.0919,,,,,-14.0,25.0,-7.0,-8.05,True,False,outdoors,no_prior_season_situational_for_packaged_priors,rolling_features_unavailable_pre_2023
2022,5,2022-10-06,IND@DEN,DEN,IND,9.0,12.0,3.0,21.0,-3.5,42.0,,,,,-2.1604,45.0679,,,,,-6.5,21.0,-3.0,-4.05,False,False,outdoors,no_prior_season_situational_for_packaged_priors,rolling_features_unavailable_pre_2023
2022,5,2022-10-09,LAC@CLE,CLE,LAC,28.0,30.0,2.0,58.0,1.0,47.0,,,,,-1.05,45.0941,,,,,-1.0,-11.0,-2.0,-3.05,False,False,outdoors,no_prior_season_situational_for_packaged_priors,rolling_features_unavailable_pre_2023
2022,5,2022-10-10,LV@KC,KC,LV,30.0,29.0,-1.0,59.0,-7.5,51.5,,,,,-4.3366,45.1998,,,,,-6.5,-7.5,1.0,-0.050000000000000044,True,False,outdoors,no_prior_season_situational_for_packaged_priors,rolling_features_unavailable_pre_2023
2022,5,2022-10-09,MIA@NYJ,NYJ,MIA,40.0,17.0,-23.0,57.0,3.0,46.0,,,,,0.5531,45.1745,,,,,26.0,-11.0,23.0,21.95,True,False,outdoors,no_prior_season_situational_for_packaged_priors,rolling_features_unavailable_pre_2023
2022,5,2022-10-09,NYG@GB,GB,NYG,22.0,27.0,5.0,49.0,-8.5,42.0,,,,,-1.05,45.2019,,,,,-13.5,-7.0,-5.0,-6.05,False,False,outdoors,no_prior_season_situational_for_packaged_priors,rolling_features_unavailable_pre_2023
2022,5,2022-10-09,PHI@ARI,ARI,PHI,17.0,20.0,3.0,37.0,5.5,48.5,,,,,2.0901,45.2982,,,,,2.5,11.5,-3.0,-4.05,False,False,closed,no_prior_season_situational_for_packaged_priors,rolling_features_unavailable_pre_2023
2022,5,2022-10-09,PIT@BUF,BUF,PIT,38.0,3.0,-35.0,41.0,-14.0,44.0,,,,,-4.3366,45.1998,,,,,21.0,3.0,35.0,33.95,False,False,outdoors,no_prior_season_situational_for_packaged_priors,rolling_features_unavailable_pre_2023
2022,5,2022-10-09,SEA@NO,NO,SEA,39.0,32.0,-7.0,71.0,-5.5,45.5,,,,,0.6294,45.0639,,,,,1.5,-25.5,7.0,5.95,False,False,dome,no_prior_season_situational_for_packaged_priors,rolling_features_unavailable_pre_2023
2022,5,2022-10-09,SF@CAR,CAR,SF,15.0,37.0,22.0,52.0,6.0,40.0,,,,,0.6294,45.0639,,,,,-16.0,-12.0,-22.0,-23.05,False,False,outdoors,no_prior_season_situational_for_packaged_priors,rolling_features_unavailable_pre_2023
2022,5,2022-10-09,TEN@WSH,WSH,TEN,17.0,21.0,4.0,38.0,1.0,43.0,,,,,0.6294,45.0639,,,,,-3.0,5.0,-4.0,-5.05,False,False,outdoors,no_prior_season_situational_for_packaged_priors,rolling_features_unavailable_pre_2023
2022,6,2022-10-16,ARI@SEA,SEA,ARI,19.0,9.0,-10.0,28.0,2.5,50.0,,,,,-1.05,45.048,,,,,12.5,22.0,10.0,8.95,True,False,outdoors,no_prior_season_situational_for_packaged_priors,rolling_features_unavailable_pre_2023
2022,6,2022-10-16,BAL@NYG,NYG,BAL,24.0,20.0,-4.0,44.0,5.5,46.0,,,,,-2.315,45.1968,,,,,9.5,2.0,4.0,2.95,False,False,outdoors,no_prior_season_situational_for_packaged_priors,rolling_features_unavailable_pre_2023
2022,6,2022-10-16,BUF@KC,KC,BUF,20.0,24.0,4.0,44.0,2.5,54.0,,,,,-1.05,45.2222,,,,,-1.5,10.0,-4.0,-5.05,False,False,outdoors,no_prior_season_situational_for_packaged_priors,rolling_features_unavailable_pre_2023
2022,6,2022-10-16,CAR@LAR,LAR,CAR,24.0,10.0,-14.0,34.0,-10.0,41.5,,,,,-2.4127,45.0182,,,,,4.0,7.5,14.0,12.95,False,False,dome,no_prior_season_situational_for_packaged_priors,rolling_features_unavailable_pre_2023
2022,6,2022-10-16,CIN@NO,NO,CIN,26.0,30.0,4.0,56.0,3.0,42.5,,,,,-1.05,45.048,,,,,-1.0,-13.5,-4.0,-5.05,False,False,dome,no_prior_season_situational_for_packaged_priors,rolling_features_unavailable_pre_2023
2022,6,2022-10-16,DAL@PHI,PHI,DAL,26.0,17.0,-9.0,43.0,-6.5,42.5,,,,,-2.2712,45.2764,,,,,2.5,-0.5,9.0,7.95,True,False,outdoors,no_prior_season_situational_for_packaged_priors,rolling_features_unavailable_pre_2023
2022,6,2022-10-17,DEN@LAC,LAC,DEN,19.0,16.0,-3.0,35.0,-3.5,45.5,,,,,-2.362,45.111,,,,,-0.5,10.5,3.0,1.95,True,False,dome,no_prior_season_situational_for_packaged_priors,rolling_features_unavailable_pre_2023
2022,6,2022-10-16,JAX@IND,IND,JAX,34.0,27.0,-7.0,61.0,-1.0,41.0,,,,,-1.712,45.0756,,,,,6.0,-20.0,7.0,5.95,True,False,open,no_prior_season_situational_for_packaged_priors,rolling_features_unavailable_pre_2023
2022,6,2022-10-16,MIN@MIA,MIA,MIN,16.0,24.0,8.0,40.0,3.0,45.0,,,,,0.215,45.1968,,,,,-5.0,5.0,-8.0,-9.05,False,False,outdoors,no_prior_season_situational_for_packaged_priors,rolling_features_unavailable_pre_2023
2022,6,2022-10-16,NE@CLE,CLE,NE,15.0,38.0,23.0,53.0,-2.5,43.0,,,,,-1.05,45.048,,,,,-25.5,-10.0,-23.0,-24.05,False,False,outdoors,no_prior_season_situational_for_packaged_priors,rolling_features_unavailable_pre_2023
2022,6,2022-10-16,NYJ@GB,GB,NYJ,10.0,27.0,17.0,37.0,-7.5,44.5,,,,,-1.05,45.1385,,,,,-24.5,7.5,-17.0,-18.05,False,False,outdoors,no_prior_season_situational_for_packaged_priors,rolling_features_unavailable_pre_2023
2022,6,2022-10-16,SF@ATL,ATL,SF,28.0,14.0,-14.0,42.0,3.5,46.0,,,,,0.262,45.111,,,,,17.5,4.0,14.0,12.95,False,False,open,no_prior_season_situational_for_packaged_priors,rolling_features_unavailable_pre_2023
2022,6,2022-10-16,TB@PIT,PIT,TB,20.0,18.0,-2.0,38.0,10.0,47.0,,,,,1.6269,45.1183,,,,,12.0,9.0,2.0,0.95,False,False,outdoors,no_prior_season_situational_for_packaged_priors,rolling_features_unavailable_pre_2023
2022,6,2022-10-13,WSH@CHI,CHI,WSH,7.0,12.0,5.0,19.0,1.0,38.5,,,,,-2.4127,45.0182,,,,,-4.0,19.5,-5.0,-6.05,False,False,outdoors,no_prior_season_situational_for_packaged_priors,rolling_features_unavailable_pre_2023
2022,7,2022-10-23,ATL@CIN,CIN,ATL,35.0,17.0,-18.0,52.0,-6.5,47.5,,,,,-1.05,45.0941,,,,,11.5,-4.5,18.0,16.95,False,False,outdoors,no_prior_season_situational_for_packaged_priors,rolling_features_unavailable_pre_2023
2022,7,2022-10-24,CHI@NE,NE,CHI,14.0,33.0,19.0,47.0,-9.5,40.0,,,,,-2.1604,45.0679,,,,,-28.5,-7.0,-19.0,-20.05,False,False,outdoors,no_prior_season_situational_for_packaged_priors,rolling_features_unavailable_pre_2023
2022,7,2022-10-23,CLE@BAL,BAL,CLE,23.0,20.0,-3.0,43.0,-6.5,46.0,,,,,-2.1604,45.0679,,,,,-3.5,3.0,3.0,1.95,True,False,outdoors,no_prior_season_situational_for_packaged_priors,rolling_features_unavailable_pre_2023
2022,7,2022-10-23,DET@DAL,DAL,DET,24.0,6.0,-18.0,30.0,-7.0,49.5,,,,,-4.1552,45.158,,,,,11.0,19.5,18.0,16.95,False,False,closed,no_prior_season_situational_for_packaged_priors,rolling_features_unavailable_pre_2023
2022,7,2022-10-23,GB@WSH,WSH,GB,23.0,21.0,-2.0,44.0,4.0,41.5,,,,,0.0604,45.0679,,,,,6.0,-2.5,2.0,0.95,False,False,outdoors,no_prior_season_situational_for_packaged_priors,rolling_features_unavailable_pre_2023
2022,7,2022-10-23,HOU@LV,LV,HOU,38.0,20.0,-18.0,58.0,-7.0,46.0,,,,,-0.7045,44.9639,,,,,11.0,-12.0,18.0,16.95,False,False,dome,no_prior_season_situational_for_packaged_priors,rolling_features_unavailable_pre_2023
2022,7,2022-10-23,IND@TEN,TEN,IND,19.0,10.0,-9.0,29.0,-2.5,43.0,,,,,-1.05,45.1385,,,,,6.5,14.0,9.0,7.95,True,False,outdoors,no_prior_season_situational_for_packaged_priors,rolling_features_unavailable_pre_2023
2022,7,2022-10-23,KC@SF,SF,KC,23.0,44.0,21.0,67.0,1.0,49.0,,,,,0.0265,45.1425,,,,,-20.0,-18.0,-21.0,-22.05,False,False,outdoors,no_prior_season_situational_for_packaged_priors,rolling_features_unavailable_pre_2023
2022,7,2022-10-20,NO@ARI,ARI,NO,42.0,34.0,-8.0,76.0,-2.5,44.0,,,,,-1.05,45.0162,,,,,5.5,-32.0,8.0,6.95,False,False,open,no_prior_season_situational_for_packaged_priors,rolling_features_unavailable_pre_2023
2022,7,2022-10-23,NYG@JAX,JAX,NYG,17.0,23.0,6.0,40.0,-3.0,44.0,,,,,2.1863,45.2336,,,,,-9.0,4.0,-6.0,-7.05,False,False,outdoors,no_prior_season_situational_for_packaged_priors,rolling_features_unavailable_pre_2023
2022,7,2022-10-23,NYJ@DEN,DEN,NYJ,9.0,16.0,7.0,25.0,2.0,37.0,,,,,1.1382,45.141,,,,,-5.0,12.0,-7.0,-8.05,False,False,outdoors,no_prior_season_situational_for_packaged_priors,rolling_features_unavailable_pre_2023
2022,7,2022-10-23,PIT@MIA,MIA,PIT,16.0,10.0,-6.0,26.0,-7.5,44.5,,,,,-2.1604,45.0679,,,,,-1.5,18.5,6.0,4.95,False,False,outdoors,no_prior_season_situational_for_packaged_priors,rolling_features_unavailable_pre_2023
2022,7,2022-10-23,SEA@LAC,LAC,SEA,23.0,37.0,14.0,60.0,-5.5,51.5,,,,,-2.1265,45.1425,,,,,-19.5,-8.5,-14.0,-15.05,False,False,dome,no_prior_season_situational_for_packaged_priors,rolling_features_unavailable_pre_2023
2022,7,2022-10-23,TB@CAR,CAR,TB,21.0,3.0,-18.0,24.0,13.0,39.5,,,,,1.2082,45.0663,,,,,31.0,15.5,18.0,16.95,True,False,outdoors,no_prior_season_situational_for_packaged_priors,rolling_features_unavailable_pre_2023
2022,8,2022-10-30,ARI@MIN,MIN,ARI,34.0,26.0,-8.0,60.0,-4.0,48.5,,,,,-3.6451,45.2177,,,,,4.0,-11.5,8.0,6.95,False,False,dome,no_prior_season_situational_for_packaged_priors,rolling_features_unavailable_pre_2023
2022,8,2022-10-27,BAL@TB,TB,BAL,22.0,27.0,5.0,49.0,-2.0,46.0,,,,,-0.113,45.1027,,,,,-7.0,-3.0,-5.0,-6.05,False,False,outdoors,no_prior_season_situational_for_packaged_priors,rolling_features_unavailable_pre_2023
2022,8,2022-10-30,CAR@ATL,ATL,CAR,37.0,34.0,-3.0,71.0,-4.5,41.0,,,,,-2.0125,45.0368,,,,,-1.5,-30.0,3.0,1.95,True,False,closed,no_prior_season_situational_for_packaged_priors,rolling_features_unavailable_pre_2023
2022,8,2022-10-30,CHI@DAL,DAL,CHI,49.0,29.0,-20.0,78.0,-10.5,43.0,,,,,-2.9004,45.1595,,,,,9.5,-35.0,20.0,18.95,False,False,open,no_prior_season_situational_for_packaged_priors,rolling_features_unavailable_pre_2023
2022,8,2022-10-31,CIN@CLE,CLE,CIN,32.0,13.0,-19.0,45.0,3.0,45.0,,,,,0.8503,45.0968,,,,,22.0,0.0,19.0,17.95,True,False,outdoors,no_prior_season_situational_for_packaged_priors,rolling_features_unavailable_pre_2023
2022,8,2022-10-30,DEN@JAX,JAX,DEN,17.0,21.0,4.0,38.0,-1.0,41.0,,,,,-1.05,44.993,,,,,-5.0,3.0,-4.0,-5.05,False,False,outdoors,no_prior_season_situational_for_packaged_priors,rolling_features_unavailable_pre_2023
2022,8,2022-10-30,GB@BUF,BUF,GB,27.0,17.0,-10.0,44.0,-10.5,47.0,,,,,-3.6451,45.2177,,,,,-0.5,3.0,10.0,8.95,False,False,outdoors,no_prior_season_situational_for_packaged_priors,rolling_features_unavailable_pre_2023
2022,8,2022-10-30,LV@NO,NO,LV,24.0,0.0,-24.0,24.0,1.0,48.5,,,,,-0.7263,45.0057,,,,,25.0,24.5,24.0,22.95,False,False,dome,no_prior_season_situational_for_packaged_priors,rolling_features_unavailable_pre_2023
2022,8,2022-10-30,MIA@DET,DET,MIA,27.0,31.0,4.0,58.0,3.5,52.0,,,,,1.6749,45.1062,,,,,-0.5,-6.0,-4.0,-5.05,False,False,dome,no_prior_season_situational_for_packaged_priors,rolling_features_unavailable_pre_2023
2022,8,2022-10-30,NE@NYJ,NYJ,NE,17.0,22.0,5.0,39.0,3.0,40.0,,,,,-2.9004,45.1595,,,,,-2.0,1.0,-5.0,-6.05,True,False,outdoors,no_prior_season_situational_for_packaged_priors,rolling_features_unavailable_pre_2023
2022,8,2022-10-30,NYG@SEA,SEA,NYG,27.0,13.0,-14.0,40.0,-3.0,44.5,,,,,0.7531,45.2189,,,,,11.0,4.5,14.0,12.95,False,False,outdoors,no_prior_season_situational_for_packaged_priors,rolling_features_unavailable_pre_2023
2022,8,2022-10-30,PIT@PHI,PHI,PIT,35.0,13.0,-22.0,48.0,-11.0,43.0,,,,,-5.6341,45.3619,,,,,11.0,-5.0,22.0,20.95,False,False,outdoors,no_prior_season_situational_for_packaged_priors,rolling_features_unavailable_pre_2023
2022,8,2022-10-30,SF@LAR,LAR,SF,14.0,31.0,17.0,45.0,1.0,42.0,,,,,-1.5215,45.08,,,,,-16.0,-3.0,-17.0,-18.05,True,False,dome,no_prior_season_situational_for_packaged_priors,rolling_features_unavailable_pre_2023
2022,8,2022-10-30,TEN@HOU,HOU,TEN,10.0,17.0,7.0,27.0,1.0,39.0,,,,,2.0552,45.158,,,,,-6.0,12.0,-7.0,-8.05,True,False,closed,no_prior_season_situational_for_packaged_priors,rolling_features_unavailable_pre_2023
2022,8,2022-10-30,WSH@IND,IND,WSH,16.0,17.0,1.0,33.0,-3.0,40.5,,,,,-1.5215,45.08,,,,,-4.0,7.5,-1.0,-2.05,False,False,closed,no_prior_season_situational_for_packaged_priors,rolling_features_unavailable_pre_2023
2022,9,2022-11-07,BAL@NO,NO,BAL,13.0,27.0,14.0,40.0,1.0,46.0,,,,,0.5904,45.1205,,,,,-13.0,6.0,-14.0,-15.05,False,False,dome,no_prior_season_situational_for_packaged_priors,rolling_features_unavailable_pre_2023
2022,9,2022-11-06,BUF@NYJ,NYJ,BUF,20.0,17.0,-3.0,37.0,11.0,46.0,,,,,0.4077,45.219,,,,,14.0,9.0,3.0,1.95,True,False,outdoors,no_prior_season_situational_for_packaged_priors,rolling_features_unavailable_pre_2023
2022,9,2022-11-06,CAR@CIN,CIN,CAR,42.0,21.0,-21.0,63.0,-7.0,43.0,,,,,-2.7294,45.0639,,,,,14.0,-20.0,21.0,19.95,False,False,outdoors,no_prior_season_situational_for_packaged_priors,rolling_features_unavailable_pre_2023
2022,9,2022-11-06,GB@DET,DET,GB,15.0,9.0,-6.0,24.0,4.0,49.5,,,,,0.5445,45.0047,,,,,10.0,25.5,6.0,4.95,True,False,dome,no_prior_season_situational_for_packaged_priors,rolling_features_unavailable_pre_2023
2022,9,2022-11-06,IND@NE,NE,IND,26.0,3.0,-23.0,29.0,-5.0,40.0,,,,,-1.5215,45.08,,,,,18.0,11.0,23.0,21.95,False,False,outdoors,no_prior_season_situational_for_packaged_priors,rolling_features_unavailable_pre_2023
2022,9,2022-11-06,LAC@ATL,ATL,LAC,17.0,20.0,3.0,37.0,2.5,49.5,,,,,-0.5847,45.1123,,,,,-0.5,12.5,-3.0,-4.05,False,False,open,no_prior_season_situational_for_packaged_priors,rolling_features_unavailable_pre_2023
2022,9,2022-11-06,LAR@TB,TB,LAR,16.0,13.0,-3.0,29.0,-3.0,43.0,,,,,-0.6922,45.0501,,,,,0.0,14.0,3.0,1.95,False,False,outdoors,no_prior_season_situational_for_packaged_priors,rolling_features_unavailable_pre_2023
2022,9,2022-11-06,LV@JAX,JAX,LV,27.0,20.0,-7.0,47.0,2.5,47.5,,,,,-0.8052,44.9847,,,,,9.5,0.5,7.0,5.95,False,False,outdoors,no_prior_season_situational_for_packaged_priors,rolling_features_unavailable_pre_2023
2022,9,2022-11-06,MIA@CHI,CHI,MIA,32.0,35.0,3.0,67.0,4.0,46.0,,,,,0.5904,45.1205,,,,,1.0,-21.0,-3.0,-4.05,False,False,outdoors,no_prior_season_situational_for_packaged_priors,rolling_features_unavailable_pre_2023
2022,9,2022-11-06,MIN@WSH,WSH,MIN,17.0,20.0,3.0,37.0,3.0,43.5,,,,,1.2193,45.2225,,,,,0.0,6.5,-3.0,-4.05,False,False,outdoors,no_prior_season_situational_for_packaged_priors,rolling_features_unavailable_pre_2023
2022,9,2022-11-03,PHI@HOU,HOU,PHI,17.0,29.0,12.0,46.0,14.0,45.5,,,,,4.3663,45.4169,,,,,2.0,-0.5,-12.0,-13.05,False,False,closed,no_prior_season_situational_for_packaged_priors,rolling_features_unavailable_pre_2023
2022,9,2022-11-06,SEA@ARI,ARI,SEA,21.0,31.0,10.0,52.0,-1.5,49.5,,,,,0.5904,45.1205,,,,,-11.5,-2.5,-10.0,-11.05,True,False,open,no_prior_season_situational_for_packaged_priors,rolling_features_unavailable_pre_2023
2022,9,2022-11-06,TEN@KC,KC,TEN,20.0,17.0,-3.0,37.0,-14.0,45.0,,,,,-1.05,45.1871,,,,,-11.0,8.0,3.0,1.95,False,False,outdoors,no_prior_season_situational_for_packaged_priors,rolling_features_unavailable_pre_2023
2022,10,2022-11-13,ARI@LAR,LAR,ARI,17.0,27.0,10.0,44.0,-3.5,38.0,,,,,-1.3308,45.027,,,,,-13.5,-6.0,-10.0,-11.05,True,False,dome,no_prior_season_situational_for_packaged_priors,rolling_features_unavailable_pre_2023
2022,10,2022-11-10,ATL@CAR,CAR,ATL,25.0,15.0,-10.0,40.0,2.5,41.5,,,,,0.4545,45.0385,,,,,12.5,1.5,10.0,8.95,True,False,outdoors,no_prior_season_situational_for_packaged_priors,rolling_features_unavailable_pre_2023
2022,10,2022-11-13,CLE@MIA,MIA,CLE,39.0,17.0,-22.0,56.0,-3.0,49.0,,,,,-2.9568,45.1391,,,,,19.0,-7.0,22.0,20.95,False,False,outdoors,no_prior_season_situational_for_packaged_priors,rolling_features_unavailable_pre_2023
2022,10,2022-11-13,DAL@GB,GB,DAL,31.0,28.0,-3.0,59.0,3.5,44.5,,,,,1.6658,45.185,,,,,6.5,-14.5,3.0,1.95,False,False,outdoors,no_prior_season_situational_for_packaged_priors,rolling_features_unavailable_pre_2023
2022,10,2022-11-13,DEN@TEN,TEN,DEN,17.0,10.0,-7.0,27.0,-2.5,40.0,,,,,-2.6904,45.1205,,,,,4.5,13.0,7.0,5.95,False,False,outdoors,no_prior_season_situational_for_packaged_priors,rolling_features_unavailable_pre_2023
2022,10,2022-11-13,DET@CHI,CHI,DET,30.0,31.0,1.0,61.0,-3.0,48.5,,,,,-1.6185,44.9991,,,,,-4.0,-12.5,-1.0,-2.05,True,False,outdoors,no_prior_season_situational_for_packaged_priors,rolling_features_unavailable_pre_2023
2022,10,2022-11-13,HOU@NYG,NYG,HOU,24.0,16.0,-8.0,40.0,-5.5,41.5,,,,,-5.086,45.229,,,,,2.5,1.5,8.0,6.95,False,False,outdoors,no_prior_season_situational_for_packaged_priors,rolling_features_unavailable_pre_2023
2022,10,2022-11-13,IND@LV,LV,IND,20.0,25.0,5.0,45.0,-4.5,41.0,,,,,-0.2006,45.0132,,,,,-9.5,-4.0,-5.0,-6.05,False,False,dome,no_prior_season_situational_for_packaged_priors,rolling_features_unavailable_pre_2023
2022,10,2022-11-13,JAX@KC,KC,JAX,27.0,17.0,-10.0,44.0,-10.0,51.5,,,,,-3.7658,45.185,,,,,0.0,7.5,10.0,8.95,False,False,outdoors,no_prior_season_situational_for_packaged_priors,rolling_features_unavailable_pre_2023
2022,10,2022-11-13,LAC@SF,SF,LAC,22.0,16.0,-6.0,38.0,-8.5,45.5,,,,,-0.2396,45.1285,,,,,-2.5,7.5,6.0,4.95,False,False,outdoors,no_prior_season_situational_for_packaged_priors,rolling_features_unavailable_pre_2023
2022,10,2022-11-13,MIN@BUF,BUF,MIN,30.0,33.0,3.0,63.0,-6.5,47.0,,,,,-0.2752,45.2331,,,,,-9.5,-16.0,-3.0,-4.05,False,False,outdoors,no_prior_season_situational_for_packaged_priors,rolling_features_unavailable_pre_2023
2022,10,2022-11-13,NO@PIT,PIT,NO,20.0,10.0,-10.0,30.0,-1.0,39.5,,,,,-0.4815,44.9991,,,,,9.0,9.5,10.0,8.95,False,False,outdoors,no_prior_season_situational_for_packaged_priors,rolling_features_unavailable_pre_2023
2022,10,2022-11-13,SEA@TB,TB,SEA,21.0,16.0,-5.0,37.0,-2.5,45.0,,,,,0.393,45.1394,,,,,2.5,8.0,5.0,3.95,False,False,outdoors,no_prior_season_situational_for_packaged_priors,rolling_features_unavailable_pre_2023
2022,10,2022-11-14,WSH@PHI,PHI,WSH,21.0,32.0,11.0,53.0,-11.0,43.0,,,,,-4.5581,45.3106,,,,,-22.0,-10.0,-11.0,-12.05,True,False,outdoors,no_prior_season_situational_for_packaged_priors,rolling_features_unavailable_pre_2023
2022,11,2022-11-20,CAR@BAL,BAL,CAR,13.0,3.0,-10.0,16.0,-13.0,42.0,,,,,-3.465,45.1437,,,,,-3.0,26.0,10.0,8.95,False,False,outdoors,no_prior_season_situational_for_packaged_priors,rolling_features_unavailable_pre_2023
2022,11,2022-11-20,CHI@ATL,ATL,CHI,27.0,24.0,-3.0,51.0,-3.0,48.5,,,,,-1.7246,45.0287,,,,,0.0,-2.5,3.0,1.95,False,False,closed,no_prior_season_situational_for_packaged_priors,rolling_features_unavailable_pre_2023
2022,11,2022-11-20,CIN@PIT,PIT,CIN,30.0,37.0,7.0,67.0,3.5,39.0,,,,,0.4231,45.09,,,,,-3.5,-28.0,-7.0,-8.05,True,False,outdoors,no_prior_season_situational_for_packaged_priors,rolling_features_unavailable_pre_2023
2022,11,2022-11-20,CLE@BUF,BUF,CLE,31.0,23.0,-8.0,54.0,-7.5,50.5,,,,,-3.2382,45.141,,,,,0.5,-3.5,8.0,6.95,False,False,dome,no_prior_season_situational_for_packaged_priors,rolling_features_unavailable_pre_2023
2022,11,2022-11-20,DAL@MIN,MIN,DAL,3.0,40.0,37.0,43.0,1.5,48.5,,,,,-2.4363,45.232,,,,,-35.5,5.5,-37.0,-38.05,False,False,dome,no_prior_season_situational_for_packaged_priors,rolling_features_unavailable_pre_2023
2022,11,2022-11-20,DET@NYG,NYG,DET,18.0,31.0,13.0,49.0,-3.0,44.0,,,,,-3.94,45.2007,,,,,-16.0,-5.0,-13.0,-14.05,False,False,outdoors,no_prior_season_situational_for_packaged_priors,rolling_features_unavailable_pre_2023
2022,11,2022-11-20,KC@LAC,LAC,KC,27.0,30.0,3.0,57.0,5.5,52.5,,,,,0.3641,45.1867,,,,,2.5,-4.5,-3.0,-4.05,True,False,dome,no_prior_season_situational_for_packaged_priors,rolling_features_unavailable_pre_2023
2022,11,2022-11-20,LAR@NO,NO,LAR,27.0,20.0,-7.0,47.0,-2.5,39.5,,,,,-0.8237,45.0086,,,,,4.5,-7.5,7.0,5.95,False,False,dome,no_prior_season_situational_for_packaged_priors,rolling_features_unavailable_pre_2023
2022,11,2022-11-20,LV@DEN,DEN,LV,16.0,22.0,6.0,38.0,-2.5,41.5,,,,,-1.8101,44.9947,,,,,-8.5,3.5,-6.0,-7.05,True,False,outdoors,no_prior_season_situational_for_packaged_priors,rolling_features_unavailable_pre_2023
2022,11,2022-11-20,NYJ@NE,NE,NYJ,10.0,3.0,-7.0,13.0,-3.5,38.5,,,,,-0.336,45.1483,,,,,3.5,25.5,7.0,5.95,True,False,outdoors,no_prior_season_situational_for_packaged_priors,rolling_features_unavailable_pre_2023
2022,11,2022-11-20,PHI@IND,IND,PHI,16.0,17.0,1.0,33.0,6.5,45.5,,,,,1.7819,45.2455,,,,,5.5,12.5,-1.0,-2.05,False,False,closed,no_prior_season_situational_for_packaged_priors,rolling_features_unavailable_pre_2023
2022,11,2022-11-21,SF@ARI,ARI,SF,10.0,38.0,28.0,48.0,10.0,43.5,,,,,-0.0255,45.0943,,,,,-18.0,-4.5,-28.0,-29.05,True,False,outdoors,no_prior_season_situational_for_packaged_priors,rolling_features_unavailable_pre_2023
2022,11,2022-11-17,TEN@GB,GB,TEN,17.0,27.0,10.0,44.0,-3.0,40.5,,,,,0.6891,45.1387,,,,,-13.0,-3.5,-10.0,-11.05,False,False,outdoors,no_prior_season_situational_for_packaged_priors,rolling_features_unavailable_pre_2023
2022,11,2022-11-20,WSH@HOU,HOU,WSH,10.0,23.0,13.0,33.0,3.0,41.0,,,,,1.5015,45.07,,,,,-10.0,8.0,-13.0,-14.05,False,False,closed,no_prior_season_situational_for_packaged_priors,rolling_features_unavailable_pre_2023
2022,12,2022-11-27,ATL@WSH,WSH,ATL,19.0,13.0,-6.0,32.0,-3.5,40.5,,,,,-1.6462,45.0976,,,,,2.5,8.5,6.0,4.95,False,False,outdoors,no_prior_season_situational_for_packaged_priors,rolling_features_unavailable_pre_2023
2022,12,2022-11-27,BAL@JAX,JAX,BAL,28.0,27.0,-1.0,55.0,3.5,43.0,,,,,1.577,45.1617,,,,,4.5,-12.0,1.0,-0.050000000000000044,False,False,outdoors,no_prior_season_situational_for_packaged_priors,rolling_features_unavailable_pre_2023
2022,12,2022-11-24,BUF@DET,DET,BUF,25.0,28.0,3.0,53.0,10.0,54.0,,,,,0.9008,45.1538,,,,,7.0,1.0,-3.0,-4.05,False,False,dome,no_prior_season_situational_for_packaged_priors,rolling_features_unavailable_pre_2023
2022,12,2022-11-27,CHI@NYJ,NYJ,CHI,31.0,10.0,-21.0,41.0,-8.5,36.5,,,,,-3.2241,45.1113,,,,,12.5,-4.5,21.0,19.95,False,False,outdoors,no_prior_season_situational_for_packaged_priors,rolling_features_unavailable_pre_2023
2022,12,2022-11-27,CIN@TEN,TEN,CIN,16.0,20.0,4.0,36.0,1.0,43.0,,,,,-1.688,45.164,,,,,-3.0,7.0,-4.0,-5.05,False,False,outdoors,no_prior_season_situational_for_packaged_priors,rolling_features_unavailable_pre_2023
2022,12,2022-11-27,DEN@CAR,CAR,DEN,23.0,10.0,-13.0,33.0,1.0,36.5,,,,,-0.8638,44.9936,,,,,14.0,3.5,13.0,11.95,False,False,outdoors,no_prior_season_situational_for_packaged_priors,rolling_features_unavailable_pre_2023
2022,12,2022-11-27,GB@PHI,PHI,GB,40.0,33.0,-7.0,73.0,-6.5,46.0,,,,,-4.4922,45.268,,,,,0.5,-27.0,7.0,5.95,False,False,outdoors,no_prior_season_situational_for_packaged_priors,rolling_features_unavailable_pre_2023
2022,12,2022-11-27,HOU@MIA,MIA,HOU,30.0,15.0,-15.0,45.0,-14.0,47.0,,,,,-4.9942,45.2029,,,,,1.0,2.0,15.0,13.95,False,False,outdoors,no_prior_season_situational_for_packaged_priors,rolling_features_unavailable_pre_2023
2022,12,2022-11-27,LAC@ARI,ARI,LAC,24.0,25.0,1.0,49.0,2.5,48.5,,,,,-0.1442,45.0709,,,,,1.5,-0.5,-1.0,-2.05,False,False,closed,no_prior_season_situational_for_packaged_priors,rolling_features_unavailable_pre_2023
2022,12,2022-11-27,LAR@KC,KC,LAR,26.0,10.0,-16.0,36.0,-16.5,42.0,,,,,-4.3062,45.2202,,,,,-0.5,6.0,16.0,14.95,False,False,outdoors,no_prior_season_situational_for_packaged_priors,rolling_features_unavailable_pre_2023
2022,12,2022-11-27,LV@SEA,SEA,LV,34.0,40.0,6.0,74.0,-4.0,47.5,,,,,-3.0374,45.11,,,,,-10.0,-26.5,-6.0,-7.05,False,False,outdoors,no_prior_season_situational_for_packaged_priors,rolling_features_unavailable_pre_2023
2022,12,2022-11-24,NE@MIN,MIN,NE,33.0,26.0,-7.0,59.0,-2.5,42.5,,,,,-2.315,45.1968,,,,,4.5,-16.5,7.0,5.95,False,False,dome,no_prior_season_situational_for_packaged_priors,rolling_features_unavailable_pre_2023
2022,12,2022-11-27,NO@SF,SF,NO,13.0,0.0,-13.0,13.0,-9.5,44.0,,,,,-2.606,45.1096,,,,,3.5,31.0,13.0,11.95,False,False,outdoors,no_prior_season_situational_for_packaged_priors,rolling_features_unavailable_pre_2023
2022,12,2022-11-24,NYG@DAL,DAL,NYG,28.0,20.0,-8.0,48.0,-10.5,45.5,,,,,-1.05,45.1811,,,,,-2.5,-2.5,8.0,6.95,True,False,closed,no_prior_season_situational_for_packaged_priors,rolling_features_unavailable_pre_2023
2022,12,2022-11-28,PIT@IND,IND,PIT,17.0,24.0,7.0,41.0,-2.5,40.0,,,,,-1.7246,45.0287,,,,,-9.5,-1.0,-7.0,-8.05,False,False,closed,no_prior_season_situational_for_packaged_priors,rolling_features_unavailable_pre_2023
2022,12,2022-11-27,TB@CLE,CLE,TB,23.0,17.0,-6.0,40.0,3.0,42.0,,,,,0.2869,45.0655,,,,,9.0,2.0,6.0,4.95,False,False,outdoors,no_prior_season_situational_for_packaged_priors,rolling_features_unavailable_pre_2023
2022,13,2022-12-01,BUF@NE,NE,BUF,10.0,24.0,14.0,34.0,3.5,43.5,,,,,0.1132,45.1674,,,,,-10.5,9.5,-14.0,-15.05,True,False,outdoors,no_prior_season_situational_for_packaged_priors,rolling_features_unavailable_pre_2023
2022,13,2022-12-04,CLE@HOU,HOU,CLE,14.0,27.0,13.0,41.0,7.5,47.0,,,,,0.7708,44.9987,,,,,-5.5,6.0,-13.0,-14.05,False,False,closed,no_prior_season_situational_for_packaged_priors,rolling_features_unavailable_pre_2023
2022,13,2022-12-04,DEN@BAL,BAL,DEN,10.0,9.0,-1.0,19.0,-9.5,40.5,,,,,-3.458,45.1302,,,,,-8.5,21.5,1.0,-0.050000000000000044,False,False,outdoors,no_prior_season_situational_for_packaged_priors,rolling_features_unavailable_pre_2023
2022,13,2022-12-04,GB@CHI,CHI,GB,19.0,28.0,9.0,47.0,4.0,45.0,,,,,-0.4815,44.9991,,,,,-5.0,-2.0,-9.0,-10.05,True,False,outdoors,no_prior_season_situational_for_packaged_priors,rolling_features_unavailable_pre_2023
2022,13,2022-12-04,IND@DAL,DAL,IND,54.0,19.0,-35.0,73.0,-11.0,44.5,,,,,-3.4175,45.1694,,,,,24.0,-28.5,35.0,33.95,False,False,closed,no_prior_season_situational_for_packaged_priors,rolling_features_unavailable_pre_2023
2022,13,2022-12-04,JAX@DET,DET,JAX,40.0,14.0,-26.0,54.0,-1.0,51.5,,,,,-1.05,45.0308,,,,,25.0,-2.5,26.0,24.95,False,False,dome,no_prior_season_situational_for_packaged_priors,rolling_features_unavailable_pre_2023
2022,13,2022-12-04,KC@CIN,CIN,KC,27.0,24.0,-3.0,51.0,2.5,53.0,,,,,0.0943,45.2053,,,,,5.5,2.0,3.0,1.95,False,False,outdoors,no_prior_season_situational_for_packaged_priors,rolling_features_unavailable_pre_2023
2022,13,2022-12-04,LAC@LV,LV,LAC,27.0,20.0,-7.0,47.0,-2.5,49.0,,,,,0.1528,45.0876,,,,,4.5,2.0,7.0,5.95,True,False,dome,no_prior_season_situational_for_packaged_priors,rolling_features_unavailable_pre_2023
2022,13,2022-12-04,MIA@SF,SF,MIA,33.0,17.0,-16.0,50.0,-4.5,46.0,,,,,-0.4733,45.1768,,,,,11.5,-4.0,16.0,14.95,False,False,outdoors,no_prior_season_situational_for_packaged_priors,rolling_features_unavailable_pre_2023
2022,13,2022-12-05,NO@TB,TB,NO,17.0,16.0,-1.0,33.0,-3.5,41.0,,,,,-1.8609,45.0516,,,,,-2.5,8.0,1.0,-0.050000000000000044,True,False,outdoors,no_prior_season_situational_for_packaged_priors,rolling_features_unavailable_pre_2023
2022,13,2022-12-04,NYJ@MIN,MIN,NYJ,27.0,22.0,-5.0,49.0,-3.0,44.0,,,,,-2.1943,45.2053,,,,,2.0,-5.0,5.0,3.95,False,False,dome,no_prior_season_situational_for_packaged_priors,rolling_features_unavailable_pre_2023
2022,13,2022-12-04,PIT@ATL,ATL,PIT,16.0,19.0,3.0,35.0,1.0,43.0,,,,,-1.405,45.0446,,,,,-2.0,8.0,-3.0,-4.05,False,False,closed,no_prior_season_situational_for_packaged_priors,rolling_features_unavailable_pre_2023
2022,13,2022-12-04,SEA@LAR,LAR,SEA,23.0,27.0,4.0,50.0,7.0,41.0,,,,,0.7705,45.0848,,,,,3.0,-9.0,-4.0,-5.05,True,False,dome,no_prior_season_situational_for_packaged_priors,rolling_features_unavailable_pre_2023
2022,13,2022-12-04,TEN@PHI,PHI,TEN,35.0,10.0,-25.0,45.0,-5.0,44.5,,,,,-2.7532,45.2395,,,,,20.0,-0.5,25.0,23.95,False,False,outdoors,no_prior_season_situational_for_packaged_priors,rolling_features_unavailable_pre_2023
2022,13,2022-12-04,WSH@NYG,NYG,WSH,20.0,20.0,0.0,40.0,2.5,40.0,,,,,-1.3908,45.1439,,,,,2.5,0.0,0.0,-1.05,True,False,outdoors,no_prior_season_situational_for_packaged_priors,rolling_features_unavailable_pre_2023
2022,14,2022-12-11,BAL@PIT,PIT,BAL,14.0,16.0,2.0,30.0,-1.5,37.0,,,,,0.5777,45.1388,,,,,-3.5,7.0,-2.0,-3.05,True,False,outdoors,no_prior_season_situational_for_packaged_priors,rolling_features_unavailable_pre_2023
2022,14,2022-12-11,CAR@SEA,SEA,CAR,24.0,30.0,6.0,54.0,-3.5,44.5,,,,,-2.7032,45.1019,,,,,-9.5,-9.5,-6.0,-7.05,False,False,outdoors,no_prior_season_situational_for_packaged_priors,rolling_features_unavailable_pre_2023
2022,14,2022-12-11,CLE@CIN,CIN,CLE,23.0,10.0,-13.0,33.0,-4.5,47.0,,,,,-2.6777,45.1388,,,,,8.5,14.0,13.0,11.95,True,False,outdoors,no_prior_season_situational_for_packaged_priors,rolling_features_unavailable_pre_2023
2022,14,2022-12-11,HOU@DAL,DAL,HOU,27.0,23.0,-4.0,50.0,-17.0,44.5,,,,,-5.4558,45.2474,,,,,-13.0,-5.5,4.0,2.95,False,False,closed,no_prior_season_situational_for_packaged_priors,rolling_features_unavailable_pre_2023
2022,14,2022-12-11,JAX@TEN,TEN,JAX,22.0,36.0,14.0,58.0,-3.0,42.0,,,,,-2.7032,45.1019,,,,,-17.0,-16.0,-14.0,-15.05,True,False,outdoors,no_prior_season_situational_for_packaged_priors,rolling_features_unavailable_pre_2023
2022,14,2022-12-11,KC@DEN,DEN,KC,28.0,34.0,6.0,62.0,8.5,44.5,,,,,2.2366,45.1998,,,,,2.5,-17.5,-6.0,-7.05,True,False,outdoors,no_prior_season_situational_for_packaged_priors,rolling_features_unavailable_pre_2023
2022,14,2022-12-08,LV@LAR,LAR,LV,17.0,16.0,-1.0,33.0,6.5,42.5,,,,,0.0782,45.0287,,,,,7.5,9.5,1.0,-0.050000000000000044,False,False,dome,no_prior_season_situational_for_packaged_priors,rolling_features_unavailable_pre_2023
2022,14,2022-12-11,MIA@LAC,LAC,MIA,23.0,17.0,-6.0,40.0,3.0,54.5,,,,,0.0265,45.1425,,,,,9.0,14.5,6.0,4.95,False,False,dome,no_prior_season_situational_for_packaged_priors,rolling_features_unavailable_pre_2023
2022,14,2022-12-11,MIN@DET,DET,MIN,34.0,23.0,-11.0,57.0,-2.5,51.5,,,,,1.6245,45.2193,,,,,8.5,-5.5,11.0,9.95,True,False,dome,no_prior_season_situational_for_packaged_priors,rolling_features_unavailable_pre_2023
2022,14,2022-12-12,NE@ARI,ARI,NE,13.0,27.0,14.0,40.0,2.0,44.0,,,,,0.0604,45.0679,,,,,-12.0,4.0,-14.0,-15.05,False,False,closed,no_prior_season_situational_for_packaged_priors,rolling_features_unavailable_pre_2023
2022,14,2022-12-11,NYJ@BUF,BUF,NYJ,20.0,12.0,-8.0,32.0,-10.0,43.5,,,,,-2.1104,45.1781,,,,,-2.0,11.5,8.0,6.95,True,False,outdoors,no_prior_season_situational_for_packaged_priors,rolling_features_unavailable_pre_2023
2022,14,2022-12-11,PHI@NYG,NYG,PHI,22.0,48.0,26.0,70.0,7.5,44.5,,,,,0.6994,45.2426,,,,,-18.5,-25.5,-26.0,-27.05,True,False,outdoors,no_prior_season_situational_for_packaged_priors,rolling_features_unavailable_pre_2023
2022,14,2022-12-11,TB@SF,SF,TB,35.0,7.0,-28.0,42.0,-3.5,38.0,,,,,-2.1265,45.1425,,,,,24.5,-4.0,28.0,26.95,False,False,outdoors,no_prior_season_situational_for_packaged_priors,rolling_features_unavailable_pre_2023
2022,15,2022-12-18,ARI@DEN,DEN,ARI,24.0,15.0,-9.0,39.0,-1.5,37.5,,,,,-0.523,44.9876,,,,,7.5,-1.5,9.0,7.95,False,False,outdoors,no_prior_season_situational_for_packaged_priors,rolling_features_unavailable_pre_2023
2022,15,2022-12-18,ATL@NO,NO,ATL,21.0,18.0,-3.0,39.0,-5.0,43.5,,,,,-0.5307,45.025,,,,,-2.0,4.5,3.0,1.95,True,False,dome,no_prior_season_situational_for_packaged_priors,rolling_features_unavailable_pre_2023
2022,15,2022-12-17,BAL@CLE,CLE,BAL,13.0,3.0,-10.0,16.0,-2.5,39.5,,,,,0.9552,45.1508,,,,,7.5,23.5,10.0,8.95,True,False,outdoors,no_prior_season_situational_for_packaged_priors,rolling_features_unavailable_pre_2023
2022,15,2022-12-18,CIN@TB,TB,CIN,23.0,34.0,11.0,57.0,3.5,47.0,,,,,0.4427,45.1502,,,,,-7.5,-10.0,-11.0,-12.05,False,False,outdoors,no_prior_season_situational_for_packaged_priors,rolling_features_unavailable_pre_2023
2022,15,2022-12-18,DAL@JAX,JAX,DAL,40.0,34.0,-6.0,74.0,4.0,48.5,,,,,1.44,45.1891,,,,,10.0,-25.5,6.0,4.95,False,False,outdoors,no_prior_season_situational_for_packaged_priors,rolling_features_unavailable_pre_2023
2022,15,2022-12-18,DET@NYJ,NYJ,DET,17.0,20.0,3.0,37.0,-2.0,44.0,,,,,-1.5545,45.0966,,,,,-5.0,7.0,-3.0,-4.05,False,False,outdoors,no_prior_season_situational_for_packaged_priors,rolling_features_unavailable_pre_2023
2022,15,2022-12-17,IND@MIN,MIN,IND,39.0,36.0,-3.0,75.0,-3.5,46.5,,,,,-3.8865,45.1958,,,,,-0.5,-28.5,3.0,1.95,False,False,dome,no_prior_season_situational_for_packaged_priors,rolling_features_unavailable_pre_2023
2022,15,2022-12-18,KC@HOU,HOU,KC,24.0,30.0,6.0,54.0,14.5,48.5,,,,,3.5315,45.2654,,,,,8.5,-5.5,-6.0,-7.05,False,False,closed,no_prior_season_situational_for_packaged_priors,rolling_features_unavailable_pre_2023
2022,15,2022-12-19,LAR@GB,GB,LAR,24.0,12.0,-12.0,36.0,-8.0,39.5,,,,,-1.5693,45.025,,,,,4.0,3.5,12.0,10.95,False,False,outdoors,no_prior_season_situational_for_packaged_priors,rolling_features_unavailable_pre_2023
2022,15,2022-12-17,MIA@BUF,BUF,MIA,32.0,29.0,-3.0,61.0,-7.0,44.0,,,,,-2.0242,45.1872,,,,,-4.0,-17.0,3.0,1.95,True,False,outdoors,no_prior_season_situational_for_packaged_priors,rolling_features_unavailable_pre_2023
2022,15,2022-12-18,NE@LV,LV,NE,30.0,24.0,-6.0,54.0,-1.0,45.0,,,,,-0.0337,45.0867,,,,,5.0,-9.0,6.0,4.95,False,False,dome,no_prior_season_situational_for_packaged_priors,rolling_features_unavailable_pre_2023
2022,15,2022-12-18,NYG@WSH,WSH,NYG,12.0,20.0,8.0,32.0,-4.5,40.5,,,,,-1.05,45.1312,,,,,-12.5,8.5,-8.0,-9.05,True,False,outdoors,no_prior_season_situational_for_packaged_priors,rolling_features_unavailable_pre_2023
2022,15,2022-12-18,PHI@CHI,CHI,PHI,20.0,25.0,5.0,45.0,8.5,48.0,,,,,3.4459,45.3257,,,,,3.5,3.0,-5.0,-6.05,False,False,outdoors,no_prior_season_situational_for_packaged_priors,rolling_features_unavailable_pre_2023
2022,15,2022-12-18,PIT@CAR,CAR,PIT,16.0,24.0,8.0,40.0,-2.5,36.5,,,,,-1.05,45.0407,,,,,-10.5,-3.5,-8.0,-9.05,False,False,outdoors,no_prior_season_situational_for_packaged_priors,rolling_features_unavailable_pre_2023
2022,15,2022-12-15,SF@SEA,SEA,SF,13.0,21.0,8.0,34.0,3.0,43.0,,,,,-0.0621,45.1547,,,,,-5.0,9.0,-8.0,-9.05,True,False,outdoors,no_prior_season_situational_for_packaged_priors,rolling_features_unavailable_pre_2023
2022,15,2022-12-18,TEN@LAC,LAC,TEN,17.0,14.0,-3.0,31.0,-3.0,46.5,,,,,-1.05,45.1114,,,,,0.0,15.5,3.0,1.95,False,False,dome,no_prior_season_situational_for_packaged_priors,rolling_features_unavailable_pre_2023
2022,16,2022-12-24,ATL@BAL,BAL,ATL,17.0,9.0,-8.0,26.0,-6.5,35.0,,,,,-2.925,45.1286,,,,,1.5,9.0,8.0,6.95,False,False,outdoors,no_prior_season_situational_for_packaged_priors,rolling_features_unavailable_pre_2023
2022,16,2022-12-24,BUF@CHI,CHI,BUF,13.0,35.0,22.0,48.0,8.0,40.0,,,,,2.7089,45.2323,,,,,-14.0,-8.0,-22.0,-23.05,False,False,outdoors,no_prior_season_situational_for_packaged_priors,rolling_features_unavailable_pre_2023
2022,16,2022-12-24,CIN@NE,NE,CIN,18.0,22.0,4.0,40.0,3.0,42.0,,,,,0.3283,45.1602,,,,,-1.0,2.0,-4.0,-5.05,False,False,outdoors,no_prior_season_situational_for_packaged_priors,rolling_features_unavailable_pre_2023
2022,16,2022-12-25,DEN@LAR,LAR,DEN,51.0,14.0,-37.0,65.0,3.0,36.5,,,,,-1.05,44.993,,,,,40.0,-28.5,37.0,35.95,False,False,dome,no_prior_season_situational_for_packaged_priors,rolling_features_unavailable_pre_2023
2022,16,2022-12-24,DET@CAR,CAR,DET,37.0,23.0,-14.0,60.0,2.5,43.5,,,,,-0.1004,45.0702,,,,,16.5,-16.5,14.0,12.95,False,False,outdoors,no_prior_season_situational_for_packaged_priors,rolling_features_unavailable_pre_2023
2022,16,2022-12-25,GB@MIA,MIA,GB,20.0,26.0,6.0,46.0,-3.5,49.0,,,,,-1.987,45.1027,,,,,-9.5,3.0,-6.0,-7.05,False,False,outdoors,no_prior_season_situational_for_packaged_priors,rolling_features_unavailable_pre_2023
2022,16,2022-12-24,HOU@TEN,TEN,HOU,14.0,19.0,5.0,33.0,-3.0,34.0,,,,,-3.9432,45.0765,,,,,-8.0,1.0,-5.0,-6.05,True,False,outdoors,no_prior_season_situational_for_packaged_priors,rolling_features_unavailable_pre_2023
2022,16,2022-12-22,JAX@NYJ,NYJ,JAX,3.0,19.0,16.0,22.0,-2.5,36.5,,,,,-1.5215,45.08,,,,,-18.5,14.5,-16.0,-17.05,False,False,outdoors,no_prior_season_situational_for_packaged_priors,rolling_features_unavailable_pre_2023
2022,16,2022-12-26,LAC@IND,IND,LAC,3.0,20.0,17.0,23.0,3.5,44.5,,,,,0.7003,45.0965,,,,,-13.5,21.5,-17.0,-18.05,False,False,closed,no_prior_season_situational_for_packaged_priors,rolling_features_unavailable_pre_2023
2022,16,2022-12-24,LV@PIT,PIT,LV,13.0,10.0,-3.0,23.0,-2.5,38.5,,,,,-1.05,45.0614,,,,,0.5,15.5,3.0,1.95,False,False,outdoors,no_prior_season_situational_for_packaged_priors,rolling_features_unavailable_pre_2023
2022,16,2022-12-24,NO@CLE,CLE,NO,10.0,17.0,7.0,27.0,-3.0,32.0,,,,,-1.5279,45.0469,,,,,-10.0,5.0,-7.0,-8.05,False,False,outdoors,no_prior_season_situational_for_packaged_priors,rolling_features_unavailable_pre_2023
2022,16,2022-12-24,NYG@MIN,MIN,NYG,27.0,24.0,-3.0,51.0,-4.5,48.0,,,,,-2.1271,45.1927,,,,,-1.5,-3.0,3.0,1.95,False,False,dome,no_prior_season_situational_for_packaged_priors,rolling_features_unavailable_pre_2023
2022,16,2022-12-24,PHI@DAL,DAL,PHI,40.0,34.0,-6.0,74.0,-4.0,48.0,,,,,0.2765,45.248,,,,,2.0,-26.0,6.0,4.95,True,False,closed,no_prior_season_situational_for_packaged_priors,rolling_features_unavailable_pre_2023
2022,16,2022-12-24,SEA@KC,KC,SEA,24.0,10.0,-14.0,34.0,-10.5,50.5,,,,,-2.8765,45.1896,,,,,3.5,16.5,14.0,12.95,False,False,outdoors,no_prior_season_situational_for_packaged_priors,rolling_features_unavailable_pre_2023
2022,16,2022-12-25,TB@ARI,ARI,TB,16.0,19.0,3.0,35.0,7.5,41.5,,,,,-0.0875,45.0368,,,,,4.5,6.5,-3.0,-4.05,False,False,open,no_prior_season_situational_for_packaged_priors,rolling_features_unavailable_pre_2023
2022,16,2022-12-24,WSH@SF,SF,WSH,37.0,20.0,-17.0,57.0,-6.5,37.5,,,,,-2.1768,45.1623,,,,,10.5,-19.5,17.0,15.95,False,False,outdoors,no_prior_season_situational_for_packaged_priors,rolling_features_unavailable_pre_2023
2022,17,2023-01-01,ARI@ATL,ATL,ARI,20.0,19.0,-1.0,39.0,-7.0,41.0,,,,,-1.5041,45.002,,,,,-6.0,2.0,1.0,-0.050000000000000044,False,False,closed,no_prior_season_situational_for_packaged_priors,rolling_features_unavailable_pre_2023
2022,17,2023-01-01,CAR@TB,TB,CAR,30.0,24.0,-6.0,54.0,-3.5,40.5,,,,,-1.4927,45.0655,,,,,2.5,-13.5,6.0,4.95,True,False,outdoors,no_prior_season_situational_for_packaged_priors,rolling_features_unavailable_pre_2023
2022,17,2023-01-01,CHI@DET,DET,CHI,41.0,10.0,-31.0,51.0,-4.5,52.5,,,,,-2.8558,45.0482,,,,,26.5,1.5,31.0,29.95,True,False,dome,no_prior_season_situational_for_packaged_priors,rolling_features_unavailable_pre_2023
2022,17,2023-01-01,CLE@WSH,WSH,CLE,10.0,24.0,14.0,34.0,-1.0,41.5,,,,,-1.712,45.0756,,,,,-15.0,7.5,-14.0,-15.05,False,False,outdoors,no_prior_season_situational_for_packaged_priors,rolling_features_unavailable_pre_2023
2022,17,2022-12-29,DAL@TEN,TEN,DAL,13.0,27.0,14.0,40.0,14.0,41.0,,,,,0.6679,45.1674,,,,,0.0,1.0,-14.0,-15.05,False,False,outdoors,no_prior_season_situational_for_packaged_priors,rolling_features_unavailable_pre_2023
2022,17,2023-01-01,DEN@KC,KC,DEN,27.0,24.0,-3.0,51.0,-13.5,46.0,,,,,-4.5352,45.2279,,,,,-10.5,-5.0,3.0,1.95,True,False,outdoors,no_prior_season_situational_for_packaged_priors,rolling_features_unavailable_pre_2023
2022,17,2023-01-01,IND@NYG,NYG,IND,38.0,10.0,-28.0,48.0,-5.5,38.5,,,,,-2.9503,45.0968,,,,,22.5,-9.5,28.0,26.95,False,False,outdoors,no_prior_season_situational_for_packaged_priors,rolling_features_unavailable_pre_2023
2022,17,2023-01-01,JAX@HOU,HOU,JAX,3.0,31.0,28.0,34.0,3.5,43.0,,,,,1.1557,45.0501,,,,,-24.5,9.0,-28.0,-29.05,True,False,closed,no_prior_season_situational_for_packaged_priors,rolling_features_unavailable_pre_2023
2022,17,2023-01-01,LAR@LAC,LAC,LAR,31.0,10.0,-21.0,41.0,-6.5,41.5,,,,,-2.8108,45.1094,,,,,14.5,0.5,21.0,19.95,False,False,dome,no_prior_season_situational_for_packaged_priors,rolling_features_unavailable_pre_2023
2022,17,2023-01-01,MIA@NE,NE,MIA,23.0,21.0,-2.0,44.0,-3.0,41.5,,,,,-0.6128,45.096,,,,,-1.0,-2.5,2.0,0.95,True,False,outdoors,no_prior_season_situational_for_packaged_priors,rolling_features_unavailable_pre_2023
2022,17,2023-01-01,MIN@GB,GB,MIN,41.0,17.0,-24.0,58.0,-3.0,47.5,,,,,1.0852,45.1975,,,,,21.0,-10.5,24.0,22.95,True,False,outdoors,no_prior_season_situational_for_packaged_priors,rolling_features_unavailable_pre_2023
2022,17,2023-01-01,NO@PHI,PHI,NO,10.0,20.0,10.0,30.0,-5.5,41.5,,,,,-4.0421,45.2404,,,,,-15.5,11.5,-10.0,-11.05,False,False,outdoors,no_prior_season_situational_for_packaged_priors,rolling_features_unavailable_pre_2023
2022,17,2023-01-01,NYJ@SEA,SEA,NYJ,23.0,6.0,-17.0,29.0,1.0,43.0,,,,,-1.05,45.0789,,,,,18.0,14.0,17.0,15.95,False,False,outdoors,no_prior_season_situational_for_packaged_priors,rolling_features_unavailable_pre_2023
2022,17,2023-01-01,PIT@BAL,BAL,PIT,13.0,16.0,3.0,29.0,-1.0,35.5,,,,,-2.3459,45.1403,,,,,-4.0,6.5,-3.0,-4.05,True,False,outdoors,no_prior_season_situational_for_packaged_priors,rolling_features_unavailable_pre_2023
2022,17,2023-01-01,SF@LV,LV,SF,34.0,37.0,3.0,71.0,10.0,41.5,,,,,1.1113,45.1696,,,,,7.0,-29.5,-3.0,-4.05,False,False,dome,no_prior_season_situational_for_packaged_priors,rolling_features_unavailable_pre_2023
2022,18,2023-01-08,ARI@SF,SF,ARI,38.0,13.0,-25.0,51.0,-14.0,40.0,,,,,-4.3366,45.1998,,,,,11.0,-11.0,25.0,23.95,True,False,outdoors,no_prior_season_situational_for_packaged_priors,rolling_features_unavailable_pre_2023
2022,18,2023-01-08,BAL@CIN,CIN,BAL,27.0,16.0,-11.0,43.0,-11.0,39.0,,,,,-1.7376,45.177,,,,,0.0,-4.0,11.0,9.95,True,False,outdoors,no_prior_season_situational_for_packaged_priors,rolling_features_unavailable_pre_2023
2022,18,2023-01-08,CAR@NO,NO,CAR,7.0,10.0,3.0,17.0,-3.5,41.5,,,,,-1.4671,45.0526,,,,,-6.5,24.5,-3.0,-4.05,True,False,dome,no_prior_season_situational_for_packaged_priors,rolling_features_unavailable_pre_2023
2022,18,2023-01-08,CLE@PIT,PIT,CLE,28.0,14.0,-14.0,42.0,-2.5,40.0,,,,,-1.4623,45.0816,,,,,11.5,-2.0,14.0,12.95,True,False,outdoors,no_prior_season_situational_for_packaged_priors,rolling_features_unavailable_pre_2023
2022,18,2023-01-08,DAL@WSH,WSH,DAL,26.0,6.0,-20.0,32.0,7.5,40.5,,,,,0.7726,45.1746,,,,,27.5,8.5,20.0,18.95,True,False,outdoors,no_prior_season_situational_for_packaged_priors,rolling_features_unavailable_pre_2023
2022,18,2023-01-08,DET@GB,GB,DET,16.0,20.0,4.0,36.0,-5.5,49.0,,,,,-1.05,45.0941,,,,,-9.5,13.0,-4.0,-5.05,True,False,outdoors,no_prior_season_situational_for_packaged_priors,rolling_features_unavailable_pre_2023
2022,18,2023-01-08,HOU@IND,IND,HOU,31.0,32.0,1.0,63.0,-3.0,38.0,,,,,-1.9761,44.9584,,,,,-4.0,-25.0,-1.0,-2.05,True,False,closed,no_prior_season_situational_for_packaged_priors,rolling_features_unavailable_pre_2023
2022,18,2023-01-07,KC@LV,LV,KC,13.0,31.0,18.0,44.0,9.0,51.5,,,,,1.7748,45.2138,,,,,-9.0,7.5,-18.0,-19.05,True,False,dome,no_prior_season_situational_for_packaged_priors,rolling_features_unavailable_pre_2023
2022,18,2023-01-08,LAC@DEN,DEN,LAC,31.0,28.0,-3.0,59.0,-6.0,38.5,,,,,1.4414,45.1264,,,,,-3.0,-20.5,3.0,1.95,True,False,outdoors,no_prior_season_situational_for_packaged_priors,rolling_features_unavailable_pre_2023
2022,18,2023-01-08,LAR@SEA,SEA,LAR,19.0,16.0,-3.0,35.0,-5.5,41.5,,,,,-2.3018,45.0663,,,,,-2.5,6.5,3.0,1.95,True,False,outdoors,no_prior_season_situational_for_packaged_priors,rolling_features_unavailable_pre_2023
2022,18,2023-01-08,MIN@CHI,CHI,MIN,13.0,29.0,16.0,42.0,6.5,42.5,,,,,2.6716,45.2154,,,,,-9.5,0.5,-16.0,-17.05,True,False,outdoors,no_prior_season_situational_for_packaged_priors,rolling_features_unavailable_pre_2023
2022,18,2023-01-08,NE@BUF,BUF,NE,35.0,23.0,-12.0,58.0,-8.0,44.0,,,,,-2.9655,45.1959,,,,,4.0,-14.0,12.0,10.95,True,False,outdoors,no_prior_season_situational_for_packaged_priors,rolling_features_unavailable_pre_2023
2022,18,2023-01-08,NYG@PHI,PHI,NYG,22.0,16.0,-6.0,38.0,-16.5,42.5,,,,,-2.3926,45.2014,,,,,-10.5,4.5,6.0,4.95,True,False,outdoors,no_prior_season_situational_for_packaged_priors,rolling_features_unavailable_pre_2023
2022,18,2023-01-08,NYJ@MIA,MIA,NYJ,11.0,6.0,-5.0,17.0,-3.5,37.5,,,,,-1.4623,45.0816,,,,,1.5,20.5,5.0,3.95,True,False,outdoors,no_prior_season_situational_for_packaged_priors,rolling_features_unavailable_pre_2023
2022,18,2023-01-08,TB@ATL,ATL,TB,30.0,17.0,-13.0,47.0,-6.0,40.5,,,,,-0.2206,45.0723,,,,,7.0,-6.5,13.0,11.95,True,False,closed,no_prior_season_situational_for_packaged_priors,rolling_features_unavailable_pre_2023
2022,18,2023-01-07,TEN@JAX,JAX,TEN,20.0,16.0,-4.0,36.0,-6.0,39.5,,,,,-1.4623,45.0816,,,,,-2.0,3.5,4.0,2.95,True,False,outdoors,no_prior_season_situational_for_packaged_priors,rolling_features_unavailable_pre_2023
2022,19,2023-01-15,BAL@CIN,CIN,BAL,24.0,17.0,-7.0,41.0,-7.5,40.0,,,,,-2.0787,45.1785,,,,,-0.5,-1.0,7.0,5.95,True,False,outdoors,no_prior_season_situational_for_packaged_priors,rolling_features_unavailable_pre_2023
2022,19,2023-01-16,DAL@TB,TB,DAL,14.0,31.0,17.0,45.0,2.5,45.5,,,,,0.4688,45.1559,,,,,-14.5,0.5,-17.0,-18.05,False,False,outdoors,no_prior_season_situational_for_packaged_priors,rolling_features_unavailable_pre_2023
2022,19,2023-01-14,LAC@JAX,JAX,LAC,31.0,30.0,-1.0,61.0,2.0,46.5,,,,,-0.6684,45.1218,,,,,3.0,-14.5,1.0,-0.050000000000000044,False,False,outdoors,no_prior_season_situational_for_packaged_priors,rolling_features_unavailable_pre_2023
2022,19,2023-01-15,MIA@BUF,BUF,MIA,34.0,31.0,-3.0,65.0,-14.0,44.0,,,,,-2.8505,45.2006,,,,,-11.0,-21.0,3.0,1.95,True,False,outdoors,no_prior_season_situational_for_packaged_priors,rolling_features_unavailable_pre_2023
2022,19,2023-01-15,NYG@MIN,MIN,NYG,24.0,31.0,7.0,55.0,-2.5,48.0,,,,,-2.3373,45.182,,,,,-9.5,-7.0,-7.0,-8.05,False,False,dome,no_prior_season_situational_for_packaged_priors,rolling_features_unavailable_pre_2023
2022,19,2023-01-14,SEA@SF,SF,SEA,41.0,23.0,-18.0,64.0,-10.0,42.0,,,,,-2.5527,45.1809,,,,,8.0,-22.0,18.0,16.95,True,False,outdoors,no_prior_season_situational_for_packaged_priors,rolling_features_unavailable_pre_2023
2022,20,2023-01-22,CIN@BUF,BUF,CIN,10.0,27.0,17.0,37.0,-6.0,48.5,,,,,-1.4158,45.2212,,,,,-23.0,11.5,-17.0,-18.05,False,False,outdoors,no_prior_season_situational_for_packaged_priors,rolling_features_unavailable_pre_2023
2022,20,2023-01-22,DAL@SF,SF,DAL,19.0,12.0,-7.0,31.0,-3.5,46.5,,,,,-1.3981,45.2031,,,,,3.5,15.5,7.0,5.95,False,False,outdoors,no_prior_season_situational_for_packaged_priors,rolling_features_unavailable_pre_2023
2022,20,2023-01-21,JAX@KC,KC,JAX,27.0,20.0,-7.0,47.0,-10.0,52.5,,,,,-2.7485,45.205,,,,,-3.0,5.5,7.0,5.95,False,False,outdoors,no_prior_season_situational_for_packaged_priors,rolling_features_unavailable_pre_2023
2022,20,2023-01-21,NYG@PHI,PHI,NYG,38.0,7.0,-31.0,45.0,-8.0,48.0,,,,,-2.5368,45.2052,,,,,23.0,3.0,31.0,29.95,True,False,outdoors,no_prior_season_situational_for_packaged_priors,rolling_features_unavailable_pre_2023
2022,21,2023-01-29,CIN@KC,KC,CIN,23.0,20.0,-3.0,43.0,-2.0,48.5,,,,,-1.3947,45.2256,,,,,1.0,5.5,3.0,1.95,False,False,outdoors,no_prior_season_situational_for_packaged_priors,rolling_features_unavailable_pre_2023
2022,21,2023-01-29,SF@PHI,PHI,SF,31.0,7.0,-24.0,38.0,-2.5,45.0,,,,,-1.3219,45.2275,,,,,21.5,7.0,24.0,22.95,False,False,outdoors,no_prior_season_situational_for_packaged_priors,rolling_features_unavailable_pre_2023
2022,22,2023-02-12,KC@PHI,PHI,KC,35.0,38.0,3.0,73.0,-1.0,51.0,,,,,-1.05,45.2391,,,,,-4.0,-22.0,-3.0,-4.05,False,False,closed,no_prior_season_situational_for_packaged_priors,rolling_features_unavailable_pre_2023
2023,1,2023-09-10,ARI@WSH,WSH,ARI,20.0,16.0,-4.0,36.0,-7.0,38.0,,,-1.05,40.3,-1.05,44.8435,,,2.95,4.299999999999997,-3.0,2.0,4.0,2.95,False,True,outdoors,no_prior_season_situational_for_packaged_priors,
2023,1,2023-09-11,BUF@NYJ,NYJ,BUF,22.0,16.0,-6.0,38.0,2.5,44.5,,,-0.788,43.4029,-1.05,44.8435,,,5.212,5.4029000000000025,8.5,6.5,6.0,4.95,True,True,outdoors,no_prior_season_situational_for_packaged_priors,
2023,1,2023-09-10,CAR@ATL,ATL,CAR,24.0,10.0,-14.0,34.0,-3.5,40.5,,,-2.24,40.8309,-1.05,44.8435,,,11.76,6.8309,10.5,6.5,14.0,12.95,True,True,closed,no_prior_season_situational_for_packaged_priors,
2023,1,2023-09-10,CIN@CLE,CLE,CIN,24.0,3.0,-21.0,27.0,1.0,46.5,,,-2.3638,40.9122,-1.05,44.8435,,,18.6362,13.912199999999999,22.0,19.5,21.0,19.95,True,True,outdoors,no_prior_season_situational_for_packaged_priors,
2023,1,2023-09-10,DAL@NYG,NYG,DAL,0.0,40.0,40.0,40.0,3.5,44.5,,,5.45,44.5546,-1.05,44.8435,,,-34.55,4.554600000000001,-36.5,4.5,-40.0,-41.05,True,True,outdoors,no_prior_season_situational_for_packaged_priors,
2023,1,2023-09-07,DET@KC,KC,DET,20.0,21.0,1.0,41.0,-4.0,53.0,,,4.2714,43.9795,-1.05,44.8435,,,3.2714,2.9795000000000016,-5.0,12.0,-1.0,-2.05,False,True,outdoors,no_prior_season_situational_for_packaged_priors,
2023,1,2023-09-10,GB@CHI,CHI,GB,20.0,38.0,18.0,58.0,-1.0,41.0,,,5.45,45.3,-1.05,44.8435,,,-12.55,-12.700000000000003,-19.0,-17.0,-18.0,-19.05,True,True,outdoors,no_prior_season_situational_for_packaged_priors,
2023,1,2023-09-10,HOU@BAL,BAL,HOU,25.0,9.0,-16.0,34.0,-9.5,43.5,,,-3.221,41.4747,-1.05,44.8435,,,12.779,7.474699999999999,6.5,9.5,16.0,14.95,False,True,outdoors,no_prior_season_situational_for_packaged_priors,
2023,1,2023-09-10,JAX@IND,IND,JAX,21.0,31.0,10.0,52.0,4.0,45.5,,,-1.05,40.3,-1.05,44.8435,,,-11.05,-11.700000000000003,-6.0,-6.5,-10.0,-11.05,True,True,closed,no_prior_season_situational_for_packaged_priors,
2023,1,2023-09-10,LAR@SEA,SEA,LAR,13.0,30.0,17.0,43.0,-4.5,45.0,,,5.45,45.8739,-1.05,44.8435,,,-11.55,2.873899999999999,-21.5,2.0,-17.0,-18.05,True,True,outdoors,no_prior_season_situational_for_packaged_priors,
2023,1,2023-09-10,LV@DEN,DEN,LV,16.0,17.0,1.0,33.0,-3.0,43.0,,,2.9897,47.8989,-1.05,44.8435,,,1.9897,14.898899999999998,-4.0,10.0,-1.0,-2.05,True,True,outdoors,no_prior_season_situational_for_packaged_priors,
2023,1,2023-09-10,MIA@LAC,LAC,MIA,34.0,36.0,2.0,70.0,-3.0,50.5,,,-1.05,50.3,-1.05,44.8435,,,-3.05,-19.700000000000003,-5.0,-19.5,-2.0,-3.05,False,True,dome,no_prior_season_situational_for_packaged_priors,
2023,1,2023-09-10,PHI@NE,NE,PHI,20.0,25.0,5.0,45.0,3.5,44.5,,,-0.6572,40.3078,-1.05,44.8435,,,-5.6572,-4.6922,-1.5,-0.5,-5.0,-6.05,False,True,outdoors,no_prior_season_situational_for_packaged_priors,
2023,1,2023-09-10,SF@PIT,PIT,SF,7.0,30.0,23.0,37.0,1.5,41.5,,,5.45,45.3,-1.05,44.8435,,,-17.55,8.299999999999997,-21.5,4.5,-23.0,-24.05,False,True,outdoors,no_prior_season_situational_for_packaged_priors,
2023,1,2023-09-10,TB@MIN,MIN,TB,17.0,20.0,3.0,37.0,-4.0,45.0,,,0.7293,41.6302,-1.05,44.8435,,,-2.2707,4.630200000000002,-7.0,8.0,-3.0,-4.05,False,True,dome,no_prior_season_situational_for_packaged_priors,
2023,1,2023-09-10,TEN@NO,NO,TEN,16.0,15.0,-1.0,31.0,-3.0,41.0,,,-2.8841,41.2537,-1.05,44.8435,,,-1.8841,10.253700000000002,-2.0,10.0,1.0,-0.050000000000000044,False,True,dome,no_prior_season_situational_for_packaged_priors,
2023,2,2023-09-17,BAL@CIN,CIN,BAL,24.0,27.0,3.0,51.0,-3.5,45.5,,,5.0922,44.201,5.45,45.5201,,,2.0922,-6.7989999999999995,-6.5,-5.5,-3.0,-4.05,True,True,outdoors,no_prior_season_situational_for_packaged_priors,
2023,2,2023-09-17,CHI@TB,TB,CHI,27.0,17.0,-10.0,44.0,-2.5,41.0,,,-7.55,45.3,-7.55,45.5201,,,2.45,1.2999999999999972,7.5,-3.0,10.0,8.95,False,True,outdoors,no_prior_season_situational_for_packaged_priors,
2023,2,2023-09-18,CLE@PIT,PIT,CLE,26.0,22.0,-4.0,48.0,2.5,39.0,,,0.7464,41.2289,5.45,45.5201,,,4.7463999999999995,-6.771099999999997,6.5,-9.0,4.0,2.95,True,True,outdoors,no_prior_season_situational_for_packaged_priors,
2023,2,2023-09-17,GB@ATL,ATL,GB,25.0,24.0,-1.0,49.0,-3.0,40.5,,,-0.5741,44.8422,-1.05,45.3,,,0.42589999999999995,-4.157800000000002,-2.0,-8.5,1.0,-0.050000000000000044,False,True,open,no_prior_season_situational_for_packaged_priors,
2023,2,2023-09-17,IND@HOU,HOU,IND,20.0,31.0,11.0,51.0,1.0,40.0,,,3.0996,43.6891,-1.05,44.8435,,,-7.900399999999999,-7.310899999999997,-10.0,-11.0,-11.0,-12.05,True,True,open,no_prior_season_situational_for_packaged_priors,
2023,2,2023-09-17,KC@JAX,JAX,KC,9.0,17.0,8.0,26.0,3.5,50.5,,,1.2353,41.5497,-7.55,45.5201,,,-6.7646999999999995,15.549700000000001,-4.5,24.5,-8.0,-9.05,False,True,outdoors,no_prior_season_situational_for_packaged_priors,
2023,2,2023-09-17,LAC@TEN,TEN,LAC,27.0,24.0,-3.0,51.0,2.5,45.5,,,-0.344,47.0017,-1.05,44.8435,,,2.656,-3.9983000000000004,5.5,-5.5,3.0,1.95,False,True,outdoors,no_prior_season_situational_for_packaged_priors,
2023,2,2023-09-17,LV@BUF,BUF,LV,38.0,10.0,-28.0,48.0,-7.5,47.0,,,-7.55,46.2752,5.45,45.5201,,,20.45,-1.7248000000000019,20.5,-1.0,28.0,26.95,False,True,outdoors,no_prior_season_situational_for_packaged_priors,
2023,2,2023-09-17,MIA@NE,NE,MIA,17.0,24.0,7.0,41.0,2.0,46.5,,,4.296,46.8237,5.45,45.5201,,,-2.7039999999999997,5.823700000000002,-5.0,5.5,-7.0,-8.05,True,True,outdoors,no_prior_season_situational_for_packaged_priors,
2023,2,2023-09-14,MIN@PHI,PHI,MIN,34.0,28.0,-6.0,62.0,-6.0,49.0,,,-3.0326,44.7036,-7.55,45.5201,,,2.9674,-17.2964,0.0,-13.0,6.0,4.95,False,True,outdoors,no_prior_season_situational_for_packaged_priors,
2023,2,2023-09-18,NO@CAR,CAR,NO,17.0,20.0,3.0,37.0,3.0,39.5,,,2.3604,42.2881,5.45,45.5201,,,-0.6396000000000002,5.2881,0.0,2.5,-3.0,-4.05,True,True,outdoors,no_prior_season_situational_for_packaged_priors,
2023,2,2023-09-17,NYG@ARI,ARI,NYG,28.0,31.0,3.0,59.0,5.0,40.0,,,-3.7638,44.5079,-1.05,44.8435,,,-6.7638,-14.4921,2.0,-19.0,-3.0,-4.05,False,True,closed,no_prior_season_situational_for_packaged_priors,
2023,2,2023-09-17,NYJ@DAL,DAL,NYJ,30.0,10.0,-20.0,40.0,-8.5,38.5,,,-6.2434,43.4582,-1.05,45.3,,,13.756599999999999,3.458199999999998,11.5,-1.5,20.0,18.95,False,True,open,no_prior_season_situational_for_packaged_priors,
2023,2,2023-09-17,SEA@DET,DET,SEA,31.0,37.0,6.0,68.0,-4.5,47.5,,,-1.1079,47.5702,-7.55,45.5201,,,-7.1079,-20.4298,-10.5,-20.5,-6.0,-7.05,False,True,dome,no_prior_season_situational_for_packaged_priors,
2023,2,2023-09-17,SF@LAR,LAR,SF,23.0,30.0,7.0,53.0,7.5,45.0,,,1.8416,45.8429,-1.05,45.3,,,-5.1584,-7.1571,0.5,-8.0,-7.0,-8.05,True,True,dome,no_prior_season_situational_for_packaged_priors,
2023,2,2023-09-17,WSH@DEN,DEN,WSH,33.0,35.0,2.0,68.0,-4.0,38.5,,,2.8621,46.5782,5.45,45.5201,,,0.8620999999999999,-21.421799999999998,-6.0,-29.5,-2.0,-3.05,False,True,outdoors,no_prior_season_situational_for_packaged_priors,
2023,3,2023-09-24,ATL@DET,DET,ATL,20.0,6.0,-14.0,26.0,-3.0,47.5,,,-2.0643,43.0478,2.0901,45.2982,,,11.9357,17.047800000000002,11.0,21.5,14.0,12.95,False,True,dome,no_prior_season_situational_for_packaged_priors,
2023,3,2023-09-24,BUF@WSH,WSH,BUF,3.0,37.0,34.0,40.0,5.5,44.0,,,5.366,44.2605,-4.1901,45.2982,,,-28.634,4.2605,-28.5,4.0,-34.0,-35.05,False,True,outdoors,no_prior_season_situational_for_packaged_priors,
2023,3,2023-09-24,CAR@SEA,SEA,CAR,37.0,27.0,-10.0,64.0,-5.0,42.5,,,-3.3023,46.6008,-4.4976,45.0919,,,6.6977,-17.3992,5.0,-21.5,10.0,8.95,False,True,outdoors,no_prior_season_situational_for_packaged_priors,
2023,3,2023-09-24,CHI@KC,KC,CHI,41.0,10.0,-31.0,51.0,-13.0,48.0,,,-7.55,45.3,-4.4976,45.0919,,,23.45,-5.700000000000003,18.0,-3.0,31.0,29.95,False,True,outdoors,no_prior_season_situational_for_packaged_priors,
2023,3,2023-09-24,DAL@ARI,ARI,DAL,28.0,16.0,-12.0,44.0,11.5,43.5,,,3.149,44.0193,5.45,45.5201,,,15.149000000000001,0.019300000000001205,23.5,-0.5,12.0,10.95,False,True,open,no_prior_season_situational_for_packaged_priors,
2023,3,2023-09-24,DEN@MIA,MIA,DEN,70.0,20.0,-50.0,90.0,-6.0,47.5,,,-7.0974,46.5814,-7.55,45.5201,,,42.9026,-43.4186,44.0,-42.5,50.0,48.95,False,True,outdoors,no_prior_season_situational_for_packaged_priors,
2023,3,2023-09-24,HOU@JAX,JAX,HOU,17.0,37.0,20.0,54.0,-7.5,43.5,,,0.1627,43.8072,-4.4976,45.0919,,,-19.8373,-10.192799999999998,-27.5,-10.5,-20.0,-21.05,True,True,outdoors,no_prior_season_situational_for_packaged_priors,
2023,3,2023-09-24,IND@BAL,BAL,IND,19.0,22.0,3.0,41.0,-7.5,43.5,,,-2.0406,42.5558,-4.1901,45.2982,,,-5.0405999999999995,1.5557999999999979,-10.5,2.5,-3.0,-4.05,False,True,outdoors,no_prior_season_situational_for_packaged_priors,
2023,3,2023-09-25,LAR@CIN,CIN,LAR,19.0,16.0,-3.0,35.0,-3.0,45.5,,,1.535,43.961,2.3976,45.0919,,,4.535,8.960999999999999,0.0,10.5,3.0,1.95,False,True,outdoors,no_prior_season_situational_for_packaged_priors,
2023,3,2023-09-24,LAC@MIN,MIN,LAC,24.0,28.0,4.0,52.0,-1.0,54.0,,,1.6059,48.2912,-1.05,44.8435,,,-2.3941,-3.7087999999999965,-5.0,2.0,-4.0,-5.05,False,True,dome,no_prior_season_situational_for_packaged_priors,
2023,3,2023-09-24,NE@NYJ,NYJ,NE,10.0,15.0,5.0,25.0,2.5,35.5,,,1.7599,41.894,-4.4976,45.0919,,,-3.2401,16.894,-2.5,10.5,-5.0,-6.05,True,True,outdoors,no_prior_season_situational_for_packaged_priors,
2023,3,2023-09-24,NO@GB,GB,NO,18.0,17.0,-1.0,35.0,1.5,41.5,,,-1.3229,44.095,2.0901,45.2982,,,-0.32289999999999996,9.094999999999999,2.5,6.5,1.0,-0.050000000000000044,False,True,outdoors,no_prior_season_situational_for_packaged_priors,
2023,3,2023-09-21,NYG@SF,SF,NYG,30.0,12.0,-18.0,42.0,-10.5,43.5,,,-7.55,45.3,-4.1901,45.2982,,,10.45,3.299999999999997,7.5,1.5,18.0,16.95,False,True,outdoors,no_prior_season_situational_for_packaged_priors,
2023,3,2023-09-25,PHI@TB,TB,PHI,11.0,25.0,14.0,36.0,6.0,44.0,,,-0.28,43.8673,-1.05,45.3,,,-14.28,7.8673,-8.0,8.0,-14.0,-15.05,False,True,outdoors,no_prior_season_situational_for_packaged_priors,
2023,3,2023-09-24,PIT@LV,LV,PIT,18.0,23.0,5.0,41.0,-3.0,43.5,,,-0.7096,43.1869,-1.05,45.0941,,,-5.7096,2.1869000000000014,-8.0,2.5,-5.0,-6.05,False,True,dome,no_prior_season_situational_for_packaged_priors,
2023,3,2023-09-24,TEN@CLE,CLE,TEN,27.0,3.0,-24.0,30.0,-3.5,38.0,,,-4.2824,42.1713,-1.05,45.0941,,,19.7176,12.171300000000002,20.5,8.0,24.0,22.95,False,True,outdoors,no_prior_season_situational_for_packaged_priors,
2023,4,2023-10-01,ARI@SF,SF,ARI,35.0,16.0,-19.0,51.0,-15.0,44.0,,,-6.4391,47.0134,-5.3074,45.3439,,,12.5609,-3.986600000000003,4.0,-7.0,19.0,17.95,True,True,outdoors,no_prior_season_situational_for_packaged_priors,
2023,4,2023-10-01,ATL@JAX,JAX,ATL,23.0,7.0,-16.0,30.0,-3.5,42.5,,,-1.5601,41.7628,1.1382,45.141,,,14.4399,11.762799999999999,12.5,12.5,16.0,14.95,False,True,outdoors,no_prior_season_situational_for_packaged_priors,
2023,4,2023-10-01,BAL@CLE,CLE,BAL,3.0,28.0,25.0,31.0,2.0,38.5,,,0.0062,40.7431,-1.05,45.1671,,,-24.9938,9.743099999999998,-23.0,7.5,-25.0,-26.05,True,True,outdoors,no_prior_season_situational_for_packaged_priors,
2023,4,2023-10-01,CIN@TEN,TEN,CIN,27.0,3.0,-24.0,30.0,2.5,41.5,,,-3.0574,42.9123,-1.05,45.0162,,,20.9426,12.912300000000002,26.5,11.5,24.0,22.95,False,True,outdoors,no_prior_season_situational_for_packaged_priors,
2023,4,2023-10-01,DEN@CHI,CHI,DEN,28.0,31.0,3.0,59.0,3.0,47.0,,,1.793,48.6843,-1.05,44.8435,,,-1.207,-10.3157,0.0,-12.0,-3.0,-4.05,False,True,outdoors,no_prior_season_situational_for_packaged_priors,
2023,4,2023-09-28,DET@GB,GB,DET,20.0,34.0,14.0,54.0,2.5,45.0,,,0.6849,44.5655,-1.05,45.1671,,,-13.3151,-9.4345,-11.5,-9.0,-14.0,-15.05,True,True,outdoors,no_prior_season_situational_for_packaged_priors,
2023,4,2023-10-01,KC@NYJ,NYJ,KC,20.0,23.0,3.0,43.0,9.5,41.5,,,4.8496,43.9216,1.1382,45.141,,,1.8495999999999997,0.921599999999998,6.5,-1.5,-3.0,-4.05,False,True,outdoors,no_prior_season_situational_for_packaged_priors,
2023,4,2023-10-01,LAR@IND,IND,LAR,23.0,29.0,6.0,52.0,1.0,44.5,,,-0.3282,44.6968,-3.2382,45.141,,,-6.3282,-7.303199999999997,-5.0,-7.5,-6.0,-7.05,False,True,open,no_prior_season_situational_for_packaged_priors,
2023,4,2023-10-01,LV@LAC,LAC,LV,24.0,17.0,-7.0,41.0,-7.0,49.0,,,-4.4224,46.4585,-1.05,45.0162,,,2.5776000000000003,5.458500000000001,0.0,8.0,7.0,5.95,True,True,dome,no_prior_season_situational_for_packaged_priors,
2023,4,2023-10-01,MIA@BUF,BUF,MIA,48.0,20.0,-28.0,68.0,-2.5,53.0,,,-5.0374,47.8202,1.0103,45.2771,,,22.962600000000002,-20.1798,25.5,-15.0,28.0,26.95,True,True,outdoors,no_prior_season_situational_for_packaged_priors,
2023,4,2023-10-01,MIN@CAR,CAR,MIN,13.0,21.0,8.0,34.0,4.5,46.5,,,-0.2502,43.5351,-1.05,44.8435,,,-8.2502,9.5351,-3.5,12.5,-8.0,-9.05,False,True,outdoors,no_prior_season_situational_for_packaged_priors,
2023,4,2023-10-01,NE@DAL,DAL,NE,38.0,3.0,-35.0,41.0,-6.5,43.0,,,-5.3017,42.8402,-3.2382,45.141,,,29.6983,1.840200000000003,28.5,2.0,35.0,33.95,False,True,closed,no_prior_season_situational_for_packaged_priors,
2023,4,2023-10-01,PIT@HOU,HOU,PIT,30.0,6.0,-24.0,36.0,3.0,41.5,,,-4.2176,43.1498,1.1382,45.141,,,19.7824,7.149799999999999,27.0,5.5,24.0,22.95,False,True,open,no_prior_season_situational_for_packaged_priors,
2023,4,2023-10-02,SEA@NYG,NYG,SEA,3.0,24.0,21.0,27.0,2.5,46.5,,,4.7609,44.5691,1.1382,45.141,,,-16.2391,17.5691,-18.5,19.5,-21.0,-22.05,False,True,outdoors,no_prior_season_situational_for_packaged_priors,
2023,4,2023-10-01,TB@NO,NO,TB,9.0,26.0,17.0,35.0,-4.0,41.0,,,1.2383,42.5744,-1.05,45.1671,,,-15.7617,7.574399999999997,-21.0,6.0,-17.0,-18.05,True,True,dome,no_prior_season_situational_for_packaged_priors,
2023,4,2023-10-01,WSH@PHI,PHI,WSH,34.0,31.0,-3.0,65.0,-9.5,43.0,,,-4.7277,45.0708,-3.1103,45.2771,,,-1.7276999999999996,-19.9292,-6.5,-22.0,3.0,1.95,True,True,outdoors,no_prior_season_situational_for_packaged_priors,
2023,5,2023-10-08,BAL@PIT,PIT,BAL,17.0,10.0,-7.0,27.0,4.5,38.5,,,1.7109,41.8619,0.5531,45.1745,,,8.7109,14.861899999999999,11.5,11.5,7.0,5.95,True,False,outdoors,no_prior_season_situational_for_packaged_priors,
2023,5,2023-10-08,CAR@DET,DET,CAR,42.0,24.0,-18.0,66.0,-9.5,43.5,,,-5.3736,44.4221,-6.1138,45.2867,,,12.6264,-21.5779,8.5,-22.5,18.0,16.95,False,False,dome,no_prior_season_situational_for_packaged_priors,
2023,5,2023-10-05,CHI@WSH,WSH,CHI,20.0,40.0,20.0,60.0,-6.0,45.5,,,-1.8349,46.7129,-4.4976,45.0919,,,-21.8349,-13.287100000000002,-26.0,-14.5,-20.0,-21.05,False,False,outdoors,no_prior_season_situational_for_packaged_priors,
2023,5,2023-10-08,CIN@ARI,ARI,CIN,20.0,34.0,14.0,54.0,3.0,45.5,,,-0.3385,44.643,-1.05,44.9753,,,-14.3385,-9.357,-11.0,-8.5,-14.0,-15.05,False,False,closed,no_prior_season_situational_for_packaged_priors,
2023,5,2023-10-08,DAL@SF,SF,DAL,42.0,10.0,-32.0,52.0,-3.5,45.0,,,-3.6316,43.4313,-2.5834,45.275,,,28.3684,-8.5687,28.5,-7.0,32.0,30.95,False,False,outdoors,no_prior_season_situational_for_packaged_priors,
2023,5,2023-10-09,GB@LV,LV,GB,17.0,13.0,-4.0,30.0,-1.0,45.0,,,0.4243,44.3162,0.6294,45.0639,,,4.4243,14.316200000000002,3.0,15.0,4.0,2.95,False,False,dome,no_prior_season_situational_for_packaged_priors,
2023,5,2023-10-08,HOU@ATL,ATL,HOU,21.0,19.0,-2.0,40.0,-2.5,42.0,,,0.1183,43.5236,-1.05,45.0941,,,2.1183,3.523600000000002,-0.5,2.0,2.0,0.95,False,False,open,no_prior_season_situational_for_packaged_priors,
2023,5,2023-10-08,JAX@BUF,BUF,JAX,20.0,25.0,5.0,45.0,-5.5,48.5,,,-6.6247,44.8258,-2.6531,45.1745,,,-11.6247,-0.17419999999999902,-10.5,3.5,-5.0,-6.05,False,False,outdoors,no_prior_season_situational_for_packaged_priors,
2023,5,2023-10-08,KC@MIN,MIN,KC,20.0,27.0,7.0,47.0,3.5,52.5,,,3.1786,45.2533,2.2366,45.1998,,,-3.8214,-1.746699999999997,-3.5,5.5,-7.0,-8.05,False,False,dome,no_prior_season_situational_for_packaged_priors,
2023,5,2023-10-08,NO@NE,NE,NO,0.0,34.0,34.0,34.0,-2.5,38.5,,,1.3757,41.6419,0.6294,45.0639,,,-32.6243,7.6419,-36.5,4.5,-34.0,-35.05,False,False,outdoors,no_prior_season_situational_for_packaged_priors,
2023,5,2023-10-08,NYG@MIA,MIA,NYG,31.0,16.0,-15.0,47.0,-12.5,47.5,,,-7.55,46.0153,-4.3366,45.1998,,,7.45,-0.9846999999999966,2.5,0.5,15.0,13.95,False,False,outdoors,no_prior_season_situational_for_packaged_priors,
2023,5,2023-10-08,NYJ@DEN,DEN,NYJ,21.0,31.0,10.0,52.0,-2.5,42.5,,,-0.1325,45.442,-1.05,44.9753,,,-10.1325,-6.558,-12.5,-9.5,-10.0,-11.05,False,False,outdoors,no_prior_season_situational_for_packaged_priors,
2023,5,2023-10-08,PHI@LAR,LAR,PHI,14.0,23.0,9.0,37.0,3.5,50.5,,,0.454,46.3727,2.0901,45.2982,,,-8.546,9.372700000000002,-5.5,13.5,-9.0,-10.05,False,False,dome,no_prior_season_situational_for_packaged_priors,
2023,5,2023-10-08,TEN@IND,IND,TEN,23.0,16.0,-7.0,39.0,2.5,43.5,,,-2.6595,44.4396,-1.05,45.0941,,,4.3405000000000005,5.439599999999999,9.5,4.5,7.0,5.95,True,False,open,no_prior_season_situational_for_packaged_priors,
2023,6,2023-10-15,ARI@LAR,LAR,ARI,26.0,9.0,-17.0,35.0,-7.0,48.0,,,-5.1978,47.4855,-2.4127,45.0182,,,11.8022,12.485500000000002,10.0,13.0,17.0,15.95,True,False,dome,no_prior_season_situational_for_packaged_priors,
2023,6,2023-10-15,BAL@TEN,TEN,BAL,16.0,24.0,8.0,40.0,5.5,42.5,,,2.7663,43.6319,0.262,45.111,,,-5.2337,3.6319000000000017,-2.5,2.5,-8.0,-9.05,False,False,outdoors,no_prior_season_situational_for_packaged_priors,
2023,6,2023-10-15,CAR@MIA,MIA,CAR,42.0,21.0,-21.0,63.0,-14.0,47.5,,,-7.3073,46.4436,-6.4297,45.3304,,,13.6927,-16.556399999999996,7.0,-15.5,21.0,19.95,False,False,outdoors,no_prior_season_situational_for_packaged_priors,
2023,6,2023-10-16,DAL@LAC,LAC,DAL,17.0,20.0,3.0,37.0,1.5,49.5,,,0.293,44.6656,-0.4002,45.1206,,,-2.707,7.665599999999998,-1.5,12.5,-3.0,-4.05,False,False,dome,no_prior_season_situational_for_packaged_priors,
2023,6,2023-10-12,DEN@KC,KC,DEN,19.0,8.0,-11.0,27.0,-10.5,47.5,,,-7.55,45.8092,-4.9981,45.2465,,,3.45,18.809199999999997,0.5,20.5,11.0,9.95,True,False,outdoors,no_prior_season_situational_for_packaged_priors,
2023,6,2023-10-15,DET@TB,TB,DET,6.0,20.0,14.0,26.0,3.0,43.5,,,0.6076,43.8012,-0.7381,45.213,,,-13.3924,17.8012,-11.0,17.5,-14.0,-15.05,False,False,outdoors,no_prior_season_situational_for_packaged_priors,
2023,6,2023-10-15,IND@JAX,JAX,IND,37.0,20.0,-17.0,57.0,-4.0,44.0,,,0.4894,45.1849,-1.05,45.1385,,,17.4894,-11.815100000000001,13.0,-13.0,17.0,15.95,True,False,outdoors,no_prior_season_situational_for_packaged_priors,
2023,6,2023-10-15,MIN@CHI,CHI,MIN,13.0,19.0,6.0,32.0,3.0,44.5,,,1.6673,45.0285,-1.05,44.95,,,-4.3327,13.028500000000001,-3.0,12.5,-6.0,-7.05,True,False,outdoors,no_prior_season_situational_for_packaged_priors,
2023,6,2023-10-15,NE@LV,LV,NE,21.0,17.0,-4.0,38.0,-3.0,41.5,,,-1.9878,42.5013,-2.4127,45.0182,,,2.0122,4.5013000000000005,1.0,3.5,4.0,2.95,False,False,dome,no_prior_season_situational_for_packaged_priors,
2023,6,2023-10-15,NO@HOU,HOU,NO,20.0,13.0,-7.0,33.0,2.0,42.5,,,-0.1328,43.5223,0.262,45.111,,,6.8672,10.522300000000001,9.0,9.5,7.0,5.95,False,False,closed,no_prior_season_situational_for_packaged_priors,
2023,6,2023-10-15,NYG@BUF,BUF,NYG,14.0,9.0,-5.0,23.0,-15.5,43.5,,,-7.55,45.3,-3.7269,45.1183,,,-2.55,22.299999999999997,-10.5,20.5,5.0,3.95,False,False,outdoors,no_prior_season_situational_for_packaged_priors,
2023,6,2023-10-15,PHI@NYJ,NYJ,PHI,20.0,14.0,-6.0,34.0,6.5,43.0,,,2.8774,44.0175,2.7557,45.3225,,,8.8774,10.017499999999998,12.5,9.0,6.0,4.95,False,False,outdoors,no_prior_season_situational_for_packaged_priors,
2023,6,2023-10-15,SEA@CIN,CIN,SEA,17.0,13.0,-4.0,30.0,-3.0,45.5,,,0.5318,44.4487,1.2162,45.1778,,,4.5318000000000005,14.448700000000002,1.0,15.5,4.0,2.95,False,False,outdoors,no_prior_season_situational_for_packaged_priors,
2023,6,2023-10-15,SF@CLE,CLE,SF,19.0,17.0,-2.0,36.0,9.5,36.0,,,1.6369,41.8133,2.0901,45.2982,,,3.6369,5.813299999999998,11.5,0.0,2.0,0.95,False,False,outdoors,no_prior_season_situational_for_packaged_priors,
2023,6,2023-10-15,WSH@ATL,ATL,WSH,16.0,24.0,8.0,40.0,-1.5,42.0,,,-2.7225,44.862,-2.362,45.111,,,-10.7225,4.862000000000002,-9.5,2.0,-8.0,-9.05,False,False,closed,no_prior_season_situational_for_packaged_priors,
2023,7,2023-10-22,ARI@SEA,SEA,ARI,20.0,10.0,-10.0,30.0,-9.5,43.5,,,-7.55,45.6635,-3.96,45.1232,,,2.45,15.663499999999999,0.5,13.5,10.0,8.95,True,False,outdoors,no_prior_season_situational_for_packaged_priors,
2023,7,2023-10-22,ATL@TB,TB,ATL,13.0,16.0,3.0,29.0,-3.0,37.5,,,-2.3744,42.5699,-1.6998,45.1206,,,-5.3744,13.569899999999997,-6.0,8.5,-3.0,-4.05,True,False,outdoors,no_prior_season_situational_for_packaged_priors,
2023,7,2023-10-22,BUF@NE,NE,BUF,29.0,25.0,-4.0,54.0,7.5,41.0,,,5.2612,44.3672,2.2886,45.165,,,9.261199999999999,-9.632800000000003,11.5,-13.0,4.0,2.95,True,False,outdoors,no_prior_season_situational_for_packaged_priors,
2023,7,2023-10-22,CLE@IND,IND,CLE,38.0,39.0,1.0,77.0,3.5,40.0,,,-1.002,41.6115,-0.4002,45.1206,,,-2.002,-35.3885,2.5,-37.0,-1.0,-2.05,False,False,open,no_prior_season_situational_for_packaged_priors,
2023,7,2023-10-22,DET@BAL,BAL,DET,38.0,6.0,-32.0,44.0,-3.0,43.5,,,-2.5652,43.6602,-0.0053,45.2125,,,29.4348,-0.33979999999999677,29.0,-0.5,32.0,30.95,False,False,outdoors,no_prior_season_situational_for_packaged_priors,
2023,7,2023-10-22,GB@DEN,DEN,GB,19.0,17.0,-2.0,36.0,-1.5,44.0,,,2.1275,46.6559,0.5452,45.0168,,,4.1274999999999995,10.655900000000003,0.5,8.0,2.0,0.95,False,False,outdoors,no_prior_season_situational_for_packaged_priors,
2023,7,2023-10-19,JAX@NO,NO,JAX,24.0,31.0,7.0,55.0,-2.5,41.0,,,-1.0873,42.7361,0.0265,45.1425,,,-8.087299999999999,-12.2639,-9.5,-14.0,-7.0,-8.05,False,False,dome,no_prior_season_situational_for_packaged_priors,
2023,7,2023-10-22,LAC@KC,KC,LAC,31.0,17.0,-14.0,48.0,-5.5,48.5,,,-4.7656,46.3058,-3.8361,45.2216,,,9.2344,-1.6942000000000021,8.5,0.5,14.0,12.95,True,False,outdoors,no_prior_season_situational_for_packaged_priors,
2023,7,2023-10-22,LV@CHI,CHI,LV,30.0,12.0,-18.0,42.0,2.5,38.5,,,-1.9062,44.2204,1.2082,45.0663,,,16.0938,2.220399999999998,20.5,-3.5,18.0,16.95,False,False,outdoors,no_prior_season_situational_for_packaged_priors,
2023,7,2023-10-22,MIA@PHI,PHI,MIA,31.0,17.0,-14.0,48.0,-3.0,52.0,,,-0.6661,46.575,-1.05,45.2356,,,13.3339,-1.4249999999999972,11.0,4.0,14.0,12.95,False,False,outdoors,no_prior_season_situational_for_packaged_priors,
2023,7,2023-10-22,PIT@LAR,LAR,PIT,17.0,24.0,7.0,41.0,-3.5,44.0,,,-1.8538,43.4484,-0.4002,45.1206,,,-8.8538,2.4483999999999995,-10.5,3.0,-7.0,-8.05,False,False,dome,no_prior_season_situational_for_packaged_priors,
2023,7,2023-10-23,SF@MIN,MIN,SF,22.0,17.0,-5.0,39.0,7.0,44.5,,,2.6492,44.9475,2.1863,45.2336,,,7.6492,5.947499999999998,12.0,5.5,5.0,3.95,False,False,dome,no_prior_season_situational_for_packaged_priors,
2023,7,2023-10-22,WSH@NYG,NYG,WSH,14.0,7.0,-7.0,21.0,3.0,37.0,,,-1.7829,43.0136,1.2082,45.0663,,,5.2171,22.013599999999997,10.0,16.0,7.0,5.95,True,False,outdoors,no_prior_season_situational_for_packaged_priors,
2023,8,2023-10-29,ATL@TEN,TEN,ATL,28.0,23.0,-5.0,51.0,2.5,35.0,,,-0.4513,43.6128,0.5261,45.0968,,,4.5487,-7.3872,7.5,-16.0,5.0,3.95,False,False,outdoors,no_prior_season_situational_for_packaged_priors,
2023,8,2023-10-29,BAL@ARI,ARI,BAL,24.0,31.0,7.0,55.0,9.5,44.5,,,5.45,45.1363,2.7598,45.2034,,,-1.5499999999999998,-9.863700000000001,2.5,-10.5,-7.0,-8.05,False,False,closed,no_prior_season_situational_for_packaged_priors,
2023,8,2023-10-29,CHI@LAC,LAC,CHI,30.0,13.0,-17.0,43.0,-9.5,46.0,,,-0.7475,45.1499,-1.3737,45.0057,,,16.2525,2.1499000000000024,7.5,3.0,17.0,15.95,False,False,dome,no_prior_season_situational_for_packaged_priors,
2023,8,2023-10-29,CIN@SF,SF,CIN,17.0,31.0,14.0,48.0,-4.0,44.0,,,-2.1818,45.0837,-2.4283,45.1602,,,-16.1818,-2.9162999999999997,-18.0,-4.0,-14.0,-15.05,False,False,outdoors,no_prior_season_situational_for_packaged_priors,
2023,8,2023-10-29,CLE@SEA,SEA,CLE,24.0,20.0,-4.0,44.0,-4.0,39.5,,,-3.9878,41.978,-1.05,45.1671,,,0.012199999999999989,-2.0219999999999985,0.0,-4.5,4.0,2.95,False,False,outdoors,no_prior_season_situational_for_packaged_priors,
2023,8,2023-10-29,HOU@CAR,CAR,HOU,15.0,13.0,-2.0,28.0,3.0,43.0,,,3.7658,44.9815,2.3976,45.0919,,,5.7658000000000005,16.981499999999997,5.0,15.0,2.0,0.95,False,False,outdoors,no_prior_season_situational_for_packaged_priors,
2023,8,2023-10-29,JAX@PIT,PIT,JAX,10.0,20.0,10.0,30.0,2.5,41.0,,,0.85,42.7419,-0.7484,45.178,,,-9.15,12.741900000000001,-7.5,11.0,-10.0,-11.05,False,False,outdoors,no_prior_season_situational_for_packaged_priors,
2023,8,2023-10-29,KC@DEN,DEN,KC,24.0,9.0,-15.0,33.0,7.0,45.5,,,0.9275,44.6938,2.6594,45.2605,,,15.9275,11.693800000000003,22.0,12.5,15.0,13.95,True,False,outdoors,no_prior_season_situational_for_packaged_priors,
2023,8,2023-10-29,LAR@DAL,DAL,LAR,43.0,20.0,-23.0,63.0,-6.5,44.5,,,-1.8607,45.0778,-2.5984,45.1389,,,21.1393,-17.922199999999997,16.5,-18.5,23.0,21.95,False,False,closed,no_prior_season_situational_for_packaged_priors,
2023,8,2023-10-30,LV@DET,DET,LV,26.0,14.0,-12.0,40.0,-7.0,46.0,,,-5.1939,42.9274,-2.9004,45.1595,,,6.8061,2.9273999999999987,5.0,6.0,12.0,10.95,False,False,dome,no_prior_season_situational_for_packaged_priors,
2023,8,2023-10-29,MIN@GB,GB,MIN,10.0,24.0,14.0,34.0,1.0,41.5,,,2.2729,44.0766,-0.4113,45.043,,,-11.7271,10.0766,-13.0,7.5,-14.0,-15.05,True,False,outdoors,no_prior_season_situational_for_packaged_priors,
2023,8,2023-10-29,NE@MIA,MIA,NE,31.0,17.0,-14.0,48.0,-7.5,46.5,,,-6.0606,44.7223,-3.8653,45.1717,,,7.9394,-3.277700000000003,6.5,-1.5,14.0,12.95,True,False,outdoors,no_prior_season_situational_for_packaged_priors,
2023,8,2023-10-29,NO@IND,IND,NO,27.0,38.0,11.0,65.0,2.0,43.5,,,1.5125,44.6237,-1.05,45.0614,,,-9.4875,-20.3763,-9.0,-21.5,-11.0,-12.05,False,False,closed,no_prior_season_situational_for_packaged_priors,
2023,8,2023-10-29,NYJ@NYG,NYG,NYJ,10.0,13.0,3.0,23.0,3.0,35.0,,,-0.4793,40.4246,0.3844,45.0648,,,-3.4793,17.424599999999998,0.0,12.0,-3.0,-4.05,False,False,outdoors,no_prior_season_situational_for_packaged_priors,
2023,8,2023-10-29,PHI@WSH,WSH,PHI,31.0,38.0,7.0,69.0,7.0,42.5,,,2.4223,46.9207,1.6923,45.2305,,,-4.5777,-22.079300000000003,0.0,-26.5,-7.0,-8.05,True,False,outdoors,no_prior_season_situational_for_packaged_priors,
2023,8,2023-10-26,TB@BUF,BUF,TB,24.0,18.0,-6.0,42.0,-10.0,43.0,,,-4.9715,45.6787,-1.5153,45.1123,,,1.0285000000000002,3.678699999999999,-4.0,1.0,6.0,4.95,False,False,outdoors,no_prior_season_situational_for_packaged_priors,
2023,9,2023-11-05,ARI@CLE,CLE,ARI,27.0,0.0,-27.0,27.0,-13.0,38.0,,,-3.1504,41.4284,-4.0685,45.1127,,,23.8496,14.428400000000003,14.0,11.0,27.0,25.95,False,False,outdoors,no_prior_season_situational_for_packaged_priors,
2023,9,2023-11-05,BUF@CIN,CIN,BUF,24.0,18.0,-6.0,42.0,-1.5,51.0,,,-1.2392,46.4231,-0.705,45.1389,,,4.7608,4.423099999999998,4.5,9.0,6.0,4.95,False,False,outdoors,no_prior_season_situational_for_packaged_priors,
2023,9,2023-11-05,CHI@NO,NO,CHI,24.0,17.0,-7.0,41.0,-9.0,42.0,,,-2.6348,42.8833,-2.7294,45.0639,,,4.3652,1.8832999999999984,-2.0,1.0,7.0,5.95,False,False,dome,no_prior_season_situational_for_packaged_priors,
2023,9,2023-11-05,DAL@PHI,PHI,DAL,28.0,23.0,-5.0,51.0,-3.5,46.5,,,-1.9926,45.2936,-2.0494,45.2298,,,3.0074,-5.706400000000002,1.5,-4.5,5.0,3.95,True,False,outdoors,no_prior_season_situational_for_packaged_priors,
2023,9,2023-11-05,IND@CAR,CAR,IND,13.0,27.0,14.0,40.0,1.5,45.0,,,1.8248,43.7603,0.5445,45.0047,,,-12.1752,3.760300000000001,-12.5,5.0,-14.0,-15.05,False,False,outdoors,no_prior_season_situational_for_packaged_priors,
2023,9,2023-11-06,LAC@NYJ,NYJ,LAC,6.0,27.0,21.0,33.0,3.0,41.0,,,-0.7487,41.8726,-1.987,45.1027,,,-21.7487,8.872599999999998,-18.0,8.0,-21.0,-22.05,False,False,outdoors,no_prior_season_situational_for_packaged_priors,
2023,9,2023-11-05,LAR@GB,GB,LAR,20.0,3.0,-17.0,23.0,-3.5,38.0,,,-1.5238,43.6616,-0.4454,45.0184,,,15.4762,20.6616,13.5,15.0,17.0,15.95,False,False,outdoors,no_prior_season_situational_for_packaged_priors,
2023,9,2023-11-05,MIA@KC,KC,MIA,21.0,14.0,-7.0,35.0,-1.0,51.0,,,-1.143,44.1708,-1.05,45.2019,,,5.857,9.1708,6.0,16.0,7.0,5.95,False,False,outdoors,no_prior_season_situational_for_packaged_priors,
2023,9,2023-11-05,MIN@ATL,ATL,MIN,28.0,31.0,3.0,59.0,-3.5,38.5,,,0.3624,43.7411,-1.05,45.0941,,,-2.6376,-15.258899999999997,-6.5,-20.5,-3.0,-4.05,False,False,open,no_prior_season_situational_for_packaged_priors,
2023,9,2023-11-05,NYG@LV,LV,NYG,30.0,6.0,-24.0,36.0,-1.0,38.5,,,-1.943,40.6423,-1.8994,45.0132,,,22.057,4.642299999999999,23.0,2.5,24.0,22.95,False,False,dome,no_prior_season_situational_for_packaged_priors,
2023,9,2023-11-05,SEA@BAL,BAL,SEA,37.0,3.0,-34.0,40.0,-6.0,44.5,,,-4.1416,42.6119,-1.2745,45.195,,,29.8584,2.6118999999999986,28.0,4.5,34.0,32.95,False,False,outdoors,no_prior_season_situational_for_packaged_priors,
2023,9,2023-11-05,TB@HOU,HOU,TB,39.0,37.0,-2.0,76.0,-2.5,39.5,,,-3.9111,45.2117,-1.05,45.0614,,,-1.9110999999999998,-30.7883,-0.5,-36.5,2.0,0.95,False,False,closed,no_prior_season_situational_for_packaged_priors,
2023,9,2023-11-02,TEN@PIT,PIT,TEN,20.0,16.0,-4.0,36.0,-3.5,37.0,,,-1.3976,44.6624,-1.987,45.1027,,,2.6024000000000003,8.662399999999998,0.5,1.0,4.0,2.95,False,False,outdoors,no_prior_season_situational_for_packaged_priors,
2023,9,2023-11-05,WSH@NE,NE,WSH,17.0,20.0,3.0,37.0,-2.5,40.5,,,0.7351,44.3184,-0.2006,45.0132,,,-2.2649,7.318399999999997,-5.5,3.5,-3.0,-4.05,False,False,outdoors,no_prior_season_situational_for_packaged_priors,
2023,10,2023-11-12,ATL@ARI,ARI,ATL,25.0,23.0,-2.0,48.0,2.0,43.5,,,1.8252,42.8396,1.2326,45.0402,,,3.8251999999999997,-5.160400000000003,4.0,-4.5,2.0,0.95,False,False,closed,no_prior_season_situational_for_packaged_priors,
2023,10,2023-11-09,CAR@CHI,CHI,CAR,16.0,13.0,-3.0,29.0,-3.0,38.0,,,-4.1392,42.679,-1.7287,44.941,,,-1.1391999999999998,13.679000000000002,0.0,9.0,3.0,1.95,False,False,outdoors,no_prior_season_situational_for_packaged_priors,
2023,10,2023-11-12,CLE@BAL,BAL,CLE,31.0,33.0,2.0,64.0,-6.0,38.5,,,-3.056,42.2224,-2.0159,45.1908,,,-5.056,-21.7776,-8.0,-25.5,-2.0,-3.05,True,False,outdoors,no_prior_season_situational_for_packaged_priors,
2023,10,2023-11-13,DEN@BUF,BUF,DEN,22.0,24.0,2.0,46.0,-7.5,47.5,,,-2.4613,44.5153,-2.2421,45.0923,,,-4.4613,-1.4846999999999966,-9.5,1.5,-2.0,-3.05,False,False,outdoors,no_prior_season_situational_for_packaged_priors,
2023,10,2023-11-12,DET@LAC,LAC,DET,38.0,41.0,3.0,79.0,2.5,48.5,,,2.1321,46.4104,0.5531,45.1745,,,-0.8679000000000001,-32.5896,-0.5,-30.5,-3.0,-4.05,False,False,dome,no_prior_season_situational_for_packaged_priors,
2023,10,2023-11-12,GB@PIT,PIT,GB,23.0,19.0,-4.0,42.0,-3.0,38.5,,,-1.6045,43.969,-2.6904,45.1205,,,2.3955,1.9690000000000012,1.0,-3.5,4.0,2.95,False,False,outdoors,no_prior_season_situational_for_packaged_priors,
2023,10,2023-11-12,HOU@CIN,CIN,HOU,27.0,30.0,3.0,57.0,-5.5,46.0,,,-1.858,45.8259,-1.8604,45.1285,,,-4.8580000000000005,-11.174100000000003,-8.5,-11.0,-3.0,-4.05,False,False,outdoors,no_prior_season_situational_for_packaged_priors,
2023,10,2023-11-12,IND@NE,NE,IND,6.0,10.0,4.0,16.0,1.0,42.0,,,0.2973,44.7344,0.4545,45.0385,,,-3.7027,28.7344,-3.0,26.0,-4.0,-5.05,False,False,outdoors,no_prior_season_situational_for_packaged_priors,
2023,10,2023-11-12,NO@MIN,MIN,NO,27.0,19.0,-8.0,46.0,3.0,41.0,,,-3.0539,44.6153,-1.05,45.119,,,4.9460999999999995,-1.3847000000000023,11.0,-5.0,8.0,6.95,False,False,dome,no_prior_season_situational_for_packaged_priors,
2023,10,2023-11-12,NYG@DAL,DAL,NYG,49.0,17.0,-32.0,66.0,-17.5,38.5,,,-4.0058,43.0808,-3.7335,45.1297,,,27.9942,-22.919199999999996,14.5,-27.5,32.0,30.95,True,False,closed,no_prior_season_situational_for_packaged_priors,
2023,10,2023-11-12,NYJ@LV,LV,NYJ,16.0,12.0,-4.0,28.0,1.0,35.5,,,-0.4733,40.4285,-0.6838,45.0828,,,3.5267,12.4285,5.0,7.5,4.0,2.95,False,False,dome,no_prior_season_situational_for_packaged_priors,
2023,10,2023-11-12,SF@JAX,JAX,SF,3.0,34.0,31.0,37.0,3.0,44.5,,,2.7413,43.8375,-1.8422,45.182,,,-28.2587,6.837499999999999,-28.0,7.5,-31.0,-32.05,False,False,outdoors,no_prior_season_situational_for_packaged_priors,
2023,10,2023-11-12,TEN@TB,TB,TEN,20.0,6.0,-14.0,26.0,-2.5,39.5,,,-2.4787,45.4903,-1.05,45.0362,,,11.5213,19.490299999999998,11.5,13.5,14.0,12.95,False,False,outdoors,no_prior_season_situational_for_packaged_priors,
2023,10,2023-11-12,WSH@SEA,SEA,WSH,29.0,26.0,-3.0,55.0,-6.0,44.0,,,-0.9968,44.4392,-2.2268,45.1233,,,2.0032,-10.5608,-3.0,-11.0,3.0,1.95,False,False,outdoors,no_prior_season_situational_for_packaged_priors,
2023,11,2023-11-19,ARI@HOU,HOU,ARI,21.0,16.0,-5.0,37.0,-5.5,48.0,,,-4.7446,43.7222,-3.4388,45.0935,,,0.25539999999999985,6.722200000000001,-0.5,11.0,5.0,3.95,False,False,closed,no_prior_season_situational_for_packaged_priors,
2023,11,2023-11-19,CHI@DET,DET,CHI,31.0,26.0,-5.0,57.0,-8.0,48.0,,,-1.3829,44.8963,-4.1673,45.2067,,,3.6170999999999998,-12.103700000000003,-3.0,-9.0,5.0,3.95,True,False,dome,no_prior_season_situational_for_packaged_priors,
2023,11,2023-11-16,CIN@BAL,BAL,CIN,34.0,20.0,-14.0,54.0,-4.0,46.5,,,-4.6043,46.3192,-1.9754,45.1589,,,9.3957,-7.680799999999998,10.0,-7.5,14.0,12.95,True,False,outdoors,no_prior_season_situational_for_packaged_priors,
2023,11,2023-11-19,DAL@CAR,CAR,DAL,10.0,33.0,23.0,43.0,11.0,43.0,,,5.45,44.7265,2.6814,45.1791,,,-17.55,1.7265000000000015,-12.0,0.0,-23.0,-24.05,False,False,outdoors,no_prior_season_situational_for_packaged_priors,
2023,11,2023-11-19,LAC@GB,GB,LAC,23.0,20.0,-3.0,43.0,3.0,44.0,,,-2.0488,46.0096,-0.3059,45.0482,,,0.9512,3.009599999999999,6.0,1.0,3.0,1.95,False,False,outdoors,no_prior_season_situational_for_packaged_priors,
2023,11,2023-11-19,LV@MIA,MIA,LV,20.0,13.0,-7.0,33.0,-14.0,44.5,,,-3.546,41.688,-2.1265,45.1425,,,3.454,8.688000000000002,-7.0,11.5,7.0,5.95,False,False,outdoors,no_prior_season_situational_for_packaged_priors,
2023,11,2023-11-19,MIN@DEN,DEN,MIN,21.0,20.0,-1.0,41.0,-2.5,43.5,,,0.817,44.1588,-0.0339,45.1142,,,1.817,3.1587999999999994,-1.5,2.5,1.0,-0.050000000000000044,False,False,outdoors,no_prior_season_situational_for_packaged_priors,
2023,11,2023-11-19,NYG@WSH,WSH,NYG,19.0,31.0,12.0,50.0,-7.5,39.0,,,-2.0424,42.5812,-2.4127,45.0182,,,-14.0424,-7.418799999999997,-19.5,-11.0,-12.0,-13.05,True,False,outdoors,no_prior_season_situational_for_packaged_priors,
2023,11,2023-11-19,NYJ@BUF,BUF,NYJ,32.0,6.0,-26.0,38.0,-8.0,39.5,,,-3.2992,42.5148,-1.4162,45.0828,,,22.7008,4.514800000000001,18.0,1.5,26.0,24.95,True,False,outdoors,no_prior_season_situational_for_packaged_priors,
2023,11,2023-11-20,PHI@KC,KC,PHI,17.0,21.0,4.0,38.0,-2.5,46.0,,,-0.6152,44.2636,-0.3638,45.2402,,,-4.6152,6.263599999999997,-6.5,8.0,-4.0,-5.05,False,False,outdoors,no_prior_season_situational_for_packaged_priors,
2023,11,2023-11-19,PIT@CLE,CLE,PIT,13.0,10.0,-3.0,23.0,-2.5,34.0,,,-2.5186,42.4906,-1.05,45.1671,,,0.48139999999999983,19.4906,0.5,11.0,3.0,1.95,True,False,outdoors,no_prior_season_situational_for_packaged_priors,
2023,11,2023-11-19,SEA@LAR,LAR,SEA,17.0,16.0,-1.0,33.0,-2.5,45.0,,,-0.0418,43.49,1.1382,45.141,,,0.9582,10.490000000000002,-1.5,12.0,1.0,-0.050000000000000044,True,False,dome,no_prior_season_situational_for_packaged_priors,
2023,11,2023-11-19,TB@SF,SF,TB,27.0,14.0,-13.0,41.0,-13.5,41.5,,,-4.3478,45.6671,-2.493,45.1394,,,8.6522,4.667099999999998,-0.5,0.5,13.0,11.95,False,False,outdoors,no_prior_season_situational_for_packaged_priors,
2023,11,2023-11-19,TEN@JAX,JAX,TEN,34.0,14.0,-20.0,48.0,-6.5,40.0,,,-3.4322,44.2348,-3.2382,45.141,,,16.5678,-3.7652,13.5,-8.0,20.0,18.95,True,False,outdoors,no_prior_season_situational_for_packaged_priors,
2023,12,2023-11-26,BAL@LAC,LAC,BAL,10.0,20.0,10.0,30.0,3.0,49.0,,,2.5217,44.2382,1.0731,45.1667,,,-7.4783,14.238199999999999,-7.0,19.0,-10.0,-11.05,False,False,dome,no_prior_season_situational_for_packaged_priors,
2023,12,2023-11-26,BUF@PHI,PHI,BUF,37.0,34.0,-3.0,71.0,-2.5,49.0,,,-0.2679,46.3438,-3.285,45.2395,,,2.7321,-24.6562,0.5,-22.0,3.0,1.95,False,False,outdoors,no_prior_season_situational_for_packaged_priors,
2023,12,2023-11-26,CAR@TEN,TEN,CAR,17.0,10.0,-7.0,27.0,-3.5,36.0,,,-2.754,43.7414,-2.4395,44.969,,,4.246,16.7414,3.5,9.0,7.0,5.95,False,False,outdoors,no_prior_season_situational_for_packaged_priors,
2023,12,2023-11-27,CHI@MIN,MIN,CHI,10.0,12.0,2.0,22.0,-3.0,43.5,,,-0.773,42.2162,-2.8705,45.0848,,,-2.773,20.2162,-5.0,21.5,-2.0,-3.05,True,False,dome,no_prior_season_situational_for_packaged_priors,
2023,12,2023-11-26,CLE@DEN,DEN,CLE,29.0,12.0,-17.0,41.0,-1.5,37.5,,,-0.805,41.9152,0.2381,45.1547,,,16.195,0.9151999999999987,15.5,-3.5,17.0,15.95,False,False,outdoors,no_prior_season_situational_for_packaged_priors,
2023,12,2023-11-23,GB@DET,DET,GB,22.0,29.0,7.0,51.0,-8.5,47.0,,,0.7606,45.6256,-3.629,45.2036,,,-6.2394,-5.374400000000001,-15.5,-4.0,-7.0,-8.05,True,False,dome,no_prior_season_situational_for_packaged_priors,
2023,12,2023-11-26,JAX@HOU,HOU,JAX,21.0,24.0,3.0,45.0,1.0,48.0,,,-2.84,45.3901,-0.412,45.164,,,-5.84,0.3900999999999968,-2.0,3.0,-3.0,-4.05,True,False,closed,no_prior_season_situational_for_packaged_priors,
2023,12,2023-11-26,KC@LV,LV,KC,17.0,31.0,14.0,48.0,9.0,42.5,,,1.1037,42.7234,0.5377,45.1532,,,-12.8963,-5.276600000000002,-5.0,-5.5,-14.0,-15.05,True,False,dome,no_prior_season_situational_for_packaged_priors,
2023,12,2023-11-26,LAR@ARI,ARI,LAR,14.0,37.0,23.0,51.0,3.0,45.0,,,1.4353,43.2305,0.4393,45.0173,,,-21.5647,-7.769500000000001,-20.0,-6.0,-23.0,-24.05,True,False,closed,no_prior_season_situational_for_packaged_priors,
2023,12,2023-11-24,MIA@NYJ,NYJ,MIA,13.0,34.0,21.0,47.0,9.5,40.0,,,1.1329,41.4825,0.9008,45.1538,,,-19.8671,-5.517499999999998,-11.5,-7.0,-21.0,-22.05,True,False,outdoors,no_prior_season_situational_for_packaged_priors,
2023,12,2023-11-26,NE@NYG,NYG,NE,10.0,7.0,-3.0,17.0,4.5,36.5,,,0.0857,42.4173,-1.5515,44.9709,,,3.0857,25.417299999999997,7.5,19.5,3.0,1.95,False,False,outdoors,no_prior_season_situational_for_packaged_priors,
2023,12,2023-11-26,NO@ATL,ATL,NO,24.0,15.0,-9.0,39.0,2.0,42.0,,,-1.2642,44.9195,-0.388,45.0756,,,7.7358,5.919499999999999,11.0,3.0,9.0,7.95,True,False,closed,no_prior_season_situational_for_packaged_priors,
2023,12,2023-11-26,PIT@CIN,CIN,PIT,10.0,16.0,6.0,26.0,2.0,36.0,,,0.2317,45.7525,-0.4002,45.1206,,,-5.7683,19.752499999999998,-4.0,10.0,-6.0,-7.05,True,False,outdoors,no_prior_season_situational_for_packaged_priors,
2023,12,2023-11-23,SF@SEA,SEA,SF,13.0,31.0,18.0,44.0,7.0,43.5,,,3.7447,45.1401,-0.412,45.164,,,-14.2553,1.1400999999999968,-11.0,-0.5,-18.0,-19.05,True,False,outdoors,no_prior_season_situational_for_packaged_priors,
2023,12,2023-11-26,TB@IND,IND,TB,27.0,20.0,-7.0,47.0,-2.5,45.0,,,-3.372,45.6289,-1.712,45.0756,,,3.628,-1.3710999999999984,4.5,-2.0,7.0,5.95,False,False,closed,no_prior_season_situational_for_packaged_priors,
2023,12,2023-11-23,WSH@DAL,DAL,WSH,45.0,10.0,-35.0,55.0,-13.0,48.0,,,-7.4901,46.3237,-3.2451,45.1556,,,27.509900000000002,-8.676299999999998,22.0,-7.0,35.0,33.95,True,False,closed,no_prior_season_situational_for_packaged_priors,
2023,13,2023-12-03,ARI@PIT,PIT,ARI,10.0,24.0,14.0,34.0,-6.0,41.0,,,-4.4635,43.7173,-4.1944,45.1456,,,-18.4635,9.717300000000002,-20.0,7.0,-14.0,-15.05,False,False,outdoors,no_prior_season_situational_for_packaged_priors,
2023,13,2023-12-03,ATL@NYJ,NYJ,ATL,8.0,13.0,5.0,21.0,2.0,33.0,,,0.7451,41.6229,-0.4436,45.0559,,,-4.2549,20.6229,-3.0,12.0,-5.0,-6.05,False,False,outdoors,no_prior_season_situational_for_packaged_priors,
2023,13,2023-12-03,CAR@TB,TB,CAR,21.0,18.0,-3.0,39.0,-4.0,37.0,,,-3.1942,44.1344,-2.9353,44.9988,,,-0.19419999999999993,5.134399999999999,-1.0,-2.0,3.0,1.95,True,False,outdoors,no_prior_season_situational_for_packaged_priors,
2023,13,2023-12-04,CIN@JAX,JAX,CIN,31.0,34.0,3.0,65.0,-10.0,41.0,,,-1.0717,47.4955,-2.8099,45.1648,,,-4.0717,-17.5045,-13.0,-24.0,-3.0,-4.05,False,False,outdoors,no_prior_season_situational_for_packaged_priors,
2023,13,2023-12-03,CLE@LAR,LAR,CLE,36.0,19.0,-17.0,55.0,-3.5,39.5,,,0.6084,42.3759,0.1327,45.1282,,,17.6084,-12.624099999999999,13.5,-15.5,17.0,15.95,False,False,dome,no_prior_season_situational_for_packaged_priors,
2023,13,2023-12-03,DEN@HOU,HOU,DEN,22.0,17.0,-5.0,39.0,-3.5,47.5,,,-1.4325,43.8253,-1.05,45.1145,,,3.5675,4.825299999999999,1.5,8.5,5.0,3.95,False,False,closed,no_prior_season_situational_for_packaged_priors,
2023,13,2023-12-03,DET@NO,NO,DET,28.0,33.0,5.0,61.0,4.0,47.5,,,1.0983,46.3518,0.7099,45.1648,,,-3.9017,-14.648200000000003,-1.0,-13.5,-5.0,-6.05,False,False,dome,no_prior_season_situational_for_packaged_priors,
2023,13,2023-12-03,IND@TEN,TEN,IND,28.0,31.0,3.0,59.0,1.5,42.0,,,0.9744,45.4686,0.1528,45.0876,,,-2.0256,-13.531399999999998,-1.5,-17.0,-3.0,-4.05,True,False,outdoors,no_prior_season_situational_for_packaged_priors,
2023,13,2023-12-03,KC@GB,GB,KC,27.0,19.0,-8.0,46.0,5.5,43.5,,,-3.4368,45.8206,0.7099,45.1648,,,4.5632,-0.17940000000000111,13.5,-2.5,8.0,6.95,False,False,outdoors,no_prior_season_situational_for_packaged_priors,
2023,13,2023-12-03,LAC@NE,NE,LAC,0.0,6.0,6.0,6.0,4.5,38.5,,,-0.3488,43.0042,0.1953,45.0018,,,-6.3488,37.0042,-1.5,32.5,-6.0,-7.05,False,False,outdoors,no_prior_season_situational_for_packaged_priors,
2023,13,2023-12-03,MIA@WSH,WSH,MIA,15.0,45.0,30.0,60.0,8.5,50.0,,,5.45,45.5623,1.5226,45.1726,,,-24.55,-14.4377,-21.5,-10.0,-30.0,-31.05,False,False,outdoors,no_prior_season_situational_for_packaged_priors,
2023,13,2023-11-30,SEA@DAL,DAL,SEA,41.0,35.0,-6.0,76.0,-9.5,47.5,,,-7.55,46.2446,-2.2132,45.1674,,,-1.5499999999999998,-29.7554,-3.5,-28.5,6.0,4.95,False,False,closed,no_prior_season_situational_for_packaged_priors,
2023,13,2023-12-03,SF@PHI,PHI,SF,19.0,42.0,23.0,61.0,3.0,46.5,,,3.4852,47.5737,-2.176,45.2419,,,-19.5148,-13.426299999999998,-20.0,-14.5,-23.0,-24.05,False,False,outdoors,no_prior_season_situational_for_packaged_priors,
2023,14,2023-12-10,BUF@KC,KC,BUF,17.0,20.0,3.0,37.0,-2.0,49.5,,,0.0049,46.02,-2.1265,45.1425,,,-2.9951,9.020000000000003,-5.0,12.5,-3.0,-4.05,False,False,outdoors,no_prior_season_situational_for_packaged_priors,
2023,14,2023-12-10,CAR@NO,NO,CAR,28.0,6.0,-22.0,34.0,-5.5,39.0,,,-2.7882,42.7825,-3.345,45.027,,,19.2118,8.782499999999999,16.5,5.0,22.0,20.95,True,False,dome,no_prior_season_situational_for_packaged_priors,
2023,14,2023-12-10,DEN@LAC,LAC,DEN,7.0,24.0,17.0,31.0,-3.0,45.0,,,2.2995,42.8519,-0.4992,45.0781,,,-14.7005,11.8519,-20.0,14.0,-17.0,-18.05,True,False,dome,no_prior_season_situational_for_packaged_priors,
2023,14,2023-12-10,DET@CHI,CHI,DET,28.0,13.0,-15.0,41.0,3.0,44.5,,,-2.9441,44.9476,1.6658,45.185,,,12.0559,3.9476000000000013,18.0,3.5,15.0,13.95,True,False,outdoors,no_prior_season_situational_for_packaged_priors,
2023,14,2023-12-11,GB@NYG,NYG,GB,24.0,22.0,-2.0,46.0,6.0,37.5,,,2.4875,44.8746,0.0604,45.0679,,,4.4875,-1.125399999999999,8.0,-8.5,2.0,0.95,False,False,outdoors,no_prior_season_situational_for_packaged_priors,
2023,14,2023-12-10,HOU@NYJ,NYJ,HOU,30.0,6.0,-24.0,36.0,3.5,33.5,,,-0.4142,41.1257,0.6032,45.1019,,,23.5858,5.125700000000002,27.5,-2.5,24.0,22.95,False,False,outdoors,no_prior_season_situational_for_packaged_priors,
2023,14,2023-12-10,IND@CIN,CIN,IND,34.0,14.0,-20.0,48.0,-3.0,45.0,,,1.4079,45.9807,-0.5077,45.1157,,,21.4079,-2.019300000000001,17.0,-3.0,20.0,18.95,False,False,outdoors,no_prior_season_situational_for_packaged_priors,
2023,14,2023-12-10,JAX@CLE,CLE,JAX,31.0,27.0,-4.0,58.0,-2.5,37.5,,,-2.891,44.376,-0.5159,45.1521,,,1.109,-13.624000000000002,1.5,-20.5,4.0,2.95,False,False,outdoors,no_prior_season_situational_for_packaged_priors,
2023,14,2023-12-10,LAR@BAL,BAL,LAR,37.0,31.0,-6.0,68.0,-7.5,42.0,,,-3.435,44.8335,-2.6531,45.1745,,,2.565,-23.1665,-1.5,-26.0,6.0,4.95,False,False,outdoors,no_prior_season_situational_for_packaged_priors,
2023,14,2023-12-10,MIN@LV,LV,MIN,0.0,3.0,3.0,3.0,3.0,40.5,,,-0.4309,40.7507,-0.4992,45.0781,,,-3.4309,37.7507,0.0,37.5,-3.0,-4.05,False,False,dome,no_prior_season_situational_for_packaged_priors,
2023,14,2023-12-07,NE@PIT,PIT,NE,18.0,21.0,3.0,39.0,-6.0,30.0,,,-0.5371,42.2563,-3.8521,45.1132,,,-3.5371,3.256300000000003,-9.0,-9.0,-3.0,-4.05,False,False,outdoors,no_prior_season_situational_for_packaged_priors,
2023,14,2023-12-10,PHI@DAL,DAL,PHI,33.0,13.0,-20.0,46.0,-3.5,52.5,,,-7.0527,46.6107,-0.5316,45.2215,,,12.9473,0.6107000000000014,16.5,6.5,20.0,18.95,True,False,closed,no_prior_season_situational_for_packaged_priors,
2023,14,2023-12-10,SEA@SF,SF,SEA,28.0,16.0,-12.0,44.0,-14.5,44.5,,,-7.55,46.2035,-2.6531,45.1745,,,4.45,2.2034999999999982,-2.5,0.5,12.0,10.95,True,False,outdoors,no_prior_season_situational_for_packaged_priors,
2023,14,2023-12-10,TB@ATL,ATL,TB,25.0,29.0,4.0,54.0,-1.5,41.5,,,-1.4589,43.4806,-1.6008,45.0781,,,-5.4589,-10.519399999999997,-5.5,-12.5,-4.0,-5.05,True,False,closed,no_prior_season_situational_for_packaged_priors,
2023,14,2023-12-11,TEN@MIA,MIA,TEN,27.0,28.0,1.0,55.0,-14.0,45.0,,,-4.4683,44.4178,-3.7658,45.185,,,-5.4683,-10.5822,-15.0,-10.0,-1.0,-2.05,False,False,outdoors,no_prior_season_situational_for_packaged_priors,
2023,15,2023-12-17,ATL@CAR,CAR,ATL,9.0,7.0,-2.0,16.0,3.0,32.0,,,0.998,41.394,1.5892,45.0532,,,2.998,25.394,5.0,16.0,2.0,0.95,True,False,outdoors,no_prior_season_situational_for_packaged_priors,
2023,15,2023-12-17,BAL@JAX,JAX,BAL,7.0,23.0,16.0,30.0,4.0,42.5,,,0.6448,45.5504,-0.0758,45.1872,,,-15.3552,15.550400000000003,-12.0,12.5,-16.0,-17.05,False,False,outdoors,no_prior_season_situational_for_packaged_priors,
2023,15,2023-12-17,CHI@CLE,CLE,CHI,20.0,17.0,-3.0,37.0,-3.0,38.0,,,0.6318,41.1537,-2.564,45.1166,,,3.6318,4.153700000000001,0.0,1.0,3.0,1.95,False,False,outdoors,no_prior_season_situational_for_packaged_priors,
2023,15,2023-12-17,DAL@BUF,BUF,DAL,31.0,10.0,-21.0,41.0,-2.0,49.5,,,-0.2311,45.4799,0.4219,45.1829,,,20.7689,4.479900000000001,19.0,8.5,21.0,19.95,False,False,outdoors,no_prior_season_situational_for_packaged_priors,
2023,15,2023-12-16,DEN@DET,DET,DEN,42.0,17.0,-25.0,59.0,-5.5,49.0,,,-1.3305,44.1706,-2.0379,45.1547,,,23.6695,-14.8294,19.5,-10.0,25.0,23.95,False,False,dome,no_prior_season_situational_for_packaged_priors,
2023,15,2023-12-17,HOU@TEN,TEN,HOU,16.0,19.0,3.0,35.0,-3.0,38.0,,,-1.2029,43.2927,-0.0337,45.0867,,,-4.2029,8.292700000000004,-6.0,3.0,-3.0,-4.05,True,False,outdoors,no_prior_season_situational_for_packaged_priors,
2023,15,2023-12-17,KC@NE,NE,KC,17.0,27.0,10.0,44.0,10.0,39.5,,,0.0265,43.0118,1.5124,45.1232,,,-9.9735,-0.9881999999999991,0.0,-4.5,-10.0,-11.05,False,False,outdoors,no_prior_season_situational_for_packaged_priors,
2023,15,2023-12-14,LAC@LV,LV,LAC,63.0,21.0,-42.0,84.0,-3.0,36.0,,,-3.5676,41.7022,-1.05,45.0407,,,38.4324,-42.2978,39.0,-48.0,42.0,40.95,True,False,dome,no_prior_season_situational_for_packaged_priors,
2023,15,2023-12-16,MIN@CIN,CIN,MIN,27.0,24.0,-3.0,51.0,-3.0,41.5,,,-0.3694,45.0292,-1.05,45.1114,,,2.6306,-5.970799999999997,0.0,-9.5,3.0,1.95,False,False,outdoors,no_prior_season_situational_for_packaged_priors,
2023,15,2023-12-17,NYG@NO,NO,NYG,24.0,6.0,-18.0,30.0,-6.0,39.5,,,-3.6023,43.1583,-1.5618,45.0614,,,14.3977,13.158299999999997,12.0,9.5,18.0,16.95,False,False,dome,no_prior_season_situational_for_packaged_priors,
2023,15,2023-12-17,NYJ@MIA,MIA,NYJ,30.0,0.0,-30.0,30.0,-7.5,36.0,,,-5.1126,42.7161,-3.0552,45.1508,,,24.8874,12.716099999999997,22.5,6.0,30.0,28.95,True,False,outdoors,no_prior_season_situational_for_packaged_priors,
2023,15,2023-12-18,PHI@SEA,SEA,PHI,20.0,17.0,-3.0,37.0,5.0,46.0,,,-0.8078,47.4006,0.9271,45.1834,,,2.1922,10.400599999999997,8.0,9.0,3.0,1.95,False,False,outdoors,no_prior_season_situational_for_packaged_priors,
2023,15,2023-12-16,PIT@IND,IND,PIT,30.0,13.0,-17.0,43.0,-1.5,41.5,,,-3.6789,43.336,-1.05,45.1114,,,13.3211,0.3359999999999985,15.5,-1.5,17.0,15.95,False,False,closed,no_prior_season_situational_for_packaged_priors,
2023,15,2023-12-17,SF@ARI,ARI,SF,29.0,45.0,16.0,74.0,12.5,48.0,,,4.5023,46.9063,2.4908,45.2168,,,-11.4977,-27.0937,-3.5,-26.0,-16.0,-17.05,True,False,open,no_prior_season_situational_for_packaged_priors,
2023,15,2023-12-17,TB@GB,GB,TB,20.0,34.0,14.0,54.0,-4.0,41.5,,,-1.3674,47.7367,-1.05,45.0766,,,-15.3674,-6.263300000000001,-18.0,-12.5,-14.0,-15.05,False,False,outdoors,no_prior_season_situational_for_packaged_priors,
2023,15,2023-12-17,WSH@LAR,LAR,WSH,28.0,20.0,-8.0,48.0,-6.5,48.5,,,-7.1096,46.5734,-2.0812,45.0512,,,0.8903999999999996,-1.4266000000000005,1.5,0.5,8.0,6.95,False,False,dome,no_prior_season_situational_for_packaged_priors,
2023,16,2023-12-24,ARI@CHI,CHI,ARI,27.0,16.0,-11.0,43.0,-4.5,42.0,,,-6.315,44.2998,-2.0258,45.0023,,,4.685,1.2997999999999976,6.5,-1.0,11.0,9.95,False,False,outdoors,no_prior_season_situational_for_packaged_priors,
2023,16,2023-12-25,BAL@SF,SF,BAL,19.0,33.0,14.0,52.0,-6.5,47.5,,,-1.5066,46.0576,-1.05,45.2164,,,-15.5066,-5.942399999999999,-20.5,-4.5,-14.0,-15.05,False,False,outdoors,no_prior_season_situational_for_packaged_priors,
2023,16,2023-12-23,BUF@LAC,LAC,BUF,22.0,24.0,2.0,46.0,13.0,44.5,,,4.3945,43.6229,0.3652,45.0975,,,2.3945,-2.3770999999999987,11.0,-1.5,-2.0,-3.05,False,False,dome,no_prior_season_situational_for_packaged_priors,
2023,16,2023-12-23,CIN@PIT,PIT,CIN,34.0,11.0,-23.0,45.0,3.0,39.5,,,-2.5831,45.2683,-0.5847,45.1123,,,20.4169,0.26830000000000354,26.0,-5.5,23.0,21.95,True,False,outdoors,no_prior_season_situational_for_packaged_priors,
2023,16,2023-12-24,CLE@HOU,HOU,CLE,22.0,36.0,14.0,58.0,3.0,40.0,,,0.0689,41.3509,-0.5907,45.1436,,,-13.9311,-16.649099999999997,-11.0,-18.0,-14.0,-15.05,False,False,closed,no_prior_season_situational_for_packaged_priors,
2023,16,2023-12-24,DAL@MIA,MIA,DAL,22.0,20.0,-2.0,42.0,-1.5,48.5,,,-4.1195,45.4388,-1.05,45.1871,,,-2.1195000000000004,3.4388000000000005,0.5,6.5,2.0,0.95,False,False,outdoors,no_prior_season_situational_for_packaged_priors,
2023,16,2023-12-24,DET@MIN,MIN,DET,24.0,30.0,6.0,54.0,2.5,47.5,,,1.0604,44.5051,0.3283,45.1602,,,-4.9396,-9.494900000000001,-3.5,-6.5,-6.0,-7.05,True,False,dome,no_prior_season_situational_for_packaged_priors,
2023,16,2023-12-24,GB@CAR,CAR,GB,30.0,33.0,3.0,63.0,3.5,39.5,,,0.2009,46.1558,0.9029,45.0305,,,-2.7991,-16.8442,0.5,-23.5,-3.0,-4.05,False,False,outdoors,no_prior_season_situational_for_packaged_priors,
2023,16,2023-12-24,IND@ATL,ATL,IND,29.0,10.0,-19.0,39.0,-3.0,44.0,,,-2.204,42.8524,-0.113,45.1027,,,16.796,3.852400000000003,16.0,5.0,19.0,17.95,False,False,closed,no_prior_season_situational_for_packaged_priors,
2023,16,2023-12-24,JAX@TB,TB,JAX,30.0,12.0,-18.0,42.0,2.0,43.0,,,-3.5837,45.185,-0.5847,45.1123,,,14.4163,3.1850000000000023,20.0,1.0,18.0,16.95,False,False,outdoors,no_prior_season_situational_for_packaged_priors,
2023,16,2023-12-25,LV@KC,KC,LV,14.0,20.0,6.0,34.0,-11.0,40.5,,,-1.8452,42.9627,-2.4465,45.1293,,,-7.8452,8.962699999999998,-17.0,6.5,-6.0,-7.05,True,False,outdoors,no_prior_season_situational_for_packaged_priors,
2023,16,2023-12-24,NE@DEN,DEN,NE,23.0,26.0,3.0,49.0,-7.0,37.5,,,-1.1204,41.0132,-2.9762,45.0641,,,-4.1204,-7.986800000000002,-10.0,-11.5,-3.0,-4.05,False,False,outdoors,no_prior_season_situational_for_packaged_priors,
2023,16,2023-12-21,NO@LAR,LAR,NO,30.0,22.0,-8.0,52.0,-4.0,45.5,,,-3.3421,45.1949,-1.05,45.0941,,,4.6579,-6.805100000000003,4.0,-6.5,8.0,6.95,False,False,dome,no_prior_season_situational_for_packaged_priors,
2023,16,2023-12-25,NYG@PHI,PHI,NYG,33.0,25.0,-8.0,58.0,-14.0,41.0,,,-0.9663,45.6581,-3.3793,45.1633,,,7.0337,-12.341900000000003,-6.0,-17.0,8.0,6.95,True,False,outdoors,no_prior_season_situational_for_packaged_priors,
2023,16,2023-12-24,SEA@TEN,TEN,SEA,17.0,20.0,3.0,37.0,3.0,42.0,,,-3.6086,46.5632,-0.1004,45.0702,,,-6.6086,9.563200000000002,0.0,5.0,-3.0,-4.05,False,False,outdoors,no_prior_season_situational_for_packaged_priors,
2023,16,2023-12-24,WSH@NYJ,NYJ,WSH,30.0,28.0,-2.0,58.0,-3.0,36.5,,,-3.6129,41.9356,-1.5345,45.0128,,,-1.6128999999999998,-16.0644,-1.0,-21.5,2.0,0.95,False,False,outdoors,no_prior_season_situational_for_packaged_priors,
2023,17,2023-12-31,ARI@PHI,PHI,ARI,31.0,35.0,4.0,66.0,-12.0,48.0,,,-2.4749,49.6149,-4.5789,45.2008,,,-6.4749,-16.3851,-16.0,-18.0,-4.0,-5.05,False,False,outdoors,no_prior_season_situational_for_packaged_priors,
2023,17,2023-12-31,ATL@CHI,CHI,ATL,37.0,17.0,-20.0,54.0,-3.0,39.0,,,-2.8256,41.3914,-0.6073,45.0655,,,17.1744,-12.608600000000003,17.0,-15.0,20.0,18.95,False,False,outdoors,no_prior_season_situational_for_packaged_priors,
2023,17,2023-12-31,CAR@JAX,JAX,CAR,26.0,0.0,-26.0,26.0,-3.5,38.0,,,-2.9834,42.6104,-3.7612,45.0883,,,23.0166,16.6104,22.5,12.0,26.0,24.95,False,False,outdoors,no_prior_season_situational_for_packaged_priors,
2023,17,2023-12-31,CIN@KC,KC,CIN,25.0,17.0,-8.0,42.0,-7.5,46.0,,,-3.3,46.0493,-1.4818,45.1257,,,4.7,4.049300000000002,0.5,4.0,8.0,6.95,False,False,outdoors,no_prior_season_situational_for_packaged_priors,
2023,17,2023-12-30,DET@DAL,DAL,DET,20.0,19.0,-1.0,39.0,-5.5,53.0,,,0.9669,46.322,-0.6285,45.1829,,,1.9668999999999999,7.322000000000003,-4.5,14.0,1.0,-0.050000000000000044,False,False,closed,no_prior_season_situational_for_packaged_priors,
2023,17,2023-12-31,GB@MIN,MIN,GB,10.0,33.0,23.0,43.0,-1.0,42.5,,,3.3211,45.9373,-1.05,45.0789,,,-19.6789,2.9373000000000005,-24.0,-0.5,-23.0,-24.05,True,False,dome,no_prior_season_situational_for_packaged_priors,
2023,17,2023-12-31,LAC@DEN,DEN,LAC,16.0,9.0,-7.0,25.0,-3.5,39.5,,,-3.2079,41.8655,-1.941,45.0558,,,3.7921,16.865499999999997,3.5,14.5,7.0,5.95,True,False,outdoors,no_prior_season_situational_for_packaged_priors,
2023,17,2023-12-31,LAR@NYG,NYG,LAR,25.0,26.0,1.0,51.0,6.0,43.5,,,2.3299,44.6428,0.2785,45.0809,,,1.3298999999999999,-6.357199999999999,5.0,-7.5,-1.0,-2.05,False,False,outdoors,no_prior_season_situational_for_packaged_priors,
2023,17,2023-12-31,LV@IND,IND,LV,23.0,20.0,-3.0,43.0,-3.5,42.5,,,-0.6085,43.8659,-1.4872,45.096,,,2.3914999999999997,0.8659000000000034,-0.5,-0.5,3.0,1.95,False,False,closed,no_prior_season_situational_for_packaged_priors,
2023,17,2023-12-31,MIA@BAL,BAL,MIA,56.0,19.0,-37.0,75.0,-3.0,47.0,,,-3.8688,45.8603,-1.4665,45.2104,,,33.1312,-29.139699999999998,34.0,-28.0,37.0,35.95,False,False,outdoors,no_prior_season_situational_for_packaged_priors,
2023,17,2023-12-31,NE@BUF,BUF,NE,27.0,21.0,-6.0,48.0,-15.0,40.0,,,-4.0233,42.4292,-3.2657,45.1117,,,1.9767000000000001,-5.570799999999998,-9.0,-8.0,6.0,4.95,True,False,outdoors,no_prior_season_situational_for_packaged_priors,
2023,17,2023-12-31,NO@TB,TB,NO,13.0,23.0,10.0,36.0,-2.5,42.5,,,-1.0889,44.2581,-1.4872,45.096,,,-11.0889,8.258099999999999,-12.5,6.5,-10.0,-11.05,True,False,outdoors,no_prior_season_situational_for_packaged_priors,
2023,17,2023-12-28,NYJ@CLE,CLE,NYJ,37.0,20.0,-17.0,57.0,-6.5,33.5,,,-1.8894,40.6008,-2.7891,45.1387,,,15.1106,-16.3992,10.5,-23.5,17.0,15.95,False,False,outdoors,no_prior_season_situational_for_packaged_priors,
2023,17,2023-12-31,PIT@SEA,SEA,PIT,23.0,30.0,7.0,53.0,-4.5,40.5,,,0.9855,47.4252,-1.05,45.1091,,,-6.0145,-5.574800000000003,-11.5,-12.5,-7.0,-8.05,False,False,outdoors,no_prior_season_situational_for_packaged_priors,
2023,17,2023-12-31,SF@WSH,WSH,SF,10.0,27.0,17.0,37.0,14.0,49.0,,,5.45,46.0483,2.0166,45.1862,,,-11.55,9.048299999999998,-3.0,12.0,-17.0,-18.05,False,False,outdoors,no_prior_season_situational_for_packaged_priors,
2023,17,2023-12-31,TEN@HOU,HOU,TEN,26.0,3.0,-23.0,29.0,-5.0,44.0,,,-2.7508,42.0157,-2.3785,45.0809,,,20.249200000000002,13.015700000000002,18.0,15.0,23.0,21.95,True,False,closed,no_prior_season_situational_for_packaged_priors,
2023,18,2024-01-07,ATL@NO,NO,ATL,48.0,17.0,-31.0,65.0,-3.5,41.5,,,-4.2443,43.0633,-1.4623,45.0816,,,26.7557,-21.936700000000002,27.5,-23.5,31.0,29.95,True,False,dome,no_prior_season_situational_for_packaged_priors,
2023,18,2024-01-07,BUF@MIA,MIA,BUF,14.0,21.0,7.0,35.0,2.5,47.5,,,1.2416,45.3882,-1.4483,45.1642,,,-5.7584,10.388199999999998,-4.5,12.5,-7.0,-8.05,True,False,outdoors,no_prior_season_situational_for_packaged_priors,
2023,18,2024-01-07,CHI@GB,GB,CHI,17.0,9.0,-8.0,26.0,-2.5,45.5,,,-2.0791,45.5625,-1.4623,45.0816,,,5.9209,19.5625,5.5,19.5,8.0,6.95,True,False,outdoors,no_prior_season_situational_for_packaged_priors,
2023,18,2024-01-07,CLE@CIN,CIN,CLE,31.0,14.0,-17.0,45.0,-7.5,37.0,,,0.0898,42.8405,0.1589,45.1501,,,17.0898,-2.1595000000000013,9.5,-8.0,17.0,15.95,True,False,outdoors,no_prior_season_situational_for_packaged_priors,
2023,18,2024-01-07,DAL@WSH,WSH,DAL,10.0,38.0,28.0,48.0,13.0,47.5,,,5.45,45.5561,1.841,45.1618,,,-22.55,-2.4438999999999993,-15.0,-0.5,-28.0,-29.05,True,False,outdoors,no_prior_season_situational_for_packaged_priors,
2023,18,2024-01-07,DEN@LV,LV,DEN,27.0,14.0,-13.0,41.0,-3.5,37.5,,,-3.1143,42.9074,-0.6377,45.0816,,,9.8857,1.9074000000000026,9.5,-3.5,13.0,11.95,True,False,dome,no_prior_season_situational_for_packaged_priors,
2023,18,2024-01-06,HOU@IND,IND,HOU,19.0,23.0,4.0,42.0,1.5,47.5,,,-0.7025,43.2404,-1.05,45.122,,,-4.7025,1.240400000000001,-2.5,5.5,-4.0,-5.05,True,False,closed,no_prior_season_situational_for_packaged_priors,
2023,18,2024-01-07,JAX@TEN,TEN,JAX,28.0,20.0,-8.0,48.0,3.5,41.5,,,0.1929,43.0959,0.6096,45.0925,,,8.1929,-4.9041,11.5,-6.5,8.0,6.95,True,False,outdoors,no_prior_season_situational_for_packaged_priors,
2023,18,2024-01-07,KC@LAC,LAC,KC,12.0,13.0,1.0,25.0,-3.5,35.0,,,2.2866,42.2396,1.0131,45.1216,,,1.2866,17.239600000000003,-4.5,10.0,-1.0,-2.05,True,False,dome,no_prior_season_situational_for_packaged_priors,
2023,18,2024-01-07,LAR@SF,SF,LAR,20.0,21.0,1.0,41.0,-5.5,40.0,,,-2.7575,47.1313,-2.2452,45.1767,,,-3.7575,6.131300000000003,-6.5,-1.0,-1.0,-2.05,True,False,outdoors,no_prior_season_situational_for_packaged_priors,
2023,18,2024-01-07,MIN@DET,DET,MIN,30.0,20.0,-10.0,50.0,-3.5,47.5,,,-5.749,45.8829,-2.6715,45.1478,,,4.251,-4.117100000000001,6.5,-2.5,10.0,8.95,True,False,dome,no_prior_season_situational_for_packaged_priors,
2023,18,2024-01-07,NYJ@NE,NE,NYJ,3.0,17.0,14.0,20.0,-2.5,28.5,,,-1.05,40.3,-0.2006,45.0132,,,-15.05,20.299999999999997,-16.5,8.5,-14.0,-15.05,True,False,outdoors,no_prior_season_situational_for_packaged_priors,
2023,18,2024-01-07,PHI@NYG,NYG,PHI,27.0,10.0,-17.0,37.0,4.5,43.0,,,-1.2907,45.351,1.4124,45.1535,,,15.7093,8.350999999999999,21.5,6.0,17.0,15.95,True,False,outdoors,no_prior_season_situational_for_packaged_priors,
2023,18,2024-01-06,PIT@BAL,BAL,PIT,10.0,17.0,7.0,27.0,3.0,34.0,,,-3.0797,44.2357,-2.6351,45.2005,,,-10.079699999999999,17.2357,-4.0,7.0,-7.0,-8.05,True,False,outdoors,no_prior_season_situational_for_packaged_priors,
2023,18,2024-01-07,SEA@ARI,ARI,SEA,20.0,21.0,1.0,41.0,2.5,48.0,,,-1.2837,50.3,0.6294,45.0639,,,-2.2837,9.299999999999997,1.5,7.0,-1.0,-2.05,True,False,closed,no_prior_season_situational_for_packaged_priors,
2023,18,2024-01-07,TB@CAR,CAR,TB,0.0,9.0,9.0,9.0,5.0,36.5,,,2.5604,42.7072,1.5015,45.07,,,-6.4396,33.7072,-4.0,27.5,-9.0,-10.05,True,False,outdoors,no_prior_season_situational_for_packaged_priors,
2023,19,2024-01-13,CLE@HOU,HOU,CLE,45.0,14.0,-31.0,59.0,2.5,45.0,,,-4.0942,42.0478,-0.6725,45.1475,,,26.9058,-16.952199999999998,33.5,-14.0,31.0,29.95,False,False,closed,no_prior_season_situational_for_packaged_priors,
2023,19,2024-01-14,GB@DAL,DAL,GB,32.0,48.0,16.0,80.0,-7.0,52.5,,,1.8398,48.6536,-2.1828,45.1587,,,-14.1602,-31.346400000000003,-23.0,-27.5,-16.0,-17.05,False,False,closed,no_prior_season_situational_for_packaged_priors,
2023,19,2024-01-14,LAR@DET,DET,LAR,24.0,23.0,-1.0,47.0,-3.5,52.5,,,-1.8944,48.003,-1.801,45.1643,,,-0.8944000000000001,1.0030000000000001,-2.5,5.5,1.0,-0.050000000000000044,False,False,dome,no_prior_season_situational_for_packaged_priors,
2023,19,2024-01-13,MIA@KC,KC,MIA,26.0,7.0,-19.0,33.0,-4.5,43.5,,,-3.437,43.3676,-1.05,45.1587,,,15.563,10.367600000000003,14.5,10.5,19.0,17.95,False,False,outdoors,no_prior_season_situational_for_packaged_priors,
2023,19,2024-01-15,PHI@TB,TB,PHI,32.0,9.0,-23.0,41.0,2.5,43.0,,,-4.8333,45.9707,-0.2909,45.139,,,18.1667,4.970700000000001,25.5,2.0,23.0,21.95,False,False,outdoors,no_prior_season_situational_for_packaged_priors,
2023,19,2024-01-15,PIT@BUF,BUF,PIT,31.0,17.0,-14.0,48.0,-10.0,39.5,,,-3.3421,44.7668,-1.4275,45.1475,,,10.6579,-3.2331999999999965,4.0,-8.5,14.0,12.95,False,False,outdoors,no_prior_season_situational_for_packaged_priors,
2023,20,2024-01-20,GB@SF,SF,GB,24.0,21.0,-3.0,45.0,-10.5,50.5,,,0.4981,48.2692,-2.0126,45.1608,,,3.4981,3.269199999999998,-7.5,5.5,3.0,1.95,False,False,outdoors,no_prior_season_situational_for_packaged_priors,
2023,20,2024-01-20,HOU@BAL,BAL,HOU,34.0,10.0,-24.0,44.0,-10.0,44.0,,,-3.2272,43.8741,-2.0234,45.1853,,,20.7728,-0.12590000000000146,14.0,0.0,24.0,22.95,False,False,outdoors,no_prior_season_situational_for_packaged_priors,
2023,20,2024-01-21,KC@BUF,BUF,KC,24.0,27.0,3.0,51.0,-2.5,45.5,,,-1.531,44.4349,-1.05,45.1671,,,-4.531,-6.565100000000001,-5.5,-5.5,-3.0,-4.05,False,False,outdoors,no_prior_season_situational_for_packaged_priors,
2023,20,2024-01-21,TB@DET,DET,TB,31.0,23.0,-8.0,54.0,-6.0,49.5,,,-0.8174,46.2646,-2.1157,45.1664,,,7.1826,-7.7353999999999985,2.0,-4.5,8.0,6.95,False,False,dome,no_prior_season_situational_for_packaged_priors,
2023,21,2024-01-28,DET@SF,SF,DET,34.0,31.0,-3.0,65.0,-7.5,52.5,,,-2.085,48.4503,-0.9581,45.1935,,,0.915,-16.5497,-4.5,-12.5,3.0,1.95,False,False,outdoors,no_prior_season_situational_for_packaged_priors,
2023,21,2024-01-28,KC@BAL,BAL,KC,10.0,17.0,7.0,27.0,-4.5,44.0,,,-1.7977,44.1776,-1.6384,45.1974,,,-8.7977,17.177599999999998,-11.5,17.0,-7.0,-8.05,False,False,outdoors,no_prior_season_situational_for_packaged_priors,
2023,22,2024-02-11,SF@KC,KC,SF,25.0,22.0,-3.0,47.0,1.5,47.0,,,-0.9611,45.8013,-0.8178,45.1893,,,2.0389,-1.1987000000000023,4.5,0.0,3.0,1.95,False,False,dome,no_prior_season_situational_for_packaged_priors,
2024,1,2024-09-08,ARI@BUF,BUF,ARI,34.0,28.0,-6.0,62.0,-6.5,46.0,-6.2104,46.0952,-3.5674,48.8979,-1.05,44.8435,-0.21039999999999992,-15.904800000000002,2.4326,-13.1021,-0.5,-16.0,6.0,4.95,False,True,outdoors,,
2024,1,2024-09-05,BAL@KC,KC,BAL,27.0,20.0,-7.0,47.0,-3.0,46.0,0.1107,44.1032,-1.8391,50.0321,-1.05,44.8435,7.1107,-2.896799999999999,5.1609,3.0321,4.0,-1.0,7.0,5.95,False,True,outdoors,,
2024,1,2024-09-08,CAR@NO,NO,CAR,47.0,10.0,-37.0,57.0,-3.5,41.5,-4.7333,43.2593,-7.55,45.3,-1.05,44.8435,32.2667,-13.740699999999997,29.45,-11.700000000000003,33.5,-15.5,37.0,35.95,True,True,dome,,
2024,1,2024-09-08,DAL@CLE,CLE,DAL,17.0,33.0,16.0,50.0,-2.5,42.0,0.7776,42.8001,1.2595,41.5656,-1.05,44.8435,-15.2224,-7.1998999999999995,-14.7405,-8.434399999999997,-18.5,-8.0,-16.0,-17.05,False,True,outdoors,,
2024,1,2024-09-08,DEN@SEA,SEA,DEN,26.0,20.0,-6.0,46.0,-6.5,42.0,-1.8666,45.6294,-2.8782,41.2498,-1.05,44.8435,4.1334,-0.37060000000000315,3.1218,-4.7501999999999995,-0.5,-4.0,6.0,4.95,False,True,outdoors,,
2024,1,2024-09-06,GB@PHI,PHI,GB,34.0,29.0,-5.0,63.0,-2.0,49.5,0.0683,47.0721,1.4253,48.9256,-1.05,44.8435,5.0683,-15.927900000000001,6.4253,-14.074399999999997,3.0,-13.5,5.0,3.95,False,True,outdoors,,
2024,1,2024-09-08,HOU@IND,IND,HOU,27.0,29.0,2.0,56.0,3.0,49.0,-0.5565,44.3247,-0.1046,48.9666,-1.05,44.8435,-2.5564999999999998,-11.6753,-2.1046,-7.0334,1.0,-7.0,-2.0,-3.05,True,True,closed,,
2024,1,2024-09-08,JAX@MIA,MIA,JAX,20.0,17.0,-3.0,37.0,-3.5,49.5,-3.0756,44.8095,-5.7759,43.5218,-1.05,44.8435,-0.07560000000000011,7.8095,-2.7759,6.521799999999999,-0.5,12.5,3.0,1.95,False,True,outdoors,,
2024,1,2024-09-08,LAR@DET,DET,LAR,26.0,20.0,-6.0,46.0,-5.0,54.0,-1.4587,46.3736,-3.5013,48.1399,-1.05,44.8435,4.5413,0.37360000000000326,2.4987,2.1398999999999972,1.0,8.0,6.0,4.95,False,True,dome,,
2024,1,2024-09-08,LV@LAC,LAC,LV,22.0,10.0,-12.0,32.0,-3.0,41.0,-0.3118,43.5324,-2.7825,41.187,-1.05,44.8435,11.6882,11.532400000000003,9.2175,9.186999999999998,9.0,9.0,12.0,10.95,True,True,dome,,
2024,1,2024-09-08,MIN@NYG,NYG,MIN,6.0,28.0,22.0,34.0,1.0,42.5,0.5342,43.1999,5.45,45.3,-1.05,44.8435,-21.4658,9.1999,-16.55,11.299999999999997,-21.0,8.5,-22.0,-23.05,False,True,outdoors,,
2024,1,2024-09-08,NE@CIN,CIN,NE,10.0,16.0,6.0,26.0,-8.0,40.5,-2.1647,43.4933,1.172,42.3978,-1.05,44.8435,-8.1647,17.493299999999998,-4.828,16.397799999999997,-14.0,14.5,-6.0,-7.05,False,True,outdoors,,
2024,1,2024-09-09,NYJ@SF,SF,NYJ,32.0,19.0,-13.0,51.0,-3.5,43.0,-4.981,43.1413,-5.2616,46.4011,-1.05,44.8435,8.019,-7.858699999999999,7.7384,-4.5989,9.5,-8.0,13.0,11.95,False,True,outdoors,,
2024,1,2024-09-08,PIT@ATL,ATL,PIT,10.0,18.0,8.0,28.0,-4.0,43.0,-1.061,43.0388,0.9737,41.378,-1.05,44.8435,-9.061,15.038800000000002,-7.0263,13.378,-12.0,15.0,-8.0,-9.05,False,True,closed,,
2024,1,2024-09-08,TEN@CHI,CHI,TEN,24.0,17.0,-7.0,41.0,-4.0,43.0,-2.1341,44.1756,-1.05,40.3,-1.05,44.8435,4.8659,3.175600000000003,5.95,-0.7000000000000028,3.0,2.0,7.0,5.95,False,True,outdoors,,
2024,1,2024-09-08,WSH@TB,TB,WSH,37.0,20.0,-17.0,57.0,-4.0,42.0,-4.2165,45.1709,-1.128,50.3,-1.05,44.8435,12.7835,-11.829099999999997,15.872,-6.700000000000003,13.0,-15.0,17.0,15.95,False,True,outdoors,,
2024,2,2024-09-16,ATL@PHI,PHI,ATL,21.0,22.0,1.0,43.0,-5.5,46.5,-1.1486,44.8572,-0.5379,47.0228,-7.55,45.5201,-2.1486,1.8571999999999989,-1.5379,4.022799999999997,-6.5,3.5,-1.0,-2.05,False,True,outdoors,,
2024,2,2024-09-12,BUF@MIA,MIA,BUF,10.0,31.0,21.0,41.0,-2.5,48.5,-0.4266,45.9478,5.45,45.8811,-1.05,45.3,-21.4266,4.947800000000001,-15.55,4.8811000000000035,-23.5,7.5,-21.0,-22.05,True,True,outdoors,,
2024,2,2024-09-15,CHI@HOU,HOU,CHI,19.0,13.0,-6.0,32.0,-6.0,45.5,-1.7676,43.9668,-2.4281,40.9544,-1.05,45.3,4.2324,11.9668,3.5719,8.9544,0.0,13.5,6.0,4.95,False,True,closed,,
2024,2,2024-09-15,CIN@KC,KC,CIN,26.0,25.0,-1.0,51.0,-6.5,47.5,-3.1931,45.1114,-0.1893,45.471,-7.55,45.5201,-2.1931,-5.888599999999997,0.8107,-5.5290000000000035,-5.5,-3.5,1.0,-0.050000000000000044,False,True,outdoors,,
2024,2,2024-09-15,CLE@JAX,JAX,CLE,13.0,18.0,5.0,31.0,-3.0,41.5,-0.5403,41.9811,-0.6478,43.1119,-1.05,44.8435,-5.5403,10.981099999999998,-5.6478,12.111899999999999,-8.0,10.5,-5.0,-6.05,False,True,outdoors,,
2024,2,2024-09-15,IND@GB,GB,IND,16.0,10.0,-6.0,26.0,3.0,41.5,-1.8915,45.6916,-3.8699,46.4362,-1.05,44.8435,4.1085,19.6916,2.1301,20.4362,9.0,15.5,6.0,4.95,False,True,outdoors,,
2024,2,2024-09-15,LAR@ARI,ARI,LAR,41.0,10.0,-31.0,51.0,1.0,47.5,2.1373,46.0474,-7.2088,46.5083,-1.05,44.8435,33.1373,-4.952599999999997,23.7912,-4.491700000000002,32.0,-3.5,31.0,29.95,True,True,closed,,
2024,2,2024-09-15,LAC@CAR,CAR,LAC,3.0,26.0,23.0,29.0,5.0,39.0,0.5272,43.5937,5.45,44.5853,5.45,45.5201,-22.4728,14.593699999999998,-17.55,15.585299999999997,-18.0,10.0,-23.0,-24.05,False,True,outdoors,,
2024,2,2024-09-15,LV@BAL,BAL,LV,23.0,26.0,3.0,49.0,-9.0,41.0,-3.8985,43.3779,-4.2256,43.5735,-1.05,44.8435,-6.8985,-5.622100000000003,-7.2256,-5.426499999999997,-12.0,-8.0,-3.0,-4.05,False,True,outdoors,,
2024,2,2024-09-15,NO@DAL,DAL,NO,19.0,44.0,25.0,63.0,-6.5,47.0,-2.2983,44.351,5.45,45.3,-1.05,45.3,-27.2983,-18.649,-19.55,-17.700000000000003,-31.5,-16.0,-25.0,-26.05,False,True,closed,,
2024,2,2024-09-15,NYG@WSH,WSH,NYG,21.0,18.0,-3.0,39.0,-1.5,42.5,-0.6352,43.6072,-3.8969,48.6817,-1.05,44.8435,2.3648,4.607199999999999,-0.8969,9.6817,1.5,3.5,3.0,1.95,True,True,outdoors,,
2024,2,2024-09-15,NYJ@TEN,TEN,NYJ,17.0,24.0,7.0,41.0,3.5,41.5,-1.2329,42.075,0.3399,42.9228,-1.05,44.8435,-8.2329,1.0750000000000028,-6.6601,1.9228000000000023,-3.5,0.5,-7.0,-8.05,False,True,outdoors,,
2024,2,2024-09-15,PIT@DEN,DEN,PIT,6.0,13.0,7.0,19.0,3.0,36.5,-0.1101,43.9897,0.3227,40.9508,5.45,45.5201,-7.1101,24.9897,-6.6773,21.9508,-4.0,17.5,-7.0,-8.05,False,True,outdoors,,
2024,2,2024-09-15,SEA@NE,NE,SEA,20.0,23.0,3.0,43.0,3.5,39.0,0.2071,43.8545,-0.1648,43.4524,-1.05,45.3,-2.7929,0.8545000000000016,-3.1648,0.45239999999999725,0.5,-4.0,-3.0,-4.05,False,True,outdoors,,
2024,2,2024-09-15,SF@MIN,MIN,SF,23.0,17.0,-6.0,40.0,4.5,46.5,2.4959,45.5453,-3.8393,43.7548,-1.05,45.3,8.495899999999999,5.5452999999999975,2.1607,3.754800000000003,10.5,6.5,6.0,4.95,False,True,dome,,
2024,2,2024-09-15,TB@DET,DET,TB,16.0,20.0,4.0,36.0,-7.5,51.5,-1.7546,45.7812,-1.4785,46.0811,-1.05,45.3,-5.7546,9.781199999999998,-5.4785,10.0811,-11.5,15.5,-4.0,-5.05,False,True,dome,,
2024,3,2024-09-22,BAL@DAL,DAL,BAL,25.0,28.0,3.0,53.0,1.5,47.5,-0.7989,44.57,3.9152,47.2916,-4.4976,45.0919,-3.7989,-8.43,0.9152,-5.7083999999999975,-1.5,-5.5,-3.0,-4.05,False,True,closed,,
2024,3,2024-09-22,CAR@LV,LV,CAR,22.0,36.0,14.0,58.0,-5.5,40.0,-3.2768,42.8614,-1.9892,42.8237,-4.4976,45.0919,-17.2768,-15.138599999999997,-15.9892,-15.176299999999998,-19.5,-18.0,-14.0,-15.05,False,True,dome,,
2024,3,2024-09-22,CHI@IND,IND,CHI,21.0,16.0,-5.0,37.0,-1.5,43.0,-1.2849,44.1202,-0.7492,40.9936,2.3976,45.0919,3.7151,7.120199999999997,4.2508,3.9936000000000007,3.5,6.0,5.0,3.95,False,True,closed,,
2024,3,2024-09-22,DEN@TB,TB,DEN,7.0,26.0,19.0,33.0,-6.0,40.5,-2.5984,44.8451,1.5852,42.5271,-7.55,45.5201,-21.598399999999998,11.845100000000002,-17.4148,9.527099999999997,-25.0,7.5,-19.0,-20.05,False,True,outdoors,,
2024,3,2024-09-22,DET@ARI,ARI,DET,13.0,20.0,7.0,33.0,3.0,51.5,2.5822,46.3296,-0.1082,45.1205,-1.05,45.0941,-4.4178,13.3296,-7.1082,12.1205,-4.0,18.5,-7.0,-8.05,False,True,closed,,
2024,3,2024-09-22,GB@TEN,TEN,GB,14.0,30.0,16.0,44.0,-3.0,37.0,1.2184,45.7828,4.1106,43.4366,2.3976,45.0919,-14.781600000000001,1.7828000000000017,-11.8894,-0.5634000000000015,-19.0,-7.0,-16.0,-17.05,False,True,outdoors,,
2024,3,2024-09-22,HOU@MIN,MIN,HOU,34.0,7.0,-27.0,41.0,2.0,46.0,0.1242,44.2219,-4.6892,43.2134,-1.05,45.3,27.1242,3.221899999999998,22.3108,2.2134,29.0,5.0,27.0,25.95,False,True,dome,,
2024,3,2024-09-23,JAX@BUF,BUF,JAX,47.0,10.0,-37.0,57.0,-4.0,46.5,-3.6593,44.7804,-7.55,45.4653,-7.55,45.5201,33.3407,-12.2196,29.45,-11.5347,33.0,-10.5,37.0,35.95,False,True,outdoors,,
2024,3,2024-09-22,KC@ATL,ATL,KC,17.0,22.0,5.0,39.0,3.0,46.0,0.6235,43.5864,1.8125,45.58,2.0901,45.2982,-4.3765,4.586399999999998,-3.1875,6.579999999999998,-2.0,7.0,-5.0,-6.05,False,True,closed,,
2024,3,2024-09-22,LAC@PIT,PIT,LAC,20.0,10.0,-10.0,30.0,-3.0,36.0,-1.871,43.809,-1.8495,41.0462,-1.05,45.3,8.129,13.808999999999997,8.150500000000001,11.046199999999999,7.0,6.0,10.0,8.95,False,True,outdoors,,
2024,3,2024-09-22,MIA@SEA,SEA,MIA,24.0,3.0,-21.0,27.0,-4.0,41.5,1.4675,46.3635,-5.5713,43.0171,-4.1901,45.2982,22.4675,19.363500000000002,15.4287,16.0171,17.0,14.5,21.0,19.95,False,True,outdoors,,
2024,3,2024-09-19,NE@NYJ,NYJ,NE,24.0,3.0,-21.0,27.0,-6.5,39.0,-1.25,40.6326,-6.9766,44.4763,-1.05,45.0941,19.75,13.632599999999996,14.023399999999999,17.476300000000002,14.5,12.0,21.0,19.95,True,True,outdoors,,
2024,3,2024-09-22,NYG@CLE,CLE,NYG,15.0,21.0,6.0,36.0,-6.5,38.0,-3.2297,41.4804,0.829,42.5718,-4.4976,45.0919,-9.2297,5.480400000000003,-5.171,6.571800000000003,-12.5,2.0,-6.0,-7.05,False,True,outdoors,,
2024,3,2024-09-22,PHI@NO,NO,PHI,12.0,15.0,3.0,27.0,-2.5,49.0,-2.4293,45.2012,-5.8354,45.8422,-4.1901,45.2982,-5.4293,18.2012,-8.8354,18.8422,-5.5,22.0,-3.0,-4.05,False,True,dome,,
2024,3,2024-09-22,SF@LAR,LAR,SF,27.0,24.0,-3.0,51.0,6.0,44.5,1.3026,46.4359,3.5801,47.5115,2.3976,45.0919,4.3026,-4.564100000000003,6.5801,-3.488500000000002,9.0,-6.5,3.0,1.95,True,True,dome,,
2024,3,2024-09-23,WSH@CIN,CIN,WSH,33.0,38.0,5.0,71.0,-7.5,46.0,-3.3583,45.5386,-1.05,50.3,2.3976,45.0919,-8.3583,-25.461399999999998,-6.05,-20.700000000000003,-12.5,-25.0,-5.0,-6.05,False,True,outdoors,,
2024,4,2024-09-29,BUF@BAL,BAL,BUF,35.0,10.0,-25.0,45.0,-2.5,46.5,-1.3054,44.8269,-1.0655,47.6704,3.2074,45.3439,23.6946,-0.17309999999999803,23.9345,2.6704000000000008,22.5,1.5,25.0,23.95,False,True,outdoors,,
2024,4,2024-09-29,CIN@CAR,CAR,CIN,24.0,34.0,10.0,58.0,4.5,47.0,1.1126,44.3133,3.056,46.6761,-3.3829,44.9864,-8.8874,-13.686700000000002,-6.944,-11.323900000000002,-5.5,-11.0,-10.0,-11.05,False,True,outdoors,,
2024,4,2024-09-29,CLE@LV,LV,CLE,20.0,16.0,-4.0,36.0,2.5,36.5,-0.3845,41.5979,-0.794,41.7586,-1.05,45.0162,3.6155,5.597900000000003,3.206,5.758600000000001,6.5,0.5,4.0,2.95,False,True,dome,,
2024,4,2024-09-26,DAL@NYG,NYG,DAL,15.0,20.0,5.0,35.0,5.5,45.0,3.5576,43.9162,-1.7336,46.3224,-1.05,45.0162,-1.4424000000000001,8.916200000000003,-6.7336,11.322400000000002,0.5,10.0,-5.0,-6.05,True,True,outdoors,,
2024,4,2024-09-29,DEN@NYJ,NYJ,DEN,9.0,10.0,1.0,19.0,-7.5,39.5,-0.8043,42.1255,-2.061,40.9537,-3.2382,45.141,-1.8043,23.125500000000002,-3.061,21.953699999999998,-8.5,20.5,-1.0,-2.05,False,True,outdoors,,
2024,4,2024-09-29,JAX@HOU,HOU,JAX,24.0,20.0,-4.0,44.0,-5.5,44.5,-1.713,43.883,-5.5865,45.7231,-5.582,45.2172,2.287,-0.11699999999999733,-1.5865,1.7231000000000023,-1.5,0.5,4.0,2.95,True,True,closed,,
2024,4,2024-09-29,KC@LAC,LAC,KC,10.0,17.0,7.0,27.0,7.5,41.5,1.549,44.4113,-0.7426,42.8103,1.0103,45.2771,-5.4510000000000005,17.411299999999997,-7.7426,15.810299999999998,0.5,14.5,-7.0,-8.05,True,True,dome,,
2024,4,2024-09-29,LAR@CHI,CHI,LAR,24.0,18.0,-6.0,42.0,-3.0,40.0,-0.2536,44.9124,-4.446,44.4955,-1.05,45.0162,5.7464,2.912399999999998,1.5540000000000003,2.4955,3.0,-2.0,6.0,4.95,False,True,outdoors,,
2024,4,2024-09-29,MIN@GB,GB,MIN,29.0,31.0,2.0,60.0,-2.5,44.0,-2.617,45.5864,0.4207,43.7203,1.0103,45.2771,-4.617,-14.413600000000002,-1.5793,-16.2797,-4.5,-16.0,-2.0,-3.05,True,True,outdoors,,
2024,4,2024-09-29,NE@SF,SF,NE,30.0,13.0,-17.0,43.0,-10.5,41.5,-5.4113,44.0667,-7.55,44.4582,-1.05,45.0162,11.5887,1.0666999999999973,9.45,1.458199999999998,6.5,-1.5,17.0,15.95,False,True,outdoors,,
2024,4,2024-09-29,NO@ATL,ATL,NO,26.0,24.0,-2.0,50.0,-2.5,41.5,0.2803,43.095,4.2988,45.1092,1.1382,45.141,2.2803,-6.905000000000001,6.2988,-4.890799999999999,-0.5,-8.5,2.0,0.95,True,True,closed,,
2024,4,2024-09-29,PHI@TB,TB,PHI,33.0,16.0,-17.0,49.0,1.0,42.0,-1.5343,46.0335,-2.0138,46.5982,-1.05,45.1671,15.4657,-2.9665000000000035,14.9862,-2.4018000000000015,18.0,-7.0,17.0,15.95,False,True,outdoors,,
2024,4,2024-09-29,PIT@IND,IND,PIT,27.0,24.0,-3.0,51.0,2.5,40.0,-1.347,43.8828,0.6426,43.1872,3.2074,45.3439,1.653,-7.117199999999997,3.6426,-7.812800000000003,5.5,-11.0,3.0,1.95,False,True,closed,,
2024,4,2024-09-30,SEA@DET,DET,SEA,42.0,29.0,-13.0,71.0,-3.5,46.5,-2.6113,46.6399,-2.1821,45.4036,1.0103,45.2771,10.3887,-24.360100000000003,10.8179,-25.596400000000003,9.5,-24.5,13.0,11.95,False,True,dome,,
2024,4,2024-09-30,TEN@MIA,MIA,TEN,12.0,31.0,19.0,43.0,-2.5,37.0,-4.3302,45.3862,0.192,40.8651,-3.3829,44.9864,-23.330199999999998,2.3862000000000023,-18.808,-2.134900000000002,-21.5,-6.0,-19.0,-20.05,False,True,outdoors,,
2024,4,2024-09-29,WSH@ARI,ARI,WSH,14.0,42.0,28.0,56.0,-3.5,49.0,-1.463,45.479,0.0175,49.8494,1.1382,45.141,-29.463,-10.521,-27.9825,-6.150599999999997,-31.5,-7.0,-28.0,-29.05,False,True,closed,,
2024,5,2024-10-06,ARI@SF,SF,ARI,23.0,24.0,1.0,47.0,-7.0,48.5,-6.6292,46.514,-3.5507,46.358,-2.7294,45.0639,-7.6292,-0.4859999999999971,-4.5507,-0.642000000000003,-8.0,1.5,-1.0,-2.05,True,False,outdoors,,
2024,5,2024-10-06,BAL@CIN,CIN,BAL,38.0,41.0,3.0,79.0,2.5,48.5,2.2699,44.8989,0.9608,49.2304,0.6294,45.0639,-0.7301000000000002,-34.1011,-2.0392,-29.769599999999997,-0.5,-30.5,-3.0,-4.05,True,False,outdoors,,
2024,5,2024-10-06,BUF@HOU,HOU,BUF,23.0,20.0,-3.0,43.0,-1.0,48.0,0.8942,45.0439,1.095,45.5455,-1.05,45.2019,3.8942,2.0439000000000007,4.095,2.545499999999997,2.0,5.0,3.0,1.95,False,False,closed,,
2024,5,2024-10-06,CAR@CHI,CHI,CAR,36.0,10.0,-26.0,46.0,-4.0,40.0,-3.4699,43.3628,-6.0571,43.3359,-2.7294,45.0639,22.5301,-2.6372,19.9429,-2.6640999999999977,22.0,-6.0,26.0,24.95,False,False,outdoors,,
2024,5,2024-10-06,CLE@WSH,WSH,CLE,34.0,13.0,-21.0,47.0,-3.0,44.0,1.8852,42.789,-6.1739,45.8673,-4.3366,45.1998,22.8852,-4.2109999999999985,14.8261,-1.1326999999999998,18.0,-3.0,21.0,19.95,False,False,outdoors,,
2024,5,2024-10-06,DAL@PIT,PIT,DAL,17.0,20.0,3.0,37.0,-2.5,43.5,1.627,44.373,-3.7445,45.4639,-2.6531,45.1745,-1.373,7.3729999999999976,-6.7445,8.463900000000002,-5.5,6.5,-3.0,-4.05,False,False,outdoors,,
2024,5,2024-10-06,GB@LAR,LAR,GB,19.0,24.0,5.0,43.0,3.0,49.5,-0.771,46.5334,4.3094,46.3181,0.6294,45.0639,-5.771,3.5334000000000003,-0.6905999999999999,3.318100000000001,-2.0,6.5,-5.0,-6.05,False,False,dome,,
2024,5,2024-10-06,IND@JAX,JAX,IND,37.0,34.0,-3.0,71.0,-3.5,45.0,-0.8681,44.0363,2.2577,47.5927,2.3976,45.0919,2.1319,-26.963700000000003,5.2577,-23.4073,-0.5,-26.0,3.0,1.95,True,False,outdoors,,
2024,5,2024-10-06,LV@DEN,DEN,LV,34.0,18.0,-16.0,52.0,-3.0,36.0,-0.1951,43.7104,-3.858,41.8927,-1.05,45.0941,15.8049,-8.2896,12.142,-10.107300000000002,13.0,-16.0,16.0,14.95,True,False,outdoors,,
2024,5,2024-10-06,MIA@NE,NE,MIA,10.0,15.0,5.0,25.0,2.0,37.0,2.4009,43.7064,-0.2503,41.967,-1.05,44.9753,-2.5991,18.706400000000002,-5.2503,16.967,-3.0,12.0,-5.0,-6.05,True,False,outdoors,,
2024,5,2024-10-07,NO@KC,KC,NO,26.0,13.0,-13.0,39.0,-5.5,43.0,-1.3636,43.8601,-0.56,45.0578,-4.1901,45.2982,11.6364,4.860100000000003,12.44,6.0578,7.5,4.0,13.0,11.95,False,False,outdoors,,
2024,5,2024-10-06,NYG@SEA,SEA,NYG,20.0,29.0,9.0,49.0,-7.0,42.5,-2.9188,44.2893,-2.3852,44.5444,-4.3366,45.1998,-11.918800000000001,-4.710700000000003,-11.385200000000001,-4.455599999999997,-16.0,-6.5,-9.0,-10.05,False,False,outdoors,,
2024,5,2024-10-06,NYJ@MIN,MIN,NYJ,23.0,17.0,-6.0,40.0,-2.5,42.0,-1.7974,41.9407,-2.1145,41.533,-4.1901,45.2982,4.2026,1.9406999999999996,3.8855,1.5330000000000013,3.5,2.0,6.0,4.95,False,False,outdoors,,
2024,5,2024-10-03,TB@ATL,ATL,TB,36.0,30.0,-6.0,66.0,-2.5,44.0,-0.5208,43.8417,0.1132,46.8151,0.5531,45.1745,5.4792,-22.158299999999997,6.1132,-19.1849,3.5,-22.0,6.0,4.95,True,False,closed,,
2024,6,2024-10-13,ARI@GB,GB,ARI,34.0,13.0,-21.0,47.0,-5.5,47.0,-4.5763,46.4807,-4.8398,45.665,-2.362,45.111,16.4237,-0.5193000000000012,16.1602,-1.3350000000000009,15.5,0.0,21.0,19.95,False,False,outdoors,,
2024,6,2024-10-13,ATL@CAR,CAR,ATL,20.0,38.0,18.0,58.0,6.0,45.5,1.2575,42.8742,3.1667,47.4394,1.6269,45.1183,-16.7425,-15.125799999999998,-14.8333,-10.5606,-12.0,-12.5,-18.0,-19.05,True,False,outdoors,,
2024,6,2024-10-14,BUF@NYJ,NYJ,BUF,20.0,23.0,3.0,43.0,1.0,42.0,2.5397,42.7911,-0.6988,44.7842,0.262,45.111,-0.46030000000000015,-0.20889999999999986,-3.6988,1.7841999999999985,-2.0,-1.0,-3.0,-4.05,True,False,outdoors,,
2024,6,2024-10-13,CIN@NYG,NYG,CIN,7.0,17.0,10.0,24.0,4.5,46.0,0.6625,43.9186,-1.459,47.7539,-2.4127,45.0182,-9.3375,19.918599999999998,-11.459,23.7539,-5.5,22.0,-10.0,-11.05,False,False,outdoors,,
2024,6,2024-10-13,CLE@PHI,PHI,CLE,20.0,16.0,-4.0,36.0,-8.0,42.0,-0.4844,43.5455,-3.746,45.2604,-3.0755,45.0645,3.5156,7.545499999999997,0.254,9.260399999999997,-4.0,6.0,4.0,2.95,False,False,outdoors,,
2024,6,2024-10-13,DET@DAL,DAL,DET,9.0,47.0,38.0,56.0,3.5,52.5,-2.6381,46.004,5.45,46.0982,-0.0972,45.1795,-40.6381,-9.996000000000002,-32.55,-9.901800000000001,-34.5,-3.5,-38.0,-39.05,False,False,closed,,
2024,6,2024-10-13,HOU@NE,NE,HOU,21.0,41.0,20.0,62.0,6.5,38.5,1.0464,42.7886,4.6077,43.7628,2.8981,45.2465,-18.9536,-19.211399999999998,-15.392299999999999,-18.2372,-13.5,-23.5,-20.0,-21.05,False,False,outdoors,,
2024,6,2024-10-13,IND@TEN,TEN,IND,17.0,20.0,3.0,37.0,-2.5,42.0,0.2939,44.5467,-0.4335,42.718,-0.0331,45.0223,-2.7061,7.546700000000001,-3.4335,5.7180000000000035,-5.5,5.0,-3.0,-4.05,True,False,outdoors,,
2024,6,2024-10-13,JAX@CHI,CHI,JAX,35.0,16.0,-19.0,51.0,1.5,44.5,-0.999,43.6802,-6.5261,46.7368,-3.7269,45.1183,18.001,-7.319800000000001,12.4739,-4.263199999999998,20.5,-6.5,19.0,17.95,False,False,outdoors,,
2024,6,2024-10-13,LAC@DEN,DEN,LAC,16.0,23.0,7.0,39.0,3.0,37.0,-0.9356,44.5016,-1.5078,41.5095,-1.6998,45.1206,-7.9356,5.501600000000003,-8.5078,2.5095000000000027,-4.0,-2.0,-7.0,-8.05,True,False,outdoors,,
2024,6,2024-10-13,PIT@LV,LV,PIT,13.0,32.0,19.0,45.0,3.5,36.5,-0.9807,43.0301,2.7888,43.9186,0.262,45.111,-19.9807,-1.9699000000000026,-16.211199999999998,-1.0814000000000021,-15.5,-8.5,-19.0,-20.05,False,False,dome,,
2024,6,2024-10-10,SF@SEA,SEA,SF,24.0,36.0,12.0,60.0,3.5,49.0,2.4812,46.7464,2.1814,46.7236,-2.362,45.111,-9.5188,-13.253599999999999,-9.8186,-13.276400000000002,-8.5,-11.0,-12.0,-13.05,True,False,outdoors,,
2024,6,2024-10-13,TB@NO,NO,TB,27.0,51.0,24.0,78.0,3.5,42.5,-1.9183,44.1551,1.6307,45.3219,0.262,45.111,-25.9183,-33.8449,-22.3693,-32.6781,-20.5,-35.5,-24.0,-25.05,True,False,dome,,
2024,6,2024-10-13,WSH@BAL,BAL,WSH,30.0,23.0,-7.0,53.0,-6.5,51.5,-6.5429,44.8087,-1.5402,49.816,0.215,45.1968,0.4570999999999996,-8.191299999999998,5.4597999999999995,-3.1839999999999975,0.5,-1.5,7.0,5.95,False,False,outdoors,,
2024,7,2024-10-21,BAL@TB,TB,BAL,31.0,41.0,10.0,72.0,4.5,51.0,1.3303,44.4405,0.9035,49.268,-1.05,45.1671,-8.6697,-27.5595,-9.0965,-22.732,-5.5,-21.0,-10.0,-11.05,False,False,outdoors,,
2024,7,2024-10-20,CAR@WSH,WSH,CAR,40.0,7.0,-33.0,47.0,-10.0,51.0,-1.0376,43.9765,-7.5192,46.3046,-4.3886,45.165,31.9624,-3.0234999999999985,25.480800000000002,-0.6953999999999994,23.0,4.0,33.0,31.95,False,False,outdoors,,
2024,7,2024-10-20,CIN@CLE,CLE,CIN,14.0,21.0,7.0,35.0,5.5,42.0,-1.9916,42.9663,1.7484,45.5171,0.0965,44.9882,-8.9916,7.966299999999997,-5.2516,10.5171,-1.5,7.0,-7.0,-8.05,True,False,outdoors,,
2024,7,2024-10-17,DEN@NO,NO,DEN,10.0,33.0,23.0,43.0,2.5,37.0,-3.4022,44.078,5.1279,44.1043,0.0604,45.0679,-26.4022,1.078000000000003,-17.8721,1.104300000000002,-20.5,-6.0,-23.0,-24.05,False,False,dome,,
2024,7,2024-10-20,DET@MIN,MIN,DET,29.0,31.0,2.0,60.0,-1.0,50.5,0.6317,45.4367,1.3914,44.1599,-2.2712,45.2764,-1.3683,-14.563299999999998,-0.6086,-15.8401,-3.0,-9.5,-2.0,-3.05,True,False,dome,,
2024,7,2024-10-20,HOU@GB,GB,HOU,24.0,22.0,-2.0,46.0,-3.0,48.0,-1.3618,45.5145,-3.0377,43.6413,-0.0053,45.2125,0.6382000000000001,-0.4855000000000018,-1.0377,-2.358699999999999,-1.0,2.0,2.0,0.95,False,False,outdoors,,
2024,7,2024-10-20,KC@SF,SF,KC,18.0,28.0,10.0,46.0,-2.5,47.5,-2.3412,45.4911,-0.6195,44.8486,2.0901,45.2982,-12.3412,-0.508899999999997,-10.6195,-1.1514000000000024,-12.5,1.5,-10.0,-11.05,False,False,outdoors,,
2024,7,2024-10-21,LAC@ARI,ARI,LAC,17.0,15.0,-2.0,32.0,1.0,44.0,0.2558,45.0531,2.4244,45.366,0.7108,45.1094,2.2558,13.0531,4.4244,13.366,3.0,12.0,2.0,0.95,False,False,closed,,
2024,7,2024-10-20,LV@LAR,LAR,LV,20.0,15.0,-5.0,35.0,-7.0,43.0,-1.9666,44.3802,-1.1276,43.3534,-0.1359,44.9918,3.0334000000000003,9.380200000000002,3.8724,8.3534,-2.0,8.0,5.0,3.95,False,False,dome,,
2024,7,2024-10-20,MIA@IND,IND,MIA,16.0,10.0,-6.0,26.0,-3.0,44.0,0.8283,45.2667,-3.7689,42.5464,-1.712,45.0756,6.8283000000000005,19.2667,2.2311,16.5464,3.0,18.0,6.0,4.95,False,False,closed,,
2024,7,2024-10-20,NE@JAX,JAX,NE,32.0,16.0,-16.0,48.0,-6.5,42.0,-2.4998,42.4987,-4.442,47.526,-1.05,44.9329,13.5002,-5.5013000000000005,11.558,-0.47399999999999665,9.5,-6.0,16.0,14.95,False,False,outdoors,,
2024,7,2024-10-20,NYJ@PIT,PIT,NYJ,37.0,15.0,-22.0,52.0,3.0,40.0,-2.1092,41.5213,-1.5399,44.2542,-3.2382,45.141,19.8908,-10.478700000000003,20.4601,-7.745800000000003,25.0,-12.0,22.0,20.95,False,False,outdoors,,
2024,7,2024-10-20,PHI@NYG,NYG,PHI,3.0,28.0,25.0,31.0,3.0,42.0,1.1428,44.5526,1.3405,44.4212,0.7108,45.1094,-23.8572,13.552599999999998,-23.6595,13.421199999999999,-22.0,11.0,-25.0,-26.05,True,False,outdoors,,
2024,7,2024-10-20,SEA@ATL,ATL,SEA,14.0,34.0,20.0,48.0,-3.0,51.5,-1.254,44.6034,-0.7023,47.3021,-2.1265,45.1425,-21.254,-3.3965999999999994,-20.7023,-0.6978999999999971,-23.0,3.5,-20.0,-21.05,False,False,closed,,
2024,7,2024-10-20,TEN@BUF,BUF,TEN,34.0,10.0,-24.0,44.0,-9.5,41.0,-4.9271,45.3712,-5.0192,44.828,-4.1552,45.158,19.0729,1.3712000000000018,18.980800000000002,0.828000000000003,14.5,-3.0,24.0,22.95,False,False,outdoors,,
2024,8,2024-10-27,ARI@MIA,MIA,ARI,27.0,28.0,1.0,55.0,-4.0,46.5,-5.5964,46.0965,-0.7251,45.5289,-0.4113,45.043,-6.5964,-8.903500000000001,-1.7250999999999999,-9.4711,-5.0,-8.5,-1.0,-2.05,False,False,outdoors,,
2024,8,2024-10-27,ATL@TB,TB,ATL,26.0,31.0,5.0,57.0,1.5,47.0,-1.5792,43.8417,-1.9376,49.5489,-1.05,45.126,-6.5792,-13.158299999999997,-6.9376,-7.451099999999997,-3.5,-10.0,-5.0,-6.05,True,False,outdoors,,
2024,8,2024-10-27,BAL@CLE,CLE,BAL,29.0,24.0,-5.0,53.0,7.5,44.5,0.9309,42.1272,2.5717,47.5685,2.7598,45.2034,5.9309,-10.872799999999998,7.5717,-5.4315,12.5,-8.5,5.0,3.95,True,False,outdoors,,
2024,8,2024-10-27,BUF@SEA,SEA,BUF,10.0,31.0,21.0,41.0,3.0,45.5,2.0945,46.3364,3.2731,47.713,-0.1373,45.1651,-18.9055,5.336399999999998,-17.7269,6.713000000000001,-18.0,4.5,-21.0,-22.05,False,False,outdoors,,
2024,8,2024-10-27,CAR@DEN,DEN,CAR,28.0,14.0,-14.0,42.0,-13.0,40.5,-2.5314,43.7665,-7.55,44.9797,-3.9424,45.1097,11.4686,1.7665000000000006,6.45,2.979700000000001,1.0,-1.5,14.0,12.95,False,False,outdoors,,
2024,8,2024-10-27,CHI@WSH,WSH,CHI,18.0,15.0,-3.0,33.0,-1.5,46.5,1.5307,44.53,-3.9564,45.1039,-1.3516,45.178,4.5306999999999995,11.530000000000001,-0.9563999999999999,12.103900000000003,1.5,13.5,3.0,1.95,False,False,outdoors,,
2024,8,2024-10-27,DAL@SF,SF,DAL,30.0,24.0,-6.0,54.0,-5.5,48.0,-1.3691,45.9897,-6.6567,46.8706,-0.5785,45.08,4.6309000000000005,-8.0103,-0.6566999999999998,-7.129399999999997,0.5,-6.0,6.0,4.95,False,False,outdoors,,
2024,8,2024-10-27,GB@JAX,JAX,GB,27.0,30.0,3.0,57.0,3.5,49.0,-0.0344,45.2209,2.0389,47.999,1.7653,45.1717,-3.0344,-11.7791,-0.9611000000000001,-9.000999999999998,0.5,-8.0,-3.0,-4.05,False,False,outdoors,,
2024,8,2024-10-27,IND@HOU,HOU,IND,23.0,20.0,-3.0,43.0,-5.0,45.0,-1.5435,44.3247,-2.0464,44.1206,-1.9627,45.1651,1.4565,1.3247,0.9535999999999998,1.1206000000000031,-2.0,2.0,3.0,1.95,True,False,closed,,
2024,8,2024-10-27,KC@LV,LV,KC,20.0,27.0,7.0,47.0,9.0,42.0,0.7053,43.5806,4.0199,43.3771,3.5341,45.3619,-6.2947,-3.419400000000003,-2.9801,-3.6229000000000013,2.0,-5.0,-7.0,-8.05,True,False,dome,,
2024,8,2024-10-24,MIN@LAR,LAR,MIN,30.0,20.0,-10.0,50.0,3.0,47.5,-2.3256,45.1802,0.1761,44.7803,2.1863,45.2336,7.6744,-4.819800000000001,10.1761,-5.219700000000003,13.0,-2.5,10.0,8.95,False,False,dome,,
2024,8,2024-10-27,NO@LAC,LAC,NO,26.0,8.0,-18.0,34.0,-7.0,41.5,1.1699,43.8931,-4.8171,43.9661,-2.4844,45.0648,19.1699,9.893099999999997,13.1829,9.966099999999997,11.0,7.5,18.0,16.95,False,False,dome,,
2024,8,2024-10-28,NYG@PIT,PIT,NYG,26.0,18.0,-8.0,44.0,-6.0,37.5,-2.9494,42.7567,-4.1117,45.7374,-3.8653,45.1717,5.0506,-1.2432999999999979,3.8883,1.737400000000001,2.0,-6.5,8.0,6.95,False,False,outdoors,,
2024,8,2024-10-27,NYJ@NE,NE,NYJ,25.0,22.0,-3.0,47.0,7.0,41.0,-0.85,40.6326,1.7586,44.3593,-0.0605,44.9669,2.15,-6.3674000000000035,4.7585999999999995,-2.6407000000000025,10.0,-6.0,3.0,1.95,True,False,outdoors,,
2024,8,2024-10-27,PHI@CIN,CIN,PHI,17.0,37.0,20.0,54.0,-2.5,47.5,-0.583,46.47,2.36,46.653,0.4984,45.1389,-20.583,-7.530000000000001,-17.64,-7.347000000000001,-22.5,-6.5,-20.0,-21.05,False,False,outdoors,,
2024,8,2024-10-27,TEN@DET,DET,TEN,52.0,14.0,-38.0,66.0,-12.5,45.0,-3.4293,45.6334,-6.9492,43.9213,-5.4404,45.2824,34.5707,-20.3666,31.0508,-22.078699999999998,25.5,-21.0,38.0,36.95,False,False,dome,,
2024,9,2024-11-03,CHI@ARI,ARI,CHI,29.0,9.0,-20.0,38.0,-1.5,44.5,1.1675,44.7972,0.0244,46.1786,-0.5847,45.1123,21.1675,6.797199999999997,20.0244,8.178600000000003,18.5,6.5,20.0,18.95,False,False,closed,,
2024,9,2024-11-03,DAL@ATL,ATL,DAL,27.0,21.0,-6.0,48.0,-3.0,52.0,1.5788,44.0983,-4.7724,48.1072,-2.3322,45.1223,7.5788,-3.901699999999998,1.2275999999999998,0.10719999999999885,3.0,4.0,6.0,4.95,False,False,closed,,
2024,9,2024-11-03,DEN@BAL,BAL,DEN,41.0,10.0,-31.0,51.0,-9.0,46.5,-4.9275,44.4107,-2.2907,48.0841,-1.05,45.1493,26.072499999999998,-6.5893000000000015,28.7093,-2.9159000000000006,22.0,-4.5,31.0,29.95,False,False,outdoors,,
2024,9,2024-11-03,DET@GB,GB,DET,14.0,24.0,10.0,38.0,2.5,47.5,-0.9158,46.7934,1.5738,45.8371,-0.3849,45.228,-10.9158,8.793399999999998,-8.4262,7.8370999999999995,-7.5,9.5,-10.0,-11.05,True,False,outdoors,,
2024,9,2024-10-31,HOU@NYJ,NYJ,HOU,21.0,13.0,-8.0,34.0,-2.5,43.5,0.7345,41.933,-0.1971,44.2971,2.2366,45.1998,8.7345,7.933,7.8029,10.2971,5.5,9.5,8.0,6.95,False,False,outdoors,,
2024,9,2024-11-03,IND@MIN,MIN,IND,21.0,13.0,-8.0,34.0,-6.5,47.0,-0.3611,44.3725,-2.8415,43.4293,-2.4283,45.1602,7.6389,10.372500000000002,5.1585,9.429299999999998,1.5,13.0,8.0,6.95,False,False,dome,,
2024,9,2024-11-03,JAX@PHI,PHI,JAX,28.0,23.0,-5.0,51.0,-7.5,46.0,-1.0381,45.3057,-5.1971,47.8285,-4.1111,45.1778,3.9619,-5.694299999999998,-0.19709999999999983,-3.1715000000000018,-2.5,-5.0,5.0,3.95,False,False,outdoors,,
2024,9,2024-11-03,LAC@CLE,CLE,LAC,10.0,27.0,17.0,37.0,2.0,42.5,-2.4347,42.3276,1.9147,43.6093,1.0955,45.0982,-19.4347,5.327599999999997,-15.0853,6.6092999999999975,-15.0,5.5,-17.0,-18.05,False,False,outdoors,,
2024,9,2024-11-03,LAR@SEA,SEA,LAR,20.0,26.0,6.0,46.0,1.5,48.5,0.0845,46.3704,2.6371,44.8484,-1.5215,45.08,-5.9155,0.3703999999999965,-3.3629,-1.151600000000002,-4.5,2.5,-6.0,-7.05,True,False,outdoors,,
2024,9,2024-11-03,LV@CIN,CIN,LV,41.0,24.0,-17.0,65.0,-8.0,45.0,-0.8113,44.2225,-4.9277,44.2178,-1.8994,45.0132,16.1887,-20.777500000000003,12.0723,-20.782200000000003,9.0,-20.0,17.0,15.95,False,False,outdoors,,
2024,9,2024-11-03,MIA@BUF,BUF,MIA,30.0,27.0,-3.0,57.0,-6.5,49.0,-1.6734,45.9478,-4.3854,46.5094,-4.0907,45.1927,1.3266,-11.0522,-1.3853999999999997,-10.4906,-3.5,-8.0,3.0,1.95,True,False,outdoors,,
2024,9,2024-11-03,NE@TEN,TEN,NE,20.0,17.0,-3.0,37.0,-3.0,38.5,-1.4697,42.9285,-2.7422,43.7671,-0.3053,44.9536,1.5303,5.9285,0.25780000000000003,6.767099999999999,0.0,1.5,3.0,1.95,False,False,outdoors,,
2024,9,2024-11-03,NO@CAR,CAR,NO,23.0,22.0,-1.0,45.0,7.0,43.5,2.6333,43.2593,0.1667,44.8429,-0.1797,44.9511,3.6333,-1.7406999999999968,1.1667,-0.1570999999999998,8.0,-1.5,1.0,-0.050000000000000044,True,False,outdoors,,
2024,9,2024-11-04,TB@KC,KC,TB,30.0,24.0,-6.0,54.0,-9.0,45.5,-2.2671,44.6705,-3.5413,48.0805,-4.1901,45.2982,3.7329,-9.329500000000003,2.4587,-5.919499999999999,-3.0,-8.5,6.0,4.95,False,False,outdoors,,
2024,9,2024-11-03,WSH@NYG,NYG,WSH,22.0,27.0,5.0,49.0,4.5,44.5,-1.4648,43.6072,5.4173,46.1569,2.2366,45.1998,-6.4648,-5.392800000000001,0.4173,-2.8430999999999997,-0.5,-4.5,-5.0,-6.05,True,False,outdoors,,
2024,10,2024-11-10,ATL@NO,NO,ATL,20.0,17.0,-3.0,37.0,3.5,46.5,-2.3803,43.095,3.4554,45.9949,1.9006,45.154,0.6196999999999999,6.094999999999999,6.4554,8.994900000000001,6.5,9.5,3.0,1.95,True,False,dome,,
2024,10,2024-11-10,BUF@IND,IND,BUF,20.0,30.0,10.0,50.0,4.5,46.5,1.4254,45.2346,3.2865,44.3459,1.0938,45.1883,-8.5746,-4.7654,-6.7135,-5.6541,-5.5,-3.5,-10.0,-11.05,False,False,closed,,
2024,10,2024-11-07,CIN@BAL,BAL,CIN,35.0,34.0,-1.0,69.0,-6.0,53.0,-4.3699,44.8989,-4.1943,48.3334,-2.493,45.1394,-3.3699000000000003,-24.101100000000002,-3.1943,-20.666600000000003,-5.0,-16.0,1.0,-0.050000000000000044,True,False,outdoors,,
2024,10,2024-11-10,DEN@KC,KC,DEN,16.0,14.0,-2.0,30.0,-7.5,42.5,-3.7877,44.6019,-2.359,45.9782,-3.8261,45.2885,-1.7877,14.6019,-0.359,15.978200000000001,-5.5,12.5,2.0,0.95,True,False,outdoors,,
2024,10,2024-11-10,DET@HOU,HOU,DET,23.0,26.0,3.0,49.0,4.5,49.0,-0.6148,45.3621,2.0744,42.8781,0.2512,45.227,-3.6148,-3.637900000000002,-0.9256000000000002,-6.121899999999997,1.5,0.0,-3.0,-4.05,False,False,closed,,
2024,10,2024-11-11,MIA@LAR,LAR,MIA,15.0,23.0,8.0,38.0,-2.5,49.5,0.3189,46.0791,-1.3295,43.5401,-2.7294,45.0639,-7.6811,8.079099999999997,-9.3295,5.5401000000000025,-10.5,11.5,-8.0,-9.05,False,False,dome,,
2024,10,2024-11-10,MIN@JAX,JAX,MIN,7.0,12.0,5.0,19.0,7.0,42.5,-1.5427,43.9252,2.4537,44.5995,2.4292,45.2063,-6.5427,24.925199999999997,-2.5463,25.5995,2.0,23.5,-5.0,-6.05,False,False,outdoors,,
2024,10,2024-11-10,NE@CHI,CHI,NE,3.0,19.0,16.0,22.0,-6.5,37.5,-2.4578,42.5743,-2.0238,44.1282,-2.9212,45.0639,-18.4578,20.5743,-18.0238,22.1282,-22.5,15.5,-16.0,-17.05,False,False,outdoors,,
2024,10,2024-11-10,NYG@CAR,CAR,NYG,20.0,17.0,-3.0,37.0,6.5,40.5,-0.6707,42.4938,-0.2773,45.4662,-1.05,44.9613,2.3293,5.4938,2.7227,8.4662,9.5,3.5,3.0,1.95,False,False,outdoors,,
2024,10,2024-11-10,NYJ@ARI,ARI,NYJ,31.0,6.0,-25.0,37.0,2.0,45.5,-0.2538,42.6033,-4.4237,48.336,-2.5231,45.09,24.7462,5.603299999999997,20.5763,11.335999999999999,27.0,8.5,25.0,23.95,False,False,closed,,
2024,10,2024-11-10,PHI@DAL,DAL,PHI,6.0,34.0,28.0,40.0,7.5,44.5,-3.8682,46.3141,5.45,45.3,1.384,45.18,-31.8682,6.314100000000003,-22.55,5.299999999999997,-20.5,4.5,-28.0,-29.05,True,False,closed,,
2024,10,2024-11-10,PIT@WSH,WSH,PIT,27.0,28.0,1.0,55.0,-1.5,45.0,1.4335,44.2837,-2.2074,45.7065,-1.2236,45.2079,0.4335,-10.716299999999997,-3.2074,-9.293500000000002,-2.5,-10.0,-1.0,-2.05,False,False,outdoors,,
2024,10,2024-11-10,SF@TB,TB,SF,20.0,23.0,3.0,43.0,6.5,50.5,1.547,45.8534,0.6224,48.9606,-0.6838,45.0828,-1.453,2.8534000000000006,-2.3776,5.9605999999999995,3.5,7.5,-3.0,-4.05,False,False,outdoors,,
2024,10,2024-11-10,TEN@LAC,LAC,TEN,27.0,17.0,-10.0,44.0,-8.0,40.0,-1.2345,44.4449,-4.846,45.1263,-3.5414,45.1264,8.7655,0.44489999999999696,5.154,1.1263000000000005,2.0,-4.0,10.0,8.95,False,False,dome,,
2024,11,2024-11-17,ATL@DEN,DEN,ATL,38.0,6.0,-32.0,44.0,-2.0,44.5,-0.1115,43.7211,-5.7287,46.8438,-0.4002,45.1206,31.8885,-0.27890000000000015,26.2713,2.8438000000000017,30.0,0.5,32.0,30.95,False,False,outdoors,,
2024,11,2024-11-17,BAL@PIT,PIT,BAL,18.0,16.0,-2.0,34.0,3.0,48.0,1.7677,43.6465,0.7216,46.2367,-1.5384,45.1996,3.7677,9.646500000000003,2.7216,12.236699999999999,5.0,14.0,2.0,0.95,True,False,outdoors,,
2024,11,2024-11-17,CIN@LAC,LAC,CIN,34.0,27.0,-7.0,61.0,-1.0,48.0,-0.5021,45.0456,-3.1901,46.1222,-2.7891,45.1387,6.4979,-15.9544,3.8099,-14.8778,6.0,-13.0,7.0,5.95,False,False,dome,,
2024,11,2024-11-17,CLE@NO,NO,CLE,35.0,14.0,-21.0,49.0,1.0,44.0,-1.6939,41.8786,-1.9825,45.9179,-1.5837,44.9836,19.3061,-7.121400000000001,19.0175,-3.082099999999997,22.0,-5.0,21.0,19.95,False,False,dome,,
2024,11,2024-11-17,GB@CHI,CHI,GB,19.0,20.0,1.0,39.0,6.0,41.0,0.0252,45.3109,2.0032,46.536,0.393,45.1394,-0.9748,6.310899999999997,1.0032,7.536000000000001,5.0,2.0,-1.0,-2.05,True,False,outdoors,,
2024,11,2024-11-18,HOU@DAL,DAL,HOU,10.0,34.0,24.0,44.0,7.5,41.5,-2.9709,44.7844,4.8678,43.9486,0.7108,45.1094,-26.9709,0.784399999999998,-19.1322,-0.051400000000001,-16.5,-2.5,-24.0,-25.05,False,False,closed,,
2024,11,2024-11-17,IND@NYJ,NYJ,IND,27.0,28.0,1.0,55.0,-4.0,43.0,0.311,42.0583,-0.3013,43.8994,-0.3754,45.0287,-0.6890000000000001,-12.941699999999997,-1.3013,-11.1006,-5.0,-12.0,-1.0,-2.05,False,False,outdoors,,
2024,11,2024-11-17,JAX@DET,DET,JAX,52.0,6.0,-46.0,58.0,-14.0,47.5,-2.1822,45.0725,-7.55,45.7718,-5.5506,45.3118,43.8178,-12.927500000000002,38.45,-12.228200000000001,32.0,-10.5,46.0,44.95,False,False,dome,,
2024,11,2024-11-17,KC@BUF,BUF,KC,30.0,21.0,-9.0,51.0,-2.5,46.5,-2.0114,45.1169,-3.5704,47.1367,0.1712,45.2764,6.9886,-5.883099999999999,5.429600000000001,-3.8633000000000024,6.5,-4.5,9.0,7.95,False,False,outdoors,,
2024,11,2024-11-17,LAR@NE,NE,LAR,22.0,28.0,6.0,50.0,4.0,42.5,1.1888,43.6789,1.4423,45.4362,-0.0796,45.0441,-4.8111999999999995,-6.321100000000001,-4.5577000000000005,-4.5638000000000005,-2.0,-7.5,-6.0,-7.05,False,False,outdoors,,
2024,11,2024-11-17,LV@MIA,MIA,LV,34.0,19.0,-15.0,53.0,-8.0,43.5,-3.225,44.3708,-5.6554,45.6192,-1.8101,44.9947,11.775,-8.629199999999997,9.3446,-7.380800000000001,7.0,-9.5,15.0,13.95,False,False,outdoors,,
2024,11,2024-11-17,MIN@TEN,TEN,MIN,13.0,23.0,10.0,36.0,6.0,40.0,-0.4046,44.4157,3.0243,44.4342,2.6039,45.2247,-10.4046,8.415700000000001,-6.9757,8.434199999999997,-4.0,4.0,-10.0,-11.05,False,False,outdoors,,
2024,11,2024-11-17,SEA@SF,SF,SEA,17.0,20.0,3.0,37.0,-6.0,49.0,-4.5812,46.7464,-6.0463,47.2712,-1.7787,45.0993,-7.5812,9.746400000000001,-9.046299999999999,10.2712,-9.0,12.0,-3.0,-4.05,True,False,outdoors,,
2024,11,2024-11-14,WSH@PHI,PHI,WSH,26.0,18.0,-8.0,44.0,-4.5,49.5,-3.8925,46.2292,-3.6695,44.1288,-1.5384,45.1996,4.1075,2.2291999999999987,4.3305,0.12879999999999825,3.5,5.5,8.0,6.95,True,False,outdoors,,
2024,12,2024-11-24,ARI@SEA,SEA,ARI,16.0,6.0,-10.0,22.0,1.0,46.5,-3.1435,46.2293,2.5296,45.2423,-0.4002,45.1206,6.8565000000000005,24.229300000000002,12.5296,23.2423,11.0,24.5,10.0,8.95,True,False,outdoors,,
2024,12,2024-11-25,BAL@LAC,LAC,BAL,23.0,30.0,7.0,53.0,3.0,51.0,2.6795,44.2191,1.9257,47.2834,-1.4547,45.1693,-4.3205,-8.780900000000003,-5.0743,-5.7166,-4.0,-2.0,-7.0,-8.05,False,False,dome,,
2024,12,2024-11-24,DAL@WSH,WSH,DAL,26.0,34.0,8.0,60.0,-10.5,45.0,4.3899,45.565,-5.1631,44.9055,-3.2713,45.128,-3.6101,-14.435000000000002,-13.1631,-15.094499999999996,-18.5,-15.0,-8.0,-9.05,True,False,outdoors,,
2024,12,2024-11-24,DEN@LV,LV,DEN,19.0,29.0,10.0,48.0,6.5,41.5,-1.9049,43.7104,4.2586,44.9754,1.273,45.0881,-11.9049,-4.2896,-5.7414,-3.0245999999999995,-3.5,-6.5,-10.0,-11.05,True,False,dome,,
2024,12,2024-11-24,DET@IND,IND,DET,6.0,24.0,18.0,30.0,7.0,50.5,-0.0879,45.5393,4.6011,43.7585,1.783,45.25,-18.0879,15.539299999999997,-13.398900000000001,13.758499999999998,-11.0,20.5,-18.0,-19.05,False,False,closed,,
2024,12,2024-11-24,KC@CAR,CAR,KC,27.0,30.0,3.0,57.0,11.0,43.0,3.0395,43.7716,2.4773,48.078,2.8256,45.2852,0.03949999999999987,-13.2284,-0.5226999999999999,-8.921999999999997,8.0,-14.0,-3.0,-4.05,False,False,outdoors,,
2024,12,2024-11-24,MIN@CHI,CHI,MIN,27.0,30.0,3.0,57.0,3.0,39.5,-1.4929,44.0079,2.8942,44.4627,1.529,45.2036,-4.4929,-12.9921,-0.1057999999999999,-12.537300000000002,0.0,-17.5,-3.0,-4.05,True,False,outdoors,,
2024,12,2024-11-24,NE@MIA,MIA,NE,34.0,15.0,-19.0,49.0,-7.5,46.0,-4.5009,43.7064,-3.299,46.5819,-1.9109,45.025,14.4991,-5.293599999999998,15.701,-2.4181000000000026,11.5,-3.0,19.0,17.95,True,False,outdoors,,
2024,12,2024-11-24,PHI@LAR,LAR,PHI,20.0,37.0,17.0,57.0,3.0,49.0,-1.867,46.6405,3.5167,45.8097,0.8655,45.1959,-18.867,-10.359499999999997,-13.4833,-11.1903,-14.0,-8.0,-17.0,-18.05,False,False,dome,,
2024,12,2024-11-21,PIT@CLE,CLE,PIT,24.0,19.0,-5.0,43.0,3.5,36.5,-1.6601,41.8445,0.1387,44.8189,2.8981,45.2465,3.3399,-1.1555000000000035,5.1387,1.8188999999999993,8.5,-6.5,5.0,3.95,True,False,outdoors,,
2024,12,2024-11-24,SF@GB,GB,SF,38.0,10.0,-28.0,48.0,-6.5,44.5,1.0645,46.8461,-3.0546,45.7351,-2.3381,45.1547,29.0645,-1.1539000000000001,24.9454,-2.2648999999999972,21.5,-3.5,28.0,26.95,False,False,outdoors,,
2024,12,2024-11-24,TB@NYG,NYG,TB,7.0,30.0,23.0,37.0,6.5,40.5,1.4634,43.5712,2.2881,48.3594,0.3127,45.0182,-21.5366,6.5711999999999975,-20.7119,11.3594,-16.5,3.5,-23.0,-24.05,False,False,outdoors,,
2024,12,2024-11-24,TEN@HOU,HOU,TEN,27.0,32.0,5.0,59.0,-8.0,40.5,-2.8783,44.4016,-2.3174,42.8525,-3.9611,45.1396,-7.878299999999999,-14.598399999999998,-7.3174,-16.1475,-13.0,-18.5,-5.0,-6.05,True,False,closed,,
2024,13,2024-12-01,ARI@MIN,MIN,ARI,23.0,22.0,-1.0,45.0,-3.5,45.5,-2.829,45.034,-0.5051,44.029,-2.7811,45.2028,-1.8290000000000002,0.03399999999999892,0.4949,-0.9709999999999965,-2.5,0.5,1.0,-0.050000000000000044,False,False,dome,,
2024,13,2024-11-28,CHI@DET,DET,CHI,23.0,20.0,-3.0,43.0,-9.5,47.5,-2.2419,45.1619,-7.0277,45.5655,-4.5479,45.2737,0.7581000000000002,2.161900000000003,-4.0277,2.5655,-6.5,4.5,3.0,1.95,True,False,dome,,
2024,13,2024-12-02,CLE@DEN,DEN,CLE,41.0,32.0,-9.0,73.0,-6.5,41.5,0.4503,42.4961,-4.2819,46.4976,-3.1164,45.103,9.4503,-30.5039,4.7181,-26.5024,2.5,-31.5,9.0,7.95,False,False,outdoors,,
2024,13,2024-12-01,HOU@JAX,JAX,HOU,20.0,23.0,3.0,43.0,3.5,44.5,-0.387,43.883,3.5432,44.7182,1.646,45.1111,-3.387,0.8830000000000027,0.5432000000000001,1.718200000000003,0.5,1.5,-3.0,-4.05,True,False,outdoors,,
2024,13,2024-12-01,IND@NE,NE,IND,24.0,25.0,1.0,49.0,2.5,41.5,0.6042,42.9176,-2.8338,44.9389,0.0782,45.0287,-0.39580000000000004,-6.0824,-3.8338,-4.061100000000003,1.5,-7.5,-1.0,-2.05,False,False,outdoors,,
2024,13,2024-12-01,LAC@ATL,ATL,LAC,13.0,17.0,4.0,30.0,1.0,47.0,-1.8711,43.5428,-0.3649,45.5791,-0.4637,45.1379,-5.8711,13.5428,-4.3649000000000004,15.579099999999997,-3.0,17.0,-4.0,-5.05,False,False,closed,,
2024,13,2024-12-01,LAR@NO,NO,LAR,14.0,21.0,7.0,35.0,2.5,48.5,-1.6508,44.7013,-0.8759,46.4502,-0.4436,45.0559,-8.6508,9.701300000000003,-7.8759,11.450200000000002,-4.5,13.5,-7.0,-8.05,False,False,dome,,
2024,13,2024-11-29,LV@KC,KC,LV,19.0,17.0,-2.0,36.0,-13.5,42.0,-2.8053,43.5806,-3.3179,48.0115,-5.8029,45.3349,-0.8052999999999999,7.580599999999997,-1.3178999999999998,12.011499999999998,-11.5,6.0,2.0,0.95,True,False,outdoors,,
2024,13,2024-11-28,MIA@GB,GB,MIA,30.0,17.0,-13.0,47.0,-3.5,47.5,0.0666,46.488,-1.1476,47.4788,-2.8099,45.1648,13.0666,-0.5120000000000005,11.8524,0.47879999999999967,9.5,0.5,13.0,11.95,False,False,outdoors,,
2024,13,2024-11-28,NYG@DAL,DAL,NYG,27.0,20.0,-7.0,47.0,-4.5,39.0,-5.6576,43.9162,-1.4937,43.5279,-2.2953,45.0018,1.3423999999999996,-3.0837999999999965,5.5062999999999995,-3.4720999999999975,2.5,-8.0,7.0,5.95,True,False,closed,,
2024,13,2024-12-01,PHI@BAL,BAL,PHI,19.0,24.0,5.0,43.0,-3.0,50.0,-4.0269,45.5167,-0.2109,45.3204,-0.0991,45.2076,-9.026900000000001,2.5167,-5.2109,2.3203999999999994,-8.0,7.0,-5.0,-6.05,False,False,outdoors,,
2024,13,2024-12-01,PIT@CIN,CIN,PIT,38.0,44.0,6.0,82.0,-3.0,46.0,-0.7331,44.5082,1.3697,46.9795,1.3175,45.1694,-6.7331,-37.4918,-4.6303,-35.0205,-9.0,-36.0,-6.0,-7.05,True,False,outdoors,,
2024,13,2024-12-01,SEA@NYJ,NYJ,SEA,21.0,26.0,5.0,47.0,-1.0,41.5,-0.0789,42.9544,-0.7597,44.3244,0.7705,45.0848,-5.0789,-4.0456,-5.7597000000000005,-2.675600000000003,-6.0,-5.5,-5.0,-6.05,False,False,outdoors,,
2024,13,2024-12-01,SF@BUF,BUF,SF,35.0,10.0,-25.0,45.0,-6.5,45.0,-0.7257,46.2646,-6.1034,47.1568,-3.3784,45.2072,24.2743,1.2646000000000015,18.8966,2.156799999999997,18.5,0.0,25.0,23.95,False,False,outdoors,,
2024,13,2024-12-01,TB@CAR,CAR,TB,23.0,26.0,3.0,49.0,6.5,46.0,1.9215,43.9666,0.4915,47.4975,0.1737,45.0455,-1.0785,-5.0334,-2.5085,-1.5024999999999977,3.5,-3.0,-3.0,-4.05,True,False,outdoors,,
2024,13,2024-12-01,TEN@WSH,WSH,TEN,42.0,19.0,-23.0,61.0,-6.0,45.0,0.4587,44.8976,-2.98,45.9384,-3.1164,45.103,23.4587,-16.102400000000003,20.02,-15.061599999999999,17.0,-16.0,23.0,21.95,False,False,outdoors,,
2024,14,2024-12-08,ATL@MIN,MIN,ATL,42.0,21.0,-21.0,63.0,-6.0,46.5,-0.6708,43.5051,-4.9842,46.2708,-3.1723,45.2112,20.3292,-19.4949,16.0158,-16.7292,15.0,-16.5,21.0,19.95,False,False,dome,,
2024,14,2024-12-08,BUF@LAR,LAR,BUF,44.0,42.0,-2.0,86.0,3.5,49.5,0.9408,46.0386,1.3386,48.9825,1.0723,45.2112,2.9408,-39.9614,3.3386,-37.0175,5.5,-36.5,2.0,0.95,False,False,dome,,
2024,14,2024-12-08,CAR@PHI,PHI,CAR,22.0,16.0,-6.0,38.0,-14.0,44.5,-3.7156,44.964,-5.9975,46.1941,-4.8581,45.2546,2.2844,6.963999999999999,0.002500000000000391,8.194099999999999,-8.0,6.5,6.0,4.95,False,False,outdoors,,
2024,14,2024-12-08,CHI@SF,SF,CHI,38.0,13.0,-25.0,51.0,-3.0,43.5,-4.0809,45.2513,-4.2299,47.3019,-1.6095,45.0393,20.9191,-5.7486999999999995,20.7701,-3.6980999999999966,22.0,-7.5,25.0,23.95,False,False,outdoors,,
2024,14,2024-12-09,CIN@DAL,DAL,CIN,20.0,27.0,7.0,47.0,5.0,51.0,-4.2323,45.6707,1.6965,44.7483,-1.6095,45.0393,-11.2323,-1.3293000000000035,-5.3035,-2.2516999999999996,-2.0,4.0,-7.0,-8.05,False,False,closed,,
2024,14,2024-12-08,CLE@PIT,PIT,CLE,27.0,14.0,-13.0,41.0,-6.0,43.0,-0.4399,41.8445,-3.0309,44.2021,-4.3366,45.1998,12.5601,0.8444999999999965,9.969100000000001,3.2021000000000015,7.0,2.0,13.0,11.95,True,False,outdoors,,
2024,14,2024-12-05,GB@DET,DET,GB,34.0,31.0,-3.0,65.0,-3.0,53.0,-1.1842,46.7934,-3.5707,46.5883,-2.0794,45.2459,1.8158,-18.2066,-0.5707,-18.411700000000003,0.0,-12.0,3.0,1.95,True,False,dome,,
2024,14,2024-12-08,JAX@TEN,TEN,JAX,6.0,10.0,4.0,16.0,-3.0,40.0,0.0817,44.0929,-2.4939,44.8121,-1.6278,44.9575,-3.9183,28.0929,-6.4939,28.8121,-7.0,24.0,-4.0,-5.05,True,False,outdoors,,
2024,14,2024-12-08,LAC@KC,KC,LAC,19.0,17.0,-2.0,36.0,-5.0,43.5,-3.649,44.4113,-0.5644,47.7989,-2.6059,45.2425,-1.649,8.411299999999997,1.4356,11.798900000000003,-3.0,7.5,2.0,0.95,True,False,outdoors,,
2024,14,2024-12-08,LV@TB,TB,LV,28.0,13.0,-15.0,41.0,-7.0,47.0,-1.6627,43.8336,-5.7699,46.5016,-3.3082,45.0663,13.337299999999999,2.833599999999997,9.2301,5.501600000000003,8.0,6.0,15.0,13.95,False,False,outdoors,,
2024,14,2024-12-08,NO@NYG,NYG,NO,11.0,14.0,3.0,25.0,5.5,41.0,2.1763,42.8709,3.1168,45.68,0.0965,44.9882,-0.8237000000000001,17.8709,0.11680000000000001,20.68,2.5,16.0,-3.0,-4.05,False,False,outdoors,,
2024,14,2024-12-08,NYJ@MIA,MIA,NYJ,32.0,26.0,-6.0,58.0,-6.5,45.0,-4.1164,42.802,-4.7764,47.1101,-2.1782,45.0287,1.8836000000000004,-15.198,1.2236000000000002,-10.889899999999997,-0.5,-13.0,6.0,4.95,True,False,outdoors,,
2024,14,2024-12-08,SEA@ARI,ARI,SEA,18.0,30.0,12.0,48.0,-3.0,45.5,1.0435,46.2293,-1.7955,43.7632,-0.5077,45.1157,-10.9565,-1.770699999999998,-13.7955,-4.236800000000002,-15.0,-2.5,-12.0,-13.05,True,False,closed,,
2024,15,2024-12-16,ATL@LV,LV,ATL,9.0,15.0,6.0,24.0,6.5,44.5,-0.9708,42.7744,-1.5057,44.6483,1.0445,45.0468,-6.9708,18.7744,-7.5057,20.6483,0.5,20.5,-6.0,-7.05,False,False,dome,,
2024,15,2024-12-15,BAL@NYG,NYG,BAL,14.0,35.0,21.0,49.0,16.5,43.5,3.6217,43.2164,5.45,45.633,2.0495,45.1349,-17.3783,-5.7836,-15.55,-3.3669999999999973,-4.5,-5.5,-21.0,-22.05,False,False,outdoors,,
2024,15,2024-12-15,BUF@DET,DET,BUF,42.0,48.0,6.0,90.0,-2.5,55.5,0.5571,46.2789,-0.5685,49.8221,-1.9981,45.2495,-5.4429,-43.7211,-6.5685,-40.1779,-8.5,-34.5,-6.0,-7.05,False,False,dome,,
2024,15,2024-12-16,CHI@MIN,MIN,CHI,30.0,12.0,-18.0,42.0,-7.0,43.5,-0.6071,44.0079,-5.4935,47.4996,-4.5406,45.2475,17.3929,2.0078999999999994,12.506499999999999,5.499600000000001,11.0,1.5,18.0,16.95,True,False,dome,,
2024,15,2024-12-15,CIN@TEN,TEN,CIN,27.0,37.0,10.0,64.0,6.0,46.5,-0.3074,45.179,0.9758,46.6413,-0.0035,45.0145,-10.3074,-18.820999999999998,-9.0242,-17.3587,-4.0,-17.5,-10.0,-11.05,False,False,outdoors,,
2024,15,2024-12-15,DAL@CAR,CAR,DAL,14.0,30.0,16.0,44.0,-2.5,42.0,4.0635,44.3374,1.4781,45.1826,-0.0035,45.0145,-11.936499999999999,0.33740000000000236,-14.5219,1.1826000000000008,-18.5,-2.0,-16.0,-17.05,False,False,outdoors,,
2024,15,2024-12-15,GB@SEA,SEA,GB,13.0,30.0,17.0,43.0,3.0,48.0,0.3885,46.7986,1.4827,44.7249,-0.5596,45.164,-16.6115,3.7986000000000004,-15.5173,1.724899999999998,-14.0,5.0,-17.0,-18.05,False,False,outdoors,,
2024,15,2024-12-15,IND@DEN,DEN,IND,31.0,13.0,-18.0,44.0,-4.5,43.5,0.2267,44.6019,-5.8541,43.2027,-2.0519,45.1212,18.2267,0.6019000000000005,12.145900000000001,-0.7972999999999999,13.5,-0.5,18.0,16.95,False,False,outdoors,,
2024,15,2024-12-15,KC@CLE,CLE,KC,7.0,21.0,14.0,28.0,4.5,41.5,-0.1005,42.334,1.4816,44.8417,3.4459,45.3257,-14.1005,14.334000000000003,-12.5184,16.841700000000003,-9.5,13.5,-14.0,-15.05,False,False,outdoors,,
2024,15,2024-12-12,LAR@SF,SF,LAR,6.0,12.0,6.0,18.0,-3.0,48.5,-3.4026,46.4359,-0.0305,47.2604,-0.5455,45.0966,-9.4026,28.435899999999997,-6.0305,29.260399999999997,-9.0,30.5,-6.0,-7.05,True,False,outdoors,,
2024,15,2024-12-15,MIA@HOU,HOU,MIA,20.0,12.0,-8.0,32.0,-2.5,46.5,0.3009,45.082,-0.9591,44.4468,-2.0519,45.1212,8.3009,13.082,7.0409,12.446800000000003,5.5,14.5,8.0,6.95,False,False,closed,,
2024,15,2024-12-15,NE@ARI,ARI,NE,30.0,17.0,-13.0,47.0,-6.0,46.5,-0.4505,43.4768,-3.0961,46.499,-2.6086,45.0463,12.5495,-3.5232000000000028,9.9039,-0.5009999999999977,7.0,-0.5,13.0,11.95,False,False,closed,,
2024,15,2024-12-15,NYJ@JAX,JAX,NYJ,25.0,32.0,7.0,57.0,3.5,41.5,-2.2208,41.6596,1.0749,48.1627,-1.05,44.9656,-9.2208,-15.340400000000002,-5.9251000000000005,-8.837299999999999,-3.5,-15.5,-7.0,-8.05,False,False,outdoors,,
2024,15,2024-12-15,PIT@PHI,PHI,PIT,27.0,13.0,-14.0,40.0,-5.5,43.0,-1.1623,45.1418,-5.4989,45.3728,-1.5272,45.2275,12.8377,5.1418000000000035,8.501100000000001,5.372799999999998,8.5,3.0,14.0,12.95,False,False,outdoors,,
2024,15,2024-12-15,TB@LAC,LAC,TB,17.0,40.0,23.0,57.0,-3.0,46.0,0.3691,44.6552,4.9181,45.5236,-1.5473,45.1308,-22.6309,-12.3448,-18.0819,-11.476399999999998,-26.0,-11.0,-23.0,-24.05,False,False,dome,,
2024,15,2024-12-15,WSH@NO,NO,WSH,19.0,20.0,1.0,39.0,7.5,44.5,-4.9714,44.4205,-0.8141,45.8062,0.464,45.1166,-5.9714,5.420499999999997,-1.8141,6.806199999999997,6.5,5.5,-1.0,-2.05,False,False,dome,,
2024,16,2024-12-22,ARI@CAR,CAR,ARI,36.0,30.0,-6.0,66.0,5.5,47.0,-0.6735,44.2576,1.3343,48.0892,0.8762,45.0641,5.3265,-21.742400000000004,7.3343,-17.910800000000002,11.5,-19.0,6.0,4.95,False,False,outdoors,,
2024,16,2024-12-22,CLE@CIN,CIN,CLE,24.0,6.0,-18.0,30.0,-10.0,46.5,-0.1084,42.9663,-4.7012,44.3643,-2.5041,45.0312,17.8916,12.966299999999997,13.2988,14.3643,8.0,16.5,18.0,16.95,True,False,outdoors,,
2024,16,2024-12-19,DEN@LAC,LAC,DEN,34.0,27.0,-7.0,61.0,-3.0,41.5,-1.1644,44.5016,5.3924,45.4119,-0.5907,45.1436,5.8355999999999995,-16.498399999999997,12.3924,-15.588099999999997,4.0,-19.5,7.0,5.95,True,False,dome,,
2024,16,2024-12-22,DET@CHI,CHI,DET,17.0,34.0,17.0,51.0,7.0,47.5,0.1419,45.1619,2.3988,48.2867,2.6594,45.2605,-16.8581,-5.838099999999997,-14.6012,-2.7132999999999967,-10.0,-3.5,-17.0,-18.05,True,False,outdoors,,
2024,16,2024-12-21,HOU@KC,KC,HOU,27.0,19.0,-8.0,46.0,-3.5,42.5,-2.0011,44.2703,-1.1776,44.8543,-2.8304,45.2474,5.9989,-1.7297000000000011,6.8224,-1.145699999999998,4.5,-3.5,8.0,6.95,False,False,outdoors,,
2024,16,2024-12-22,JAX@LV,LV,JAX,19.0,14.0,-5.0,33.0,-2.5,41.5,-0.8679,43.1778,-3.7806,44.9019,-0.5518,44.9415,4.1321,10.177799999999998,1.2193999999999998,11.901899999999998,2.5,8.5,5.0,3.95,False,False,dome,,
2024,16,2024-12-22,LAR@NYJ,NYJ,LAR,9.0,19.0,10.0,28.0,3.0,47.0,0.86,42.7819,-0.8305,48.1443,0.8503,45.0968,-9.14,14.7819,-10.8305,20.1443,-7.0,19.0,-10.0,-11.05,False,False,outdoors,,
2024,16,2024-12-22,MIN@SEA,SEA,MIN,24.0,27.0,3.0,51.0,2.5,43.0,-1.2546,45.3948,-0.6097,45.1803,0.7531,45.2189,-4.2546,-5.6052000000000035,-3.6097,-5.819699999999997,-0.5,-8.0,-3.0,-4.05,False,False,outdoors,,
2024,16,2024-12-22,NE@BUF,BUF,NE,24.0,21.0,-3.0,45.0,-14.0,48.0,-5.0492,43.6979,-3.943,48.6515,-4.8089,45.2323,-2.0492,-1.302100000000003,-0.9430000000000001,3.6514999999999986,-11.0,3.0,3.0,1.95,True,False,outdoors,,
2024,16,2024-12-23,NO@GB,GB,NO,34.0,0.0,-34.0,34.0,-14.0,44.0,-0.6986,45.0881,-6.8336,45.4395,-3.3793,45.1633,33.3014,11.088099999999997,27.1664,11.439500000000002,20.0,10.0,34.0,32.95,False,False,outdoors,,
2024,16,2024-12-22,NYG@ATL,ATL,NYG,34.0,7.0,-27.0,41.0,-9.5,42.5,-2.9342,42.5052,-5.225,43.7056,-3.4755,45.0682,24.0658,1.505200000000002,21.775,2.705599999999997,17.5,1.5,27.0,25.95,False,False,closed,,
2024,16,2024-12-22,PHI@WSH,WSH,PHI,36.0,33.0,-3.0,69.0,4.0,47.0,1.7925,46.2292,1.2533,46.079,0.2933,45.2195,4.7925,-22.7708,4.2533,-22.921,7.0,-22.0,3.0,1.95,True,False,outdoors,,
2024,16,2024-12-21,PIT@BAL,BAL,PIT,34.0,17.0,-17.0,51.0,-7.0,44.5,-3.8677,43.6465,-6.6218,45.6589,-0.5966,45.1741,13.1323,-7.353499999999997,10.3782,-5.341099999999997,10.0,-6.5,17.0,15.95,True,False,outdoors,,
2024,16,2024-12-22,SF@MIA,MIA,SF,29.0,17.0,-12.0,46.0,2.0,44.0,-0.0903,46.3346,-4.2261,46.0312,-1.05,45.0614,11.9097,0.3346000000000018,7.7739,0.03119999999999834,14.0,-2.0,12.0,10.95,False,False,outdoors,,
2024,16,2024-12-22,TB@DAL,DAL,TB,26.0,24.0,-2.0,50.0,4.5,47.5,-3.2625,45.1999,1.1449,44.4868,-0.113,45.1027,-1.2625000000000002,-4.8001000000000005,3.1449,-5.513199999999998,6.5,-2.5,2.0,0.95,False,False,closed,,
2024,16,2024-12-22,TEN@IND,IND,TEN,38.0,30.0,-8.0,68.0,-4.0,42.5,-2.3939,44.5467,-2.9681,45.2363,-2.5041,45.0312,5.6061,-23.4533,5.0319,-22.7637,4.0,-25.5,8.0,6.95,True,False,closed,,
2024,17,2024-12-28,ARI@LAR,LAR,ARI,13.0,9.0,-4.0,22.0,-6.5,48.0,-4.2373,46.0474,-1.7246,47.2598,-1.9191,45.1165,-0.2373000000000003,24.047400000000003,2.2754000000000003,25.2598,-2.5,26.0,4.0,2.95,True,False,dome,,
2024,17,2024-12-29,ATL@WSH,WSH,ATL,30.0,24.0,-6.0,54.0,-3.5,46.5,1.4112,44.0115,-1.8879,44.9422,-1.9085,45.1457,7.4112,-9.988500000000002,4.1121,-9.0578,2.5,-7.5,6.0,4.95,False,False,outdoors,,
2024,17,2024-12-25,BAL@HOU,HOU,BAL,2.0,31.0,29.0,33.0,5.5,46.5,1.0445,44.0388,5.45,45.5851,-0.6234,45.1546,-27.9555,11.038800000000002,-23.55,12.585099999999997,-23.5,13.5,-29.0,-30.05,False,False,closed,,
2024,17,2024-12-29,CAR@TB,TB,CAR,48.0,14.0,-34.0,62.0,-9.5,47.5,-4.0215,43.9666,-7.3476,46.4172,-2.833,45.0792,29.9785,-18.0334,26.6524,-15.582799999999999,24.5,-14.5,34.0,32.95,True,False,outdoors,,
2024,17,2024-12-29,DAL@PHI,PHI,DAL,41.0,7.0,-34.0,48.0,-7.5,37.5,1.7682,46.3141,-4.3182,44.875,-3.1852,45.1975,35.7682,-1.6858999999999966,29.6818,-3.125,26.5,-10.5,34.0,32.95,True,False,outdoors,,
2024,17,2024-12-28,DEN@CIN,CIN,DEN,30.0,24.0,-6.0,54.0,-3.5,50.5,-1.7214,45.2369,-0.2084,45.9305,-0.1809,45.1165,4.2786,-8.763100000000001,5.7916,-8.069499999999998,2.5,-3.5,6.0,4.95,False,False,outdoors,,
2024,17,2024-12-30,DET@SF,SF,DET,34.0,40.0,6.0,74.0,4.0,50.5,-3.0157,46.6779,-0.9952,50.3,1.9421,45.2404,-9.015699999999999,-27.3221,-6.9952,-23.700000000000003,-2.0,-23.5,-6.0,-7.05,False,False,outdoors,,
2024,17,2024-12-29,GB@MIN,MIN,GB,27.0,25.0,-2.0,52.0,1.0,49.0,0.517,45.5864,0.1735,46.2566,-1.8783,45.2289,2.517,-6.413600000000002,2.1734999999999998,-5.743400000000001,3.0,-3.0,2.0,0.95,True,False,dome,,
2024,17,2024-12-29,IND@NYG,NYG,IND,45.0,33.0,-12.0,78.0,7.5,40.5,1.1964,43.3375,-0.1186,45.4013,1.2228,45.0507,13.1964,-34.6625,11.8814,-32.5987,19.5,-37.5,12.0,10.95,False,False,outdoors,,
2024,17,2024-12-25,KC@PIT,PIT,KC,10.0,29.0,19.0,39.0,3.0,43.5,0.6581,43.8538,4.0394,45.8154,0.6073,45.2491,-18.3419,4.8538,-14.9606,6.815399999999997,-16.0,4.5,-19.0,-20.05,False,False,outdoors,,
2024,17,2024-12-28,LAC@NE,NE,LAC,7.0,40.0,33.0,47.0,6.0,42.0,-0.4633,42.8137,3.115,44.9836,1.6269,45.1183,-33.4633,-4.186300000000003,-29.884999999999998,-2.0163999999999973,-27.0,-5.0,-33.0,-34.05,False,False,outdoors,,
2024,17,2024-12-29,LV@NO,NO,LV,10.0,25.0,15.0,35.0,2.0,37.5,-2.4602,43.0887,3.0485,43.4471,-1.9641,44.9918,-17.4602,8.088700000000003,-11.9515,8.447099999999999,-13.0,2.5,-15.0,-16.05,False,False,dome,,
2024,17,2024-12-29,MIA@CLE,CLE,MIA,3.0,20.0,17.0,23.0,3.0,32.5,0.2642,43.0677,2.201,43.3797,0.7558,45.0482,-16.7358,20.067700000000002,-14.799,20.3797,-14.0,9.5,-17.0,-18.05,False,False,outdoors,,
2024,17,2024-12-29,NYJ@BUF,BUF,NYJ,40.0,14.0,-26.0,54.0,-10.0,44.5,-4.6397,42.7911,-4.8512,48.0555,-4.5352,45.2279,21.3603,-11.2089,21.1488,-5.944499999999998,16.0,-9.5,26.0,24.95,True,False,outdoors,,
2024,17,2024-12-26,SEA@CHI,CHI,SEA,3.0,6.0,3.0,9.0,3.5,43.5,-1.3162,45.1347,2.7509,44.6206,0.733,45.0792,-4.3162,36.1347,-0.24909999999999988,35.6206,0.5,34.5,-3.0,-4.05,False,False,outdoors,,
2024,17,2024-12-29,TEN@JAX,JAX,TEN,20.0,13.0,-7.0,33.0,1.0,38.0,-2.1817,44.0929,-4.4993,47.7428,-1.05,44.95,4.8183,11.0929,2.5007,14.742800000000003,8.0,5.0,7.0,5.95,True,False,outdoors,,
2024,18,2025-01-05,BUF@NE,NE,BUF,23.0,16.0,-7.0,39.0,3.0,36.5,2.9492,43.6979,3.1075,47.8217,3.0639,45.2595,9.9492,4.697899999999997,10.1075,8.8217,10.0,-2.5,7.0,5.95,True,False,outdoors,,
2024,18,2025-01-05,CAR@ATL,ATL,CAR,38.0,44.0,6.0,82.0,-7.5,48.5,-3.3575,42.8742,-3.4309,48.9875,-2.7294,45.0639,-9.3575,-39.1258,-9.4309,-33.0125,-13.5,-33.5,-6.0,-7.05,True,False,closed,,
2024,18,2025-01-05,CHI@GB,GB,CHI,22.0,24.0,2.0,46.0,-10.0,41.5,-2.1252,45.3109,-6.3577,44.5867,-3.941,45.1618,-4.1251999999999995,-0.6891000000000034,-8.357700000000001,-1.4132999999999996,-12.0,-4.5,-2.0,-3.05,True,False,outdoors,,
2024,18,2025-01-04,CIN@PIT,PIT,CIN,17.0,19.0,2.0,36.0,2.5,48.5,-1.3669,44.5082,5.45,45.3957,-1.8604,45.1285,-3.3669000000000002,8.508200000000002,3.45,9.395699999999998,0.5,12.5,-2.0,-3.05,True,False,outdoors,,
2024,18,2025-01-04,CLE@BAL,BAL,CLE,35.0,10.0,-25.0,45.0,-19.5,42.5,-3.0309,42.1272,-7.492,44.2776,-4.3754,45.1738,21.9691,-2.872799999999998,17.508,-0.7224000000000004,5.5,-2.5,25.0,23.95,True,False,outdoors,,
2024,18,2025-01-05,HOU@TEN,TEN,HOU,14.0,23.0,9.0,37.0,-2.5,36.5,0.7783,44.4016,0.2381,45.7096,1.4711,45.0985,-8.2217,7.401600000000002,-8.7619,8.709600000000002,-11.5,-0.5,-9.0,-10.05,True,False,outdoors,,
2024,18,2025-01-05,JAX@IND,IND,JAX,26.0,23.0,-3.0,49.0,-3.5,45.5,-1.2319,44.0363,0.0357,46.4764,-2.3167,45.037,1.7681,-4.963700000000003,3.0357,-2.523600000000002,-0.5,-3.5,3.0,1.95,True,False,closed,,
2024,18,2025-01-05,KC@DEN,DEN,KC,38.0,0.0,-38.0,38.0,-10.5,40.5,1.6877,44.6019,-4.8763,45.0903,1.3028,45.256,39.6877,6.6019000000000005,33.1237,7.090299999999999,27.5,2.5,38.0,36.95,True,False,outdoors,,
2024,18,2025-01-05,LAC@LV,LV,LAC,20.0,34.0,14.0,54.0,7.0,42.5,-1.7882,43.5324,0.9507,44.4087,1.4414,45.1264,-15.7882,-10.467599999999997,-13.0493,-9.591299999999997,-7.0,-11.5,-14.0,-15.05,True,False,dome,,
2024,18,2025-01-05,MIA@NYJ,NYJ,MIA,32.0,20.0,-12.0,52.0,-1.5,39.5,2.0164,42.802,0.103,46.5636,0.6294,45.0639,14.0164,-9.198,12.103,-5.436399999999999,10.5,-12.5,12.0,10.95,True,False,outdoors,,
2024,18,2025-01-05,MIN@DET,DET,MIN,31.0,9.0,-22.0,40.0,-3.0,56.5,-2.7317,45.4367,-0.8544,48.6854,-1.05,45.2521,19.2683,5.436700000000002,21.1456,8.685400000000001,19.0,16.5,22.0,20.95,True,False,dome,,
2024,18,2025-01-05,NO@TB,TB,NO,27.0,19.0,-8.0,46.0,-14.5,44.5,-0.1817,44.1551,-7.55,45.6519,-2.7096,45.0925,7.8183,-1.8449000000000026,0.4500000000000002,-0.3481000000000023,-6.5,-1.5,8.0,6.95,True,False,outdoors,,
2024,18,2025-01-05,NYG@PHI,PHI,NYG,20.0,13.0,-7.0,33.0,-3.0,36.5,-3.2428,44.5526,-7.0048,45.2313,-5.1639,45.2595,3.7572,11.552599999999998,-0.0048000000000003595,12.231299999999997,4.0,3.5,7.0,5.95,True,False,outdoors,,
2024,18,2025-01-05,SEA@LAR,LAR,SEA,25.0,30.0,5.0,55.0,7.5,38.5,-2.1845,46.3704,-0.1878,46.1914,-1.4528,45.1373,-7.1845,-8.629600000000003,-5.1878,-8.808599999999998,2.5,-16.5,-5.0,-6.05,True,False,dome,,
2024,18,2025-01-05,SF@ARI,ARI,SF,47.0,24.0,-23.0,71.0,-4.5,42.5,4.5292,46.514,-1.4803,49.144,-1.4671,45.0526,27.5292,-24.485999999999997,21.5197,-21.856,18.5,-28.5,23.0,21.95,True,False,closed,,
2024,18,2025-01-05,WSH@DAL,DAL,WSH,19.0,23.0,4.0,42.0,7.0,43.5,-6.4899,45.565,1.8432,46.3702,0.5715,45.1478,-10.489899999999999,3.5649999999999977,-2.1568,4.370199999999997,3.0,1.5,-4.0,-5.05,True,False,closed,,
2024,19,2025-01-12,DEN@BUF,BUF,DEN,31.0,7.0,-24.0,38.0,-7.5,48.5,-4.8642,45.4249,-1.5054,46.8076,-2.1708,45.1835,19.1358,7.424900000000001,22.4946,8.8076,16.5,10.5,24.0,22.95,False,False,outdoors,,
2024,19,2025-01-12,GB@PHI,PHI,GB,22.0,10.0,-12.0,32.0,-5.5,45.5,0.0683,47.0721,-2.0247,43.5445,-2.159,45.2078,12.0683,15.072099999999999,9.9753,11.5445,6.5,13.5,12.0,10.95,False,False,outdoors,,
2024,19,2025-01-11,LAC@HOU,HOU,LAC,32.0,12.0,-20.0,44.0,3.0,41.5,-2.684,44.2688,-0.3168,42.8804,-0.6725,45.1475,17.316,0.2687999999999988,19.6832,-1.1195999999999984,23.0,-2.5,20.0,18.95,False,False,closed,,
2024,19,2025-01-13,MIN@LAR,LAR,MIN,27.0,9.0,-18.0,36.0,2.5,47.5,-2.3256,45.1802,-3.1021,43.5091,0.4368,45.2052,15.6744,9.1802,14.8979,7.5090999999999966,20.5,11.5,18.0,16.95,False,False,closed,,
2024,19,2025-01-11,PIT@BAL,BAL,PIT,28.0,14.0,-14.0,42.0,-9.5,44.5,-3.8677,43.6465,-7.55,45.3,-1.801,45.1643,10.1323,1.6465000000000032,6.45,3.299999999999997,4.5,2.5,14.0,12.95,True,False,outdoors,,
2024,19,2025-01-12,WSH@TB,TB,WSH,20.0,23.0,3.0,43.0,-3.0,51.5,-4.2165,45.1709,-4.4728,47.2419,-0.299,45.1643,-7.2165,2.170900000000003,-7.4728,4.241900000000001,-6.0,8.5,-3.0,-4.05,False,False,outdoors,,
2024,20,2025-01-19,BAL@BUF,BUF,BAL,27.0,25.0,-2.0,52.0,1.5,51.5,-0.7946,44.8269,1.8919,45.9826,-1.3981,45.2031,1.2054,-7.173099999999998,3.8918999999999997,-6.017400000000002,3.5,-0.5,2.0,0.95,False,False,outdoors,,
2024,20,2025-01-18,HOU@KC,KC,HOU,23.0,14.0,-9.0,37.0,-9.5,41.5,-2.0011,44.2703,-1.3462,44.425,-2.7518,45.2289,6.9989,7.270299999999999,7.6538,7.424999999999997,-0.5,4.5,9.0,7.95,False,False,outdoors,,
2024,20,2025-01-19,LAR@PHI,PHI,LAR,28.0,22.0,-6.0,50.0,-7.0,43.5,-0.233,46.6405,-2.698,44.6827,-2.45,45.2096,5.767,-3.359499999999997,3.302,-5.317300000000003,-1.0,-6.5,6.0,4.95,False,False,outdoors,,
2024,20,2025-01-18,WSH@DET,DET,WSH,31.0,45.0,14.0,76.0,-8.5,55.5,-5.0552,46.0528,-0.3652,50.1006,-2.0444,45.2328,-19.0552,-29.947200000000002,-14.3652,-25.8994,-22.5,-20.5,-14.0,-15.05,False,False,dome,,
2024,21,2025-01-26,BUF@KC,KC,BUF,32.0,29.0,-3.0,61.0,-1.5,49.5,-0.0886,45.1169,1.9204,48.6006,-1.6633,45.2416,2.9114,-15.883099999999999,4.9204,-12.3994,1.5,-11.5,3.0,1.95,False,False,outdoors,,
2024,21,2025-01-26,WSH@PHI,PHI,WSH,55.0,23.0,-32.0,78.0,-6.0,46.5,-3.8925,46.2292,-5.3387,47.6601,-1.7051,45.2222,28.1075,-31.7708,26.6613,-30.3399,26.0,-31.5,32.0,30.95,True,False,outdoors,,
2024,22,2025-02-09,KC@PHI,PHI,KC,40.0,22.0,-18.0,62.0,1.5,48.5,0.7084,45.747,-6.5823,46.0046,-0.7756,45.2518,18.7084,-16.253,11.4177,-15.995399999999997,19.5,-13.5,18.0,16.95,False,False,dome,,
2025,1,2025-09-07,ARI@NO,NO,ARI,13.0,20.0,7.0,33.0,6.0,44.5,0.5816,46.3763,0.1637,45.3598,-1.05,44.8435,-6.4184,13.3763,-6.8363,12.3598,-1.0,11.5,-7.0,-8.05,False,True,dome,,
2025,1,2025-09-07,BAL@BUF,BUF,BAL,41.0,40.0,-1.0,81.0,1.5,50.5,0.0994,48.2345,-1.05,50.3,-1.05,44.8435,1.0994,-32.7655,-0.050000000000000044,-30.700000000000003,2.5,-30.5,1.0,-0.050000000000000044,False,True,outdoors,,
2025,1,2025-09-07,CAR@JAX,JAX,CAR,26.0,10.0,-16.0,36.0,-4.5,45.5,-2.2549,47.7731,-7.55,45.3,-1.05,44.8435,13.7451,11.7731,8.45,9.299999999999997,11.5,9.5,16.0,14.95,False,True,outdoors,,
2025,1,2025-09-07,CIN@CLE,CLE,CIN,16.0,17.0,1.0,33.0,5.5,47.5,2.0594,45.0523,-3.8522,42.7967,-1.05,44.8435,1.0594000000000001,12.052300000000002,-4.8522,9.796700000000001,4.5,14.5,-1.0,-2.05,True,True,outdoors,,
2025,1,2025-09-04,DAL@PHI,PHI,DAL,24.0,20.0,-4.0,44.0,-8.5,47.5,-6.1527,45.456,-2.8719,49.0597,-1.05,44.8435,-2.1527000000000003,1.456000000000003,1.1280999999999999,5.059699999999999,-4.5,3.5,4.0,2.95,True,True,outdoors,,
2025,1,2025-09-07,DET@GB,GB,DET,27.0,13.0,-14.0,40.0,-1.5,48.5,-0.2603,46.1653,-7.043,46.6171,-1.05,44.8435,13.7397,6.165300000000002,6.957,6.617100000000001,12.5,8.5,14.0,12.95,True,True,outdoors,,
2025,1,2025-09-07,HOU@LAR,LAR,HOU,14.0,9.0,-5.0,23.0,-3.5,43.5,-0.2387,44.4721,-3.6062,42.6282,-1.05,44.8435,4.7613,21.472099999999998,1.3938000000000001,19.6282,1.5,20.5,5.0,3.95,False,True,dome,,
2025,1,2025-09-05,KC@LAC,LAC,KC,27.0,21.0,-6.0,48.0,3.0,47.5,-1.4966,45.4911,-1.05,50.3,-1.05,44.8435,4.5034,-2.508899999999997,4.95,2.299999999999997,9.0,-0.5,6.0,4.95,True,True,dome,,
2025,1,2025-09-07,LV@NE,NE,LV,13.0,20.0,7.0,33.0,-2.5,44.5,-0.7785,44.2916,4.0131,46.4387,-1.05,44.8435,-7.7785,11.291600000000003,-2.9869000000000003,13.438699999999997,-9.5,11.5,-7.0,-8.05,False,True,outdoors,,
2025,1,2025-09-07,MIA@IND,IND,MIA,33.0,8.0,-25.0,41.0,-1.5,47.5,-0.3966,44.3849,-7.55,45.3,-1.05,44.8435,24.6034,3.384900000000002,17.45,4.299999999999997,23.5,6.5,25.0,23.95,False,True,closed,,
2025,1,2025-09-08,MIN@CHI,CHI,MIN,24.0,27.0,3.0,51.0,1.5,43.5,0.8501,43.9663,-3.7049,41.7923,-1.05,44.8435,-2.1499,-7.033700000000003,-6.7049,-9.207700000000003,-1.5,-7.5,-3.0,-4.05,True,True,outdoors,,
2025,1,2025-09-07,NYG@WSH,WSH,NYG,21.0,6.0,-15.0,27.0,-6.0,45.5,-4.7169,46.554,-7.55,45.3,-1.05,44.8435,10.283100000000001,19.554000000000002,7.45,18.299999999999997,9.0,18.5,15.0,13.95,True,True,outdoors,,
2025,1,2025-09-07,PIT@NYJ,NYJ,PIT,32.0,34.0,2.0,66.0,3.0,37.5,-1.1628,45.1996,-1.05,50.3,-1.05,44.8435,-3.1628,-20.800400000000003,-3.05,-15.700000000000003,1.0,-28.5,-2.0,-3.05,False,True,outdoors,,
2025,1,2025-09-07,SF@SEA,SEA,SF,13.0,17.0,4.0,30.0,2.5,43.5,-0.6327,45.8896,5.45,44.4736,-1.05,44.8435,-4.6327,15.889600000000002,1.4500000000000002,14.473599999999998,-1.5,13.5,-4.0,-5.05,True,True,outdoors,,
2025,1,2025-09-07,TB@ATL,ATL,TB,20.0,23.0,3.0,43.0,1.5,47.5,1.3141,47.4938,1.1583,48.5207,-1.05,44.8435,-1.6859,4.4938,-1.8417,5.520699999999998,-1.5,4.5,-3.0,-4.05,True,True,closed,,
2025,1,2025-09-07,TEN@DEN,DEN,TEN,20.0,12.0,-8.0,32.0,-8.5,42.5,-4.9292,44.1475,-2.8342,41.2209,-1.05,44.8435,3.0708,12.1475,5.1658,9.2209,-0.5,10.5,8.0,6.95,False,True,outdoors,,
2025,2,2025-09-14,ATL@MIN,MIN,ATL,6.0,22.0,16.0,28.0,-3.5,44.5,-2.6894,45.3636,2.7706,42.5572,-7.55,45.5201,-18.6894,17.363599999999998,-13.2294,14.557200000000002,-19.5,16.5,-16.0,-17.05,False,True,dome,,
2025,2,2025-09-14,BUF@NYJ,NYJ,BUF,10.0,30.0,20.0,40.0,6.0,47.5,1.9053,47.0554,3.5243,47.5481,5.45,45.5201,-18.0947,7.055399999999999,-16.4757,7.548099999999998,-14.0,7.5,-20.0,-21.05,True,True,outdoors,,
2025,2,2025-09-14,CAR@ARI,ARI,CAR,27.0,22.0,-5.0,49.0,-7.0,45.5,-4.9548,47.8204,-6.7001,46.2264,-7.55,45.5201,0.04520000000000035,-1.1796000000000006,-1.7001,-2.773600000000002,-2.0,-3.5,5.0,3.95,False,True,closed,,
2025,2,2025-09-14,CHI@DET,DET,CHI,52.0,21.0,-31.0,73.0,-6.0,46.5,-4.5954,45.6871,-5.7176,47.2145,-1.05,44.8435,26.404600000000002,-27.3129,25.2824,-25.7855,25.0,-26.5,31.0,29.95,True,True,dome,,
2025,2,2025-09-14,CLE@BAL,BAL,CLE,41.0,17.0,-24.0,58.0,-12.5,46.5,-6.9954,45.5174,-5.8347,46.0325,-1.05,44.8435,17.0046,-12.482599999999998,18.165300000000002,-11.967500000000001,11.5,-11.5,24.0,22.95,True,True,outdoors,,
2025,2,2025-09-14,DEN@IND,IND,DEN,29.0,28.0,-1.0,57.0,2.5,43.5,1.5787,44.3203,-0.5305,45.6436,-1.05,45.3,2.5787,-12.679699999999997,0.46950000000000003,-11.3564,3.5,-13.5,1.0,-0.050000000000000044,False,True,closed,,
2025,2,2025-09-14,JAX@CIN,CIN,JAX,31.0,27.0,-4.0,58.0,-3.5,49.5,-4.0865,47.6815,4.2039,45.0531,-1.05,45.3,-0.08650000000000002,-10.3185,8.2039,-12.9469,0.5,-8.5,4.0,2.95,False,True,outdoors,,
2025,2,2025-09-15,LAC@LV,LV,LAC,9.0,20.0,11.0,29.0,3.5,46.5,1.7862,43.9205,3.0128,44.2913,-1.05,45.3,-9.213799999999999,14.920499999999997,-7.9872,15.2913,-7.5,17.5,-11.0,-12.05,True,True,dome,,
2025,2,2025-09-14,LAR@TEN,TEN,LAR,19.0,33.0,14.0,52.0,5.5,41.5,0.7988,44.9004,5.45,45.3,5.45,45.5201,-13.2012,-7.099600000000002,-8.55,-6.700000000000003,-8.5,-10.5,-14.0,-15.05,False,True,outdoors,,
2025,2,2025-09-14,NE@MIA,MIA,NE,27.0,33.0,6.0,60.0,-1.5,43.5,-3.371,44.812,1.5911,48.8168,-1.05,44.8435,-9.371,-15.188000000000002,-4.4089,-11.1832,-7.5,-16.5,-6.0,-7.05,True,True,outdoors,,
2025,2,2025-09-14,NYG@DAL,DAL,NYG,40.0,37.0,-3.0,77.0,-4.5,44.5,-1.1117,44.9617,-2.4003,49.6639,-1.05,44.8435,1.8883,-32.0383,0.5996999999999999,-27.336100000000002,-1.5,-32.5,3.0,1.95,True,True,closed,,
2025,2,2025-09-14,PHI@KC,KC,PHI,17.0,20.0,3.0,37.0,1.5,46.5,1.4297,46.0343,3.4113,47.619,5.45,45.5201,-1.5703,9.034300000000002,0.4113000000000002,10.619,-1.5,9.5,-3.0,-4.05,False,True,outdoors,,
2025,2,2025-09-14,SEA@PIT,PIT,SEA,17.0,31.0,14.0,48.0,-3.5,40.5,-0.6352,44.7389,0.6202,45.5066,-7.55,45.5201,-14.6352,-3.261099999999999,-13.3798,-2.493400000000001,-17.5,-7.5,-14.0,-15.05,False,True,outdoors,,
2025,2,2025-09-14,SF@NO,NO,SF,21.0,26.0,5.0,47.0,3.0,40.5,0.658,46.2348,2.879,44.5499,5.45,45.5201,-4.342,-0.7652000000000001,-2.121,-2.450099999999999,-2.0,-6.5,-5.0,-6.05,False,True,dome,,
2025,2,2025-09-15,TB@HOU,HOU,TB,19.0,20.0,1.0,39.0,-2.5,42.5,-0.0807,45.3831,2.7819,45.9873,5.45,45.5201,-1.0807,6.383099999999999,1.7818999999999998,6.987299999999998,-3.5,3.5,-1.0,-2.05,False,True,closed,,
2025,2,2025-09-11,WSH@GB,GB,WSH,27.0,18.0,-9.0,45.0,-3.5,48.5,-1.7304,46.7015,-4.775,45.3545,-1.05,45.3,7.2696000000000005,1.701500000000003,4.225,0.3545000000000016,5.5,3.5,9.0,7.95,False,True,outdoors,,
2025,3,2025-09-21,ARI@SF,SF,ARI,16.0,15.0,-1.0,31.0,-1.5,44.5,-1.1417,47.3882,-1.5872,44.5509,-1.05,45.3,-0.14169999999999994,16.388199999999998,-0.5871999999999999,13.550899999999999,-0.5,13.5,1.0,-0.050000000000000044,True,True,outdoors,,
2025,3,2025-09-21,ATL@CAR,CAR,ATL,30.0,0.0,-30.0,30.0,5.5,44.5,1.9226,47.5274,0.5247,42.6665,2.3976,45.0919,31.9226,17.5274,30.5247,12.6665,35.5,14.5,30.0,28.95,True,True,outdoors,,
2025,3,2025-09-21,CIN@MIN,MIN,CIN,48.0,10.0,-38.0,58.0,-3.0,41.5,-1.5731,45.532,-4.0176,41.9975,2.0901,45.2982,36.4269,-12.468000000000004,33.9824,-16.002499999999998,35.0,-16.5,38.0,36.95,False,True,dome,,
2025,3,2025-09-21,DAL@CHI,CHI,DAL,31.0,14.0,-17.0,45.0,1.5,49.5,-2.3218,44.661,-3.6194,48.8638,2.3976,45.0919,14.6782,-0.33899999999999864,13.3806,3.8637999999999977,18.5,4.5,17.0,15.95,False,True,outdoors,,
2025,3,2025-09-21,DEN@LAC,LAC,DEN,23.0,20.0,-3.0,43.0,-2.5,45.5,0.02,44.1645,-0.8686,44.4905,-4.1901,45.2982,3.02,1.1644999999999968,2.1314,1.4904999999999973,0.5,2.5,3.0,1.95,True,True,dome,,
2025,3,2025-09-22,DET@BAL,BAL,DET,30.0,38.0,8.0,68.0,-4.5,53.5,-1.951,47.5306,-0.0257,49.8778,-1.05,45.0941,-9.951,-20.4694,-8.0257,-18.1222,-12.5,-14.5,-8.0,-9.05,False,True,outdoors,,
2025,3,2025-09-21,GB@CLE,CLE,GB,13.0,10.0,-3.0,23.0,8.5,41.5,3.0563,44.1149,3.596,43.7164,5.45,45.5201,6.0563,21.1149,6.596,20.7164,11.5,18.5,3.0,1.95,False,True,outdoors,,
2025,3,2025-09-21,HOU@JAX,JAX,HOU,17.0,10.0,-7.0,27.0,-1.5,43.5,1.7498,45.4014,-4.9416,43.1353,-4.4976,45.0919,8.7498,18.401400000000002,2.0584,16.1353,5.5,16.5,7.0,5.95,True,True,outdoors,,
2025,3,2025-09-21,IND@TEN,TEN,IND,20.0,41.0,21.0,61.0,6.0,43.5,0.2422,44.2215,5.45,45.4554,5.45,45.5201,-20.7578,-16.7785,-15.55,-15.544600000000003,-15.0,-17.5,-21.0,-22.05,True,True,outdoors,,
2025,3,2025-09-21,KC@NYG,NYG,KC,9.0,22.0,13.0,31.0,6.0,44.5,1.7815,45.8174,3.4146,47.1878,-1.05,44.8435,-11.2185,14.8174,-9.5854,16.187800000000003,-7.0,13.5,-13.0,-14.05,False,True,outdoors,,
2025,3,2025-09-21,LAR@PHI,PHI,LAR,33.0,26.0,-7.0,59.0,-3.5,45.5,-4.1526,45.6121,-0.2637,45.2991,-1.05,45.3,2.8474000000000004,-13.387900000000002,6.7363,-13.700899999999997,3.5,-13.5,7.0,5.95,False,True,outdoors,,
2025,3,2025-09-21,LV@WSH,WSH,LV,41.0,24.0,-17.0,65.0,-2.5,43.5,-4.4211,45.7921,-4.6619,46.0408,-1.05,45.0941,12.5789,-19.207900000000002,12.3381,-18.959200000000003,14.5,-21.5,17.0,15.95,False,True,outdoors,,
2025,3,2025-09-18,MIA@BUF,BUF,MIA,31.0,21.0,-10.0,52.0,-12.5,50.5,-3.5789,46.3552,-4.8386,48.0637,-7.55,45.5201,6.4211,-5.6447999999999965,5.1614,-3.936300000000003,-2.5,-1.5,10.0,8.95,True,True,outdoors,,
2025,3,2025-09-21,NO@SEA,SEA,NO,44.0,13.0,-31.0,57.0,-7.5,41.5,-2.2586,44.9328,-3.9668,44.7793,-4.4976,45.0919,28.7414,-12.0672,27.0332,-12.2207,23.5,-15.5,31.0,29.95,False,True,outdoors,,
2025,3,2025-09-21,NYJ@TB,TB,NYJ,29.0,27.0,-2.0,56.0,-6.5,43.5,-3.151,46.6949,-7.4841,46.3276,-7.55,45.5201,-1.1509999999999998,-9.305100000000003,-5.4841,-9.672400000000003,-4.5,-12.5,2.0,0.95,False,True,outdoors,,
2025,3,2025-09-21,PIT@NE,NE,PIT,14.0,21.0,7.0,35.0,1.5,44.5,0.873,45.0805,-1.0744,46.6321,-1.05,45.0941,-6.127,10.0805,-8.0744,11.632100000000001,-5.5,9.5,-7.0,-8.05,False,True,outdoors,,
2025,4,2025-09-28,BAL@KC,KC,BAL,37.0,20.0,-17.0,57.0,2.5,48.5,2.1544,47.4518,-3.646,48.8464,-1.05,45.0162,19.1544,-9.548200000000001,13.354,-8.153599999999997,19.5,-8.5,17.0,15.95,False,True,outdoors,,
2025,4,2025-09-28,CAR@NE,NE,CAR,42.0,13.0,-29.0,55.0,-5.5,42.5,-1.9014,46.4945,-4.6515,47.123,-1.05,45.0162,27.0986,-8.505499999999998,24.3485,-7.8770000000000024,23.5,-12.5,29.0,27.95,False,True,outdoors,,
2025,4,2025-09-28,CHI@LV,LV,CHI,24.0,25.0,1.0,49.0,-1.5,47.5,0.0686,43.7705,0.7805,44.5396,-1.05,45.0162,-0.9314,-5.229500000000002,-0.21950000000000003,-4.4604,-2.5,-1.5,-1.0,-2.05,False,True,dome,,
2025,4,2025-09-29,CIN@DEN,DEN,CIN,28.0,3.0,-25.0,31.0,-7.5,44.5,-2.5327,45.7122,-7.55,44.7989,1.1382,45.141,22.4673,14.712200000000003,17.45,13.798900000000003,17.5,13.5,25.0,23.95,False,True,outdoors,,
2025,4,2025-09-28,CLE@DET,DET,CLE,34.0,10.0,-24.0,44.0,-10.0,44.5,-6.0805,45.0388,-5.3986,43.8799,-3.2382,45.141,17.9195,1.038800000000002,18.601399999999998,-0.12010000000000076,14.0,0.5,24.0,22.95,False,True,dome,,
2025,4,2025-09-28,GB@DAL,DAL,GB,40.0,40.0,0.0,80.0,7.0,47.5,2.9938,45.3847,1.737,48.721,1.1382,45.141,2.9938,-34.6153,1.737,-31.279000000000003,7.0,-32.5,0.0,-1.05,False,True,closed,,
2025,4,2025-09-28,IND@LAR,LAR,IND,27.0,20.0,-7.0,47.0,-3.5,49.5,-1.5698,45.1414,-0.6763,46.1964,1.0103,45.2771,5.4302,-1.8586000000000027,6.3237,-0.803600000000003,3.5,2.5,7.0,5.95,False,True,dome,,
2025,4,2025-09-28,JAX@SF,SF,JAX,21.0,26.0,5.0,47.0,-3.5,45.5,-3.8166,47.5375,0.8095,43.9368,-3.1103,45.2771,-8.816600000000001,0.5375000000000014,-4.1905,-3.063200000000002,-8.5,-1.5,-5.0,-6.05,False,True,outdoors,,
2025,4,2025-09-28,LAC@NYG,NYG,LAC,21.0,18.0,-3.0,39.0,6.0,43.5,2.0477,44.6152,3.0514,44.7173,5.45,45.5201,5.0477,5.6152000000000015,6.0514,5.717300000000002,9.0,4.5,3.0,1.95,False,True,outdoors,,
2025,4,2025-09-28,MIN@PIT,PIT,MIN,24.0,21.0,-3.0,45.0,2.5,41.5,0.4525,44.3097,-0.5263,43.5526,-1.05,45.1671,3.4525,-0.6903000000000006,2.4737,-1.4474000000000018,5.5,-3.5,3.0,1.95,False,True,outdoors,,
2025,4,2025-09-28,NO@BUF,BUF,NO,31.0,19.0,-12.0,50.0,-15.5,48.5,-4.9708,46.9445,-5.847,47.402,-7.55,45.5201,7.0292,-3.055500000000002,6.153,-2.597999999999999,-3.5,-1.5,12.0,10.95,False,True,outdoors,,
2025,4,2025-09-29,NYJ@MIA,MIA,NYJ,27.0,21.0,-6.0,48.0,-2.5,44.5,-1.3655,44.9116,-1.2017,48.8663,-1.05,44.8435,4.6345,-3.0884,4.7983,0.8663000000000025,3.5,-3.5,6.0,4.95,True,True,outdoors,,
2025,4,2025-09-28,PHI@TB,TB,PHI,25.0,31.0,6.0,56.0,3.5,44.5,0.2763,46.4874,-1.4583,44.5149,-1.05,45.3,-5.7237,-9.512599999999999,-7.4582999999999995,-11.485100000000003,-2.5,-11.5,-6.0,-7.05,False,True,outdoors,,
2025,4,2025-09-25,SEA@ARI,ARI,SEA,20.0,23.0,3.0,43.0,1.5,43.5,-1.3837,46.0312,-0.2548,44.6976,-1.05,45.1671,-4.3837,3.0311999999999983,-3.2548,1.6976000000000013,-1.5,0.5,-3.0,-4.05,True,True,closed,,
2025,4,2025-09-28,TEN@HOU,HOU,TEN,26.0,0.0,-26.0,26.0,-7.5,39.5,-3.5583,43.6304,-7.55,44.3824,-1.05,44.8435,22.4417,17.6304,18.45,18.382399999999997,18.5,13.5,26.0,24.95,True,True,closed,,
2025,4,2025-09-28,WSH@ATL,ATL,WSH,34.0,27.0,-7.0,61.0,-2.5,43.5,0.844,47.6806,-1.7188,46.1202,1.1382,45.141,7.844,-13.319400000000002,5.2812,-14.879800000000003,4.5,-17.5,7.0,5.95,False,True,closed,,
2025,5,2025-10-05,DAL@NYJ,NYJ,DAL,22.0,37.0,15.0,59.0,-1.5,48.5,-2.9359,45.3972,0.2225,49.7149,1.2829,44.9864,-17.9359,-13.602800000000002,-14.7775,-9.2851,-16.5,-10.5,-15.0,-16.05,False,False,outdoors,,
2025,5,2025-10-05,DEN@PHI,PHI,DEN,17.0,21.0,4.0,38.0,-3.5,44.5,-1.8489,44.6125,0.9655,44.6459,-4.1901,45.2982,-5.8489,6.612499999999997,-3.0345,6.6458999999999975,-7.5,6.5,-4.0,-5.05,False,False,outdoors,,
2025,5,2025-10-05,DET@CIN,CIN,DET,24.0,37.0,13.0,61.0,10.5,49.5,1.1205,47.3401,5.45,45.5049,0.5531,45.1745,-11.8795,-13.6599,-7.55,-15.4951,-2.5,-11.5,-13.0,-14.05,False,False,outdoors,,
2025,5,2025-10-05,HOU@BAL,BAL,HOU,10.0,44.0,34.0,54.0,2.5,41.5,-3.8071,45.5139,4.4441,46.8087,-1.05,44.9753,-37.8071,-8.4861,-29.5559,-7.191299999999998,-31.5,-12.5,-34.0,-35.05,False,False,outdoors,,
2025,5,2025-10-06,KC@JAX,JAX,KC,31.0,28.0,-3.0,59.0,3.5,45.5,1.8083,47.307,-1.1132,46.0236,-2.6531,45.1745,4.8083,-11.692999999999998,1.8868,-12.976399999999998,6.5,-13.5,3.0,1.95,False,False,outdoors,,
2025,5,2025-10-05,LV@IND,IND,LV,40.0,6.0,-34.0,46.0,-7.0,46.5,-2.3701,43.9434,-7.3187,46.0865,-4.3366,45.1998,31.6299,-2.056600000000003,26.6813,0.08650000000000091,27.0,0.5,34.0,32.95,False,False,closed,,
2025,5,2025-10-05,MIA@CAR,CAR,MIA,27.0,24.0,-3.0,51.0,1.5,44.5,2.2458,46.0929,-1.7352,48.5249,-1.05,44.9753,5.2458,-4.9071,1.2648,-2.4750999999999976,4.5,-6.5,3.0,1.95,False,False,outdoors,,
2025,5,2025-10-05,MIN@CLE,CLE,MIN,17.0,21.0,4.0,38.0,3.5,35.5,2.2642,43.3261,1.044,41.9818,0.6294,45.0639,-1.7357999999999998,5.326099999999997,-2.956,3.9818,-0.5,-2.5,-4.0,-5.05,False,False,outdoors,,
2025,5,2025-10-05,NE@BUF,BUF,NE,20.0,23.0,3.0,43.0,-7.5,49.5,-6.2051,47.0548,-2.7951,48.5044,-4.1901,45.2982,-9.2051,4.0548,-5.7951,5.504399999999997,-10.5,6.5,-3.0,-4.05,True,False,outdoors,,
2025,5,2025-10-05,NYG@NO,NO,NYG,26.0,14.0,-12.0,40.0,-1.5,41.5,-2.059,44.9949,-3.3347,44.6828,0.7133,44.9417,9.940999999999999,4.994900000000001,8.6653,4.6828,10.5,1.5,12.0,10.95,False,False,dome,,
2025,5,2025-10-02,SF@LAR,LAR,SF,23.0,26.0,3.0,49.0,-8.5,43.5,-0.4609,46.5262,-2.2779,45.4332,-1.05,45.2019,-3.4609,-2.473799999999997,-5.2779,-3.5668000000000006,-11.5,-5.5,-3.0,-4.05,True,False,dome,,
2025,5,2025-10-05,TB@SEA,SEA,TB,35.0,38.0,3.0,73.0,-3.5,44.5,0.6784,46.1873,-0.6498,47.297,-1.05,45.2019,-2.3216,-26.8127,-3.6498,-25.703000000000003,-6.5,-28.5,-3.0,-4.05,False,False,outdoors,,
2025,5,2025-10-05,TEN@ARI,ARI,TEN,21.0,22.0,1.0,43.0,-7.5,41.5,-3.4533,45.7235,-6.5443,44.8632,-4.4976,45.0919,-4.4533000000000005,2.7235000000000014,-7.5443,1.863199999999999,-8.5,-1.5,-1.0,-2.05,False,False,closed,,
2025,5,2025-10-05,WSH@LAC,LAC,WSH,10.0,27.0,17.0,37.0,-2.5,47.5,-0.7783,46.1684,0.3641,46.2279,-2.6531,45.1745,-17.7783,9.168399999999998,-16.6359,9.227899999999998,-19.5,10.5,-17.0,-18.05,False,False,dome,,
2025,6,2025-10-12,ARI@IND,IND,ARI,31.0,27.0,-4.0,58.0,-8.5,46.5,-0.0219,45.9605,-3.4629,46.915,-3.629,45.2036,3.9781,-12.039499999999997,0.5371000000000001,-11.085,-4.5,-11.5,4.0,2.95,False,False,closed,,
2025,6,2025-10-13,BUF@ATL,ATL,BUF,24.0,14.0,-10.0,38.0,3.5,49.5,2.2016,47.8701,-0.3653,45.2754,0.8655,45.1959,12.2016,9.8701,9.6347,7.275399999999998,13.5,11.5,10.0,8.95,False,False,closed,,
2025,6,2025-10-13,CHI@WSH,WSH,CHI,24.0,25.0,1.0,49.0,-5.5,49.5,-3.2285,46.1301,0.1531,47.0812,-1.6998,45.1206,-4.2285,-2.8699000000000012,-0.8469,-1.9187999999999974,-6.5,0.5,-1.0,-2.05,False,False,outdoors,,
2025,6,2025-10-12,CIN@GB,GB,CIN,27.0,18.0,-9.0,45.0,-14.0,44.5,-2.3336,46.3646,-7.55,46.1142,-2.7891,45.1387,6.666399999999999,1.364600000000003,1.4500000000000002,1.1141999999999967,-5.0,-0.5,9.0,7.95,False,False,outdoors,,
2025,6,2025-10-12,CLE@PIT,PIT,CLE,23.0,9.0,-14.0,32.0,-5.5,37.5,-2.9919,43.7835,-5.1201,44.3451,-4.6841,45.212,11.0081,11.783499999999997,8.8799,12.345100000000002,8.5,5.5,14.0,12.95,True,False,outdoors,,
2025,6,2025-10-12,DAL@CAR,CAR,DAL,30.0,27.0,-3.0,57.0,3.0,47.5,-0.0099,46.4697,-1.0469,50.3,-0.388,45.0756,2.9901,-10.530299999999997,1.9531,-6.700000000000003,6.0,-9.5,3.0,1.95,False,False,outdoors,,
2025,6,2025-10-12,DEN@NYJ,NYJ,DEN,11.0,13.0,2.0,24.0,7.5,43.5,1.2943,44.8302,5.45,45.4304,3.0517,45.1648,-0.7057,20.830199999999998,3.45,21.4304,5.5,19.5,-2.0,-3.05,False,False,outdoors,,
2025,6,2025-10-12,DET@KC,KC,DET,30.0,17.0,-13.0,47.0,-2.5,51.5,1.215,46.9834,-0.2057,47.0201,1.529,45.2036,14.215,-0.01659999999999684,12.7943,0.02009999999999934,10.5,4.5,13.0,11.95,False,False,outdoors,,
2025,6,2025-10-12,LAR@BAL,BAL,LAR,3.0,17.0,14.0,20.0,7.0,43.5,-4.9061,47.0096,5.45,46.2257,1.6269,45.1183,-18.906100000000002,27.0096,-8.55,26.225700000000003,-7.0,23.5,-14.0,-15.05,False,False,outdoors,,
2025,6,2025-10-12,LAC@MIA,MIA,LAC,27.0,29.0,2.0,56.0,3.5,45.5,-0.1464,44.2947,0.6052,47.5349,1.6269,45.1183,-2.1464,-11.705300000000001,-1.3948,-8.4651,1.5,-10.5,-2.0,-3.05,False,False,outdoors,,
2025,6,2025-10-12,NE@NO,NO,NE,19.0,25.0,6.0,44.0,3.5,46.5,-2.1874,45.2386,1.8821,46.8377,1.6269,45.1183,-8.1874,1.2385999999999981,-4.1179,2.837699999999998,-2.5,2.5,-6.0,-7.05,False,False,dome,,
2025,6,2025-10-09,PHI@NYG,NYG,PHI,34.0,17.0,-17.0,51.0,7.0,40.5,4.0629,45.2457,-0.3366,44.8653,2.8981,45.2465,21.0629,-5.754300000000001,16.6634,-6.134700000000002,24.0,-10.5,17.0,15.95,True,False,outdoors,,
2025,6,2025-10-12,SEA@JAX,JAX,SEA,12.0,20.0,8.0,32.0,1.5,47.5,1.1313,46.1507,0.8065,46.3441,-2.315,45.1968,-6.8687000000000005,14.1507,-7.1935,14.344099999999997,-6.5,15.5,-8.0,-9.05,False,False,outdoors,,
2025,6,2025-10-12,SF@TB,TB,SF,30.0,19.0,-11.0,49.0,-3.5,46.5,-2.437,47.5418,-5.0489,47.186,-1.05,45.2222,8.563,-1.458199999999998,5.9511,-1.814,7.5,-2.5,11.0,9.95,False,False,outdoors,,
2025,6,2025-10-12,TEN@LV,LV,TEN,20.0,10.0,-10.0,30.0,-3.5,41.5,-1.0046,43.6663,-2.5629,43.5701,-1.05,44.95,8.9954,13.6663,7.4371,13.570099999999996,6.5,11.5,10.0,8.95,False,False,dome,,
2025,7,2025-10-19,ATL@SF,SF,ATL,20.0,10.0,-10.0,30.0,-1.5,46.5,-2.0186,47.1648,1.6793,44.9531,-1.4766,45.1546,7.9814,17.1648,11.6793,14.9531,8.5,16.5,10.0,8.95,False,False,outdoors,,
2025,7,2025-10-19,CAR@NYJ,NYJ,CAR,6.0,13.0,7.0,19.0,-1.5,39.5,-4.1039,46.7454,2.5964,45.3643,2.3976,45.0919,-11.1039,27.745399999999997,-4.4036,26.3643,-8.5,20.5,-7.0,-8.05,False,False,outdoors,,
2025,7,2025-10-19,GB@ARI,ARI,GB,23.0,27.0,4.0,50.0,7.0,44.5,0.563,46.3952,2.3246,46.9312,1.6658,45.185,-3.4370000000000003,-3.6047999999999973,-1.6753999999999998,-3.068800000000003,3.0,-5.5,-4.0,-5.05,False,False,closed,,
2025,7,2025-10-20,HOU@SEA,SEA,HOU,27.0,19.0,-8.0,46.0,-3.0,41.5,-0.4026,43.8935,-0.1553,44.009,-2.7891,45.1387,7.5974,-2.106499999999997,7.8447,-1.9909999999999997,5.0,-4.5,8.0,6.95,False,False,outdoors,,
2025,7,2025-10-19,IND@LAC,LAC,IND,24.0,38.0,14.0,62.0,-2.5,48.5,-2.6112,44.4,4.0268,47.2183,-0.0053,45.2125,-16.6112,-17.6,-9.9732,-14.7817,-16.5,-13.5,-14.0,-15.05,False,False,dome,,
2025,7,2025-10-19,LAR@JAX,JAX,LAR,7.0,35.0,28.0,42.0,3.0,44.5,1.034,46.7867,2.0327,44.7222,-1.05,45.1671,-26.966,4.786700000000003,-25.9673,2.722200000000001,-25.0,2.5,-28.0,-29.05,False,False,outdoors,,
2025,7,2025-10-19,LV@KC,KC,LV,31.0,0.0,-31.0,31.0,-13.5,44.5,-3.6196,45.0831,-7.55,45.3,-2.1604,45.0679,27.3804,14.083100000000002,23.45,14.299999999999997,17.5,13.5,31.0,29.95,True,False,outdoors,,
2025,7,2025-10-19,MIA@CLE,CLE,MIA,31.0,6.0,-25.0,37.0,-2.5,34.5,1.2631,43.533,-2.2877,43.8781,-1.05,44.9329,26.2631,6.533000000000001,22.7123,6.878100000000003,22.5,-2.5,25.0,23.95,False,False,outdoors,,
2025,7,2025-10-19,NE@TEN,TEN,NE,13.0,31.0,18.0,44.0,6.5,40.5,-1.3728,44.5763,5.45,45.3699,2.2886,45.165,-19.3728,0.5763000000000034,-12.55,1.3699000000000012,-11.5,-3.5,-18.0,-19.05,False,False,outdoors,,
2025,7,2025-10-19,NO@CHI,CHI,NO,26.0,14.0,-12.0,40.0,-4.5,43.5,-1.3904,44.6674,-4.372,45.2744,-3.96,45.1232,10.6096,4.667400000000001,7.628,5.2744,7.5,3.5,12.0,10.95,False,False,outdoors,,
2025,7,2025-10-19,NYG@DEN,DEN,NYG,33.0,32.0,-1.0,65.0,-7.5,39.5,-5.2179,44.5698,-4.8602,44.3787,-3.2382,45.141,-4.2179,-20.4302,-3.8602,-20.621299999999998,-6.5,-25.5,1.0,-0.050000000000000044,False,False,outdoors,,
2025,7,2025-10-19,PHI@MIN,MIN,PHI,22.0,28.0,6.0,50.0,2.5,43.5,0.6436,44.4836,-0.8687,44.4414,-0.6234,45.1546,-5.3564,-5.516399999999997,-6.8687000000000005,-5.558599999999998,-3.5,-6.5,-6.0,-7.05,False,False,dome,,
2025,7,2025-10-16,PIT@CIN,CIN,PIT,33.0,31.0,-2.0,64.0,5.5,45.5,-2.1532,46.1482,4.807,46.7063,1.9789,45.2136,-0.1532,-17.851799999999997,6.807,-17.2937,7.5,-18.5,2.0,0.95,True,False,outdoors,,
2025,7,2025-10-20,TB@DET,DET,TB,24.0,9.0,-15.0,33.0,-6.0,54.5,-2.1037,47.464,-2.5452,45.1824,-0.0053,45.2125,12.8963,14.463999999999999,12.4548,12.182400000000001,9.0,21.5,15.0,13.95,False,False,dome,,
2025,7,2025-10-19,WSH@DAL,DAL,WSH,44.0,22.0,-22.0,66.0,-1.5,54.5,2.5877,46.7798,-2.0918,49.7643,-0.388,45.0756,24.587699999999998,-19.2202,19.9082,-16.2357,20.5,-11.5,22.0,20.95,True,False,closed,,
2025,8,2025-10-26,BUF@CAR,CAR,BUF,9.0,40.0,31.0,49.0,7.0,47.5,3.6922,47.4379,4.2306,47.0846,-0.4389,45.1504,-27.3078,-1.562100000000001,-26.7694,-1.9153999999999982,-24.0,-1.5,-31.0,-32.05,False,False,outdoors,,
2025,8,2025-10-26,CHI@BAL,BAL,CHI,30.0,16.0,-14.0,46.0,-2.5,45.5,-5.5078,46.1527,5.2393,46.4227,2.2886,45.165,8.4922,0.15270000000000294,19.2393,0.42269999999999897,11.5,-0.5,14.0,12.95,False,False,outdoors,,
2025,8,2025-10-26,CLE@NE,NE,CLE,32.0,13.0,-19.0,45.0,-7.0,40.5,-1.1904,43.9172,-5.5278,43.3594,-3.8653,45.1717,17.8096,-1.0827999999999989,13.4722,-1.6405999999999992,12.0,-4.5,19.0,17.95,False,False,outdoors,,
2025,8,2025-10-26,DAL@DEN,DEN,DAL,44.0,24.0,-20.0,68.0,-3.5,51.5,-5.1999,44.7744,-4.2842,48.4275,-2.4283,45.1602,14.8001,-23.2256,15.7158,-19.572499999999998,16.5,-16.5,20.0,18.95,False,False,outdoors,,
2025,8,2025-10-26,GB@PIT,PIT,GB,25.0,35.0,10.0,60.0,3.0,46.5,1.2084,45.1096,0.7766,48.5425,-0.2119,45.2019,-8.7916,-14.8904,-9.2234,-11.457500000000003,-7.0,-13.5,-10.0,-11.05,False,False,outdoors,,
2025,8,2025-10-26,MIA@ATL,ATL,MIA,10.0,34.0,24.0,44.0,-7.0,44.5,-0.5495,45.641,0.4223,44.821,-3.4755,45.0682,-24.5495,1.6409999999999982,-23.5777,0.820999999999998,-31.0,0.5,-24.0,-25.05,False,False,closed,,
2025,8,2025-10-23,MIN@LAC,LAC,MIN,37.0,10.0,-27.0,47.0,-3.0,45.5,-0.868,44.0031,-0.5427,45.116,-1.5153,45.1123,26.132,-2.9968999999999966,26.4573,-1.8840000000000003,24.0,-1.5,27.0,25.95,False,False,dome,,
2025,8,2025-10-26,NYG@PHI,PHI,NYG,38.0,20.0,-18.0,58.0,-7.0,43.5,-6.1629,45.2457,-3.1769,47.2944,-3.8653,45.1717,11.8371,-12.7543,14.8231,-10.705599999999997,11.0,-14.5,18.0,16.95,True,False,outdoors,,
2025,8,2025-10-26,NYJ@CIN,CIN,NYJ,38.0,39.0,1.0,77.0,-5.5,43.5,-2.0516,46.5099,-1.4665,49.024,-4.0237,45.0441,-3.0516,-30.490099999999998,-2.4665,-27.976,-6.5,-33.5,-1.0,-2.05,False,False,outdoors,,
2025,8,2025-10-26,SF@HOU,HOU,SF,26.0,15.0,-11.0,41.0,-2.5,41.5,-1.3356,45.114,-7.0564,45.2108,1.4405,45.1656,9.6644,4.113999999999997,3.9436,4.210799999999999,8.5,0.5,11.0,9.95,False,False,closed,,
2025,8,2025-10-26,TB@NO,NO,TB,3.0,23.0,20.0,26.0,4.5,46.5,2.0071,46.5706,1.963,43.4645,2.7598,45.2034,-17.9929,20.5706,-18.037,17.4645,-15.5,20.5,-20.0,-21.05,True,False,dome,,
2025,8,2025-10-26,TEN@IND,IND,TEN,38.0,14.0,-24.0,52.0,-15.5,47.5,-2.3422,44.2215,-7.55,46.1765,-5.757,45.3104,21.6578,-7.778500000000001,16.45,-5.823500000000003,8.5,-4.5,24.0,22.95,True,False,closed,,
2025,8,2025-10-27,WSH@KC,KC,WSH,28.0,7.0,-21.0,35.0,-10.5,48.5,-0.273,47.4972,-7.2206,46.5005,-1.987,45.1027,20.727,12.4972,13.779399999999999,11.500500000000002,10.5,13.5,21.0,19.95,False,False,outdoors,,
2025,9,2025-11-03,ARI@DAL,DAL,ARI,17.0,27.0,10.0,44.0,-3.5,53.5,1.5903,46.3942,-2.4827,47.4392,-2.0125,45.0368,-8.4097,2.394199999999998,-12.4827,3.4391999999999996,-13.5,9.5,-10.0,-11.05,False,False,closed,,
2025,9,2025-11-02,ATL@NE,NE,ATL,24.0,23.0,-1.0,47.0,-5.5,45.5,0.9141,46.1706,-3.9876,45.5281,-3.1254,45.176,1.9141,-0.8293999999999997,-2.9876,-1.471899999999998,-4.5,-1.5,1.0,-0.050000000000000044,False,False,outdoors,,
2025,9,2025-10-30,BAL@MIA,MIA,BAL,6.0,28.0,22.0,34.0,7.5,51.5,2.4997,46.1714,-2.627,45.0504,-0.8052,44.9847,-19.5003,12.171399999999998,-24.627,11.050400000000003,-14.5,17.5,-22.0,-23.05,False,False,outdoors,,
2025,9,2025-11-02,CAR@GB,GB,CAR,13.0,16.0,3.0,29.0,-12.5,43.5,-6.3949,46.7784,-4.2832,48.4282,-3.1723,45.2112,-9.3949,17.778399999999998,-7.2832,19.428199999999997,-15.5,14.5,-3.0,-4.05,False,False,outdoors,,
2025,9,2025-11-02,CHI@CIN,CIN,CHI,42.0,47.0,5.0,89.0,3.0,51.5,-2.5969,45.7683,1.3264,48.9905,0.245,45.0984,-7.5969,-43.2317,-3.6736,-40.0095,-2.0,-37.5,-5.0,-6.05,False,False,outdoors,,
2025,9,2025-11-02,DEN@HOU,HOU,DEN,15.0,18.0,3.0,33.0,-1.5,40.5,0.2331,43.6195,-2.1248,43.9225,1.0254,45.176,-2.7669,10.619500000000002,-5.1248000000000005,10.9225,-4.5,7.5,-3.0,-4.05,False,False,closed,,
2025,9,2025-11-02,IND@PIT,PIT,IND,27.0,20.0,-7.0,47.0,3.5,51.5,-1.2908,44.6625,2.3722,48.212,0.8629,45.2266,5.7092,-2.3374999999999986,9.3722,1.2120000000000033,10.5,4.5,7.0,5.95,False,False,outdoors,,
2025,9,2025-11-02,JAX@LV,LV,JAX,29.0,30.0,1.0,59.0,2.5,43.5,-1.0627,45.4371,1.2998,44.8214,0.8503,45.0968,-2.0627,-13.562899999999999,0.29980000000000007,-14.178600000000003,1.5,-15.5,-1.0,-2.05,False,False,dome,,
2025,9,2025-11-02,KC@BUF,BUF,KC,28.0,21.0,-7.0,49.0,2.5,53.5,-3.1672,47.6579,-0.2365,46.4378,-1.6176,45.1715,3.8328,-1.342100000000002,6.7635,-2.562199999999997,9.5,4.5,7.0,5.95,False,False,outdoors,,
2025,9,2025-11-02,LAC@TEN,TEN,LAC,20.0,27.0,7.0,47.0,10.0,44.5,1.7799,44.1968,2.2003,45.704,2.3152,45.1472,-5.2201,-2.803199999999997,-4.7997,-1.2959999999999994,3.0,-2.5,-7.0,-8.05,False,False,outdoors,,
2025,9,2025-11-02,MIN@DET,DET,MIN,24.0,27.0,3.0,51.0,-9.5,47.5,-2.5172,45.3689,-6.1868,45.1259,-2.9004,45.1595,-5.5172,-5.6311000000000035,-9.1868,-5.8740999999999985,-12.5,-3.5,-3.0,-4.05,True,False,dome,,
2025,9,2025-11-02,NO@LAR,LAR,NO,34.0,10.0,-24.0,44.0,-14.0,44.5,-2.1418,45.5361,-6.7317,43.7786,-4.9863,45.2088,21.8582,1.5360999999999976,17.2683,-0.2214000000000027,10.0,0.5,24.0,22.95,False,False,dome,,
2025,9,2025-11-02,SEA@WSH,WSH,SEA,14.0,38.0,24.0,52.0,2.5,47.5,-2.3303,46.3682,3.6947,47.4363,1.159,45.1619,-26.3303,-5.631799999999998,-20.3053,-4.563699999999997,-21.5,-4.5,-24.0,-25.05,False,False,outdoors,,
2025,9,2025-11-02,SF@NYG,NYG,SF,24.0,34.0,10.0,58.0,2.5,47.5,1.6974,46.0327,-0.6289,49.8068,1.4414,45.1264,-8.3026,-11.967300000000002,-10.6289,-8.193199999999997,-7.5,-10.5,-10.0,-11.05,False,False,outdoors,,
2025,10,2025-11-09,ARI@SEA,SEA,ARI,44.0,22.0,-22.0,66.0,-7.0,44.5,-0.7163,46.0312,-4.9288,46.3803,-3.484,45.18,21.2837,-19.9688,17.0712,-19.6197,15.0,-21.5,22.0,20.95,True,False,outdoors,,
2025,10,2025-11-09,ATL@IND,IND,ATL,31.0,25.0,-6.0,56.0,-6.5,48.5,-0.8554,45.7327,-5.0355,46.6003,-3.6582,45.1947,5.1446,-10.267299999999999,0.9645000000000001,-9.399700000000003,-0.5,-7.5,6.0,4.95,False,False,closed,,
2025,10,2025-11-09,BAL@MIN,MIN,BAL,19.0,27.0,8.0,46.0,4.5,48.5,1.2776,45.7931,1.2585,44.8074,-1.8794,45.0723,-6.7224,-0.20689999999999742,-6.7415,-1.1925999999999988,-3.5,2.5,-8.0,-9.05,False,False,dome,,
2025,10,2025-11-09,BUF@MIA,MIA,BUF,30.0,13.0,-17.0,43.0,8.5,50.5,1.4789,46.3552,-0.2838,45.5761,2.4292,45.2063,18.4789,3.3552000000000035,16.7162,2.5760999999999967,25.5,7.5,17.0,15.95,True,False,outdoors,,
2025,10,2025-11-09,CLE@NYJ,NYJ,CLE,27.0,20.0,-7.0,47.0,1.5,37.5,-3.1312,44.1129,2.4449,43.0496,-0.1797,44.9511,3.8688,-2.8870999999999967,9.4449,-3.950400000000002,8.5,-9.5,7.0,5.95,False,False,outdoors,,
2025,10,2025-11-09,DET@WSH,WSH,DET,22.0,44.0,22.0,66.0,8.5,49.5,0.5038,47.6817,4.0989,47.1711,0.8716,45.1209,-21.4962,-18.3183,-17.9011,-18.828899999999997,-13.5,-16.5,-22.0,-23.05,False,False,outdoors,,
2025,10,2025-11-09,JAX@HOU,HOU,JAX,36.0,29.0,-7.0,65.0,1.5,37.5,-3.8498,45.4014,-6.9937,45.1522,0.5904,45.1205,3.1502,-19.598599999999998,0.006300000000000416,-19.8478,8.5,-27.5,7.0,5.95,True,False,closed,,
2025,10,2025-11-09,LAR@SF,SF,LAR,26.0,42.0,16.0,68.0,5.5,49.5,-1.6391,46.5262,3.7981,47.3684,-0.5239,45.1873,-17.6391,-21.473799999999997,-12.2019,-20.6316,-10.5,-18.5,-16.0,-17.05,True,False,outdoors,,
2025,10,2025-11-06,LV@DEN,DEN,LV,10.0,7.0,-3.0,17.0,-9.5,42.5,-4.9207,43.873,-5.9655,43.2758,-4.5112,45.2176,-1.9207,26.872999999999998,-2.9654999999999996,26.275799999999997,-6.5,25.5,3.0,1.95,True,False,outdoors,,
2025,10,2025-11-09,NE@TB,TB,NE,23.0,28.0,5.0,51.0,-2.5,48.5,-5.3203,46.6604,0.6316,45.4365,-0.8764,45.2079,-10.3203,-4.339599999999997,-4.3684,-5.563499999999998,-7.5,-2.5,-5.0,-6.05,False,False,outdoors,,
2025,10,2025-11-09,NO@CAR,CAR,NO,7.0,17.0,10.0,24.0,-5.5,38.5,1.008,46.5245,-0.4711,43.5941,-4.0637,45.1053,-8.992,22.524500000000003,-10.4711,19.594099999999997,-15.5,14.5,-10.0,-11.05,True,False,outdoors,,
2025,10,2025-11-09,NYG@CHI,CHI,NYG,24.0,20.0,-4.0,44.0,-4.5,45.5,-2.369,44.4539,-3.4019,49.0066,-3.7335,45.1297,1.6309999999999998,0.4538999999999973,0.5981000000000001,5.006599999999999,-0.5,1.5,4.0,2.95,False,False,outdoors,,
2025,10,2025-11-10,PHI@GB,GB,PHI,7.0,10.0,3.0,17.0,-1.5,45.5,0.0057,45.2422,-1.345,47.1374,-0.8255,45.195,-2.9943,28.242199999999997,-4.345,30.1374,-4.5,28.5,-3.0,-4.05,False,False,outdoors,,
2025,10,2025-11-09,PIT@LAC,LAC,PIT,25.0,10.0,-15.0,35.0,-3.0,45.5,-2.3862,44.5851,-3.5761,45.4207,-1.316,45.1589,12.6138,9.585099999999997,11.4239,10.420699999999997,12.0,10.5,15.0,13.95,False,False,dome,,
2025,11,2025-11-16,BAL@CLE,CLE,BAL,16.0,23.0,7.0,39.0,7.5,37.5,4.8954,45.5174,0.9334,41.3516,0.4545,45.0385,-2.1045999999999996,6.517400000000002,-6.0666,2.3515999999999977,0.5,-1.5,-7.0,-8.05,True,False,outdoors,,
2025,11,2025-11-16,CAR@ATL,ATL,CAR,27.0,30.0,3.0,57.0,-4.5,42.5,-4.0226,47.5274,-2.2469,45.5472,0.0604,45.0679,-7.0226,-9.4726,-5.2469,-11.452800000000003,-7.5,-14.5,-3.0,-4.05,True,False,closed,,
2025,11,2025-11-16,CHI@MIN,MIN,CHI,17.0,19.0,2.0,36.0,-3.0,47.5,-2.9501,43.9663,4.2261,45.6727,0.393,45.1394,-4.9501,7.966299999999997,2.2260999999999997,9.672699999999999,-5.0,11.5,-2.0,-3.05,True,False,dome,,
2025,11,2025-11-16,CIN@PIT,PIT,CIN,34.0,12.0,-22.0,46.0,-5.5,48.5,0.0532,46.1482,-2.1281,49.0455,-2.5231,45.09,22.0532,0.14820000000000277,19.8719,3.045499999999997,16.5,2.5,22.0,20.95,True,False,outdoors,,
2025,11,2025-11-17,DAL@LV,LV,DAL,16.0,33.0,17.0,49.0,3.5,48.5,-1.1502,44.2654,2.4155,44.3283,-0.009,45.01,-18.150199999999998,-4.7346,-14.5845,-4.671700000000001,-13.5,-0.5,-17.0,-18.05,False,False,dome,,
2025,11,2025-11-16,DET@PHI,PHI,DET,16.0,9.0,-7.0,25.0,-2.5,46.5,-1.3623,46.1312,-2.4805,44.9444,-1.7498,45.1952,5.6377,21.1312,4.5195,19.9444,4.5,21.5,7.0,5.95,False,False,outdoors,,
2025,11,2025-11-16,GB@NYG,NYG,GB,20.0,27.0,7.0,47.0,7.5,41.5,3.0147,45.1737,1.7359,48.7217,1.7881,45.1328,-3.9853,-1.8263000000000034,-5.2641,1.7216999999999985,0.5,-5.5,-7.0,-8.05,False,False,outdoors,,
2025,11,2025-11-16,HOU@TEN,TEN,HOU,13.0,16.0,3.0,29.0,5.5,37.5,1.4583,43.6304,3.7537,43.3837,1.2326,45.0402,-1.5417,14.630400000000002,0.7536999999999998,14.383699999999997,2.5,8.5,-3.0,-4.05,True,False,outdoors,,
2025,11,2025-11-16,KC@DEN,DEN,KC,22.0,19.0,-3.0,41.0,3.5,44.5,-2.6289,45.3795,0.1865,45.3465,-2.6025,45.1954,0.3711000000000002,4.3795,3.1865,4.346499999999999,6.5,3.5,3.0,1.95,True,False,outdoors,,
2025,11,2025-11-16,LAC@JAX,JAX,LAC,35.0,6.0,-29.0,41.0,3.0,43.5,2.1026,46.0201,-0.4996,43.5851,-0.1246,45.1589,31.1026,5.020099999999999,28.5004,2.585099999999997,32.0,2.5,29.0,27.95,False,False,outdoors,,
2025,11,2025-11-13,NYJ@NE,NE,NYJ,27.0,14.0,-13.0,41.0,-12.5,43.5,1.0191,45.4315,-6.9931,44.7457,-4.8431,45.2398,14.0191,4.4315,6.0069,3.7456999999999994,0.5,2.5,13.0,11.95,True,False,outdoors,,
2025,11,2025-11-16,SEA@LAR,LAR,SEA,21.0,19.0,-2.0,40.0,-3.0,49.5,-0.8999,45.2159,-2.1595,43.6528,-1.05,45.2132,1.1000999999999999,5.215899999999998,-0.15949999999999998,3.652799999999999,-1.0,9.5,2.0,0.95,True,False,dome,,
2025,11,2025-11-16,SF@ARI,ARI,SF,22.0,41.0,19.0,63.0,3.5,48.5,-0.9583,47.3882,-0.2534,48.9094,0.7108,45.1094,-19.9583,-15.611800000000002,-19.2534,-14.090600000000002,-15.5,-14.5,-19.0,-20.05,True,False,closed,,
2025,11,2025-11-16,TB@BUF,BUF,TB,44.0,32.0,-12.0,76.0,-6.0,46.5,-1.9148,48.158,-1.8686,45.7824,-1.05,45.1671,10.0852,-27.842,10.1314,-30.217599999999997,6.0,-29.5,12.0,10.95,False,False,outdoors,,
2025,11,2025-11-16,WSH@MIA,MIA,WSH,16.0,13.0,-3.0,29.0,-2.5,47.5,0.2109,46.1904,-4.95,46.2793,-1.05,45.0,3.2109,17.190399999999997,-1.9500000000000002,17.2793,0.5,18.5,3.0,1.95,False,False,outdoors,,
2025,12,2025-11-23,ATL@NO,NO,ATL,10.0,24.0,14.0,34.0,-1.5,41.5,-0.2736,46.1346,0.2088,42.6785,-0.3622,44.9799,-14.2736,12.134599999999999,-13.7912,8.6785,-15.5,7.5,-14.0,-15.05,True,False,dome,,
2025,12,2025-11-20,BUF@HOU,HOU,BUF,23.0,19.0,-4.0,42.0,5.5,43.5,0.7088,45.7065,-1.5208,45.0956,0.2381,45.1547,4.7088,3.7064999999999984,2.4792,3.0955999999999975,9.5,1.5,4.0,2.95,False,False,closed,,
2025,12,2025-11-24,CAR@SF,SF,CAR,20.0,9.0,-11.0,29.0,-7.5,48.5,-5.0221,47.6733,-5.089,47.8994,-1.6363,45.1379,5.9779,18.673299999999998,5.911,18.8994,3.5,19.5,11.0,9.95,False,False,outdoors,,
2025,12,2025-11-23,CLE@LV,LV,CLE,10.0,24.0,14.0,34.0,-3.0,35.5,-1.4385,43.0393,0.7499,41.2312,-1.05,44.95,-15.4385,9.039299999999997,-13.2501,7.231200000000001,-17.0,1.5,-14.0,-15.05,False,False,dome,,
2025,12,2025-11-23,IND@KC,KC,IND,23.0,20.0,-3.0,43.0,-3.5,50.5,-2.2566,45.6039,-1.5358,46.0257,0.8655,45.1959,0.7433999999999998,2.603900000000003,1.4642,3.0257000000000005,-0.5,7.5,3.0,1.95,False,False,outdoors,,
2025,12,2025-11-23,JAX@ARI,ARI,JAX,24.0,27.0,3.0,51.0,2.5,47.5,-3.7419,47.6858,0.1392,43.9502,0.9374,45.11,-6.741899999999999,-3.3141999999999996,-2.8608000000000002,-7.049799999999998,-0.5,-3.5,-3.0,-4.05,False,False,closed,,
2025,12,2025-11-23,MIN@GB,GB,MIN,23.0,6.0,-17.0,29.0,-6.5,41.5,-1.7274,44.4846,-6.696,44.1193,-2.7891,45.1387,15.2726,15.4846,10.304,15.119300000000003,10.5,12.5,17.0,15.95,True,False,outdoors,,
2025,12,2025-11-23,NE@CIN,CIN,NE,20.0,26.0,6.0,46.0,7.5,50.5,-4.209,46.4303,3.358,47.6572,2.3196,45.2316,-10.209,0.43030000000000257,-2.642,1.6572000000000031,1.5,4.5,-6.0,-7.05,False,False,outdoors,,
2025,12,2025-11-23,NYG@DET,DET,NYG,34.0,27.0,-7.0,61.0,-14.0,50.5,-6.077,46.1428,-4.5096,47.8893,-3.8539,45.1208,0.923,-14.857199999999999,2.4904,-13.110700000000001,-7.0,-10.5,7.0,5.95,False,False,dome,,
2025,12,2025-11-23,NYJ@BAL,BAL,NYJ,23.0,10.0,-13.0,33.0,-14.0,44.5,-5.0549,46.8728,-6.5351,44.1976,-3.0755,45.0645,7.9451,13.872799999999998,6.4649,11.197600000000001,-1.0,11.5,13.0,11.95,False,False,outdoors,,
2025,12,2025-11-23,PHI@DAL,DAL,PHI,24.0,21.0,-3.0,45.0,3.0,47.5,4.0527,45.456,1.9845,45.5536,1.2324,45.1991,7.0527,0.45600000000000307,4.9845,0.553600000000003,6.0,2.5,3.0,1.95,True,False,closed,,
2025,12,2025-11-23,PIT@CHI,CHI,PIT,31.0,28.0,-3.0,59.0,-3.0,46.5,-0.614,44.49,-2.3462,45.6349,-1.688,45.164,2.386,-14.509999999999998,0.6537999999999999,-13.365099999999998,0.0,-12.5,3.0,1.95,False,False,outdoors,,
2025,12,2025-11-23,SEA@TEN,TEN,SEA,24.0,30.0,6.0,54.0,12.5,41.5,0.8896,44.3176,5.45,45.7284,2.9734,45.2064,-5.1104,-9.682400000000001,-0.5499999999999998,-8.2716,6.5,-12.5,-6.0,-7.05,False,False,outdoors,,
2025,12,2025-11-23,TB@LAR,LAR,TB,34.0,7.0,-27.0,41.0,-7.0,49.5,0.8909,46.8368,-6.4588,43.5996,-2.315,45.1968,27.8909,5.836799999999997,20.5412,2.5996000000000024,20.0,8.5,27.0,25.95,False,False,dome,,
2025,13,2025-11-30,ARI@TB,TB,ARI,20.0,17.0,-3.0,37.0,-4.5,44.5,-2.5391,47.6973,-0.9183,44.3727,-2.8705,45.0848,0.4609000000000001,10.697299999999998,2.0817,7.372700000000002,-1.5,7.5,3.0,1.95,False,False,outdoors,,
2025,13,2025-11-30,ATL@NYJ,NYJ,ATL,27.0,24.0,-3.0,51.0,3.0,38.5,-1.2292,46.2986,2.3237,46.3897,0.1953,45.0018,1.7708,-4.7014,5.3237000000000005,-4.610300000000002,6.0,-12.5,3.0,1.95,False,False,outdoors,,
2025,13,2025-11-30,BUF@PIT,PIT,BUF,7.0,26.0,19.0,33.0,3.0,44.5,1.9777,46.6893,0.8557,43.957,-0.4637,45.1379,-17.0223,13.689300000000003,-18.1443,10.957,-16.0,11.5,-19.0,-20.05,False,False,outdoors,,
2025,13,2025-11-28,CHI@PHI,PHI,CHI,15.0,24.0,9.0,39.0,-7.0,43.5,-4.738,44.8006,-2.1173,45.5464,-1.05,45.1925,-13.738,5.800600000000003,-11.1173,6.546399999999998,-16.0,4.5,-9.0,-10.05,False,False,outdoors,,
2025,13,2025-11-27,CIN@BAL,BAL,CIN,14.0,32.0,18.0,46.0,-7.0,52.5,-4.1721,47.8136,-4.8935,44.8504,-2.8705,45.0848,-22.1721,1.813600000000001,-22.8935,-1.1495999999999995,-25.0,6.5,-18.0,-19.05,True,False,outdoors,,
2025,13,2025-11-30,DEN@WSH,WSH,DEN,26.0,27.0,1.0,53.0,6.5,43.5,-0.149,46.0363,3.9388,47.2761,2.5068,45.2382,-1.149,-6.963700000000003,2.9388,-5.7239,5.5,-9.5,-1.0,-2.05,False,False,outdoors,,
2025,13,2025-11-27,GB@DET,DET,GB,24.0,31.0,7.0,55.0,-2.5,48.5,-1.8397,46.1653,1.3999,46.8284,-0.6453,45.1693,-8.8397,-8.834699999999998,-5.6001,-8.171599999999998,-9.5,-6.5,-7.0,-8.05,True,False,dome,,
2025,13,2025-11-30,HOU@IND,IND,HOU,16.0,20.0,4.0,36.0,-3.0,44.5,0.2223,43.8346,-0.4056,43.7613,-2.2132,45.1674,-3.7777,7.834600000000002,-4.4056,7.7612999999999985,-7.0,8.5,-4.0,-5.05,True,False,closed,,
2025,13,2025-11-30,JAX@TEN,TEN,JAX,3.0,25.0,22.0,28.0,6.0,42.5,-1.1131,45.7379,4.5084,43.9069,2.6309,45.1635,-23.1131,17.737900000000003,-17.4916,15.9069,-16.0,14.5,-22.0,-23.05,True,False,outdoors,,
2025,13,2025-11-27,KC@DAL,DAL,KC,31.0,28.0,-3.0,59.0,3.5,53.5,1.7459,46.0367,0.2644,48.5821,-0.7532,45.1052,4.7459,-12.963299999999997,3.2644,-10.417900000000003,6.5,-5.5,3.0,1.95,False,False,closed,,
2025,13,2025-11-30,LAR@CAR,CAR,LAR,31.0,28.0,-3.0,59.0,10.0,44.5,2.1987,46.905,4.243,46.2899,0.9784,45.2041,5.1987000000000005,-12.094999999999999,7.243,-12.710099999999997,13.0,-14.5,3.0,1.95,False,False,outdoors,,
2025,13,2025-11-30,LV@LAC,LAC,LV,31.0,14.0,-17.0,45.0,-10.0,40.5,-3.8862,43.9205,-4.5824,42.3682,-4.0881,45.1427,13.1138,-1.079500000000003,12.4176,-2.6317999999999984,7.0,-4.5,17.0,15.95,True,False,dome,,
2025,13,2025-11-30,MIN@SEA,SEA,MIN,26.0,0.0,-26.0,26.0,-12.5,42.5,0.0401,44.1819,-5.8237,43.1828,-3.4175,45.1694,26.0401,18.1819,20.1763,17.1828,13.5,16.5,26.0,24.95,False,False,outdoors,,
2025,13,2025-11-30,NO@MIA,MIA,NO,21.0,17.0,-4.0,38.0,-5.5,41.5,-2.2574,44.767,-3.2316,42.3859,-2.2953,45.0018,1.7426,6.767000000000003,0.7684000000000002,4.3858999999999995,-1.5,3.5,4.0,2.95,False,False,outdoors,,
2025,13,2025-12-01,NYG@NE,NE,NYG,33.0,15.0,-18.0,48.0,-7.0,46.5,-0.9348,44.9882,-5.1355,47.8689,-5.4404,45.2824,17.0652,-3.011800000000001,12.8645,-0.13110000000000355,11.0,-1.5,18.0,16.95,False,False,outdoors,,
2025,13,2025-11-30,SF@CLE,CLE,SF,8.0,26.0,18.0,34.0,5.5,35.5,1.8175,44.9225,0.6644,43.5713,1.5518,45.1467,-16.1825,10.9225,-17.3356,9.5713,-12.5,1.5,-18.0,-19.05,False,False,outdoors,,
2025,14,2025-12-07,CHI@GB,GB,CHI,28.0,21.0,-7.0,49.0,-6.5,44.5,-3.7095,44.7588,-3.2382,46.3281,-0.9073,45.1974,3.2905,-4.241199999999999,3.7618,-2.671900000000001,0.5,-4.5,7.0,5.95,True,False,outdoors,,
2025,14,2025-12-07,CIN@BUF,BUF,CIN,39.0,34.0,-5.0,73.0,-6.0,54.5,-3.0664,48.0257,-3.811,46.9832,-3.2382,45.141,1.9336000000000002,-24.9743,1.189,-26.016800000000003,-1.0,-18.5,5.0,3.95,False,False,outdoors,,
2025,14,2025-12-04,DAL@DET,DET,DAL,44.0,30.0,-14.0,74.0,-3.5,55.5,-6.0631,46.3626,-2.2143,48.4921,-1.2955,45.1235,7.9369,-27.6374,11.7857,-25.5079,10.5,-18.5,14.0,12.95,False,False,dome,,
2025,14,2025-12-07,DEN@LV,LV,DEN,17.0,24.0,7.0,41.0,8.5,40.5,2.8207,43.873,3.2402,42.8708,3.3404,45.2824,-4.1793,2.8729999999999976,-3.7598,1.8708000000000027,1.5,-0.5,-7.0,-8.05,True,False,dome,,
2025,14,2025-12-07,HOU@KC,KC,HOU,10.0,20.0,10.0,30.0,-4.5,41.5,-0.8748,44.9014,2.5046,44.5247,-0.5077,45.1157,-10.8748,14.901400000000002,-7.4954,14.524700000000003,-14.5,11.5,-10.0,-11.05,False,False,outdoors,,
2025,14,2025-12-07,IND@JAX,JAX,IND,36.0,19.0,-17.0,55.0,2.5,44.5,0.4244,46.045,-4.1983,42.5717,-1.05,45.1671,17.4244,-8.954999999999998,12.8017,-12.4283,19.5,-10.5,17.0,15.95,True,False,outdoors,,
2025,14,2025-12-07,LAR@ARI,ARI,LAR,17.0,45.0,28.0,62.0,9.5,49.5,-1.5541,46.6716,4.9296,46.6259,2.2366,45.1998,-29.5541,-15.328400000000002,-23.0704,-15.374099999999999,-18.5,-12.5,-28.0,-29.05,True,False,closed,,
2025,14,2025-12-07,MIA@NYJ,NYJ,MIA,10.0,34.0,24.0,44.0,2.5,41.5,-0.7345,44.9116,4.801,44.2932,0.0782,45.0287,-24.7345,0.9116,-19.198999999999998,0.2931999999999988,-21.5,-2.5,-24.0,-25.05,True,False,outdoors,,
2025,14,2025-12-07,NO@TB,TB,NO,20.0,24.0,4.0,44.0,-7.5,41.5,-4.1071,46.5706,1.2681,43.7068,-3.8521,45.1132,-8.107099999999999,2.570599999999999,-2.7319,-0.2931999999999988,-11.5,-2.5,-4.0,-5.05,True,False,outdoors,,
2025,14,2025-12-08,PHI@LAC,LAC,PHI,22.0,19.0,-3.0,41.0,1.5,41.5,0.8564,44.7743,-0.6124,40.6847,-1.05,45.1671,3.8564,3.7742999999999967,2.3876,-0.3153000000000006,4.5,0.5,3.0,1.95,False,False,dome,,
2025,14,2025-12-07,PIT@BAL,BAL,PIT,22.0,27.0,5.0,49.0,-5.5,43.5,-5.1091,46.5121,-1.6445,42.9662,-1.05,45.0941,-10.1091,-2.4879000000000033,-6.6445,-6.033799999999999,-10.5,-5.5,-5.0,-6.05,True,False,outdoors,,
2025,14,2025-12-07,SEA@ATL,ATL,SEA,9.0,37.0,28.0,46.0,7.0,44.5,-0.5543,45.814,3.3858,43.6428,1.6658,45.185,-28.5543,-0.18599999999999994,-24.6142,-2.357199999999999,-21.0,-1.5,-28.0,-29.05,False,False,closed,,
2025,14,2025-12-07,TEN@CLE,CLE,TEN,29.0,31.0,2.0,60.0,-4.5,33.5,-0.6114,43.3063,-3.2417,41.7325,-2.2154,44.9462,-2.6114,-16.6937,-5.2417,-18.2675,-6.5,-26.5,-2.0,-3.05,False,False,outdoors,,
2025,14,2025-12-07,WSH@MIN,MIN,WSH,31.0,0.0,-31.0,31.0,1.5,43.5,-0.9812,45.8648,-2.9186,44.0737,-1.6185,44.9991,30.0188,14.864800000000002,28.0814,13.073700000000002,32.5,12.5,31.0,29.95,False,False,dome,,
2025,15,2025-12-14,ARI@HOU,HOU,ARI,40.0,20.0,-20.0,60.0,-10.5,42.5,-1.4206,45.2516,-6.2926,45.7148,-3.6124,45.1232,18.5794,-14.748399999999997,13.7074,-14.285200000000003,9.5,-17.5,20.0,18.95,False,False,closed,,
2025,15,2025-12-11,ATL@TB,TB,ATL,28.0,29.0,1.0,57.0,-6.0,43.5,-3.4141,47.4938,1.7951,45.9861,-2.586,45.082,-4.4140999999999995,-9.5062,0.7950999999999999,-11.0139,-7.0,-13.5,-1.0,-2.05,True,False,outdoors,,
2025,15,2025-12-14,BAL@CIN,CIN,BAL,0.0,24.0,24.0,24.0,2.5,51.5,2.0721,47.8136,2.1935,43.5949,-0.0188,45.0512,-21.9279,23.8136,-21.8065,19.594900000000003,-21.5,27.5,-24.0,-25.05,True,False,outdoors,,
2025,15,2025-12-14,BUF@NE,NE,BUF,31.0,35.0,4.0,66.0,2.5,49.5,4.1051,47.0548,-1.3813,47.2878,-2.011,45.2188,0.1051000000000002,-18.9452,-5.3812999999999995,-18.712200000000003,-1.5,-16.5,-4.0,-5.05,True,False,outdoors,,
2025,15,2025-12-14,CAR@NO,NO,CAR,20.0,17.0,-3.0,37.0,2.5,41.5,-3.108,46.5245,-4.5582,44.6945,1.0138,45.0825,-0.1080000000000001,9.524500000000003,-1.5582000000000003,7.694499999999998,5.5,4.5,3.0,1.95,True,False,dome,,
2025,15,2025-12-14,CLE@CHI,CHI,CLE,31.0,3.0,-28.0,34.0,-7.5,38.5,-2.544,43.418,-4.1148,42.2186,-4.1047,45.168,25.456,9.418,23.8852,8.218600000000002,20.5,4.5,28.0,26.95,False,False,outdoors,,
2025,15,2025-12-14,DET@LAR,LAR,DET,41.0,34.0,-7.0,75.0,-5.5,54.5,1.8719,46.5385,-4.6611,47.1131,-2.0242,45.1872,8.8719,-28.4615,2.3388999999999998,-27.886899999999997,1.5,-20.5,7.0,5.95,False,False,dome,,
2025,15,2025-12-14,GB@DEN,DEN,GB,34.0,26.0,-8.0,60.0,1.5,42.5,-1.2755,44.6332,-0.9703,46.6921,-1.6475,45.2249,6.7245,-15.366799999999998,7.0297,-13.307899999999997,9.5,-17.5,8.0,6.95,False,False,outdoors,,
2025,15,2025-12-14,IND@SEA,SEA,IND,18.0,16.0,-2.0,34.0,-13.5,41.5,-1.7003,44.5477,-5.2313,43.1108,-2.0242,45.1872,0.2997000000000001,10.547699999999999,-3.2313,9.110799999999998,-11.5,7.5,2.0,0.95,False,False,outdoors,,
2025,15,2025-12-14,LAC@KC,KC,LAC,13.0,16.0,3.0,29.0,-5.5,41.5,-0.6034,45.4911,-0.2098,42.5392,0.4427,45.1502,-3.6034,16.491100000000003,-3.2098,13.539200000000001,-8.5,12.5,-3.0,-4.05,True,False,outdoors,,
2025,15,2025-12-14,LV@PHI,PHI,LV,31.0,0.0,-31.0,31.0,-12.5,37.5,-5.8286,44.523,-6.6375,43.7168,-4.1495,45.1349,25.1714,13.523000000000003,24.3625,12.7168,18.5,6.5,31.0,29.95,False,False,outdoors,,
2025,15,2025-12-15,MIA@PIT,PIT,MIA,28.0,15.0,-13.0,43.0,-3.0,42.5,-0.6302,44.5746,-0.1841,45.2172,-1.5545,45.0966,12.3698,1.5745999999999967,12.8159,2.2171999999999983,10.0,-0.5,13.0,11.95,False,False,outdoors,,
2025,15,2025-12-14,MIN@DAL,DAL,MIN,26.0,34.0,8.0,60.0,-5.5,47.5,2.163,44.5499,-0.7423,44.991,-1.8149,45.0735,-5.837,-15.450099999999999,-8.7423,-15.009,-13.5,-12.5,-8.0,-9.05,False,False,closed,,
2025,15,2025-12-14,NYJ@JAX,JAX,NYJ,48.0,20.0,-28.0,68.0,-13.5,40.5,0.8479,46.6318,-7.55,45.3,-4.1047,45.168,28.8479,-21.3682,20.45,-22.700000000000003,14.5,-27.5,28.0,26.95,False,False,outdoors,,
2025,15,2025-12-14,TEN@SF,SF,TEN,37.0,24.0,-13.0,61.0,-12.5,44.5,-3.5221,45.5875,-3.8628,47.0553,-4.6425,45.1852,9.4779,-15.412500000000001,9.1372,-13.944699999999997,0.5,-16.5,13.0,11.95,False,False,outdoors,,
2025,15,2025-12-14,WSH@NYG,NYG,WSH,21.0,29.0,8.0,50.0,-2.5,46.5,2.6169,46.554,-2.9246,49.1803,-0.515,44.9489,-5.383100000000001,-3.445999999999998,-10.9246,-0.8196999999999974,-10.5,-3.5,-8.0,-9.05,True,False,outdoors,,
2025,16,2025-12-21,ATL@ARI,ARI,ATL,19.0,26.0,7.0,45.0,2.5,48.5,-1.9335,47.3138,1.9781,46.0839,-0.0742,45.0023,-8.9335,2.3138000000000005,-5.0219000000000005,1.0838999999999999,-4.5,3.5,-7.0,-8.05,False,False,closed,,
2025,16,2025-12-21,BUF@CLE,CLE,BUF,20.0,23.0,3.0,43.0,10.5,41.5,3.9346,45.6434,2.5112,43.4488,2.2587,45.185,0.9346000000000001,2.6433999999999997,-0.4887999999999999,0.44879999999999853,7.5,-1.5,-3.0,-4.05,False,False,outdoors,,
2025,16,2025-12-21,CIN@MIA,MIA,CIN,21.0,45.0,24.0,66.0,3.5,48.5,-0.4082,45.8385,-0.9215,45.4306,-2.0125,45.0368,-24.4082,-20.161499999999997,-24.9215,-20.5694,-20.5,-17.5,-24.0,-25.05,False,False,outdoors,,
2025,16,2025-12-20,GB@CHI,CHI,GB,22.0,16.0,-6.0,38.0,-1.5,45.5,1.6095,44.7588,-0.7492,46.3781,-1.1889,45.1827,7.6095,6.758800000000001,5.2508,8.378100000000003,4.5,7.5,6.0,4.95,True,False,outdoors,,
2025,16,2025-12-21,JAX@DEN,DEN,JAX,20.0,34.0,14.0,54.0,-3.5,46.5,-5.3477,45.9678,1.0759,45.3057,-1.9397,45.2242,-19.3477,-8.032200000000003,-12.9241,-8.694299999999998,-17.5,-7.5,-14.0,-15.05,False,False,outdoors,,
2025,16,2025-12-21,KC@TEN,TEN,KC,26.0,9.0,-17.0,35.0,3.5,37.5,1.5068,45.3762,-1.5248,44.7785,0.9029,45.0305,18.5068,10.376199999999997,15.475200000000001,9.778500000000001,20.5,2.5,17.0,15.95,False,False,outdoors,,
2025,16,2025-12-21,LAC@DAL,DAL,LAC,17.0,34.0,17.0,51.0,-1.5,50.5,2.0185,44.8217,2.308,46.5501,0.5817,45.1593,-14.9815,-6.1783,-14.692,-4.4498999999999995,-18.5,-0.5,-17.0,-18.05,False,False,closed,,
2025,16,2025-12-18,LAR@SEA,SEA,LAR,38.0,37.0,-1.0,75.0,-1.5,42.5,-1.2001,45.2159,-1.3137,45.6231,-1.05,45.2164,-0.20009999999999994,-29.784100000000002,-0.3137000000000001,-29.3769,-0.5,-32.5,1.0,-0.050000000000000044,True,False,outdoors,,
2025,16,2025-12-21,LV@HOU,HOU,LV,23.0,21.0,-2.0,44.0,-14.5,39.5,-3.5678,43.3617,-5.762,43.1423,-4.4037,45.1548,-1.5678,-0.638300000000001,-3.7619999999999996,-0.8577000000000012,-12.5,-4.5,2.0,0.95,False,False,closed,,
2025,16,2025-12-21,MIN@NYG,NYG,MIN,13.0,16.0,3.0,29.0,2.5,41.5,2.19,44.3464,1.6189,43.7578,0.9029,45.0305,-0.81,15.346400000000003,-1.3811,14.757800000000003,-0.5,12.5,-3.0,-4.05,False,False,outdoors,,
2025,16,2025-12-21,NE@BAL,BAL,NE,24.0,28.0,4.0,52.0,-3.5,48.5,-6.9084,46.7054,1.3675,46.4269,0.7765,45.1896,-10.9084,-5.294600000000003,-2.6325000000000003,-5.573099999999997,-7.5,-3.5,-4.0,-5.05,False,False,outdoors,,
2025,16,2025-12-21,NYJ@NO,NO,NYJ,29.0,6.0,-23.0,35.0,-6.5,39.5,-0.1283,45.3927,-6.5612,43.6667,-1.5412,44.9776,22.8717,10.392699999999998,16.4388,8.666699999999999,16.5,4.5,23.0,21.95,False,False,dome,,
2025,16,2025-12-20,PHI@WSH,WSH,PHI,18.0,29.0,11.0,47.0,7.0,43.5,0.7582,46.6988,5.45,45.8497,1.3105,45.1325,-10.2418,-0.30120000000000147,-5.55,-1.1503000000000014,-4.0,-3.5,-11.0,-12.05,True,False,outdoors,,
2025,16,2025-12-21,PIT@DET,DET,PIT,24.0,29.0,5.0,53.0,-7.5,52.5,-4.1902,46.0466,0.3465,49.2385,-1.05,45.126,-9.1902,-6.953400000000002,-4.6535,-3.761499999999998,-12.5,-0.5,-5.0,-6.05,False,False,dome,,
2025,16,2025-12-22,SF@IND,IND,SF,27.0,48.0,21.0,75.0,4.5,46.5,0.0568,45.8207,4.5622,46.8296,-0.1373,45.1651,-20.9432,-29.179299999999998,-16.4378,-28.1704,-16.5,-28.5,-21.0,-22.05,False,False,closed,,
2025,16,2025-12-21,TB@CAR,CAR,TB,23.0,20.0,-3.0,43.0,3.0,44.5,3.5455,47.5342,-1.9837,47.0785,-1.05,45.0941,6.5455000000000005,4.5341999999999985,1.0163,4.078499999999998,6.0,1.5,3.0,1.95,True,False,outdoors,,
2025,17,2025-12-28,ARI@CIN,CIN,ARI,37.0,14.0,-23.0,51.0,-7.0,52.5,-1.395,47.5187,-5.6158,47.5537,-1.9641,44.9918,21.605,-3.4812999999999974,17.3842,-3.446300000000001,16.0,1.5,23.0,21.95,False,False,outdoors,,
2025,17,2025-12-27,BAL@GB,GB,BAL,24.0,41.0,17.0,65.0,-2.5,38.5,0.6187,46.5931,-0.4846,49.3915,-2.1941,45.1314,-16.3813,-18.4069,-17.4846,-15.6085,-19.5,-26.5,-17.0,-18.05,False,False,outdoors,,
2025,17,2025-12-28,CHI@SF,SF,CHI,42.0,38.0,-4.0,80.0,-3.5,51.5,-2.3559,45.6419,-1.6862,48.3637,-1.05,45.195,1.6441,-34.3581,2.3138,-31.6363,0.5,-28.5,4.0,2.95,False,False,outdoors,,
2025,17,2025-12-25,DAL@WSH,WSH,DAL,23.0,30.0,7.0,53.0,8.5,50.5,-4.6877,46.7798,0.3047,49.661,0.0429,45.0348,-11.6877,-6.220199999999998,-6.6953,-3.3389999999999986,1.5,-2.5,-7.0,-8.05,True,False,outdoors,,
2025,17,2025-12-25,DEN@KC,KC,DEN,13.0,20.0,7.0,33.0,13.5,37.5,0.5289,45.3795,3.6055,45.636,1.529,45.2036,-6.4711,12.3795,-3.3945,12.636000000000003,6.5,4.5,-7.0,-8.05,True,False,outdoors,,
2025,17,2025-12-25,DET@MIN,MIN,DET,23.0,10.0,-13.0,33.0,7.0,45.5,0.4172,45.3689,-3.8005,43.4281,-0.6128,45.096,13.4172,12.368899999999996,9.1995,10.4281,20.0,12.5,13.0,11.95,True,False,dome,,
2025,17,2025-12-27,HOU@LAC,LAC,HOU,16.0,20.0,4.0,36.0,-1.5,40.5,-1.2941,43.7257,-1.3296,42.7267,-1.4715,45.1829,-5.2941,7.725700000000003,-5.3296,6.726700000000001,-5.5,4.5,-4.0,-5.05,False,False,dome,,
2025,17,2025-12-28,JAX@IND,IND,JAX,17.0,23.0,6.0,40.0,3.5,48.5,-2.5244,46.045,5.45,44.6788,0.2303,45.1689,-8.5244,6.045000000000002,-0.5499999999999998,4.6788000000000025,-2.5,8.5,-6.0,-7.05,True,False,closed,,
2025,17,2025-12-29,LAR@ATL,ATL,LAR,27.0,24.0,-3.0,51.0,7.5,48.5,-0.6987,46.4455,0.3788,48.3205,1.1113,45.1696,2.3013,-4.554499999999997,3.3788,-2.6794999999999973,10.5,-2.5,3.0,1.95,False,False,closed,,
2025,17,2025-12-28,NE@NYJ,NYJ,NE,10.0,42.0,32.0,52.0,12.5,42.5,-3.1191,45.4315,5.45,45.7952,2.8981,45.2465,-35.1191,-6.5685,-26.55,-6.204799999999999,-19.5,-9.5,-32.0,-33.05,True,False,outdoors,,
2025,17,2025-12-28,NO@TEN,TEN,NO,26.0,34.0,8.0,60.0,1.5,39.5,-0.2711,44.578,2.3546,44.041,-0.1359,44.9918,-8.2711,-15.421999999999997,-5.6454,-15.959000000000003,-6.5,-20.5,-8.0,-9.05,False,False,outdoors,,
2025,17,2025-12-28,NYG@LV,LV,NYG,10.0,34.0,24.0,44.0,3.0,40.5,-1.2083,44.0608,3.5543,44.8266,-1.05,44.9155,-25.2083,0.06080000000000041,-20.4457,0.8265999999999991,-21.0,-3.5,-24.0,-25.05,False,False,dome,,
2025,17,2025-12-28,PHI@BUF,BUF,PHI,12.0,13.0,1.0,25.0,-3.0,45.5,-0.5203,46.7906,0.0073,44.3785,-1.4715,45.1829,-1.5203,21.790599999999998,-0.9927,19.378500000000003,-4.0,20.5,-1.0,-2.05,False,False,outdoors,,
2025,17,2025-12-28,PIT@CLE,CLE,PIT,13.0,6.0,-7.0,19.0,4.5,35.5,0.8919,43.7835,1.9271,43.3445,1.6269,45.1183,7.8919,24.783499999999997,8.9271,24.344499999999996,11.5,16.5,7.0,5.95,True,False,outdoors,,
2025,17,2025-12-28,SEA@CAR,CAR,SEA,10.0,27.0,17.0,37.0,6.5,42.5,2.2635,46.2691,3.5173,43.409,0.6472,45.1953,-14.7365,9.269100000000002,-13.4827,6.408999999999999,-10.5,5.5,-17.0,-18.05,False,False,outdoors,,
2025,17,2025-12-28,TB@MIA,MIA,TB,20.0,17.0,-3.0,37.0,5.5,44.5,0.6555,46.0109,-1.838,46.4476,-0.6073,45.0655,3.6555,9.0109,1.162,9.447600000000001,8.5,7.5,3.0,1.95,False,False,outdoors,,
2025,18,2026-01-04,ARI@LAR,LAR,ARI,37.0,20.0,-17.0,57.0,-14.5,49.5,-0.5459,46.6716,-4.984,47.9683,-4.3754,45.1738,16.4541,-10.328400000000002,12.016,-9.0317,2.5,-7.5,17.0,15.95,True,False,dome,,
2025,18,2026-01-04,BAL@PIT,PIT,BAL,26.0,24.0,-2.0,50.0,4.5,41.5,3.0091,46.5121,-2.5672,48.2212,-1.4575,45.1098,5.0091,-3.4879000000000033,-0.5672000000000001,-1.7787999999999968,6.5,-8.5,2.0,0.95,True,False,outdoors,,
2025,18,2026-01-03,CAR@TB,TB,CAR,16.0,14.0,-2.0,30.0,-3.0,43.5,-5.6455,47.5342,-1.232,46.6763,-0.6377,45.0816,-3.6455,17.5342,0.768,16.676299999999998,-1.0,13.5,2.0,0.95,True,False,outdoors,,
2025,18,2026-01-04,CLE@CIN,CIN,CLE,18.0,20.0,2.0,38.0,-9.5,47.5,-4.1594,45.0523,-3.9551,44.2058,-1.8994,45.0132,-6.1594,7.0523000000000025,-5.9551,6.2058000000000035,-11.5,9.5,-2.0,-3.05,True,False,outdoors,,
2025,18,2026-01-04,DAL@NYG,NYG,DAL,34.0,17.0,-17.0,51.0,3.0,50.5,-0.9883,44.9617,-4.1271,47.3315,0.8429,45.0484,16.0117,-6.0383,12.8729,-3.6685000000000016,20.0,-0.5,17.0,15.95,True,False,outdoors,,
2025,18,2026-01-04,DET@CHI,CHI,DET,16.0,19.0,3.0,35.0,-3.5,51.5,2.4954,45.6871,-1.4128,47.436,-2.2589,45.1501,-0.5045999999999999,10.687100000000001,-4.4128,12.436,-6.5,16.5,-3.0,-4.05,True,False,outdoors,,
2025,18,2026-01-04,GB@MIN,MIN,GB,16.0,3.0,-13.0,19.0,-12.5,37.5,-0.3726,44.4846,-6.946,45.2339,-0.4002,45.1206,12.6274,25.4846,6.054,26.2339,0.5,18.5,13.0,11.95,True,False,dome,,
2025,18,2026-01-04,IND@HOU,HOU,IND,38.0,30.0,-8.0,68.0,-9.5,37.5,-2.3223,43.8346,-5.3318,44.0745,-2.2589,45.1501,5.6777,-24.165399999999998,2.6681999999999997,-23.9255,-1.5,-30.5,8.0,6.95,True,False,closed,,
2025,18,2026-01-04,KC@LV,LV,KC,14.0,12.0,-2.0,26.0,3.5,36.5,1.5196,45.0831,0.0262,40.9527,0.6703,45.0044,3.5196,19.0831,2.0262000000000002,14.9527,5.5,10.5,2.0,0.95,True,False,dome,,
2025,18,2026-01-04,LAC@DEN,DEN,LAC,19.0,3.0,-16.0,22.0,-14.5,37.5,-2.12,44.1645,-3.1232,42.8058,-1.8334,45.2079,13.879999999999999,22.164499999999997,12.8768,20.805799999999998,1.5,15.5,16.0,14.95,True,False,outdoors,,
2025,18,2026-01-04,MIA@NE,NE,MIA,38.0,10.0,-28.0,48.0,-14.0,44.5,1.271,44.812,-6.3301,47.0849,-3.4563,45.206,29.271,-3.1880000000000024,21.6699,-0.9151000000000025,14.0,-3.5,28.0,26.95,True,False,outdoors,,
2025,18,2026-01-04,NO@ATL,ATL,NO,19.0,17.0,-2.0,36.0,-4.5,43.5,-1.8264,46.1346,2.581,43.9768,-1.4671,45.0526,0.17359999999999998,10.134599999999999,4.5809999999999995,7.976799999999997,-2.5,7.5,2.0,0.95,True,False,closed,,
2025,18,2026-01-04,NYJ@BUF,BUF,NYJ,35.0,8.0,-27.0,43.0,-12.5,39.5,-4.0053,47.0554,-7.55,45.8131,-4.3754,45.1738,22.9947,4.055399999999999,19.45,2.8130999999999986,14.5,-3.5,27.0,25.95,True,False,outdoors,,
2025,18,2026-01-03,SEA@SF,SF,SEA,3.0,13.0,10.0,16.0,2.5,47.5,-1.4673,45.8896,2.4442,45.5587,-0.6605,45.2161,-11.4673,29.8896,-7.5558,29.5587,-7.5,31.5,-10.0,-11.05,True,False,outdoors,,
2025,18,2026-01-04,TEN@JAX,JAX,TEN,41.0,7.0,-34.0,48.0,-12.5,46.5,-0.9869,45.7379,-6.9584,45.2589,-4.7716,45.2154,33.0131,-2.2620999999999967,27.0416,-2.741100000000003,21.5,-1.5,34.0,32.95,True,False,outdoors,,
2025,18,2026-01-04,WSH@PHI,PHI,WSH,17.0,24.0,7.0,41.0,-3.0,38.5,-2.8582,46.6988,-7.3872,45.0707,-3.941,45.1618,-9.8582,5.6987999999999985,-14.3872,4.070700000000002,-10.0,-2.5,-7.0,-8.05,True,False,outdoors,,
2025,19,2026-01-11,BUF@JAX,JAX,BUF,24.0,27.0,3.0,51.0,-1.5,51.5,3.2107,47.7539,-1.2833,46.2481,-1.4196,45.1971,0.2107000000000001,-3.2460999999999984,-4.2833000000000006,-4.751899999999999,-4.5,0.5,-3.0,-4.05,False,False,outdoors,,
2025,19,2026-01-10,GB@CHI,CHI,GB,31.0,27.0,-4.0,58.0,2.5,45.5,1.6095,44.7588,-4.3992,48.3521,-1.5939,45.1434,5.6095,-13.2412,-0.39920000000000044,-9.6479,6.5,-12.5,4.0,2.95,True,False,outdoors,,
2025,19,2026-01-12,HOU@PIT,PIT,HOU,6.0,30.0,24.0,36.0,3.0,38.5,0.0013,44.0158,2.0103,43.7301,-0.299,45.1643,-23.9987,8.015799999999999,-21.9897,7.7301,-21.0,2.5,-24.0,-25.05,False,False,outdoors,,
2025,19,2026-01-10,LAR@CAR,CAR,LAR,31.0,34.0,3.0,65.0,10.0,44.5,2.1987,46.905,2.4645,46.9248,0.4688,45.1559,-0.8012999999999999,-18.095,-0.5354999999999999,-18.075200000000002,7.0,-20.5,-3.0,-4.05,False,False,outdoors,,
2025,19,2026-01-11,LAC@NE,NE,LAC,16.0,3.0,-13.0,19.0,-3.5,45.5,2.1983,44.8596,-5.6985,44.9998,-2.159,45.2078,15.1983,25.8596,7.3015,25.9998,9.5,26.5,13.0,11.95,False,False,outdoors,,
2025,19,2026-01-11,SF@PHI,PHI,SF,19.0,23.0,4.0,42.0,-6.0,44.5,-3.6697,46.2638,-4.3595,47.0872,-0.6765,45.1726,-7.669700000000001,4.263800000000003,-8.3595,5.087200000000003,-10.0,2.5,-4.0,-5.05,False,False,outdoors,,
2025,20,2026-01-17,BUF@DEN,DEN,BUF,33.0,30.0,-3.0,63.0,-1.5,45.5,-0.7052,46.1465,-0.4076,44.9246,-1.6823,45.2151,2.2948,-16.853499999999997,2.5924,-18.075400000000002,1.5,-17.5,3.0,1.95,False,False,outdoors,,
2025,20,2026-01-18,HOU@NE,NE,HOU,28.0,16.0,-12.0,44.0,-3.0,40.5,1.8571,44.2726,-3.739,41.9909,-1.7429,45.2179,13.857099999999999,0.27259999999999707,8.261,-2.0090999999999966,9.0,-3.5,12.0,10.95,False,False,outdoors,,
2025,20,2026-01-18,LAR@CHI,CHI,LAR,17.0,20.0,3.0,37.0,3.5,49.5,-0.3327,44.966,1.7457,48.7153,-0.6984,45.18,-3.3327,7.966000000000001,-1.2543,11.7153,0.5,12.5,-3.0,-4.05,False,False,outdoors,,
2025,20,2026-01-17,SF@SEA,SEA,SF,41.0,6.0,-35.0,47.0,-6.5,44.5,-0.6327,45.8896,-6.3995,45.0202,-1.6823,45.2151,34.3673,-1.1103999999999985,28.6005,-1.9797999999999973,28.5,-2.5,35.0,33.95,True,False,outdoors,,
2025,21,2026-01-25,LAR@SEA,SEA,LAR,31.0,27.0,-4.0,58.0,-2.5,45.5,-1.2001,45.2159,-2.966,46.0891,-1.651,45.2197,2.7999,-12.784100000000002,1.0339999999999998,-11.910899999999998,1.5,-12.5,4.0,2.95,True,False,outdoors,,
2025,21,2026-01-25,NE@DEN,DEN,NE,7.0,10.0,3.0,17.0,3.5,43.5,-5.3808,44.8162,2.0587,42.5113,-0.9959,45.2374,-8.3808,27.816200000000002,-0.9413,25.5113,0.5,26.5,-3.0,-4.05,False,False,outdoors,,
2025,22,2026-02-08,SEA@NE,NE,SEA,13.0,29.0,16.0,42.0,4.5,45.5,1.2813,44.978,0.3337,41.3507,-1.0986,45.2407,-14.7187,2.9780000000000015,-15.6663,-0.6492999999999967,-11.5,3.5,-16.0,-17.05,False,False,outdoors,,
2026,1,2026-09-13,ARI@LAC,LAC,ARI,14.0,26.0,12.0,40.0,-10.5,45.5,-3.1708,44.0145,-3.1908,44.9561,-1.05,44.8435,-15.1708,4.014499999999998,-15.1908,4.956099999999999,-22.5,5.5,-12.0,-13.05,False,True,dome,,
2026,1,2026-09-13,ATL@PIT,PIT,ATL,20.0,13.0,-7.0,33.0,-3.0,41.5,-0.7631,44.6523,-0.9173,45.128,-1.05,44.8435,6.2369,11.652299999999997,6.0827,12.128,4.0,8.5,7.0,5.95,False,True,outdoors,,
2026,1,2026-09-13,BAL@IND,IND,BAL,23.0,41.0,18.0,64.0,3.5,49.5,-2.3893,46.5007,-1.9002,46.3843,-1.05,44.8435,-20.3893,-17.499299999999998,-19.900199999999998,-17.615699999999997,-14.5,-14.5,-18.0,-19.05,False,True,,,
2026,1,2026-09-13,BUF@HOU,HOU,BUF,31.0,36.0,5.0,67.0,1.5,44.5,-0.9587,43.5793,-1.1093,44.5089,-1.05,44.8435,-5.9587,-23.420699999999997,-6.1093,-22.491100000000003,-3.5,-22.5,-5.0,-6.05,False,True,,,
2026,1,2026-09-13,CHI@CAR,CAR,CHI,37.0,59.0,22.0,96.0,2.5,44.5,1.2736,45.5002,1.9055,46.5129,-1.05,44.8435,-20.726399999999998,-50.4998,-20.0945,-49.4871,-19.5,-51.5,-22.0,-23.05,False,True,outdoors,,
2026,1,2026-09-13,CLE@JAX,JAX,CLE,34.0,10.0,-24.0,44.0,-7.5,40.5,-3.1542,41.581,-3.7413,42.4634,-1.05,44.8435,20.8458,-2.418999999999997,20.2587,-1.5366,16.5,-3.5,24.0,22.95,False,True,outdoors,,
2026,1,2026-09-13,DAL@NYG,NYG,DAL,28.0,20.0,-8.0,48.0,2.5,48.5,-0.8834,48.7447,-1.0228,48.9038,-1.05,44.8435,7.1166,0.7447000000000017,6.9772,0.9037999999999968,10.5,0.5,8.0,6.95,True,True,outdoors,,
2026,1,2026-09-14,DEN@KC,KC,DEN,31.0,10.0,-21.0,41.0,-2.5,42.5,0.4674,44.4777,0.3453,44.4866,-1.05,44.8435,21.4674,3.4776999999999987,21.3453,3.486600000000003,18.5,1.5,21.0,19.95,True,True,outdoors,,
2026,1,2026-09-13,GB@MIN,MIN,GB,39.0,22.0,-17.0,61.0,1.5,44.5,0.5195,43.5524,0.2361,44.314,-1.05,44.8435,17.5195,-17.4476,17.2361,-16.686,18.5,-16.5,17.0,15.95,True,True,dome,,
2026,1,2026-09-13,MIA@LV,LV,MIA,27.0,13.0,-14.0,40.0,-3.0,41.5,-0.6163,43.9774,0.8521,44.2061,-1.05,44.8435,13.3837,3.977400000000003,14.8521,4.206099999999999,11.0,1.5,14.0,12.95,False,True,dome,,
2026,1,2026-09-09,NE@SEA,SEA,NE,13.0,10.0,-3.0,23.0,-3.5,44.5,-2.3641,43.8247,-1.375,44.4769,-1.05,44.8435,0.6358999999999999,20.8247,1.625,21.4769,-0.5,21.5,3.0,1.95,False,True,outdoors,,
2026,1,2026-09-13,NO@DET,DET,NO,31.0,30.0,-1.0,61.0,-7.0,48.5,-3.1089,43.4714,-2.0407,44.6412,-1.05,44.8435,-2.1089,-17.528599999999997,-1.0407000000000002,-16.358800000000002,-6.0,-12.5,1.0,-0.050000000000000044,False,True,dome,,
2026,1,2026-09-13,NYJ@TEN,TEN,NYJ,10.0,23.0,13.0,33.0,-3.0,39.5,-2.6421,44.4837,-2.0854,45.2538,-1.05,44.8435,-15.6421,11.483699999999999,-15.0854,12.253799999999998,-16.0,6.5,-13.0,-14.05,False,True,outdoors,,
2026,1,2026-09-10,SF@LAR,LAR,SF,7.0,27.0,20.0,34.0,-3.0,48.5,-4.693,47.924,-4.3694,47.1095,-1.05,44.8435,-24.692999999999998,13.924,-24.3694,13.109499999999997,-23.0,14.5,-20.0,-21.05,True,True,dome,,
2026,1,2026-09-13,TB@CIN,CIN,TB,33.0,27.0,-6.0,60.0,-3.5,50.5,0.8839,46.9808,1.18,46.6552,-1.05,44.8435,6.8839,-13.019199999999998,7.18,-13.3448,2.5,-9.5,6.0,4.95,False,True,outdoors,,
2026,1,2026-09-13,WSH@PHI,PHI,WSH,24.0,22.0,-2.0,46.0,-5.5,46.5,-4.8909,45.9518,-5.1031,46.5283,-1.05,44.8435,-2.8909000000000002,-0.04820000000000135,-3.1031000000000004,0.5283000000000015,-3.5,0.5,2.0,0.95,True,True,outdoors,,
